student_code,skill_name
STU000001,Java
STU000001,JavaScript
STU000001,Azure
STU000001,Go
STU000001,React
STU000002,Azure
STU000002,AWS
STU000002,Node.js
STU000002,NLP
STU000002,Docker
STU000003,C++
STU000003,Deep Learning
STU000003,JavaScript
STU000003,Python
STU000003,Java
STU000003,AWS
STU000004,Node.js
STU000004,Azure
STU000004,Java
STU000005,Kubernetes
STU000005,Statistics
STU000005,Azure
STU000006,Data Visualization
STU000006,Go
STU000006,Spark
STU000006,Docker
STU000006,AWS
STU000009,System Design
STU000009,Docker
STU000009,Kubernetes
STU000011,Docker
STU000011,Azure
STU000011,Power BI
STU000012,Node.js
STU000012,Python
STU000012,Docker
STU000012,Problem Solving
STU000013,Financial Modeling
STU000013,Node.js
STU000013,Java
STU000014,Communication
STU000014,SQL
STU000014,Statistics
STU000014,Java
STU000014,Go
STU000014,Excel
STU000016,SQL
STU000016,JavaScript
STU000016,Financial Modeling
STU000016,System Design
STU000018,Tableau
STU000018,System Design
STU000018,Deep Learning
STU000018,Power BI
STU000018,Azure
STU000018,Python
STU000021,Deep Learning
STU000021,AWS
STU000021,C++
STU000021,Data Visualization
STU000021,Power BI
STU000021,Python
STU000022,Azure
STU000022,React
STU000022,Python
STU000023,JavaScript
STU000023,Problem Solving
STU000023,React
STU000023,Node.js
STU000023,SQL
STU000023,Machine Learning
STU000025,Tableau
STU000025,Statistics
STU000025,Kubernetes
STU000025,Spark
STU000026,Python
STU000026,Spark
STU000026,Docker
STU000029,Kubernetes
STU000029,Financial Modeling
STU000029,Docker
STU000029,Azure
STU000029,Communication
STU000033,JavaScript
STU000033,AWS
STU000033,Tableau
STU000033,Statistics
STU000033,Financial Modeling
STU000033,Data Visualization
STU000034,SQL
STU000034,Python
STU000034,Azure
STU000035,React
STU000035,Communication
STU000035,Node.js
STU000035,Power BI
STU000035,Data Visualization
STU000035,Deep Learning
STU000037,Docker
STU000037,Python
STU000037,Go
STU000037,Java
STU000037,Machine Learning
STU000037,JavaScript
STU000038,Python
STU000038,JavaScript
STU000038,NLP
STU000039,Machine Learning
STU000039,AWS
STU000039,Go
STU000039,Java
STU000039,Kubernetes
STU000039,Tableau
STU000040,NLP
STU000040,Python
STU000040,Power BI
STU000042,Excel
STU000042,Power BI
STU000042,Data Visualization
STU000042,NLP
STU000042,React
STU000043,NLP
STU000043,Kubernetes
STU000043,React
STU000043,Deep Learning
STU000043,Python
STU000044,Azure
STU000044,Node.js
STU000044,Power BI
STU000044,System Design
STU000044,Tableau
STU000045,Financial Modeling
STU000045,SQL
STU000045,Statistics
STU000049,Node.js
STU000049,AWS
STU000049,Go
STU000049,Machine Learning
STU000050,Power BI
STU000050,System Design
STU000050,JavaScript
STU000051,C++
STU000051,NLP
STU000051,Excel
STU000052,C++
STU000052,Go
STU000052,JavaScript
STU000055,Go
STU000055,C++
STU000055,System Design
STU000056,Problem Solving
STU000056,Power BI
STU000056,Docker
STU000056,JavaScript
STU000056,Go
STU000056,AWS
STU000059,C++
STU000059,Node.js
STU000059,Statistics
STU000059,Python
STU000059,Docker
STU000060,Excel
STU000060,Go
STU000060,System Design
STU000061,Statistics
STU000061,NLP
STU000061,Machine Learning
STU000061,Tableau
STU000061,SQL
STU000061,Deep Learning
STU000063,Docker
STU000063,Go
STU000063,Statistics
STU000063,Data Visualization
STU000063,System Design
STU000067,Go
STU000067,Financial Modeling
STU000067,JavaScript
STU000067,SQL
STU000067,Problem Solving
STU000069,Tableau
STU000069,Docker
STU000069,Problem Solving
STU000070,Java
STU000070,Python
STU000070,Docker
STU000070,Problem Solving
STU000071,Machine Learning
STU000071,Communication
STU000071,Kubernetes
STU000071,Docker
STU000071,Data Visualization
STU000072,Node.js
STU000072,Docker
STU000072,Azure
STU000073,Excel
STU000073,System Design
STU000073,Deep Learning
STU000074,Tableau
STU000074,Machine Learning
STU000074,Spark
STU000074,Node.js
STU000074,Financial Modeling
STU000074,Java
STU000075,AWS
STU000075,Java
STU000075,Machine Learning
STU000075,Node.js
STU000077,Kubernetes
STU000077,Financial Modeling
STU000077,Data Visualization
STU000077,AWS
STU000078,Spark
STU000078,AWS
STU000078,Data Visualization
STU000078,Azure
STU000078,System Design
STU000078,Docker
STU000079,Machine Learning
STU000079,Problem Solving
STU000079,Go
STU000079,React
STU000079,Node.js
STU000079,Python
STU000081,C++
STU000081,Tableau
STU000081,Kubernetes
STU000081,System Design
STU000084,React
STU000084,Python
STU000084,Docker
STU000084,Kubernetes
STU000085,React
STU000085,Azure
STU000085,Docker
STU000085,Python
STU000085,Kubernetes
STU000085,Financial Modeling
STU000090,Docker
STU000090,Go
STU000090,React
STU000090,Python
STU000090,JavaScript
STU000091,Excel
STU000091,Tableau
STU000091,Deep Learning
STU000091,Problem Solving
STU000092,Tableau
STU000092,Azure
STU000092,Machine Learning
STU000093,Docker
STU000093,Azure
STU000093,Java
STU000093,React
STU000095,Azure
STU000095,Docker
STU000095,Statistics
STU000095,System Design
STU000095,Communication
STU000095,Kubernetes
STU000097,JavaScript
STU000097,Deep Learning
STU000097,Data Visualization
STU000097,React
STU000098,Azure
STU000098,Machine Learning
STU000098,Tableau
STU000100,Docker
STU000100,Kubernetes
STU000100,Azure
STU000100,System Design
STU000100,NLP
STU000101,Docker
STU000101,Power BI
STU000101,Azure
STU000101,Machine Learning
STU000101,Deep Learning
STU000102,SQL
STU000102,Deep Learning
STU000102,Go
STU000102,Machine Learning
STU000102,Azure
STU000102,Docker
STU000103,Java
STU000103,Azure
STU000103,Power BI
STU000103,AWS
STU000103,C++
STU000103,Kubernetes
STU000104,C++
STU000104,Docker
STU000104,Deep Learning
STU000105,React
STU000105,Communication
STU000105,C++
STU000110,AWS
STU000110,Problem Solving
STU000110,Kubernetes
STU000110,Financial Modeling
STU000110,Spark
STU000112,NLP
STU000112,Power BI
STU000112,SQL
STU000112,Kubernetes
STU000112,Communication
STU000113,Spark
STU000113,Statistics
STU000113,Docker
STU000113,Power BI
STU000114,Tableau
STU000114,React
STU000114,NLP
STU000114,Kubernetes
STU000114,Excel
STU000115,Java
STU000115,Tableau
STU000115,Data Visualization
STU000115,SQL
STU000115,Node.js
STU000117,Problem Solving
STU000117,System Design
STU000117,Tableau
STU000117,Docker
STU000117,Kubernetes
STU000117,React
STU000118,Kubernetes
STU000118,SQL
STU000118,Machine Learning
STU000118,JavaScript
STU000118,Python
STU000118,Docker
STU000121,Go
STU000121,Deep Learning
STU000121,Excel
STU000121,Statistics
STU000121,Azure
STU000124,NLP
STU000124,SQL
STU000124,Power BI
STU000124,React
STU000124,JavaScript
STU000124,Statistics
STU000126,Python
STU000126,Docker
STU000126,Power BI
STU000126,Excel
STU000126,Problem Solving
STU000127,Go
STU000127,C++
STU000127,Python
STU000127,Java
STU000127,Power BI
STU000127,Financial Modeling
STU000130,NLP
STU000130,Data Visualization
STU000130,Tableau
STU000130,Go
STU000131,NLP
STU000131,React
STU000131,Kubernetes
STU000131,Go
STU000132,Kubernetes
STU000132,Deep Learning
STU000132,Python
STU000132,React
STU000133,Kubernetes
STU000133,AWS
STU000133,Azure
STU000136,Go
STU000136,Excel
STU000136,Financial Modeling
STU000136,AWS
STU000137,Excel
STU000137,SQL
STU000137,Machine Learning
STU000137,Data Visualization
STU000137,Azure
STU000138,Power BI
STU000138,JavaScript
STU000138,Communication
STU000138,Go
STU000138,React
STU000138,Excel
STU000139,Machine Learning
STU000139,Deep Learning
STU000139,Python
STU000139,C++
STU000139,Azure
STU000139,Kubernetes
STU000140,Statistics
STU000140,NLP
STU000140,Spark
STU000142,System Design
STU000142,React
STU000142,Spark
STU000142,AWS
STU000143,Deep Learning
STU000143,Financial Modeling
STU000143,Problem Solving
STU000143,Statistics
STU000143,C++
STU000143,System Design
STU000145,Problem Solving
STU000145,Azure
STU000145,SQL
STU000146,Azure
STU000146,SQL
STU000146,Spark
STU000146,Machine Learning
STU000146,Power BI
STU000147,React
STU000147,Deep Learning
STU000147,JavaScript
STU000147,Data Visualization
STU000147,AWS
STU000147,SQL
STU000149,Kubernetes
STU000149,Excel
STU000149,NLP
STU000149,React
STU000149,Tableau
STU000151,Azure
STU000151,Java
STU000151,Communication
STU000152,Power BI
STU000152,Spark
STU000152,Financial Modeling
STU000152,JavaScript
STU000153,Machine Learning
STU000153,Financial Modeling
STU000153,C++
STU000154,Machine Learning
STU000154,JavaScript
STU000154,Communication
STU000156,Power BI
STU000156,Tableau
STU000156,Deep Learning
STU000158,Python
STU000158,Power BI
STU000158,Java
STU000159,Spark
STU000159,Communication
STU000159,Machine Learning
STU000159,System Design
STU000159,Data Visualization
STU000160,SQL
STU000160,Problem Solving
STU000160,JavaScript
STU000160,Spark
STU000160,Communication
STU000160,Java
STU000161,Problem Solving
STU000161,Financial Modeling
STU000161,SQL
STU000161,Deep Learning
STU000165,Go
STU000165,Kubernetes
STU000165,SQL
STU000165,Java
STU000169,Machine Learning
STU000169,Power BI
STU000169,Kubernetes
STU000169,Tableau
STU000169,Go
STU000169,SQL
STU000172,Machine Learning
STU000172,Docker
STU000172,Python
STU000172,React
STU000172,Node.js
STU000172,Power BI
STU000174,C++
STU000174,Python
STU000174,Docker
STU000174,AWS
STU000181,Spark
STU000181,Problem Solving
STU000181,Statistics
STU000181,Tableau
STU000182,Azure
STU000182,Machine Learning
STU000182,Kubernetes
STU000182,Communication
STU000183,Power BI
STU000183,AWS
STU000183,Communication
STU000183,Statistics
STU000183,JavaScript
STU000183,System Design
STU000189,SQL
STU000189,System Design
STU000189,Communication
STU000189,Node.js
STU000189,C++
STU000190,Statistics
STU000190,Java
STU000190,NLP
STU000190,Communication
STU000190,Node.js
STU000196,C++
STU000196,Python
STU000196,NLP
STU000196,Node.js
STU000196,System Design
STU000196,AWS
STU000199,C++
STU000199,System Design
STU000199,SQL
STU000201,System Design
STU000201,Go
STU000201,Python
STU000201,React
STU000202,Data Visualization
STU000202,React
STU000202,Machine Learning
STU000202,Python
STU000202,Go
STU000203,Kubernetes
STU000203,Go
STU000203,SQL
STU000203,Financial Modeling
STU000203,Power BI
STU000204,Java
STU000204,Communication
STU000204,Financial Modeling
STU000204,Python
STU000205,Tableau
STU000205,Node.js
STU000205,Azure
STU000205,JavaScript
STU000205,Data Visualization
STU000207,Spark
STU000207,Statistics
STU000207,Go
STU000210,Excel
STU000210,Problem Solving
STU000210,Statistics
STU000211,Tableau
STU000211,React
STU000211,JavaScript
STU000212,AWS
STU000212,Problem Solving
STU000212,Kubernetes
STU000212,Node.js
STU000213,Excel
STU000213,React
STU000213,Python
STU000213,C++
STU000213,Azure
STU000213,Go
STU000214,Tableau
STU000214,Excel
STU000214,SQL
STU000215,Docker
STU000215,Python
STU000215,Go
STU000215,Problem Solving
STU000215,Power BI
STU000219,Machine Learning
STU000219,Excel
STU000219,Node.js
STU000219,Docker
STU000220,System Design
STU000220,JavaScript
STU000220,Node.js
STU000223,Java
STU000223,Spark
STU000223,Deep Learning
STU000225,Deep Learning
STU000225,System Design
STU000225,SQL
STU000225,Java
STU000225,JavaScript
STU000229,Excel
STU000229,JavaScript
STU000229,Problem Solving
STU000230,AWS
STU000230,Data Visualization
STU000230,Spark
STU000233,C++
STU000233,Go
STU000233,React
STU000233,Node.js
STU000233,Power BI
STU000233,Statistics
STU000235,Tableau
STU000235,Kubernetes
STU000235,Docker
STU000235,Python
STU000235,Go
STU000235,Data Visualization
STU000237,React
STU000237,Statistics
STU000237,Azure
STU000237,Kubernetes
STU000237,SQL
STU000237,Go
STU000238,JavaScript
STU000238,Kubernetes
STU000238,Node.js
STU000239,Node.js
STU000239,Data Visualization
STU000239,AWS
STU000239,System Design
STU000241,React
STU000241,Machine Learning
STU000241,Tableau
STU000241,Go
STU000241,Docker
STU000241,Deep Learning
STU000242,React
STU000242,Spark
STU000242,NLP
STU000242,Statistics
STU000242,System Design
STU000242,Deep Learning
STU000244,Go
STU000244,Problem Solving
STU000244,System Design
STU000244,Financial Modeling
STU000244,Machine Learning
STU000244,Java
STU000246,Communication
STU000246,Go
STU000246,Spark
STU000247,Docker
STU000247,System Design
STU000247,Azure
STU000247,Problem Solving
STU000247,Go
STU000247,Kubernetes
STU000248,Python
STU000248,NLP
STU000248,Excel
STU000248,SQL
STU000248,Communication
STU000251,Docker
STU000251,JavaScript
STU000251,Statistics
STU000251,Kubernetes
STU000251,Python
STU000253,System Design
STU000253,AWS
STU000253,Kubernetes
STU000253,Deep Learning
STU000255,AWS
STU000255,Azure
STU000255,Statistics
STU000255,Deep Learning
STU000256,Communication
STU000256,AWS
STU000256,Java
STU000256,Python
STU000257,Node.js
STU000257,AWS
STU000257,React
STU000257,NLP
STU000261,NLP
STU000261,Deep Learning
STU000261,Machine Learning
STU000263,Data Visualization
STU000263,AWS
STU000263,Communication
STU000263,NLP
STU000263,System Design
STU000265,Python
STU000265,React
STU000265,Spark
STU000269,Power BI
STU000269,Communication
STU000269,Docker
STU000270,Kubernetes
STU000270,Docker
STU000270,Power BI
STU000271,Excel
STU000271,Docker
STU000271,Tableau
STU000271,Financial Modeling
STU000271,Communication
STU000271,Problem Solving
STU000272,Go
STU000272,JavaScript
STU000272,AWS
STU000272,Excel
STU000272,SQL
STU000272,Python
STU000273,Node.js
STU000273,React
STU000273,Go
STU000275,Docker
STU000275,React
STU000275,Azure
STU000275,Deep Learning
STU000275,Kubernetes
STU000279,SQL
STU000279,Financial Modeling
STU000279,AWS
STU000281,Data Visualization
STU000281,Azure
STU000281,JavaScript
STU000281,C++
STU000281,Statistics
STU000282,AWS
STU000282,Deep Learning
STU000282,System Design
STU000282,React
STU000284,Docker
STU000284,JavaScript
STU000284,Java
STU000284,SQL
STU000286,Deep Learning
STU000286,AWS
STU000286,Java
STU000287,Node.js
STU000287,Java
STU000287,Docker
STU000287,System Design
STU000287,SQL
STU000288,C++
STU000288,Docker
STU000288,Data Visualization
STU000289,Deep Learning
STU000289,SQL
STU000289,Spark
STU000289,Java
STU000289,Node.js
STU000292,Go
STU000292,Docker
STU000292,Machine Learning
STU000296,Deep Learning
STU000296,Power BI
STU000296,Data Visualization
STU000296,System Design
STU000297,Excel
STU000297,Communication
STU000297,Spark
STU000297,Deep Learning
STU000297,Tableau
STU000299,Spark
STU000299,Kubernetes
STU000299,Financial Modeling
STU000299,SQL
STU000299,Excel
STU000299,Node.js
STU000302,Docker
STU000302,C++
STU000302,Kubernetes
STU000305,Java
STU000305,Power BI
STU000305,System Design
STU000305,Statistics
STU000309,Machine Learning
STU000309,Financial Modeling
STU000309,Python
STU000309,Power BI
STU000309,Tableau
STU000311,Statistics
STU000311,Java
STU000311,Python
STU000311,Docker
STU000313,AWS
STU000313,Communication
STU000313,Python
STU000313,Kubernetes
STU000313,Tableau
STU000313,SQL
STU000314,Docker
STU000314,Kubernetes
STU000314,Node.js
STU000314,React
STU000314,Tableau
STU000314,Problem Solving
STU000316,React
STU000316,Java
STU000316,C++
STU000316,System Design
STU000316,Power BI
STU000316,NLP
STU000317,JavaScript
STU000317,System Design
STU000317,SQL
STU000317,Power BI
STU000317,Go
STU000317,Tableau
STU000320,C++
STU000320,Power BI
STU000320,Spark
STU000320,Python
STU000320,Kubernetes
STU000320,AWS
STU000324,Python
STU000324,Kubernetes
STU000324,Data Visualization
STU000324,C++
STU000324,React
STU000324,Deep Learning
STU000325,Statistics
STU000325,Data Visualization
STU000325,Azure
STU000326,Financial Modeling
STU000326,Node.js
STU000326,Kubernetes
STU000327,Node.js
STU000327,Financial Modeling
STU000327,SQL
STU000327,Spark
STU000327,Deep Learning
STU000329,Financial Modeling
STU000329,JavaScript
STU000329,Deep Learning
STU000329,AWS
STU000329,Kubernetes
STU000329,System Design
STU000330,System Design
STU000330,Kubernetes
STU000330,NLP
STU000333,Financial Modeling
STU000333,Kubernetes
STU000333,AWS
STU000337,Statistics
STU000337,Financial Modeling
STU000337,Node.js
STU000337,Tableau
STU000337,Kubernetes
STU000338,React
STU000338,Go
STU000338,Financial Modeling
STU000338,Node.js
STU000339,SQL
STU000339,Power BI
STU000339,React
STU000339,Excel
STU000340,AWS
STU000340,Tableau
STU000340,Java
STU000340,Docker
STU000343,Problem Solving
STU000343,AWS
STU000343,NLP
STU000343,Deep Learning
STU000345,Docker
STU000345,Machine Learning
STU000345,Power BI
STU000345,Statistics
STU000345,Azure
STU000346,SQL
STU000346,AWS
STU000346,Problem Solving
STU000346,Deep Learning
STU000347,AWS
STU000347,Communication
STU000347,Machine Learning
STU000348,C++
STU000348,SQL
STU000348,Tableau
STU000348,Deep Learning
STU000349,Docker
STU000349,Financial Modeling
STU000349,Java
STU000350,Azure
STU000350,Python
STU000350,Docker
STU000352,Go
STU000352,Data Visualization
STU000352,C++
STU000352,Kubernetes
STU000353,Node.js
STU000353,Kubernetes
STU000353,Go
STU000353,Azure
STU000353,Python
STU000354,Communication
STU000354,Spark
STU000354,React
STU000354,Data Visualization
STU000355,AWS
STU000355,Deep Learning
STU000355,SQL
STU000355,Tableau
STU000355,NLP
STU000356,Deep Learning
STU000356,Problem Solving
STU000356,Power BI
STU000357,Communication
STU000357,System Design
STU000357,Kubernetes
STU000357,SQL
STU000357,Power BI
STU000357,Azure
STU000358,Machine Learning
STU000358,System Design
STU000358,Spark
STU000358,Statistics
STU000359,Azure
STU000359,Go
STU000359,Data Visualization
STU000360,Docker
STU000360,Power BI
STU000360,Deep Learning
STU000360,Communication
STU000360,Node.js
STU000360,Statistics
STU000361,Excel
STU000361,Problem Solving
STU000361,Power BI
STU000361,Tableau
STU000361,Communication
STU000361,SQL
STU000362,Machine Learning
STU000362,SQL
STU000362,Python
STU000362,AWS
STU000363,Spark
STU000363,SQL
STU000363,Data Visualization
STU000363,C++
STU000363,Azure
STU000363,Node.js
STU000364,SQL
STU000364,Node.js
STU000364,Problem Solving
STU000364,C++
STU000364,Java
STU000367,Python
STU000367,Kubernetes
STU000367,React
STU000367,C++
STU000367,Spark
STU000367,NLP
STU000368,Azure
STU000368,System Design
STU000368,JavaScript
STU000369,Power BI
STU000369,Data Visualization
STU000369,Deep Learning
STU000369,System Design
STU000369,AWS
STU000371,AWS
STU000371,Financial Modeling
STU000371,System Design
STU000371,Node.js
STU000371,Problem Solving
STU000371,Statistics
STU000374,Spark
STU000374,Financial Modeling
STU000374,Data Visualization
STU000377,Azure
STU000377,Financial Modeling
STU000377,C++
STU000377,React
STU000378,C++
STU000378,Python
STU000378,Kubernetes
STU000378,Node.js
STU000378,Azure
STU000378,Java
STU000379,Financial Modeling
STU000379,Docker
STU000379,AWS
STU000381,Deep Learning
STU000381,JavaScript
STU000381,System Design
STU000381,C++
STU000381,Kubernetes
STU000383,Tableau
STU000383,System Design
STU000383,Machine Learning
STU000383,C++
STU000383,NLP
STU000383,Kubernetes
STU000386,Power BI
STU000386,Go
STU000386,Data Visualization
STU000386,Financial Modeling
STU000386,Azure
STU000388,AWS
STU000388,Python
STU000388,React
STU000388,Financial Modeling
STU000388,Deep Learning
STU000390,Azure
STU000390,Data Visualization
STU000390,Statistics
STU000390,Machine Learning
STU000390,SQL
STU000390,Kubernetes
STU000391,Power BI
STU000391,Node.js
STU000391,C++
STU000391,Spark
STU000391,Tableau
STU000392,NLP
STU000392,Go
STU000392,Azure
STU000392,Communication
STU000392,Problem Solving
STU000392,Data Visualization
STU000393,C++
STU000393,SQL
STU000393,Tableau
STU000393,Java
STU000393,Docker
STU000393,Go
STU000394,Azure
STU000394,JavaScript
STU000394,System Design
STU000394,Power BI
STU000395,JavaScript
STU000395,AWS
STU000395,Azure
STU000396,Communication
STU000396,JavaScript
STU000396,Statistics
STU000396,Deep Learning
STU000397,Python
STU000397,Power BI
STU000397,Problem Solving
STU000397,Machine Learning
STU000397,Go
STU000398,JavaScript
STU000398,Kubernetes
STU000398,Java
STU000399,Python
STU000399,AWS
STU000399,Spark
STU000400,Python
STU000400,Deep Learning
STU000400,SQL
STU000400,System Design
STU000402,Tableau
STU000402,Deep Learning
STU000402,Spark
STU000402,SQL
STU000403,System Design
STU000403,React
STU000403,Deep Learning
STU000403,Go
STU000403,Kubernetes
STU000403,Node.js
STU000406,Node.js
STU000406,Statistics
STU000406,Tableau
STU000407,Problem Solving
STU000407,Power BI
STU000407,Python
STU000407,Tableau
STU000409,Kubernetes
STU000409,Statistics
STU000409,Excel
STU000410,SQL
STU000410,Azure
STU000410,JavaScript
STU000410,C++
STU000412,SQL
STU000412,Spark
STU000412,Statistics
STU000412,C++
STU000414,Data Visualization
STU000414,NLP
STU000414,SQL
STU000414,Node.js
STU000414,Azure
STU000414,Python
STU000415,Java
STU000415,Statistics
STU000415,JavaScript
STU000415,Communication
STU000415,React
STU000416,Java
STU000416,Tableau
STU000416,JavaScript
STU000418,Communication
STU000418,Spark
STU000418,Node.js
STU000419,Excel
STU000419,Data Visualization
STU000419,Java
STU000421,Financial Modeling
STU000421,Docker
STU000421,NLP
STU000421,Machine Learning
STU000421,Power BI
STU000421,Statistics
STU000426,Deep Learning
STU000426,Data Visualization
STU000426,Node.js
STU000426,System Design
STU000426,JavaScript
STU000428,Power BI
STU000428,Excel
STU000428,Data Visualization
STU000428,Python
STU000428,Communication
STU000428,Problem Solving
STU000429,React
STU000429,C++
STU000429,Excel
STU000429,Deep Learning
STU000430,Kubernetes
STU000430,Statistics
STU000430,Python
STU000430,Tableau
STU000430,JavaScript
STU000430,System Design
STU000431,Java
STU000431,Kubernetes
STU000431,Deep Learning
STU000431,Machine Learning
STU000431,React
STU000431,Communication
STU000433,Tableau
STU000433,Statistics
STU000433,Communication
STU000433,Power BI
STU000434,Power BI
STU000434,React
STU000434,Java
STU000434,Data Visualization
STU000436,Kubernetes
STU000436,System Design
STU000436,Problem Solving
STU000436,AWS
STU000436,Node.js
STU000437,Statistics
STU000437,NLP
STU000437,Azure
STU000437,JavaScript
STU000437,System Design
STU000437,C++
STU000438,Java
STU000438,SQL
STU000438,Statistics
STU000439,Python
STU000439,Financial Modeling
STU000439,Spark
STU000439,Go
STU000441,System Design
STU000441,Problem Solving
STU000441,NLP
STU000441,React
STU000441,Azure
STU000441,JavaScript
STU000442,Kubernetes
STU000442,React
STU000442,AWS
STU000443,JavaScript
STU000443,React
STU000443,Financial Modeling
STU000443,AWS
STU000443,Python
STU000445,JavaScript
STU000445,NLP
STU000445,Python
STU000445,Java
STU000446,Problem Solving
STU000446,Deep Learning
STU000446,Data Visualization
STU000446,Machine Learning
STU000446,Go
STU000448,Python
STU000448,Go
STU000448,Node.js
STU000448,System Design
STU000448,Data Visualization
STU000449,Communication
STU000449,Kubernetes
STU000449,React
STU000451,Excel
STU000451,Power BI
STU000451,Machine Learning
STU000451,SQL
STU000451,Tableau
STU000451,Kubernetes
STU000452,Docker
STU000452,SQL
STU000452,System Design
STU000452,JavaScript
STU000453,Azure
STU000453,Node.js
STU000453,NLP
STU000454,Azure
STU000454,AWS
STU000454,Spark
STU000456,Java
STU000456,Communication
STU000456,Deep Learning
STU000456,Tableau
STU000456,Problem Solving
STU000456,Statistics
STU000458,Machine Learning
STU000458,Kubernetes
STU000458,System Design
STU000458,SQL
STU000459,Kubernetes
STU000459,Excel
STU000459,React
STU000460,Excel
STU000460,Node.js
STU000460,Problem Solving
STU000461,Communication
STU000461,Excel
STU000461,Problem Solving
STU000461,Go
STU000461,Docker
STU000461,Deep Learning
STU000462,Communication
STU000462,Spark
STU000462,Java
STU000462,Financial Modeling
STU000463,NLP
STU000463,Deep Learning
STU000463,JavaScript
STU000463,Financial Modeling
STU000463,C++
STU000465,Python
STU000465,Problem Solving
STU000465,React
STU000467,Go
STU000467,Power BI
STU000467,System Design
STU000467,Excel
STU000468,Deep Learning
STU000468,Kubernetes
STU000468,Node.js
STU000468,Tableau
STU000470,Communication
STU000470,Azure
STU000470,Machine Learning
STU000472,Spark
STU000472,Data Visualization
STU000472,Node.js
STU000472,Statistics
STU000472,Java
STU000474,Data Visualization
STU000474,Python
STU000474,Kubernetes
STU000474,Java
STU000474,Deep Learning
STU000474,Financial Modeling
STU000475,Machine Learning
STU000475,Statistics
STU000475,Python
STU000475,System Design
STU000475,Excel
STU000476,JavaScript
STU000476,Go
STU000476,Docker
STU000476,Tableau
STU000479,Problem Solving
STU000479,Financial Modeling
STU000479,Docker
STU000479,Data Visualization
STU000482,Go
STU000482,Tableau
STU000482,Power BI
STU000483,Python
STU000483,Problem Solving
STU000483,C++
STU000483,AWS
STU000484,Node.js
STU000484,Go
STU000484,Problem Solving
STU000484,Docker
STU000485,React
STU000485,Communication
STU000485,SQL
STU000485,Spark
STU000485,Python
STU000486,Java
STU000486,Spark
STU000486,Statistics
STU000486,Node.js
STU000487,Excel
STU000487,Power BI
STU000487,SQL
STU000488,C++
STU000488,Azure
STU000488,AWS
STU000488,Python
STU000489,Docker
STU000489,Power BI
STU000489,Kubernetes
STU000490,Docker
STU000490,Java
STU000490,Communication
STU000490,NLP
STU000490,Azure
STU000492,Communication
STU000492,Kubernetes
STU000492,Power BI
STU000493,Power BI
STU000493,Problem Solving
STU000493,Machine Learning
STU000496,System Design
STU000496,Python
STU000496,Statistics
STU000496,React
STU000496,Power BI
STU000498,Financial Modeling
STU000498,Data Visualization
STU000498,Communication
STU000498,AWS
STU000499,System Design
STU000499,Java
STU000499,Power BI
STU000499,Node.js
STU000500,Azure
STU000500,Communication
STU000500,Go
STU000500,Machine Learning
STU000500,React
STU000500,System Design
STU000501,Data Visualization
STU000501,Kubernetes
STU000501,Statistics
STU000501,Communication
STU000501,Financial Modeling
STU000502,Problem Solving
STU000502,React
STU000502,Excel
STU000502,Docker
STU000502,Machine Learning
STU000504,Excel
STU000504,NLP
STU000504,React
STU000504,Go
STU000504,JavaScript
STU000504,System Design
STU000508,Java
STU000508,JavaScript
STU000508,Machine Learning
STU000510,Python
STU000510,Excel
STU000510,Machine Learning
STU000510,Go
STU000510,Azure
STU000510,Java
STU000511,SQL
STU000511,Power BI
STU000511,C++
STU000511,Statistics
STU000512,AWS
STU000512,Azure
STU000512,JavaScript
STU000512,NLP
STU000516,Problem Solving
STU000516,Tableau
STU000516,AWS
STU000516,Node.js
STU000516,Docker
STU000516,Data Visualization
STU000517,Node.js
STU000517,Power BI
STU000517,React
STU000517,Statistics
STU000517,Spark
STU000517,Azure
STU000518,Data Visualization
STU000518,Docker
STU000518,Node.js
STU000518,JavaScript
STU000518,Azure
STU000518,Tableau
STU000521,Go
STU000521,System Design
STU000521,Communication
STU000521,Deep Learning
STU000523,SQL
STU000523,Tableau
STU000523,System Design
STU000523,Deep Learning
STU000523,React
STU000525,React
STU000525,Problem Solving
STU000525,Java
STU000525,Node.js
STU000525,Excel
STU000526,Data Visualization
STU000526,SQL
STU000526,C++
STU000526,AWS
STU000526,React
STU000526,Communication
STU000530,Python
STU000530,SQL
STU000530,Excel
STU000530,Tableau
STU000530,Azure
STU000534,Excel
STU000534,Deep Learning
STU000534,SQL
STU000536,System Design
STU000536,C++
STU000536,Spark
STU000537,Go
STU000537,System Design
STU000537,Kubernetes
STU000537,Azure
STU000537,Excel
STU000538,Go
STU000538,Data Visualization
STU000538,Statistics
STU000538,Kubernetes
STU000540,Power BI
STU000540,Statistics
STU000540,Spark
STU000541,System Design
STU000541,C++
STU000541,Tableau
STU000541,Power BI
STU000541,Java
STU000545,Machine Learning
STU000545,Data Visualization
STU000545,Docker
STU000545,Excel
STU000548,Spark
STU000548,React
STU000548,Problem Solving
STU000548,Data Visualization
STU000548,Machine Learning
STU000549,Python
STU000549,System Design
STU000549,Communication
STU000549,SQL
STU000549,Kubernetes
STU000551,C++
STU000551,SQL
STU000551,Communication
STU000551,Tableau
STU000553,C++
STU000553,Python
STU000553,Spark
STU000557,Financial Modeling
STU000557,React
STU000557,Docker
STU000559,Problem Solving
STU000559,Tableau
STU000559,System Design
STU000559,Statistics
STU000559,Azure
STU000559,Power BI
STU000560,Tableau
STU000560,Spark
STU000560,Node.js
STU000560,JavaScript
STU000560,Python
STU000561,Excel
STU000561,Problem Solving
STU000561,SQL
STU000561,Kubernetes
STU000562,Docker
STU000562,Tableau
STU000562,AWS
STU000562,React
STU000567,SQL
STU000567,Deep Learning
STU000567,Python
STU000567,System Design
STU000568,C++
STU000568,Power BI
STU000568,Docker
STU000568,AWS
STU000568,Deep Learning
STU000570,React
STU000570,Go
STU000570,C++
STU000570,Python
STU000570,Docker
STU000570,Power BI
STU000571,Go
STU000571,Node.js
STU000571,Azure
STU000574,Tableau
STU000574,Problem Solving
STU000574,AWS
STU000578,JavaScript
STU000578,Power BI
STU000578,C++
STU000578,AWS
STU000580,Python
STU000580,C++
STU000580,System Design
STU000580,Node.js
STU000582,React
STU000582,Spark
STU000582,JavaScript
STU000582,C++
STU000582,Azure
STU000584,Financial Modeling
STU000584,Spark
STU000584,Java
STU000584,Go
STU000584,Docker
STU000584,Power BI
STU000585,React
STU000585,Data Visualization
STU000585,SQL
STU000585,JavaScript
STU000585,Azure
STU000585,Excel
STU000586,AWS
STU000586,Machine Learning
STU000586,Java
STU000586,Go
STU000586,JavaScript
STU000586,Excel
STU000587,Spark
STU000587,Statistics
STU000587,Go
STU000589,SQL
STU000589,Go
STU000589,System Design
STU000589,Spark
STU000593,Kubernetes
STU000593,Java
STU000593,Statistics
STU000593,C++
STU000596,Azure
STU000596,React
STU000596,Machine Learning
STU000596,Docker
STU000596,Financial Modeling
STU000596,Kubernetes
STU000599,Excel
STU000599,Python
STU000599,Machine Learning
STU000600,Tableau
STU000600,AWS
STU000600,System Design
STU000602,Deep Learning
STU000602,Data Visualization
STU000602,Excel
STU000602,Node.js
STU000604,Tableau
STU000604,Communication
STU000604,Financial Modeling
STU000604,Machine Learning
STU000604,AWS
STU000604,Go
STU000605,Python
STU000605,Azure
STU000605,Go
STU000605,AWS
STU000605,React
STU000605,Communication
STU000606,Machine Learning
STU000606,React
STU000606,Data Visualization
STU000606,AWS
STU000606,Azure
STU000606,Excel
STU000607,Communication
STU000607,AWS
STU000607,Go
STU000607,Machine Learning
STU000610,Power BI
STU000610,Problem Solving
STU000610,Node.js
STU000611,C++
STU000611,Power BI
STU000611,AWS
STU000611,Kubernetes
STU000611,JavaScript
STU000612,Java
STU000612,C++
STU000612,Azure
STU000612,Spark
STU000612,AWS
STU000613,Docker
STU000613,Tableau
STU000613,JavaScript
STU000614,Data Visualization
STU000614,Docker
STU000614,Python
STU000615,Power BI
STU000615,Deep Learning
STU000615,Communication
STU000615,Statistics
STU000615,C++
STU000615,System Design
STU000616,NLP
STU000616,Problem Solving
STU000616,C++
STU000616,Kubernetes
STU000616,Communication
STU000618,Communication
STU000618,Statistics
STU000618,System Design
STU000618,React
STU000618,Excel
STU000621,Node.js
STU000621,Kubernetes
STU000621,React
STU000621,Deep Learning
STU000621,Java
STU000621,NLP
STU000624,Python
STU000624,React
STU000624,Communication
STU000624,C++
STU000624,Problem Solving
STU000624,Financial Modeling
STU000626,Statistics
STU000626,Azure
STU000626,Python
STU000626,Deep Learning
STU000628,React
STU000628,C++
STU000628,Spark
STU000628,Python
STU000628,Problem Solving
STU000628,Machine Learning
STU000629,System Design
STU000629,Go
STU000629,C++
STU000629,Java
STU000629,Node.js
STU000630,Power BI
STU000630,SQL
STU000630,JavaScript
STU000630,Go
STU000630,Machine Learning
STU000630,C++
STU000633,Tableau
STU000633,Problem Solving
STU000633,Excel
STU000633,Go
STU000633,Statistics
STU000633,Docker
STU000634,JavaScript
STU000634,Docker
STU000634,Kubernetes
STU000634,React
STU000634,Python
STU000635,Tableau
STU000635,Azure
STU000635,Machine Learning
STU000635,Statistics
STU000636,Go
STU000636,React
STU000636,C++
STU000636,Node.js
STU000636,AWS
STU000636,Python
STU000637,Python
STU000637,Deep Learning
STU000637,Financial Modeling
STU000638,JavaScript
STU000638,AWS
STU000638,C++
STU000638,Kubernetes
STU000638,System Design
STU000638,Docker
STU000640,JavaScript
STU000640,React
STU000640,Tableau
STU000640,NLP
STU000640,Machine Learning
STU000642,C++
STU000642,Python
STU000642,Docker
STU000643,Power BI
STU000643,Kubernetes
STU000643,Go
STU000643,Financial Modeling
STU000645,NLP
STU000645,Problem Solving
STU000645,Excel
STU000645,Communication
STU000645,System Design
STU000646,React
STU000646,Problem Solving
STU000646,Financial Modeling
STU000646,Power BI
STU000646,JavaScript
STU000646,C++
STU000648,Statistics
STU000648,AWS
STU000648,Power BI
STU000648,System Design
STU000648,React
STU000648,Docker
STU000649,NLP
STU000649,Problem Solving
STU000649,Financial Modeling
STU000649,System Design
STU000653,Azure
STU000653,JavaScript
STU000653,React
STU000658,Azure
STU000658,Machine Learning
STU000658,Spark
STU000658,Problem Solving
STU000659,Excel
STU000659,Deep Learning
STU000659,NLP
STU000659,Problem Solving
STU000659,System Design
STU000659,Python
STU000660,Go
STU000660,SQL
STU000660,Python
STU000660,Docker
STU000660,C++
STU000661,AWS
STU000661,Go
STU000661,Docker
STU000661,Node.js
STU000661,React
STU000662,NLP
STU000662,Azure
STU000662,Problem Solving
STU000662,Java
STU000662,Data Visualization
STU000664,Go
STU000664,Statistics
STU000664,Docker
STU000664,Financial Modeling
STU000665,NLP
STU000665,Data Visualization
STU000665,Financial Modeling
STU000665,Statistics
STU000665,Node.js
STU000666,Spark
STU000666,Azure
STU000666,NLP
STU000666,Docker
STU000667,Financial Modeling
STU000667,AWS
STU000667,JavaScript
STU000669,Tableau
STU000669,Problem Solving
STU000669,C++
STU000670,Excel
STU000670,React
STU000670,Tableau
STU000670,SQL
STU000670,Deep Learning
STU000670,Data Visualization
STU000672,Statistics
STU000672,JavaScript
STU000672,System Design
STU000672,React
STU000673,Communication
STU000673,React
STU000673,Power BI
STU000674,Communication
STU000674,Data Visualization
STU000674,React
STU000675,Data Visualization
STU000675,NLP
STU000675,Tableau
STU000675,Node.js
STU000676,Kubernetes
STU000676,Tableau
STU000676,Python
STU000676,Azure
STU000676,Java
STU000676,Docker
STU000677,JavaScript
STU000677,System Design
STU000677,Machine Learning
STU000677,Deep Learning
STU000678,Azure
STU000678,JavaScript
STU000678,Python
STU000678,Power BI
STU000678,Financial Modeling
STU000678,Go
STU000680,Statistics
STU000680,Go
STU000680,Deep Learning
STU000680,Kubernetes
STU000680,Python
STU000685,System Design
STU000685,Azure
STU000685,Java
STU000685,NLP
STU000685,Power BI
STU000686,Python
STU000686,Docker
STU000686,Statistics
STU000686,Go
STU000686,AWS
STU000692,Docker
STU000692,React
STU000692,Kubernetes
STU000692,Tableau
STU000693,SQL
STU000693,Data Visualization
STU000693,Docker
STU000693,Azure
STU000693,Node.js
STU000696,AWS
STU000696,Deep Learning
STU000696,Financial Modeling
STU000696,NLP
STU000696,React
STU000697,NLP
STU000697,Kubernetes
STU000697,Machine Learning
STU000697,Node.js
STU000697,Docker
STU000698,System Design
STU000698,Kubernetes
STU000698,Machine Learning
STU000698,AWS
STU000703,React
STU000703,Java
STU000703,C++
STU000703,JavaScript
STU000703,Financial Modeling
STU000703,Data Visualization
STU000705,React
STU000705,Python
STU000705,Kubernetes
STU000705,Java
STU000705,System Design
STU000705,C++
STU000706,Financial Modeling
STU000706,Go
STU000706,Azure
STU000709,Tableau
STU000709,System Design
STU000709,Communication
STU000711,System Design
STU000711,SQL
STU000711,AWS
STU000711,Communication
STU000713,Power BI
STU000713,C++
STU000713,Go
STU000714,Power BI
STU000714,Statistics
STU000714,Azure
STU000714,Communication
STU000718,Excel
STU000718,Azure
STU000718,System Design
STU000719,Java
STU000719,Power BI
STU000719,Kubernetes
STU000719,Node.js
STU000719,React
STU000722,Deep Learning
STU000722,Excel
STU000722,Go
STU000722,Data Visualization
STU000722,Azure
STU000722,Financial Modeling
STU000723,Communication
STU000723,Node.js
STU000723,Spark
STU000723,Statistics
STU000723,JavaScript
STU000723,Go
STU000726,Problem Solving
STU000726,C++
STU000726,Kubernetes
STU000726,Node.js
STU000726,SQL
STU000727,Python
STU000727,Deep Learning
STU000727,Java
STU000727,AWS
STU000727,Tableau
STU000728,Financial Modeling
STU000728,Machine Learning
STU000728,Python
STU000728,System Design
STU000728,Statistics
STU000732,React
STU000732,Kubernetes
STU000732,JavaScript
STU000732,Java
STU000732,Go
STU000732,Python
STU000733,C++
STU000733,AWS
STU000733,SQL
STU000733,JavaScript
STU000733,Node.js
STU000734,Statistics
STU000734,Power BI
STU000734,Problem Solving
STU000734,Tableau
STU000735,React
STU000735,NLP
STU000735,Machine Learning
STU000735,AWS
STU000736,Python
STU000736,Communication
STU000736,Kubernetes
STU000736,Java
STU000736,Node.js
STU000737,Data Visualization
STU000737,Python
STU000737,Problem Solving
STU000737,Machine Learning
STU000738,Node.js
STU000738,React
STU000738,SQL
STU000740,React
STU000740,Go
STU000740,Problem Solving
STU000740,Tableau
STU000741,Tableau
STU000741,Power BI
STU000741,SQL
STU000741,Python
STU000742,React
STU000742,Communication
STU000742,Machine Learning
STU000742,Power BI
STU000742,C++
STU000742,Deep Learning
STU000744,Power BI
STU000744,AWS
STU000744,Kubernetes
STU000744,Excel
STU000745,NLP
STU000745,Kubernetes
STU000745,Problem Solving
STU000745,Java
STU000746,C++
STU000746,Excel
STU000746,Kubernetes
STU000748,Statistics
STU000748,Spark
STU000748,Power BI
STU000748,Machine Learning
STU000749,JavaScript
STU000749,Deep Learning
STU000749,C++
STU000749,Data Visualization
STU000751,Go
STU000751,Python
STU000751,Java
STU000751,Azure
STU000751,Node.js
STU000752,Excel
STU000752,C++
STU000752,Financial Modeling
STU000752,Go
STU000753,Power BI
STU000753,NLP
STU000753,Excel
STU000753,Machine Learning
STU000754,Go
STU000754,Java
STU000754,Node.js
STU000755,Azure
STU000755,Python
STU000755,System Design
STU000758,Machine Learning
STU000758,Data Visualization
STU000758,Deep Learning
STU000760,Azure
STU000760,Kubernetes
STU000760,Deep Learning
STU000760,Statistics
STU000760,Machine Learning
STU000760,Communication
STU000762,NLP
STU000762,Data Visualization
STU000762,JavaScript
STU000766,Azure
STU000766,Statistics
STU000766,System Design
STU000766,Python
STU000766,C++
STU000766,Go
STU000767,Statistics
STU000767,AWS
STU000767,Excel
STU000767,Power BI
STU000767,Problem Solving
STU000769,Data Visualization
STU000769,Communication
STU000769,Problem Solving
STU000770,JavaScript
STU000770,C++
STU000770,Node.js
STU000770,Go
STU000770,System Design
STU000771,C++
STU000771,Communication
STU000771,Node.js
STU000772,C++
STU000772,SQL
STU000772,Azure
STU000772,Machine Learning
STU000772,React
STU000773,Spark
STU000773,Azure
STU000773,Deep Learning
STU000775,Python
STU000775,Excel
STU000775,Machine Learning
STU000775,Statistics
STU000775,Azure
STU000776,Spark
STU000776,Financial Modeling
STU000776,Python
STU000777,Spark
STU000777,NLP
STU000777,Docker
STU000777,Communication
STU000778,Power BI
STU000778,Problem Solving
STU000778,Machine Learning
STU000778,System Design
STU000778,Go
STU000778,Java
STU000780,Problem Solving
STU000780,Kubernetes
STU000780,Go
STU000781,SQL
STU000781,Go
STU000781,Python
STU000781,Tableau
STU000781,Azure
STU000781,JavaScript
STU000782,Kubernetes
STU000782,Azure
STU000782,Problem Solving
STU000782,Node.js
STU000783,SQL
STU000783,Power BI
STU000783,Java
STU000786,Tableau
STU000786,Kubernetes
STU000786,Docker
STU000786,Spark
STU000790,Docker
STU000790,JavaScript
STU000790,Excel
STU000790,Financial Modeling
STU000790,Tableau
STU000790,SQL
STU000797,Financial Modeling
STU000797,Excel
STU000797,React
STU000797,Tableau
STU000799,C++
STU000799,Data Visualization
STU000799,Machine Learning
STU000799,Node.js
STU000799,Kubernetes
STU000799,NLP
STU000803,Azure
STU000803,Financial Modeling
STU000803,NLP
STU000803,C++
STU000803,Data Visualization
STU000803,Power BI
STU000805,Deep Learning
STU000805,Node.js
STU000805,Kubernetes
STU000805,React
STU000805,Azure
STU000807,Docker
STU000807,Azure
STU000807,React
STU000807,Power BI
STU000808,Java
STU000808,Communication
STU000808,Financial Modeling
STU000808,Node.js
STU000808,SQL
STU000810,NLP
STU000810,Docker
STU000810,Communication
STU000811,Python
STU000811,Problem Solving
STU000811,Go
STU000811,Excel
STU000811,React
STU000813,Problem Solving
STU000813,System Design
STU000813,AWS
STU000813,SQL
STU000813,Statistics
STU000817,Spark
STU000817,AWS
STU000817,Excel
STU000817,Deep Learning
STU000817,Docker
STU000817,Machine Learning
STU000822,Go
STU000822,Financial Modeling
STU000822,Problem Solving
STU000822,Data Visualization
STU000825,Azure
STU000825,Deep Learning
STU000825,Problem Solving
STU000825,Machine Learning
STU000825,Spark
STU000825,JavaScript
STU000826,Spark
STU000826,Docker
STU000826,Financial Modeling
STU000827,React
STU000827,NLP
STU000827,System Design
STU000827,SQL
STU000827,Excel
STU000829,Excel
STU000829,Machine Learning
STU000829,Kubernetes
STU000829,React
STU000830,Deep Learning
STU000830,C++
STU000830,Financial Modeling
STU000832,Spark
STU000832,NLP
STU000832,C++
STU000834,Excel
STU000834,Machine Learning
STU000834,Python
STU000834,NLP
STU000834,JavaScript
STU000834,Azure
STU000836,Excel
STU000836,Tableau
STU000836,Statistics
STU000837,Power BI
STU000837,Java
STU000837,System Design
STU000837,JavaScript
STU000841,System Design
STU000841,Deep Learning
STU000841,Java
STU000841,JavaScript
STU000841,Node.js
STU000841,Python
STU000842,Excel
STU000842,Kubernetes
STU000842,JavaScript
STU000842,NLP
STU000842,Deep Learning
STU000842,Go
STU000845,C++
STU000845,Deep Learning
STU000845,Docker
STU000847,Docker
STU000847,Kubernetes
STU000847,SQL
STU000850,Statistics
STU000850,Excel
STU000850,C++
STU000851,Excel
STU000851,Docker
STU000851,Data Visualization
STU000851,SQL
STU000853,Kubernetes
STU000853,Excel
STU000853,Machine Learning
STU000853,SQL
STU000853,JavaScript
STU000854,Java
STU000854,Tableau
STU000854,Statistics
STU000855,NLP
STU000855,Data Visualization
STU000855,Deep Learning
STU000855,Java
STU000855,Python
STU000855,Statistics
STU000856,System Design
STU000856,Docker
STU000856,Power BI
STU000856,Data Visualization
STU000856,NLP
STU000857,Statistics
STU000857,Communication
STU000857,React
STU000857,JavaScript
STU000857,Node.js
STU000857,Deep Learning
STU000858,React
STU000858,Azure
STU000858,System Design
STU000858,Kubernetes
STU000858,Excel
STU000858,Spark
STU000859,Azure
STU000859,Machine Learning
STU000859,System Design
STU000859,AWS
STU000860,Machine Learning
STU000860,Kubernetes
STU000860,C++
STU000861,NLP
STU000861,Power BI
STU000861,C++
STU000861,Communication
STU000862,Communication
STU000862,React
STU000862,Power BI
STU000862,Statistics
STU000862,Financial Modeling
STU000863,Go
STU000863,Problem Solving
STU000863,SQL
STU000863,JavaScript
STU000863,Azure
STU000863,Deep Learning
STU000864,C++
STU000864,Java
STU000864,React
STU000864,Azure
STU000864,Python
STU000864,SQL
STU000866,Kubernetes
STU000866,SQL
STU000866,JavaScript
STU000866,Communication
STU000866,Power BI
STU000867,Kubernetes
STU000867,System Design
STU000867,SQL
STU000867,React
STU000867,Data Visualization
STU000868,Node.js
STU000868,Tableau
STU000868,React
STU000868,Problem Solving
STU000868,Python
STU000868,Machine Learning
STU000869,Tableau
STU000869,Machine Learning
STU000869,Statistics
STU000869,Deep Learning
STU000869,Data Visualization
STU000870,JavaScript
STU000870,Node.js
STU000870,Tableau
STU000872,Statistics
STU000872,Azure
STU000872,Go
STU000874,Go
STU000874,AWS
STU000874,Data Visualization
STU000874,System Design
STU000874,Azure
STU000874,Docker
STU000875,Machine Learning
STU000875,Python
STU000875,Data Visualization
STU000875,Go
STU000875,Java
STU000875,System Design
STU000876,Tableau
STU000876,Communication
STU000876,Excel
STU000876,Docker
STU000876,Machine Learning
STU000876,AWS
STU000877,Node.js
STU000877,Go
STU000877,Financial Modeling
STU000877,Excel
STU000877,Communication
STU000877,Tableau
STU000878,Java
STU000878,JavaScript
STU000878,C++
STU000878,System Design
STU000878,Docker
STU000878,Machine Learning
STU000879,System Design
STU000879,SQL
STU000879,Java
STU000879,C++
STU000879,Deep Learning
STU000879,Azure
STU000881,Node.js
STU000881,Python
STU000881,Kubernetes
STU000882,Communication
STU000882,Python
STU000882,Kubernetes
STU000882,JavaScript
STU000882,React
STU000882,Java
STU000883,NLP
STU000883,AWS
STU000883,Excel
STU000883,Spark
STU000883,Statistics
STU000884,Communication
STU000884,Power BI
STU000884,Statistics
STU000884,React
STU000884,C++
STU000884,System Design
STU000885,React
STU000885,NLP
STU000885,JavaScript
STU000885,Financial Modeling
STU000885,Problem Solving
STU000886,Deep Learning
STU000886,Kubernetes
STU000886,AWS
STU000886,Tableau
STU000886,SQL
STU000886,Go
STU000887,Data Visualization
STU000887,JavaScript
STU000887,C++
STU000887,Go
STU000890,System Design
STU000890,SQL
STU000890,Deep Learning
STU000891,SQL
STU000891,Azure
STU000891,NLP
STU000891,Excel
STU000894,Docker
STU000894,C++
STU000894,Go
STU000897,Azure
STU000897,JavaScript
STU000897,NLP
STU000898,Docker
STU000898,Azure
STU000898,Power BI
STU000900,NLP
STU000900,System Design
STU000900,Kubernetes
STU000902,JavaScript
STU000902,Financial Modeling
STU000902,Python
STU000904,Statistics
STU000904,Spark
STU000904,Node.js
STU000905,SQL
STU000905,Deep Learning
STU000905,React
STU000905,Statistics
STU000908,Excel
STU000908,System Design
STU000908,Go
STU000908,SQL
STU000910,Python
STU000910,Spark
STU000910,Excel
STU000911,SQL
STU000911,NLP
STU000911,Deep Learning
STU000914,Docker
STU000914,NLP
STU000914,Node.js
STU000914,AWS
STU000914,Machine Learning
STU000916,JavaScript
STU000916,SQL
STU000916,System Design
STU000918,Data Visualization
STU000918,Spark
STU000918,Excel
STU000918,Node.js
STU000918,Tableau
STU000918,Deep Learning
STU000920,Machine Learning
STU000920,JavaScript
STU000920,NLP
STU000922,C++
STU000922,Node.js
STU000922,Tableau
STU000922,Statistics
STU000922,Power BI
STU000924,Python
STU000924,SQL
STU000924,Node.js
STU000924,Spark
STU000925,NLP
STU000925,Tableau
STU000925,React
STU000925,Data Visualization
STU000925,Node.js
STU000925,Machine Learning
STU000927,Problem Solving
STU000927,AWS
STU000927,C++
STU000927,Data Visualization
STU000927,Deep Learning
STU000927,Communication
STU000930,SQL
STU000930,Power BI
STU000930,Java
STU000931,Communication
STU000931,System Design
STU000931,AWS
STU000931,JavaScript
STU000931,Machine Learning
STU000932,Docker
STU000932,Deep Learning
STU000932,Go
STU000932,Node.js
STU000933,Kubernetes
STU000933,AWS
STU000933,React
STU000933,Go
STU000934,AWS
STU000934,Financial Modeling
STU000934,Docker
STU000934,Node.js
STU000935,Power BI
STU000935,React
STU000935,AWS
STU000935,Java
STU000935,Docker
STU000936,Communication
STU000936,Go
STU000936,SQL
STU000936,Deep Learning
STU000936,Problem Solving
STU000936,Power BI
STU000937,Financial Modeling
STU000937,Communication
STU000937,Problem Solving
STU000937,System Design
STU000938,Python
STU000938,Problem Solving
STU000938,Excel
STU000938,Power BI
STU000938,React
STU000940,System Design
STU000940,Excel
STU000940,C++
STU000940,Docker
STU000940,Java
STU000941,SQL
STU000941,System Design
STU000941,Financial Modeling
STU000941,Data Visualization
STU000941,Python
STU000943,Tableau
STU000943,Data Visualization
STU000943,NLP
STU000943,Machine Learning
STU000943,SQL
STU000945,Docker
STU000945,Node.js
STU000945,Go
STU000945,Java
STU000945,Machine Learning
STU000948,Power BI
STU000948,React
STU000948,Communication
STU000948,Node.js
STU000948,C++
STU000948,AWS
STU000949,Communication
STU000949,Node.js
STU000949,System Design
STU000950,NLP
STU000950,Python
STU000950,System Design
STU000950,React
STU000952,Deep Learning
STU000952,Java
STU000952,Power BI
STU000952,NLP
STU000953,Kubernetes
STU000953,Financial Modeling
STU000953,System Design
STU000953,Azure
STU000953,Go
STU000954,Power BI
STU000954,Java
STU000954,JavaScript
STU000954,Statistics
STU000954,Node.js
STU000954,Spark
STU000955,AWS
STU000955,Azure
STU000955,Communication
STU000955,C++
STU000955,Node.js
STU000955,Data Visualization
STU000956,JavaScript
STU000956,React
STU000956,Deep Learning
STU000957,System Design
STU000957,Deep Learning
STU000957,Spark
STU000957,SQL
STU000957,Go
STU000958,JavaScript
STU000958,Power BI
STU000958,Tableau
STU000960,Spark
STU000960,Data Visualization
STU000960,Machine Learning
STU000960,Azure
STU000960,Go
STU000961,AWS
STU000961,Statistics
STU000961,NLP
STU000961,Python
STU000961,Java
STU000963,Azure
STU000963,NLP
STU000963,AWS
STU000963,Statistics
STU000963,System Design
STU000963,Excel
STU000965,React
STU000965,JavaScript
STU000965,Java
STU000965,Azure
STU000968,Data Visualization
STU000968,Python
STU000968,Power BI
STU000968,System Design
STU000969,JavaScript
STU000969,System Design
STU000969,Machine Learning
STU000969,Python
STU000969,NLP
STU000970,Problem Solving
STU000970,AWS
STU000970,Node.js
STU000970,Kubernetes
STU000970,Tableau
STU000970,Azure
STU000971,AWS
STU000971,Communication
STU000971,JavaScript
STU000971,Azure
STU000972,Go
STU000972,Deep Learning
STU000972,Power BI
STU000973,NLP
STU000973,Communication
STU000973,Python
STU000975,Problem Solving
STU000975,JavaScript
STU000975,Deep Learning
STU000975,React
STU000975,C++
STU000976,SQL
STU000976,Go
STU000976,Docker
STU000976,JavaScript
STU000977,Excel
STU000977,NLP
STU000977,Statistics
STU000977,Python
STU000980,SQL
STU000980,Communication
STU000980,Kubernetes
STU000980,React
STU000980,Power BI
STU000981,Financial Modeling
STU000981,Data Visualization
STU000981,Spark
STU000981,SQL
STU000981,Problem Solving
STU000981,Python
STU000982,SQL
STU000982,System Design
STU000982,Excel
STU000982,Docker
STU000983,Python
STU000983,Financial Modeling
STU000983,Data Visualization
STU000983,Tableau
STU000984,Spark
STU000984,Financial Modeling
STU000984,Tableau
STU000984,Deep Learning
STU000984,SQL
STU000984,C++
STU000987,JavaScript
STU000987,NLP
STU000987,Tableau
STU000987,Java
STU000988,Communication
STU000988,Statistics
STU000988,React
STU000988,Machine Learning
STU000988,JavaScript
STU000988,Docker
STU000990,NLP
STU000990,Machine Learning
STU000990,Docker
STU000990,SQL
STU000990,Python
STU000990,Node.js
STU000991,Azure
STU000991,React
STU000991,C++
STU000993,Kubernetes
STU000993,Docker
STU000993,AWS
STU000993,Financial Modeling
STU000993,C++
STU000993,Go
STU000994,AWS
STU000994,NLP
STU000994,Deep Learning
STU000996,C++
STU000996,Power BI
STU000996,JavaScript
STU000998,Financial Modeling
STU000998,C++
STU000998,Tableau
STU000998,Problem Solving
STU000998,Azure
STU000999,JavaScript
STU000999,Communication
STU000999,Deep Learning
STU000999,Problem Solving
STU000999,AWS
STU001000,SQL
STU001000,Machine Learning
STU001000,Java
STU001000,Power BI
STU001000,React
STU001005,Excel
STU001005,Kubernetes
STU001005,Statistics
STU001005,AWS
STU001005,Financial Modeling
STU001005,NLP
STU001007,Tableau
STU001007,Java
STU001007,React
STU001007,Data Visualization
STU001010,Go
STU001010,Java
STU001010,Tableau
STU001010,SQL
STU001012,C++
STU001012,Go
STU001012,Docker
STU001012,React
STU001014,Machine Learning
STU001014,SQL
STU001014,Python
STU001014,Communication
STU001014,Docker
STU001014,Excel
STU001015,Data Visualization
STU001015,Java
STU001015,NLP
STU001015,Azure
STU001017,Tableau
STU001017,Communication
STU001017,NLP
STU001019,Power BI
STU001019,Spark
STU001019,NLP
STU001019,React
STU001019,Machine Learning
STU001019,Tableau
STU001020,Tableau
STU001020,Excel
STU001020,Data Visualization
STU001020,Deep Learning
STU001021,Financial Modeling
STU001021,Problem Solving
STU001021,Python
STU001021,NLP
STU001023,Java
STU001023,Azure
STU001023,Power BI
STU001024,Spark
STU001024,Deep Learning
STU001024,NLP
STU001024,C++
STU001024,Tableau
STU001024,Data Visualization
STU001027,System Design
STU001027,Spark
STU001027,Deep Learning
STU001027,Kubernetes
STU001027,NLP
STU001028,Spark
STU001028,Excel
STU001028,AWS
STU001028,Machine Learning
STU001030,AWS
STU001030,Azure
STU001030,React
STU001030,Communication
STU001031,Financial Modeling
STU001031,Excel
STU001031,Java
STU001031,Node.js
STU001034,Python
STU001034,Go
STU001034,Docker
STU001034,Spark
STU001034,Communication
STU001034,Tableau
STU001035,React
STU001035,Communication
STU001035,Data Visualization
STU001035,Problem Solving
STU001035,Statistics
STU001035,Azure
STU001036,Financial Modeling
STU001036,Azure
STU001036,Java
STU001036,Problem Solving
STU001037,Communication
STU001037,Tableau
STU001037,Machine Learning
STU001037,Java
STU001037,NLP
STU001038,Communication
STU001038,Machine Learning
STU001038,Data Visualization
STU001038,React
STU001038,Node.js
STU001038,Statistics
STU001039,System Design
STU001039,Statistics
STU001039,Tableau
STU001039,NLP
STU001041,Docker
STU001041,React
STU001041,Go
STU001041,Tableau
STU001041,Node.js
STU001042,Docker
STU001042,JavaScript
STU001042,Data Visualization
STU001042,AWS
STU001042,Power BI
STU001043,Deep Learning
STU001043,Spark
STU001043,System Design
STU001043,C++
STU001043,Machine Learning
STU001043,Financial Modeling
STU001044,Statistics
STU001044,Python
STU001044,Node.js
STU001046,Communication
STU001046,Kubernetes
STU001046,C++
STU001050,Node.js
STU001050,JavaScript
STU001050,Excel
STU001050,Statistics
STU001050,Power BI
STU001053,Java
STU001053,Machine Learning
STU001053,AWS
STU001053,Data Visualization
STU001053,NLP
STU001054,Data Visualization
STU001054,Spark
STU001054,Machine Learning
STU001054,Statistics
STU001054,Docker
STU001054,Go
STU001057,Node.js
STU001057,React
STU001057,Problem Solving
STU001058,Azure
STU001058,Docker
STU001058,C++
STU001058,Power BI
STU001058,Excel
STU001058,Kubernetes
STU001059,System Design
STU001059,Go
STU001059,Node.js
STU001059,React
STU001059,Deep Learning
STU001059,Spark
STU001060,Tableau
STU001060,Communication
STU001060,Node.js
STU001062,Docker
STU001062,Azure
STU001062,AWS
STU001062,Python
STU001063,SQL
STU001063,Financial Modeling
STU001063,Power BI
STU001064,Deep Learning
STU001064,React
STU001064,Spark
STU001064,Kubernetes
STU001064,System Design
STU001065,Docker
STU001065,Spark
STU001065,Power BI
STU001065,SQL
STU001068,Machine Learning
STU001068,Azure
STU001068,C++
STU001068,SQL
STU001068,AWS
STU001068,Communication
STU001071,Data Visualization
STU001071,Tableau
STU001071,Excel
STU001071,Deep Learning
STU001071,Statistics
STU001071,Communication
STU001072,NLP
STU001072,Java
STU001072,Node.js
STU001072,Problem Solving
STU001075,Financial Modeling
STU001075,Tableau
STU001075,Power BI
STU001075,Excel
STU001075,Java
STU001075,JavaScript
STU001076,Java
STU001076,System Design
STU001076,Deep Learning
STU001078,Problem Solving
STU001078,React
STU001078,Node.js
STU001078,Python
STU001080,Java
STU001080,JavaScript
STU001080,Deep Learning
STU001080,Problem Solving
STU001080,Data Visualization
STU001084,SQL
STU001084,Power BI
STU001084,Excel
STU001084,Financial Modeling
STU001087,Docker
STU001087,React
STU001087,Java
STU001088,JavaScript
STU001088,SQL
STU001088,Docker
STU001088,C++
STU001088,System Design
STU001088,Go
STU001089,System Design
STU001089,Tableau
STU001089,NLP
STU001090,System Design
STU001090,Python
STU001090,C++
STU001090,AWS
STU001090,Docker
STU001094,Spark
STU001094,NLP
STU001094,Data Visualization
STU001094,Docker
STU001094,Go
STU001095,React
STU001095,Node.js
STU001095,Machine Learning
STU001095,Statistics
STU001097,Spark
STU001097,Excel
STU001097,Power BI
STU001097,Problem Solving
STU001099,NLP
STU001099,Python
STU001099,JavaScript
STU001099,Kubernetes
STU001102,Machine Learning
STU001102,Deep Learning
STU001102,React
STU001103,Data Visualization
STU001103,Communication
STU001103,Azure
STU001103,SQL
STU001106,Machine Learning
STU001106,NLP
STU001106,System Design
STU001106,Spark
STU001108,Tableau
STU001108,Machine Learning
STU001108,Problem Solving
STU001109,Deep Learning
STU001109,Statistics
STU001109,JavaScript
STU001109,Spark
STU001111,Data Visualization
STU001111,SQL
STU001111,Spark
STU001111,Deep Learning
STU001111,Machine Learning
STU001111,JavaScript
STU001114,Spark
STU001114,C++
STU001114,SQL
STU001115,C++
STU001115,Data Visualization
STU001115,Go
STU001115,Docker
STU001115,JavaScript
STU001119,AWS
STU001119,Power BI
STU001119,Financial Modeling
STU001119,NLP
STU001120,C++
STU001120,Kubernetes
STU001120,Node.js
STU001120,Problem Solving
STU001120,Python
STU001124,Azure
STU001124,Node.js
STU001124,Docker
STU001124,SQL
STU001124,NLP
STU001125,SQL
STU001125,Statistics
STU001125,Kubernetes
STU001126,Tableau
STU001126,Azure
STU001126,System Design
STU001126,Go
STU001126,Python
STU001128,Data Visualization
STU001128,System Design
STU001128,Machine Learning
STU001130,Python
STU001130,Problem Solving
STU001130,SQL
STU001130,C++
STU001130,Java
STU001131,Problem Solving
STU001131,SQL
STU001131,Node.js
STU001131,NLP
STU001131,Deep Learning
STU001131,Tableau
STU001132,Node.js
STU001132,Kubernetes
STU001132,System Design
STU001132,Data Visualization
STU001133,AWS
STU001133,Power BI
STU001133,Problem Solving
STU001133,JavaScript
STU001134,C++
STU001134,Data Visualization
STU001134,Go
STU001134,Kubernetes
STU001135,NLP
STU001135,C++
STU001135,Communication
STU001135,Financial Modeling
STU001135,Problem Solving
STU001135,Java
STU001137,Machine Learning
STU001137,Tableau
STU001137,AWS
STU001137,NLP
STU001137,Excel
STU001138,React
STU001138,AWS
STU001138,Java
STU001138,Go
STU001138,Data Visualization
STU001138,Deep Learning
STU001139,Machine Learning
STU001139,Financial Modeling
STU001139,React
STU001139,SQL
STU001139,System Design
STU001140,Azure
STU001140,Tableau
STU001140,AWS
STU001140,NLP
STU001140,Node.js
STU001140,Go
STU001141,Go
STU001141,Java
STU001141,Data Visualization
STU001141,NLP
STU001142,NLP
STU001142,React
STU001142,Machine Learning
STU001142,Go
STU001143,Machine Learning
STU001143,Kubernetes
STU001143,SQL
STU001144,Excel
STU001144,Python
STU001144,System Design
STU001145,Go
STU001145,React
STU001145,Deep Learning
STU001146,C++
STU001146,Deep Learning
STU001146,Financial Modeling
STU001149,SQL
STU001149,C++
STU001149,NLP
STU001152,Azure
STU001152,SQL
STU001152,Deep Learning
STU001152,Node.js
STU001152,Machine Learning
STU001152,Statistics
STU001153,Java
STU001153,Go
STU001153,Tableau
STU001153,JavaScript
STU001153,Kubernetes
STU001153,Python
STU001157,Data Visualization
STU001157,Financial Modeling
STU001157,Java
STU001157,Node.js
STU001157,Kubernetes
STU001159,AWS
STU001159,Deep Learning
STU001159,Communication
STU001159,Python
STU001159,Power BI
STU001161,System Design
STU001161,Docker
STU001161,React
STU001161,Power BI
STU001162,AWS
STU001162,Python
STU001162,Statistics
STU001162,JavaScript
STU001163,Node.js
STU001163,Tableau
STU001163,Go
STU001163,System Design
STU001163,Spark
STU001163,React
STU001164,Python
STU001164,Problem Solving
STU001164,Communication
STU001164,Tableau
STU001164,System Design
STU001164,NLP
STU001167,Docker
STU001167,Excel
STU001167,React
STU001169,Statistics
STU001169,Problem Solving
STU001169,AWS
STU001169,Financial Modeling
STU001169,C++
STU001170,Statistics
STU001170,Docker
STU001170,Kubernetes
STU001170,Machine Learning
STU001171,NLP
STU001171,Node.js
STU001171,Communication
STU001172,Kubernetes
STU001172,Machine Learning
STU001172,Python
STU001172,Financial Modeling
STU001172,Data Visualization
STU001173,Node.js
STU001173,Docker
STU001173,Financial Modeling
STU001173,Communication
STU001173,Statistics
STU001176,Python
STU001176,Power BI
STU001176,JavaScript
STU001176,NLP
STU001176,Go
STU001176,Node.js
STU001180,Power BI
STU001180,Spark
STU001180,Financial Modeling
STU001180,Problem Solving
STU001180,Python
STU001180,Azure
STU001181,Problem Solving
STU001181,C++
STU001181,Python
STU001182,Financial Modeling
STU001182,Tableau
STU001182,AWS
STU001182,Spark
STU001184,Python
STU001184,Spark
STU001184,Node.js
STU001184,Problem Solving
STU001185,C++
STU001185,System Design
STU001185,SQL
STU001185,Azure
STU001185,NLP
STU001187,Docker
STU001187,NLP
STU001187,Java
STU001187,Financial Modeling
STU001187,Python
STU001188,React
STU001188,Docker
STU001188,System Design
STU001190,Python
STU001190,Node.js
STU001190,Excel
STU001191,Statistics
STU001191,JavaScript
STU001191,Data Visualization
STU001193,React
STU001193,Financial Modeling
STU001193,Spark
STU001193,Communication
STU001193,Problem Solving
STU001194,React
STU001194,Node.js
STU001194,Azure
STU001199,Spark
STU001199,Statistics
STU001199,Deep Learning
STU001200,C++
STU001200,Azure
STU001200,Excel
STU001200,NLP
STU001200,SQL
STU001200,Go
STU001201,JavaScript
STU001201,Azure
STU001201,Kubernetes
STU001202,Communication
STU001202,Machine Learning
STU001202,Go
STU001202,Java
STU001205,Data Visualization
STU001205,Machine Learning
STU001205,System Design
STU001206,Node.js
STU001206,Docker
STU001206,React
STU001206,System Design
STU001206,C++
STU001207,Azure
STU001207,Financial Modeling
STU001207,Java
STU001207,Statistics
STU001207,Kubernetes
STU001208,Excel
STU001208,Docker
STU001208,Java
STU001208,C++
STU001208,JavaScript
STU001208,React
STU001209,Financial Modeling
STU001209,Java
STU001209,Node.js
STU001210,Node.js
STU001210,Docker
STU001210,Kubernetes
STU001210,Python
STU001210,Data Visualization
STU001211,Docker
STU001211,NLP
STU001211,Communication
STU001211,System Design
STU001212,Node.js
STU001212,SQL
STU001212,React
STU001212,C++
STU001212,Docker
STU001213,Kubernetes
STU001213,Java
STU001213,Node.js
STU001213,Data Visualization
STU001215,Data Visualization
STU001215,Python
STU001215,Docker
STU001215,System Design
STU001216,Financial Modeling
STU001216,AWS
STU001216,Statistics
STU001219,JavaScript
STU001219,Tableau
STU001219,Node.js
STU001219,Go
STU001220,AWS
STU001220,C++
STU001220,Python
STU001221,Machine Learning
STU001221,NLP
STU001221,Power BI
STU001221,Docker
STU001221,JavaScript
STU001223,Financial Modeling
STU001223,AWS
STU001223,Deep Learning
STU001223,Azure
STU001223,Communication
STU001225,Node.js
STU001225,JavaScript
STU001225,Machine Learning
STU001225,Excel
STU001225,Communication
STU001226,AWS
STU001226,Machine Learning
STU001226,Azure
STU001226,Problem Solving
STU001226,C++
STU001227,Java
STU001227,Python
STU001227,System Design
STU001227,JavaScript
STU001227,Problem Solving
STU001227,Spark
STU001229,Statistics
STU001229,Java
STU001229,C++
STU001229,Kubernetes
STU001231,Docker
STU001231,Python
STU001231,Communication
STU001231,NLP
STU001231,Problem Solving
STU001231,Financial Modeling
STU001232,SQL
STU001232,NLP
STU001232,Power BI
STU001232,Data Visualization
STU001232,Machine Learning
STU001233,AWS
STU001233,Problem Solving
STU001233,React
STU001233,NLP
STU001233,Tableau
STU001234,Python
STU001234,JavaScript
STU001234,System Design
STU001235,Statistics
STU001235,Financial Modeling
STU001235,Data Visualization
STU001235,Problem Solving
STU001237,JavaScript
STU001237,AWS
STU001237,Kubernetes
STU001240,Docker
STU001240,AWS
STU001240,Kubernetes
STU001240,Power BI
STU001243,Go
STU001243,Statistics
STU001243,Problem Solving
STU001243,Power BI
STU001243,Node.js
STU001243,NLP
STU001244,React
STU001244,Kubernetes
STU001244,Machine Learning
STU001244,Docker
STU001244,NLP
STU001245,Financial Modeling
STU001245,SQL
STU001245,Excel
STU001245,Spark
STU001245,Tableau
STU001245,React
STU001246,Node.js
STU001246,System Design
STU001246,Docker
STU001252,Statistics
STU001252,SQL
STU001252,Deep Learning
STU001252,JavaScript
STU001252,Kubernetes
STU001254,Go
STU001254,Node.js
STU001254,Docker
STU001254,Python
STU001254,React
STU001256,Communication
STU001256,Financial Modeling
STU001256,Go
STU001256,Docker
STU001256,JavaScript
STU001256,Python
STU001257,Docker
STU001257,Deep Learning
STU001257,C++
STU001257,Python
STU001257,JavaScript
STU001257,SQL
STU001258,React
STU001258,Statistics
STU001258,Kubernetes
STU001259,NLP
STU001259,Financial Modeling
STU001259,Statistics
STU001264,C++
STU001264,System Design
STU001264,React
STU001264,JavaScript
STU001264,Go
STU001264,Docker
STU001265,Node.js
STU001265,AWS
STU001265,React
STU001265,Python
STU001265,Communication
STU001265,JavaScript
STU001267,Java
STU001267,NLP
STU001267,Azure
STU001267,Python
STU001268,Problem Solving
STU001268,System Design
STU001268,NLP
STU001268,Deep Learning
STU001268,Data Visualization
STU001268,AWS
STU001269,SQL
STU001269,Communication
STU001269,AWS
STU001269,Azure
STU001269,Go
STU001269,Spark
STU001272,Problem Solving
STU001272,AWS
STU001272,Statistics
STU001276,Java
STU001276,React
STU001276,AWS
STU001276,Financial Modeling
STU001276,Kubernetes
STU001276,System Design
STU001277,Communication
STU001277,Docker
STU001277,Data Visualization
STU001278,AWS
STU001278,Go
STU001278,JavaScript
STU001278,Node.js
STU001278,Kubernetes
STU001279,Deep Learning
STU001279,NLP
STU001279,Spark
STU001279,JavaScript
STU001279,Communication
STU001282,Python
STU001282,Machine Learning
STU001282,Excel
STU001282,JavaScript
STU001282,Power BI
STU001283,Kubernetes
STU001283,AWS
STU001283,Node.js
STU001283,React
STU001283,Data Visualization
STU001283,Java
STU001284,Go
STU001284,AWS
STU001284,Python
STU001284,Java
STU001285,Python
STU001285,Go
STU001285,Azure
STU001286,Go
STU001286,Excel
STU001286,C++
STU001286,NLP
STU001287,Statistics
STU001287,Kubernetes
STU001287,Java
STU001287,JavaScript
STU001287,AWS
STU001288,Node.js
STU001288,Python
STU001288,Deep Learning
STU001289,Go
STU001289,Java
STU001289,Machine Learning
STU001289,JavaScript
STU001289,Problem Solving
STU001289,Spark
STU001291,React
STU001291,Go
STU001291,System Design
STU001291,Data Visualization
STU001291,Python
STU001292,Docker
STU001292,Go
STU001292,Communication
STU001293,Python
STU001293,Spark
STU001293,Go
STU001293,Node.js
STU001293,Power BI
STU001293,AWS
STU001295,Docker
STU001295,Python
STU001295,Financial Modeling
STU001295,Java
STU001296,C++
STU001296,Azure
STU001296,Problem Solving
STU001296,Machine Learning
STU001296,Financial Modeling
STU001297,React
STU001297,Go
STU001297,Python
STU001298,C++
STU001298,Machine Learning
STU001298,Docker
STU001298,Go
STU001298,Node.js
STU001298,Data Visualization
STU001300,Go
STU001300,NLP
STU001300,Docker
STU001300,Azure
STU001300,Power BI
STU001303,Python
STU001303,Node.js
STU001303,JavaScript
STU001303,Statistics
STU001303,NLP
STU001303,React
STU001306,C++
STU001306,React
STU001306,Spark
STU001306,Data Visualization
STU001310,Spark
STU001310,Financial Modeling
STU001310,Node.js
STU001310,C++
STU001310,JavaScript
STU001311,Excel
STU001311,Java
STU001311,Statistics
STU001314,Azure
STU001314,Spark
STU001314,React
STU001314,Docker
STU001314,Machine Learning
STU001314,C++
STU001316,Statistics
STU001316,Excel
STU001316,Go
STU001317,AWS
STU001317,Communication
STU001317,Deep Learning
STU001317,Financial Modeling
STU001318,Problem Solving
STU001318,SQL
STU001318,Spark
STU001319,Data Visualization
STU001319,Spark
STU001319,Machine Learning
STU001319,Python
STU001319,React
STU001319,Kubernetes
STU001320,Communication
STU001320,Deep Learning
STU001320,System Design
STU001321,JavaScript
STU001321,NLP
STU001321,Java
STU001321,Data Visualization
STU001321,C++
STU001321,Tableau
STU001323,Power BI
STU001323,Tableau
STU001323,Data Visualization
STU001323,React
STU001323,Kubernetes
STU001323,SQL
STU001324,Problem Solving
STU001324,Python
STU001324,Docker
STU001324,Kubernetes
STU001324,Excel
STU001329,Data Visualization
STU001329,Kubernetes
STU001329,Statistics
STU001330,Kubernetes
STU001330,Go
STU001330,C++
STU001330,Tableau
STU001331,System Design
STU001331,Power BI
STU001331,Docker
STU001331,Data Visualization
STU001331,Go
STU001331,Excel
STU001334,Problem Solving
STU001334,JavaScript
STU001334,React
STU001334,Financial Modeling
STU001334,Data Visualization
STU001334,Tableau
STU001335,NLP
STU001335,Excel
STU001335,Deep Learning
STU001335,Spark
STU001338,Financial Modeling
STU001338,Data Visualization
STU001338,NLP
STU001338,Problem Solving
STU001338,Spark
STU001338,Azure
STU001339,Spark
STU001339,Statistics
STU001339,Deep Learning
STU001339,Communication
STU001339,NLP
STU001339,Go
STU001340,NLP
STU001340,Excel
STU001340,JavaScript
STU001340,Go
STU001340,Power BI
STU001345,SQL
STU001345,NLP
STU001345,Azure
STU001346,C++
STU001346,Azure
STU001346,Machine Learning
STU001346,Power BI
STU001346,JavaScript
STU001347,Communication
STU001347,Data Visualization
STU001347,System Design
STU001347,Machine Learning
STU001348,Azure
STU001348,Financial Modeling
STU001348,Node.js
STU001350,Financial Modeling
STU001350,AWS
STU001350,Statistics
STU001350,Problem Solving
STU001350,Communication
STU001352,React
STU001352,JavaScript
STU001352,AWS
STU001352,System Design
STU001352,Problem Solving
STU001352,Go
STU001354,Tableau
STU001354,C++
STU001354,SQL
STU001355,Azure
STU001355,Python
STU001355,Tableau
STU001356,Kubernetes
STU001356,SQL
STU001356,Statistics
STU001357,Deep Learning
STU001357,Problem Solving
STU001357,Communication
STU001357,Statistics
STU001357,Excel
STU001358,Data Visualization
STU001358,AWS
STU001358,Tableau
STU001361,React
STU001361,Deep Learning
STU001361,Azure
STU001361,Machine Learning
STU001361,Data Visualization
STU001361,Node.js
STU001363,Financial Modeling
STU001363,Machine Learning
STU001363,Docker
STU001364,C++
STU001364,Docker
STU001364,System Design
STU001364,Problem Solving
STU001365,JavaScript
STU001365,Azure
STU001365,Financial Modeling
STU001365,Kubernetes
STU001366,C++
STU001366,Java
STU001366,Data Visualization
STU001366,Excel
STU001369,React
STU001369,Financial Modeling
STU001369,Python
STU001369,Kubernetes
STU001369,Machine Learning
STU001369,Power BI
STU001372,Kubernetes
STU001372,Java
STU001372,Azure
STU001374,Azure
STU001374,Docker
STU001374,Tableau
STU001374,Statistics
STU001374,Kubernetes
STU001378,Power BI
STU001378,Excel
STU001378,Financial Modeling
STU001378,Data Visualization
STU001378,System Design
STU001379,Azure
STU001379,Tableau
STU001379,Python
STU001379,Financial Modeling
STU001381,AWS
STU001381,C++
STU001381,Node.js
STU001382,AWS
STU001382,Statistics
STU001382,Excel
STU001382,Problem Solving
STU001382,Power BI
STU001382,System Design
STU001383,Data Visualization
STU001383,Java
STU001383,Python
STU001384,Go
STU001384,Machine Learning
STU001384,C++
STU001384,Node.js
STU001384,Kubernetes
STU001385,Kubernetes
STU001385,Problem Solving
STU001385,C++
STU001385,Python
STU001387,Deep Learning
STU001387,React
STU001387,Azure
STU001387,AWS
STU001387,Spark
STU001387,JavaScript
STU001388,JavaScript
STU001388,React
STU001388,Power BI
STU001389,Python
STU001389,React
STU001389,C++
STU001389,Statistics
STU001389,Node.js
STU001389,Go
STU001390,Docker
STU001390,Kubernetes
STU001390,Statistics
STU001391,SQL
STU001391,NLP
STU001391,Communication
STU001391,Kubernetes
STU001391,Docker
STU001394,Java
STU001394,Tableau
STU001394,Python
STU001396,Communication
STU001396,Azure
STU001396,React
STU001398,JavaScript
STU001398,Node.js
STU001398,Python
STU001398,Financial Modeling
STU001401,JavaScript
STU001401,Excel
STU001401,Problem Solving
STU001401,Deep Learning
STU001401,NLP
STU001401,System Design
STU001408,Excel
STU001408,System Design
STU001408,C++
STU001408,Node.js
STU001410,System Design
STU001410,JavaScript
STU001410,Data Visualization
STU001410,Financial Modeling
STU001413,JavaScript
STU001413,Data Visualization
STU001413,System Design
STU001413,Azure
STU001416,JavaScript
STU001416,React
STU001416,C++
STU001416,NLP
STU001419,Go
STU001419,Power BI
STU001419,Python
STU001419,Communication
STU001419,JavaScript
STU001419,Tableau
STU001420,Statistics
STU001420,Excel
STU001420,JavaScript
STU001420,Deep Learning
STU001420,Python
STU001421,Data Visualization
STU001421,Excel
STU001421,Docker
STU001421,Deep Learning
STU001421,Statistics
STU001425,Communication
STU001425,Data Visualization
STU001425,NLP
STU001425,Docker
STU001426,Excel
STU001426,Python
STU001426,AWS
STU001426,Java
STU001427,Kubernetes
STU001427,Java
STU001427,Node.js
STU001427,Data Visualization
STU001427,Power BI
STU001428,Statistics
STU001428,Power BI
STU001428,Kubernetes
STU001428,Machine Learning
STU001428,Communication
STU001428,NLP
STU001429,JavaScript
STU001429,AWS
STU001429,Problem Solving
STU001429,React
STU001429,Financial Modeling
STU001429,NLP
STU001432,Tableau
STU001432,Financial Modeling
STU001432,Problem Solving
STU001432,Power BI
STU001433,Data Visualization
STU001433,React
STU001433,Azure
STU001434,Spark
STU001434,Excel
STU001434,Financial Modeling
STU001434,AWS
STU001434,SQL
STU001434,Python
STU001436,Excel
STU001436,Tableau
STU001436,React
STU001436,JavaScript
STU001436,Python
STU001437,Machine Learning
STU001437,System Design
STU001437,Node.js
STU001437,Power BI
STU001437,AWS
STU001438,Azure
STU001438,System Design
STU001438,Docker
STU001439,Java
STU001439,SQL
STU001439,AWS
STU001439,Power BI
STU001439,React
STU001440,Problem Solving
STU001440,Communication
STU001440,React
STU001440,Docker
STU001440,JavaScript
STU001440,Kubernetes
STU001443,Docker
STU001443,Communication
STU001443,Java
STU001443,Problem Solving
STU001443,Machine Learning
STU001446,Problem Solving
STU001446,Java
STU001446,NLP
STU001446,System Design
STU001446,Communication
STU001447,JavaScript
STU001447,NLP
STU001447,React
STU001447,Tableau
STU001449,Statistics
STU001449,Spark
STU001449,Go
STU001449,Docker
STU001449,JavaScript
STU001449,System Design
STU001450,C++
STU001450,AWS
STU001450,React
STU001451,Kubernetes
STU001451,Go
STU001451,Communication
STU001451,Azure
STU001451,JavaScript
STU001451,Statistics
STU001453,Financial Modeling
STU001453,Statistics
STU001453,Data Visualization
STU001453,NLP
STU001453,Node.js
STU001453,JavaScript
STU001455,C++
STU001455,Node.js
STU001455,AWS
STU001456,Python
STU001456,Excel
STU001456,Problem Solving
STU001456,Machine Learning
STU001456,Communication
STU001456,Power BI
STU001457,Excel
STU001457,Power BI
STU001457,System Design
STU001458,Spark
STU001458,Problem Solving
STU001458,Python
STU001460,AWS
STU001460,Machine Learning
STU001460,Deep Learning
STU001461,Kubernetes
STU001461,Deep Learning
STU001461,Node.js
STU001461,System Design
STU001461,Docker
STU001461,Financial Modeling
STU001470,Deep Learning
STU001470,SQL
STU001470,Spark
STU001470,Node.js
STU001470,Machine Learning
STU001471,Node.js
STU001471,Python
STU001471,Java
STU001471,React
STU001478,Problem Solving
STU001478,System Design
STU001478,NLP
STU001478,Azure
STU001478,Spark
STU001479,C++
STU001479,Machine Learning
STU001479,NLP
STU001479,Communication
STU001480,Statistics
STU001480,C++
STU001480,Excel
STU001481,Node.js
STU001481,Kubernetes
STU001481,Financial Modeling
STU001482,AWS
STU001482,Power BI
STU001482,Financial Modeling
STU001482,Machine Learning
STU001482,Kubernetes
STU001482,NLP
STU001483,Kubernetes
STU001483,Go
STU001483,AWS
STU001484,Spark
STU001484,Deep Learning
STU001484,Java
STU001484,Kubernetes
STU001484,NLP
STU001485,Go
STU001485,React
STU001485,JavaScript
STU001485,Node.js
STU001486,Statistics
STU001486,Node.js
STU001486,Communication
STU001486,Tableau
STU001486,React
STU001487,Python
STU001487,Docker
STU001487,Machine Learning
STU001487,Problem Solving
STU001488,Power BI
STU001488,Tableau
STU001488,Financial Modeling
STU001488,React
STU001490,System Design
STU001490,Kubernetes
STU001490,Financial Modeling
STU001490,Excel
STU001490,Go
STU001490,Java
STU001491,SQL
STU001491,Spark
STU001491,Statistics
STU001491,Tableau
STU001491,JavaScript
STU001492,System Design
STU001492,Docker
STU001492,Kubernetes
STU001492,Python
STU001492,Node.js
STU001493,Tableau
STU001493,Power BI
STU001493,Problem Solving
STU001493,JavaScript
STU001493,React
STU001496,C++
STU001496,AWS
STU001496,NLP
STU001496,JavaScript
STU001501,Go
STU001501,C++
STU001501,AWS
STU001501,Data Visualization
STU001501,Communication
STU001502,Spark
STU001502,Communication
STU001502,Node.js
STU001502,Kubernetes
STU001503,JavaScript
STU001503,Statistics
STU001503,AWS
STU001503,Go
STU001503,Node.js
STU001503,Tableau
STU001509,Tableau
STU001509,Problem Solving
STU001509,Azure
STU001509,SQL
STU001509,Go
STU001509,JavaScript
STU001510,AWS
STU001510,JavaScript
STU001510,React
STU001510,Problem Solving
STU001510,Deep Learning
STU001511,Docker
STU001511,Financial Modeling
STU001511,Communication
STU001513,NLP
STU001513,Kubernetes
STU001513,Statistics
STU001513,C++
STU001513,JavaScript
STU001513,Node.js
STU001514,Communication
STU001514,Azure
STU001514,SQL
STU001515,Python
STU001515,C++
STU001515,Tableau
STU001515,JavaScript
STU001515,AWS
STU001517,Data Visualization
STU001517,Go
STU001517,Financial Modeling
STU001517,JavaScript
STU001518,Docker
STU001518,Azure
STU001518,Go
STU001518,NLP
STU001518,React
STU001523,Data Visualization
STU001523,Spark
STU001523,C++
STU001523,Deep Learning
STU001523,Problem Solving
STU001523,JavaScript
STU001525,Java
STU001525,AWS
STU001525,System Design
STU001525,React
STU001525,NLP
STU001525,SQL
STU001526,Excel
STU001526,Node.js
STU001526,Azure
STU001526,Python
STU001526,JavaScript
STU001528,React
STU001528,NLP
STU001528,Azure
STU001528,Kubernetes
STU001528,Statistics
STU001528,Tableau
STU001529,Problem Solving
STU001529,Docker
STU001529,Java
STU001529,AWS
STU001532,Azure
STU001532,Communication
STU001532,Go
STU001535,NLP
STU001535,Data Visualization
STU001535,C++
STU001535,Financial Modeling
STU001536,System Design
STU001536,Data Visualization
STU001536,Azure
STU001536,Docker
STU001536,React
STU001536,Kubernetes
STU001537,JavaScript
STU001537,System Design
STU001537,Node.js
STU001537,SQL
STU001537,Excel
STU001537,Python
STU001539,Node.js
STU001539,Java
STU001539,AWS
STU001539,JavaScript
STU001539,Docker
STU001539,C++
STU001540,System Design
STU001540,Go
STU001540,Docker
STU001540,Communication
STU001541,Deep Learning
STU001541,AWS
STU001541,SQL
STU001541,Kubernetes
STU001544,Problem Solving
STU001544,Tableau
STU001544,Kubernetes
STU001544,Python
STU001545,AWS
STU001545,Docker
STU001545,Machine Learning
STU001545,Go
STU001547,Data Visualization
STU001547,React
STU001547,Kubernetes
STU001547,Go
STU001547,C++
STU001547,Statistics
STU001548,Node.js
STU001548,JavaScript
STU001548,Go
STU001548,NLP
STU001548,Azure
STU001548,Docker
STU001549,System Design
STU001549,Kubernetes
STU001549,Financial Modeling
STU001549,Node.js
STU001549,Problem Solving
STU001549,AWS
STU001550,Financial Modeling
STU001550,C++
STU001550,Node.js
STU001550,Tableau
STU001550,Kubernetes
STU001550,Go
STU001551,Financial Modeling
STU001551,Statistics
STU001551,JavaScript
STU001551,Java
STU001551,Data Visualization
STU001551,Communication
STU001553,NLP
STU001553,Tableau
STU001553,Java
STU001553,AWS
STU001553,Excel
STU001554,SQL
STU001554,Tableau
STU001554,Spark
STU001555,Kubernetes
STU001555,Deep Learning
STU001555,Communication
STU001557,React
STU001557,JavaScript
STU001557,Deep Learning
STU001557,Azure
STU001557,Problem Solving
STU001559,Deep Learning
STU001559,Excel
STU001559,Data Visualization
STU001559,Power BI
STU001560,Node.js
STU001560,React
STU001560,Machine Learning
STU001560,Python
STU001561,Java
STU001561,Problem Solving
STU001561,NLP
STU001562,Power BI
STU001562,Python
STU001562,Kubernetes
STU001562,Communication
STU001563,Financial Modeling
STU001563,System Design
STU001563,Machine Learning
STU001568,Statistics
STU001568,Machine Learning
STU001568,System Design
STU001568,C++
STU001568,Spark
STU001570,Deep Learning
STU001570,Spark
STU001570,Data Visualization
STU001574,Excel
STU001574,Java
STU001574,Data Visualization
STU001574,NLP
STU001575,React
STU001575,NLP
STU001575,Java
STU001575,Statistics
STU001575,Problem Solving
STU001575,C++
STU001576,Financial Modeling
STU001576,React
STU001576,Spark
STU001576,Excel
STU001576,Communication
STU001576,Node.js
STU001578,Deep Learning
STU001578,Node.js
STU001578,Azure
STU001578,Data Visualization
STU001578,Problem Solving
STU001579,Data Visualization
STU001579,React
STU001579,Tableau
STU001579,Kubernetes
STU001580,Python
STU001580,Kubernetes
STU001580,Go
STU001580,NLP
STU001580,Machine Learning
STU001581,SQL
STU001581,Statistics
STU001581,Tableau
STU001583,Docker
STU001583,Tableau
STU001583,Spark
STU001583,Node.js
STU001583,Data Visualization
STU001584,Go
STU001584,System Design
STU001584,SQL
STU001584,Excel
STU001584,Java
STU001585,SQL
STU001585,Go
STU001585,NLP
STU001585,JavaScript
STU001586,Azure
STU001586,Go
STU001586,Java
STU001586,System Design
STU001587,System Design
STU001587,JavaScript
STU001587,Java
STU001589,Deep Learning
STU001589,Kubernetes
STU001589,Problem Solving
STU001589,System Design
STU001590,React
STU001590,Node.js
STU001590,Azure
STU001590,Machine Learning
STU001591,Spark
STU001591,NLP
STU001591,Python
STU001591,Problem Solving
STU001592,React
STU001592,Communication
STU001592,Kubernetes
STU001592,Azure
STU001592,Power BI
STU001592,Java
STU001594,Python
STU001594,Spark
STU001594,Node.js
STU001594,JavaScript
STU001594,C++
STU001598,NLP
STU001598,Java
STU001598,System Design
STU001598,Kubernetes
STU001598,Python
STU001598,React
STU001599,System Design
STU001599,Financial Modeling
STU001599,Power BI
STU001599,Deep Learning
STU001599,Problem Solving
STU001599,AWS
STU001600,JavaScript
STU001600,Machine Learning
STU001600,Docker
STU001601,React
STU001601,Kubernetes
STU001601,Go
STU001601,Problem Solving
STU001602,NLP
STU001602,C++
STU001602,Kubernetes
STU001602,Tableau
STU001602,Go
STU001602,Data Visualization
STU001603,Excel
STU001603,System Design
STU001603,C++
STU001603,Go
STU001603,Kubernetes
STU001606,Go
STU001606,Kubernetes
STU001606,Financial Modeling
STU001607,Docker
STU001607,Kubernetes
STU001607,Java
STU001607,Problem Solving
STU001608,JavaScript
STU001608,React
STU001608,C++
STU001612,Kubernetes
STU001612,Docker
STU001612,AWS
STU001614,Python
STU001614,Node.js
STU001614,Tableau
STU001615,JavaScript
STU001615,Communication
STU001615,React
STU001615,Data Visualization
STU001615,C++
STU001616,Problem Solving
STU001616,System Design
STU001616,SQL
STU001616,NLP
STU001618,Data Visualization
STU001618,NLP
STU001618,Statistics
STU001618,C++
STU001618,JavaScript
STU001618,Kubernetes
STU001619,NLP
STU001619,System Design
STU001619,Communication
STU001620,Statistics
STU001620,C++
STU001620,Problem Solving
STU001620,Communication
STU001620,System Design
STU001621,Python
STU001621,NLP
STU001621,Go
STU001622,Azure
STU001622,Excel
STU001622,Python
STU001622,Communication
STU001622,Docker
STU001624,Azure
STU001624,AWS
STU001624,Data Visualization
STU001624,Financial Modeling
STU001626,Go
STU001626,System Design
STU001626,Kubernetes
STU001626,Tableau
STU001626,Financial Modeling
STU001626,Azure
STU001629,JavaScript
STU001629,C++
STU001629,Java
STU001630,Financial Modeling
STU001630,Power BI
STU001630,Kubernetes
STU001636,Python
STU001636,Financial Modeling
STU001636,Tableau
STU001636,SQL
STU001637,Power BI
STU001637,Excel
STU001637,Kubernetes
STU001639,Deep Learning
STU001639,SQL
STU001639,Statistics
STU001639,Python
STU001639,C++
STU001639,Excel
STU001642,React
STU001642,Machine Learning
STU001642,C++
STU001643,Java
STU001643,C++
STU001643,Python
STU001643,React
STU001643,SQL
STU001643,Machine Learning
STU001644,Node.js
STU001644,React
STU001644,Go
STU001646,System Design
STU001646,Communication
STU001646,AWS
STU001646,NLP
STU001646,Azure
STU001646,Kubernetes
STU001647,Spark
STU001647,NLP
STU001647,Data Visualization
STU001647,Docker
STU001647,Machine Learning
STU001648,NLP
STU001648,JavaScript
STU001648,Machine Learning
STU001650,Node.js
STU001650,Go
STU001650,Problem Solving
STU001651,Kubernetes
STU001651,Java
STU001651,Communication
STU001653,Statistics
STU001653,Spark
STU001653,Azure
STU001653,SQL
STU001654,Statistics
STU001654,Python
STU001654,React
STU001654,Communication
STU001654,NLP
STU001655,Data Visualization
STU001655,React
STU001655,Go
STU001658,Spark
STU001658,React
STU001658,JavaScript
STU001659,NLP
STU001659,SQL
STU001659,Problem Solving
STU001660,SQL
STU001660,Power BI
STU001660,Python
STU001660,Spark
STU001661,JavaScript
STU001661,SQL
STU001661,Problem Solving
STU001661,Machine Learning
STU001661,Java
STU001662,Kubernetes
STU001662,Go
STU001662,Tableau
STU001663,Machine Learning
STU001663,Spark
STU001663,Data Visualization
STU001664,NLP
STU001664,JavaScript
STU001664,Excel
STU001665,Communication
STU001665,AWS
STU001665,Java
STU001665,Go
STU001668,Machine Learning
STU001668,Azure
STU001668,JavaScript
STU001669,Spark
STU001669,Azure
STU001669,Tableau
STU001669,Docker
STU001669,Communication
STU001670,C++
STU001670,Kubernetes
STU001670,Data Visualization
STU001670,Deep Learning
STU001673,Problem Solving
STU001673,Communication
STU001673,Data Visualization
STU001674,Azure
STU001674,C++
STU001674,Kubernetes
STU001674,Communication
STU001674,Statistics
STU001675,Azure
STU001675,Python
STU001675,NLP
STU001676,JavaScript
STU001676,Statistics
STU001676,Java
STU001676,Machine Learning
STU001677,Deep Learning
STU001677,Azure
STU001677,JavaScript
STU001679,Financial Modeling
STU001679,Problem Solving
STU001679,Docker
STU001679,Power BI
STU001679,Excel
STU001681,Kubernetes
STU001681,SQL
STU001681,Financial Modeling
STU001681,Tableau
STU001682,Excel
STU001682,Deep Learning
STU001682,Problem Solving
STU001682,Financial Modeling
STU001685,Data Visualization
STU001685,Kubernetes
STU001685,SQL
STU001685,Statistics
STU001685,Power BI
STU001685,Docker
STU001687,Go
STU001687,System Design
STU001687,Node.js
STU001687,Communication
STU001687,React
STU001689,Python
STU001689,SQL
STU001689,Data Visualization
STU001689,Node.js
STU001689,Excel
STU001690,NLP
STU001690,AWS
STU001690,Azure
STU001690,Go
STU001693,Communication
STU001693,AWS
STU001693,Azure
STU001695,Kubernetes
STU001695,Python
STU001695,C++
STU001695,Spark
STU001695,Data Visualization
STU001696,Azure
STU001696,Node.js
STU001696,System Design
STU001698,Node.js
STU001698,Deep Learning
STU001698,Python
STU001698,React
STU001698,System Design
STU001698,Go
STU001699,Data Visualization
STU001699,Spark
STU001699,System Design
STU001699,AWS
STU001699,Statistics
STU001700,System Design
STU001700,Azure
STU001700,Power BI
STU001701,React
STU001701,Kubernetes
STU001701,NLP
STU001701,JavaScript
STU001701,Docker
STU001703,Go
STU001703,Excel
STU001703,Machine Learning
STU001703,Node.js
STU001703,Communication
STU001704,Power BI
STU001704,Python
STU001704,Kubernetes
STU001704,Go
STU001704,Deep Learning
STU001704,Spark
STU001706,Statistics
STU001706,Communication
STU001706,Data Visualization
STU001706,Go
STU001706,NLP
STU001706,Python
STU001709,Excel
STU001709,Tableau
STU001709,React
STU001709,Docker
STU001709,Azure
STU001710,AWS
STU001710,Kubernetes
STU001710,Data Visualization
STU001710,C++
STU001710,Spark
STU001713,C++
STU001713,System Design
STU001713,Node.js
STU001713,Azure
STU001715,Kubernetes
STU001715,Docker
STU001715,Python
STU001715,Azure
STU001715,AWS
STU001717,Machine Learning
STU001717,Communication
STU001717,Python
STU001717,Azure
STU001717,Java
STU001719,Excel
STU001719,Power BI
STU001719,Deep Learning
STU001719,Problem Solving
STU001720,JavaScript
STU001720,C++
STU001720,System Design
STU001720,Java
STU001720,Go
STU001720,React
STU001721,Kubernetes
STU001721,Financial Modeling
STU001721,Problem Solving
STU001721,NLP
STU001724,AWS
STU001724,JavaScript
STU001724,Java
STU001724,Azure
STU001725,JavaScript
STU001725,Node.js
STU001725,Tableau
STU001725,C++
STU001726,C++
STU001726,Kubernetes
STU001726,Machine Learning
STU001726,Financial Modeling
STU001726,Communication
STU001726,Data Visualization
STU001727,JavaScript
STU001727,Power BI
STU001727,React
STU001729,AWS
STU001729,Power BI
STU001729,Deep Learning
STU001729,Data Visualization
STU001730,NLP
STU001730,React
STU001730,Machine Learning
STU001730,Data Visualization
STU001731,Java
STU001731,Data Visualization
STU001731,Machine Learning
STU001731,Statistics
STU001731,Kubernetes
STU001731,Tableau
STU001733,C++
STU001733,Tableau
STU001733,Python
STU001733,SQL
STU001733,Machine Learning
STU001733,Data Visualization
STU001734,Go
STU001734,Azure
STU001734,Communication
STU001734,Machine Learning
STU001736,System Design
STU001736,React
STU001736,Docker
STU001736,Go
STU001736,Python
STU001736,NLP
STU001737,Machine Learning
STU001737,Java
STU001737,SQL
STU001737,Azure
STU001738,Data Visualization
STU001738,Go
STU001738,Deep Learning
STU001738,C++
STU001738,SQL
STU001738,Statistics
STU001739,JavaScript
STU001739,Deep Learning
STU001739,Kubernetes
STU001739,Machine Learning
STU001739,Python
STU001742,SQL
STU001742,Python
STU001742,NLP
STU001744,Excel
STU001744,NLP
STU001744,Docker
STU001745,React
STU001745,SQL
STU001745,Problem Solving
STU001745,Python
STU001745,AWS
STU001745,Excel
STU001748,Go
STU001748,Machine Learning
STU001748,JavaScript
STU001748,Python
STU001748,Docker
STU001749,AWS
STU001749,Financial Modeling
STU001749,SQL
STU001749,Kubernetes
STU001749,Azure
STU001749,Node.js
STU001751,NLP
STU001751,Communication
STU001751,Node.js
STU001751,Deep Learning
STU001754,System Design
STU001754,Python
STU001754,Azure
STU001754,Go
STU001755,Azure
STU001755,React
STU001755,System Design
STU001755,SQL
STU001757,Statistics
STU001757,Node.js
STU001757,JavaScript
STU001758,Data Visualization
STU001758,Deep Learning
STU001758,NLP
STU001760,Machine Learning
STU001760,AWS
STU001760,Docker
STU001761,Kubernetes
STU001761,Docker
STU001761,Statistics
STU001763,JavaScript
STU001763,Deep Learning
STU001763,Kubernetes
STU001763,Azure
STU001764,Deep Learning
STU001764,Excel
STU001764,System Design
STU001764,Statistics
STU001764,Python
STU001764,Financial Modeling
STU001765,Tableau
STU001765,JavaScript
STU001765,Communication
STU001765,System Design
STU001765,Node.js
STU001766,Go
STU001766,Kubernetes
STU001766,Node.js
STU001766,C++
STU001766,JavaScript
STU001772,Statistics
STU001772,Docker
STU001772,AWS
STU001774,System Design
STU001774,Java
STU001774,Machine Learning
STU001774,Communication
STU001774,AWS
STU001774,Node.js
STU001775,Python
STU001775,SQL
STU001775,Tableau
STU001778,Statistics
STU001778,AWS
STU001778,Java
STU001778,Go
STU001779,Java
STU001779,Go
STU001779,Power BI
STU001779,Tableau
STU001780,Python
STU001780,Tableau
STU001780,Docker
STU001780,Kubernetes
STU001780,NLP
STU001781,Docker
STU001781,Excel
STU001781,Financial Modeling
STU001781,Python
STU001784,Excel
STU001784,Machine Learning
STU001784,Node.js
STU001785,Machine Learning
STU001785,Communication
STU001785,Statistics
STU001785,Azure
STU001785,NLP
STU001785,Financial Modeling
STU001787,React
STU001787,Node.js
STU001787,Azure
STU001788,Deep Learning
STU001788,Problem Solving
STU001788,Python
STU001790,Machine Learning
STU001790,Spark
STU001790,Data Visualization
STU001790,Excel
STU001790,React
STU001793,Machine Learning
STU001793,SQL
STU001793,Deep Learning
STU001793,NLP
STU001793,Azure
STU001794,Excel
STU001794,Docker
STU001794,Kubernetes
STU001795,Problem Solving
STU001795,Statistics
STU001795,Machine Learning
STU001796,Docker
STU001796,JavaScript
STU001796,Financial Modeling
STU001796,Machine Learning
STU001796,Java
STU001796,Python
STU001797,React
STU001797,Deep Learning
STU001797,Problem Solving
STU001797,JavaScript
STU001797,Tableau
STU001798,C++
STU001798,JavaScript
STU001798,SQL
STU001798,NLP
STU001798,Node.js
STU001798,Kubernetes
STU001799,Tableau
STU001799,Java
STU001799,Data Visualization
STU001799,Python
STU001800,Go
STU001800,Statistics
STU001800,AWS
STU001802,Azure
STU001802,Excel
STU001802,Data Visualization
STU001802,Tableau
STU001805,Node.js
STU001805,Financial Modeling
STU001805,Go
STU001807,Node.js
STU001807,System Design
STU001807,Java
STU001807,Python
STU001807,Go
STU001807,Kubernetes
STU001808,React
STU001808,Python
STU001808,Excel
STU001809,React
STU001809,Power BI
STU001809,Go
STU001809,Tableau
STU001810,Excel
STU001810,React
STU001810,Azure
STU001810,Spark
STU001810,Machine Learning
STU001811,SQL
STU001811,JavaScript
STU001811,Azure
STU001811,Kubernetes
STU001811,Excel
STU001811,Go
STU001812,React
STU001812,JavaScript
STU001812,Machine Learning
STU001813,Deep Learning
STU001813,Machine Learning
STU001813,Spark
STU001814,Machine Learning
STU001814,System Design
STU001814,Excel
STU001818,Spark
STU001818,JavaScript
STU001818,Power BI
STU001818,NLP
STU001818,Problem Solving
STU001819,JavaScript
STU001819,Power BI
STU001819,Azure
STU001820,Java
STU001820,Financial Modeling
STU001820,Node.js
STU001821,Java
STU001821,Statistics
STU001821,NLP
STU001821,React
STU001824,Java
STU001824,Azure
STU001824,SQL
STU001824,C++
STU001824,Kubernetes
STU001825,Problem Solving
STU001825,Node.js
STU001825,Excel
STU001826,Statistics
STU001826,Docker
STU001826,System Design
STU001827,Statistics
STU001827,System Design
STU001827,Go
STU001827,Java
STU001828,Problem Solving
STU001828,Financial Modeling
STU001828,Azure
STU001828,Spark
STU001828,Tableau
STU001832,Docker
STU001832,System Design
STU001832,Node.js
STU001832,JavaScript
STU001834,Problem Solving
STU001834,Tableau
STU001834,Python
STU001834,Financial Modeling
STU001836,Spark
STU001836,Communication
STU001836,Node.js
STU001836,Power BI
STU001836,Azure
STU001837,SQL
STU001837,Communication
STU001837,Java
STU001840,Machine Learning
STU001840,Power BI
STU001840,Data Visualization
STU001840,Go
STU001842,Azure
STU001842,Docker
STU001842,Kubernetes
STU001842,JavaScript
STU001842,Power BI
STU001844,Communication
STU001844,Machine Learning
STU001844,JavaScript
STU001844,Java
STU001844,Power BI
STU001845,JavaScript
STU001845,Statistics
STU001845,Go
STU001845,System Design
STU001845,NLP
STU001845,Tableau
STU001846,React
STU001846,Azure
STU001846,Statistics
STU001846,Problem Solving
STU001846,JavaScript
STU001848,Excel
STU001848,Java
STU001848,JavaScript
STU001849,Kubernetes
STU001849,Java
STU001849,Go
STU001851,Communication
STU001851,Financial Modeling
STU001851,Problem Solving
STU001851,Go
STU001851,React
STU001852,C++
STU001852,Machine Learning
STU001852,JavaScript
STU001852,Spark
STU001852,SQL
STU001853,Spark
STU001853,Azure
STU001853,SQL
STU001854,Deep Learning
STU001854,Kubernetes
STU001854,React
STU001854,Node.js
STU001854,Statistics
STU001858,Tableau
STU001858,Problem Solving
STU001858,NLP
STU001858,C++
STU001858,Excel
STU001858,Communication
STU001862,NLP
STU001862,Tableau
STU001862,Python
STU001864,Docker
STU001864,Go
STU001864,Java
STU001864,Deep Learning
STU001864,Problem Solving
STU001865,Excel
STU001865,Power BI
STU001865,Python
STU001865,Spark
STU001866,Docker
STU001866,Excel
STU001866,Tableau
STU001867,Azure
STU001867,System Design
STU001867,C++
STU001867,React
STU001867,Go
STU001867,Financial Modeling
STU001868,Java
STU001868,Excel
STU001868,Tableau
STU001868,JavaScript
STU001868,Machine Learning
STU001868,Problem Solving
STU001869,Node.js
STU001869,Docker
STU001869,Java
STU001869,Statistics
STU001869,SQL
STU001869,Python
STU001872,Financial Modeling
STU001872,Machine Learning
STU001872,AWS
STU001872,Docker
STU001872,SQL
STU001874,C++
STU001874,Power BI
STU001874,Tableau
STU001874,React
STU001874,Azure
STU001875,Azure
STU001875,Excel
STU001875,Tableau
STU001875,Data Visualization
STU001875,AWS
STU001875,Kubernetes
STU001876,Communication
STU001876,Machine Learning
STU001876,Go
STU001876,Data Visualization
STU001876,Node.js
STU001877,Deep Learning
STU001877,Node.js
STU001877,Financial Modeling
STU001877,Azure
STU001877,AWS
STU001877,SQL
STU001879,Kubernetes
STU001879,Financial Modeling
STU001879,Python
STU001879,React
STU001879,Java
STU001881,SQL
STU001881,C++
STU001881,JavaScript
STU001881,NLP
STU001881,Power BI
STU001882,React
STU001882,SQL
STU001882,JavaScript
STU001883,React
STU001883,Deep Learning
STU001883,Problem Solving
STU001885,Java
STU001885,Communication
STU001885,Data Visualization
STU001892,JavaScript
STU001892,Statistics
STU001892,Spark
STU001892,Communication
STU001892,NLP
STU001893,Java
STU001893,Spark
STU001893,AWS
STU001893,Communication
STU001893,SQL
STU001893,Python
STU001896,Python
STU001896,JavaScript
STU001896,SQL
STU001896,Java
STU001896,Kubernetes
STU001896,AWS
STU001898,Tableau
STU001898,System Design
STU001898,Power BI
STU001898,Go
STU001900,AWS
STU001900,JavaScript
STU001900,Machine Learning
STU001900,React
STU001902,Statistics
STU001902,Azure
STU001902,Deep Learning
STU001902,React
STU001902,Java
STU001903,Go
STU001903,Python
STU001903,Azure
STU001904,C++
STU001904,System Design
STU001904,AWS
STU001904,Java
STU001904,SQL
STU001904,Python
STU001905,System Design
STU001905,Communication
STU001905,Financial Modeling
STU001905,Statistics
STU001907,System Design
STU001907,Python
STU001907,Java
STU001907,Spark
STU001908,NLP
STU001908,Machine Learning
STU001908,Statistics
STU001908,Deep Learning
STU001908,Java
STU001909,Tableau
STU001909,Power BI
STU001909,C++
STU001909,Java
STU001909,AWS
STU001912,JavaScript
STU001912,Statistics
STU001912,System Design
STU001912,Docker
STU001912,Kubernetes
STU001914,Go
STU001914,Financial Modeling
STU001914,AWS
STU001914,Node.js
STU001915,NLP
STU001915,System Design
STU001915,Statistics
STU001915,Communication
STU001915,Spark
STU001916,AWS
STU001916,Kubernetes
STU001916,Azure
STU001916,Tableau
STU001916,Communication
STU001920,NLP
STU001920,Azure
STU001920,Financial Modeling
STU001920,Docker
STU001920,Data Visualization
STU001920,AWS
STU001921,Python
STU001921,Data Visualization
STU001921,Statistics
STU001921,Financial Modeling
STU001921,JavaScript
STU001921,Docker
STU001923,Java
STU001923,Machine Learning
STU001923,Spark
STU001925,Java
STU001925,Go
STU001925,Python
STU001925,Financial Modeling
STU001926,SQL
STU001926,Java
STU001926,System Design
STU001926,Node.js
STU001926,Problem Solving
STU001926,Deep Learning
STU001930,Node.js
STU001930,Machine Learning
STU001930,System Design
STU001930,Problem Solving
STU001934,Statistics
STU001934,System Design
STU001934,Python
STU001934,Kubernetes
STU001934,Java
STU001934,Deep Learning
STU001935,C++
STU001935,AWS
STU001935,Go
STU001935,React
STU001935,Financial Modeling
STU001935,JavaScript
STU001936,Data Visualization
STU001936,Go
STU001936,Communication
STU001936,Power BI
STU001936,Deep Learning
STU001938,System Design
STU001938,Machine Learning
STU001938,NLP
STU001939,C++
STU001939,Docker
STU001939,Kubernetes
STU001940,Data Visualization
STU001940,System Design
STU001940,C++
STU001940,Machine Learning
STU001941,Machine Learning
STU001941,Problem Solving
STU001941,NLP
STU001941,Spark
STU001941,Docker
STU001941,Deep Learning
STU001943,AWS
STU001943,Problem Solving
STU001943,Excel
STU001943,Docker
STU001944,C++
STU001944,Go
STU001944,Kubernetes
STU001945,C++
STU001945,Python
STU001945,Docker
STU001945,Java
STU001945,System Design
STU001945,Kubernetes
STU001946,Go
STU001946,SQL
STU001946,Deep Learning
STU001946,NLP
STU001946,Spark
STU001948,AWS
STU001948,SQL
STU001948,Statistics
STU001948,Deep Learning
STU001948,NLP
STU001949,Docker
STU001949,Machine Learning
STU001949,Go
STU001949,Deep Learning
STU001949,JavaScript
STU001951,C++
STU001951,React
STU001951,Machine Learning
STU001951,Excel
STU001953,Statistics
STU001953,Communication
STU001953,Node.js
STU001953,AWS
STU001953,Docker
STU001953,Deep Learning
STU001955,JavaScript
STU001955,Azure
STU001955,Kubernetes
STU001958,Spark
STU001958,System Design
STU001958,SQL
STU001958,Communication
STU001959,Node.js
STU001959,Problem Solving
STU001959,Communication
STU001961,Python
STU001961,System Design
STU001961,Go
STU001961,Machine Learning
STU001961,Azure
STU001961,SQL
STU001962,C++
STU001962,Azure
STU001962,Machine Learning
STU001962,React
STU001962,Problem Solving
STU001962,Deep Learning
STU001964,Spark
STU001964,React
STU001964,AWS
STU001964,Tableau
STU001964,JavaScript
STU001964,Statistics
STU001965,Excel
STU001965,Spark
STU001965,Azure
STU001965,Machine Learning
STU001965,Python
STU001965,Kubernetes
STU001966,Python
STU001966,Node.js
STU001966,Communication
STU001966,Problem Solving
STU001967,Kubernetes
STU001967,Financial Modeling
STU001967,NLP
STU001967,System Design
STU001969,AWS
STU001969,Tableau
STU001969,Data Visualization
STU001969,Excel
STU001969,Statistics
STU001970,Communication
STU001970,Go
STU001970,Problem Solving
STU001970,Azure
STU001975,Python
STU001975,JavaScript
STU001975,Go
STU001975,Kubernetes
STU001975,Machine Learning
STU001979,System Design
STU001979,Kubernetes
STU001979,SQL
STU001979,Financial Modeling
STU001979,Tableau
STU001979,NLP
STU001982,Problem Solving
STU001982,Financial Modeling
STU001982,Communication
STU001986,AWS
STU001986,Azure
STU001986,Power BI
STU001986,Python
STU001987,Docker
STU001987,Statistics
STU001987,Node.js
STU001987,Tableau
STU001987,Financial Modeling
STU001988,Machine Learning
STU001988,JavaScript
STU001988,Financial Modeling
STU001988,Deep Learning
STU001988,Docker
STU001990,SQL
STU001990,Spark
STU001990,Communication
STU001990,Kubernetes
STU001990,Power BI
STU001991,Statistics
STU001991,SQL
STU001991,Azure
STU001991,C++
STU001991,Power BI
STU001991,Financial Modeling
STU001992,Spark
STU001992,Machine Learning
STU001992,Data Visualization
STU001993,Communication
STU001993,SQL
STU001993,Problem Solving
STU001993,Tableau
STU001993,AWS
STU001993,Docker
STU001994,Data Visualization
STU001994,Azure
STU001994,JavaScript
STU001994,Statistics
STU001994,C++
STU001995,Deep Learning
STU001995,Tableau
STU001995,Docker
STU001997,Node.js
STU001997,Financial Modeling
STU001997,Docker
STU001998,Financial Modeling
STU001998,Python
STU001998,Docker
STU001998,SQL
STU001998,Azure
STU002000,System Design
STU002000,Problem Solving
STU002000,JavaScript
STU002001,Spark
STU002001,Tableau
STU002001,Machine Learning
STU002001,Communication
STU002001,Power BI
STU002001,Data Visualization
STU002002,Data Visualization
STU002002,AWS
STU002002,Communication
STU002003,Deep Learning
STU002003,Java
STU002003,C++
STU002003,Financial Modeling
STU002003,Go
STU002003,Azure
STU002005,Data Visualization
STU002005,Statistics
STU002005,React
STU002005,Machine Learning
STU002005,Go
STU002007,Data Visualization
STU002007,AWS
STU002007,Azure
STU002007,Java
STU002007,Go
STU002007,JavaScript
STU002008,React
STU002008,Docker
STU002008,Node.js
STU002008,JavaScript
STU002008,System Design
STU002008,Kubernetes
STU002010,Machine Learning
STU002010,Power BI
STU002010,Spark
STU002011,JavaScript
STU002011,Go
STU002011,Statistics
STU002011,System Design
STU002011,Financial Modeling
STU002012,C++
STU002012,Node.js
STU002012,Python
STU002012,Go
STU002012,Financial Modeling
STU002014,Kubernetes
STU002014,Go
STU002014,Deep Learning
STU002014,Problem Solving
STU002015,System Design
STU002015,Machine Learning
STU002015,Python
STU002015,Node.js
STU002015,NLP
STU002016,System Design
STU002016,Spark
STU002016,Machine Learning
STU002018,Machine Learning
STU002018,Kubernetes
STU002018,Node.js
STU002021,AWS
STU002021,Machine Learning
STU002021,React
STU002021,Go
STU002021,Data Visualization
STU002022,JavaScript
STU002022,Python
STU002022,Problem Solving
STU002022,Power BI
STU002023,Tableau
STU002023,Spark
STU002023,C++
STU002023,Go
STU002023,Kubernetes
STU002023,Power BI
STU002024,Power BI
STU002024,Financial Modeling
STU002024,Data Visualization
STU002024,Node.js
STU002025,SQL
STU002025,NLP
STU002025,System Design
STU002027,Statistics
STU002027,C++
STU002027,Communication
STU002027,Node.js
STU002029,NLP
STU002029,Problem Solving
STU002029,SQL
STU002029,Azure
STU002029,JavaScript
STU002033,Node.js
STU002033,Power BI
STU002033,Financial Modeling
STU002033,Deep Learning
STU002033,Tableau
STU002033,Problem Solving
STU002034,NLP
STU002034,Data Visualization
STU002034,Excel
STU002034,Tableau
STU002034,System Design
STU002035,AWS
STU002035,Communication
STU002035,Kubernetes
STU002035,Python
STU002035,React
STU002036,Problem Solving
STU002036,Kubernetes
STU002036,Financial Modeling
STU002036,Machine Learning
STU002036,Power BI
STU002037,Spark
STU002037,JavaScript
STU002037,Data Visualization
STU002037,Machine Learning
STU002037,Kubernetes
STU002038,Kubernetes
STU002038,Azure
STU002038,Problem Solving
STU002038,Python
STU002040,Node.js
STU002040,Python
STU002040,NLP
STU002040,Go
STU002040,Financial Modeling
STU002040,Machine Learning
STU002041,Node.js
STU002041,System Design
STU002041,Azure
STU002041,Kubernetes
STU002041,Go
STU002043,Power BI
STU002043,Kubernetes
STU002043,Communication
STU002047,Python
STU002047,Financial Modeling
STU002047,Data Visualization
STU002049,Docker
STU002049,Azure
STU002049,JavaScript
STU002049,C++
STU002049,SQL
STU002049,Kubernetes
STU002050,Communication
STU002050,Machine Learning
STU002050,Docker
STU002050,React
STU002051,Node.js
STU002051,Azure
STU002051,C++
STU002051,Communication
STU002051,NLP
STU002051,Statistics
STU002052,C++
STU002052,Python
STU002052,Communication
STU002052,Docker
STU002052,SQL
STU002052,System Design
STU002053,Problem Solving
STU002053,SQL
STU002053,Azure
STU002053,React
STU002054,Problem Solving
STU002054,Node.js
STU002054,Machine Learning
STU002054,Go
STU002054,Tableau
STU002055,Financial Modeling
STU002055,Power BI
STU002055,Kubernetes
STU002055,Statistics
STU002056,React
STU002056,Java
STU002056,Financial Modeling
STU002056,Docker
STU002057,AWS
STU002057,Deep Learning
STU002057,Data Visualization
STU002057,React
STU002057,System Design
STU002058,Azure
STU002058,Deep Learning
STU002058,React
STU002058,Power BI
STU002058,Financial Modeling
STU002058,Docker
STU002061,JavaScript
STU002061,Problem Solving
STU002061,Java
STU002064,Statistics
STU002064,Problem Solving
STU002064,Node.js
STU002064,React
STU002065,Problem Solving
STU002065,Data Visualization
STU002065,Financial Modeling
STU002067,NLP
STU002067,Azure
STU002067,Deep Learning
STU002069,Excel
STU002069,Kubernetes
STU002069,SQL
STU002069,Problem Solving
STU002069,Financial Modeling
STU002070,Statistics
STU002070,Docker
STU002070,Go
STU002071,Docker
STU002071,System Design
STU002071,JavaScript
STU002072,AWS
STU002072,Go
STU002072,System Design
STU002073,Python
STU002073,Machine Learning
STU002073,SQL
STU002073,Data Visualization
STU002073,NLP
STU002073,Go
STU002074,Financial Modeling
STU002074,Node.js
STU002074,SQL
STU002074,Power BI
STU002074,Deep Learning
STU002074,Spark
STU002076,System Design
STU002076,Python
STU002076,AWS
STU002076,Data Visualization
STU002076,Power BI
STU002076,Financial Modeling
STU002080,Data Visualization
STU002080,Tableau
STU002080,Excel
STU002080,Deep Learning
STU002080,AWS
STU002080,Kubernetes
STU002084,Kubernetes
STU002084,C++
STU002084,Spark
STU002084,System Design
STU002084,Azure
STU002084,Node.js
STU002086,C++
STU002086,Tableau
STU002086,Data Visualization
STU002086,JavaScript
STU002086,Docker
STU002087,Azure
STU002087,Data Visualization
STU002087,Problem Solving
STU002087,Power BI
STU002088,C++
STU002088,AWS
STU002088,SQL
STU002092,Tableau
STU002092,Azure
STU002092,Docker
STU002092,C++
STU002092,Excel
STU002092,Communication
STU002093,Java
STU002093,Kubernetes
STU002093,NLP
STU002093,Docker
STU002094,System Design
STU002094,Deep Learning
STU002094,Power BI
STU002094,Spark
STU002094,Python
STU002095,System Design
STU002095,Python
STU002095,SQL
STU002095,Spark
STU002096,Java
STU002096,Problem Solving
STU002096,Go
STU002096,C++
STU002096,React
STU002099,C++
STU002099,Azure
STU002099,Python
STU002099,System Design
STU002100,Tableau
STU002100,Azure
STU002100,Deep Learning
STU002100,Excel
STU002100,System Design
STU002100,JavaScript
STU002101,Java
STU002101,Problem Solving
STU002101,Excel
STU002104,Python
STU002104,Node.js
STU002104,C++
STU002104,NLP
STU002104,Excel
STU002104,SQL
STU002109,Machine Learning
STU002109,Docker
STU002109,Deep Learning
STU002109,React
STU002109,Financial Modeling
STU002110,Communication
STU002110,Problem Solving
STU002110,Machine Learning
STU002110,Go
STU002111,Financial Modeling
STU002111,SQL
STU002111,Statistics
STU002112,Docker
STU002112,Node.js
STU002112,NLP
STU002112,Go
STU002112,Financial Modeling
STU002117,React
STU002117,Machine Learning
STU002117,Go
STU002117,Spark
STU002117,Kubernetes
STU002117,C++
STU002118,Machine Learning
STU002118,SQL
STU002118,Data Visualization
STU002119,Deep Learning
STU002119,AWS
STU002119,SQL
STU002119,C++
STU002119,NLP
STU002119,System Design
STU002121,Docker
STU002121,Excel
STU002121,SQL
STU002122,Tableau
STU002122,Azure
STU002122,Communication
STU002122,Deep Learning
STU002123,Machine Learning
STU002123,SQL
STU002123,React
STU002123,Kubernetes
STU002123,Excel
STU002123,Go
STU002124,Problem Solving
STU002124,Azure
STU002124,NLP
STU002124,Spark
STU002125,Deep Learning
STU002125,Spark
STU002125,Machine Learning
STU002125,Kubernetes
STU002125,C++
STU002125,Python
STU002127,Machine Learning
STU002127,AWS
STU002127,Docker
STU002127,Problem Solving
STU002127,Tableau
STU002128,Tableau
STU002128,Power BI
STU002128,Java
STU002129,Problem Solving
STU002129,Financial Modeling
STU002129,Machine Learning
STU002129,AWS
STU002131,Go
STU002131,Kubernetes
STU002131,Node.js
STU002132,Spark
STU002132,Statistics
STU002132,Kubernetes
STU002132,Node.js
STU002133,Data Visualization
STU002133,Excel
STU002133,System Design
STU002133,React
STU002133,Docker
STU002133,Spark
STU002135,Problem Solving
STU002135,Power BI
STU002135,SQL
STU002137,Excel
STU002137,Machine Learning
STU002137,React
STU002139,Docker
STU002139,Azure
STU002139,SQL
STU002139,NLP
STU002139,Node.js
STU002141,Docker
STU002141,Statistics
STU002141,Kubernetes
STU002141,Spark
STU002142,Python
STU002142,Excel
STU002142,Node.js
STU002142,Data Visualization
STU002142,JavaScript
STU002142,Java
STU002144,Problem Solving
STU002144,Azure
STU002144,Deep Learning
STU002145,Node.js
STU002145,JavaScript
STU002145,Docker
STU002145,Data Visualization
STU002145,Statistics
STU002145,Machine Learning
STU002146,Statistics
STU002146,SQL
STU002146,AWS
STU002146,Power BI
STU002148,Spark
STU002148,Kubernetes
STU002148,Docker
STU002148,Machine Learning
STU002148,AWS
STU002148,Python
STU002149,Problem Solving
STU002149,Kubernetes
STU002149,Statistics
STU002149,Docker
STU002149,C++
STU002150,Tableau
STU002150,Deep Learning
STU002150,Machine Learning
STU002153,SQL
STU002153,Statistics
STU002153,Financial Modeling
STU002154,Statistics
STU002154,Azure
STU002154,Data Visualization
STU002155,JavaScript
STU002155,Java
STU002155,Statistics
STU002155,Azure
STU002157,Java
STU002157,Deep Learning
STU002157,Communication
STU002157,Node.js
STU002157,Python
STU002159,Problem Solving
STU002159,System Design
STU002159,Java
STU002159,AWS
STU002159,Azure
STU002159,C++
STU002161,React
STU002161,C++
STU002161,JavaScript
STU002161,AWS
STU002161,Communication
STU002162,Docker
STU002162,Power BI
STU002162,Statistics
STU002162,Tableau
STU002163,Python
STU002163,AWS
STU002163,SQL
STU002164,Power BI
STU002164,SQL
STU002164,System Design
STU002166,Spark
STU002166,C++
STU002166,Deep Learning
STU002167,Node.js
STU002167,Power BI
STU002167,React
STU002167,Spark
STU002168,Node.js
STU002168,SQL
STU002168,Deep Learning
STU002168,Python
STU002168,Go
STU002169,Docker
STU002169,Machine Learning
STU002169,Statistics
STU002169,Go
STU002171,Go
STU002171,JavaScript
STU002171,C++
STU002171,Tableau
STU002171,Python
STU002171,Azure
STU002172,Go
STU002172,Docker
STU002172,NLP
STU002173,Spark
STU002173,NLP
STU002173,SQL
STU002174,NLP
STU002174,Communication
STU002174,Azure
STU002174,Tableau
STU002174,System Design
STU002174,Python
STU002176,Tableau
STU002176,Financial Modeling
STU002176,Node.js
STU002176,JavaScript
STU002176,Kubernetes
STU002176,C++
STU002178,Statistics
STU002178,NLP
STU002178,Kubernetes
STU002178,Azure
STU002178,System Design
STU002178,Communication
STU002179,C++
STU002179,NLP
STU002179,SQL
STU002179,Spark
STU002179,JavaScript
STU002180,Java
STU002180,C++
STU002180,Machine Learning
STU002180,NLP
STU002181,AWS
STU002181,Docker
STU002181,React
STU002184,SQL
STU002184,Kubernetes
STU002184,Docker
STU002186,JavaScript
STU002186,Python
STU002186,Go
STU002186,React
STU002186,Kubernetes
STU002191,Power BI
STU002191,Spark
STU002191,Deep Learning
STU002192,Excel
STU002192,JavaScript
STU002192,Tableau
STU002192,Node.js
STU002194,React
STU002194,NLP
STU002194,Problem Solving
STU002194,Go
STU002194,Communication
STU002195,Problem Solving
STU002195,Tableau
STU002195,Machine Learning
STU002197,System Design
STU002197,Financial Modeling
STU002197,Kubernetes
STU002197,Excel
STU002199,AWS
STU002199,SQL
STU002199,Statistics
STU002199,Financial Modeling
STU002199,Problem Solving
STU002200,Kubernetes
STU002200,Data Visualization
STU002200,Python
STU002200,C++
STU002200,Tableau
STU002200,SQL
STU002202,Node.js
STU002202,React
STU002202,Docker
STU002202,C++
STU002202,Azure
STU002202,Deep Learning
STU002203,React
STU002203,Problem Solving
STU002203,Spark
STU002203,AWS
STU002203,Power BI
STU002203,Statistics
STU002204,Problem Solving
STU002204,Machine Learning
STU002204,Statistics
STU002204,Financial Modeling
STU002205,Docker
STU002205,Go
STU002205,Azure
STU002205,Excel
STU002206,Problem Solving
STU002206,Financial Modeling
STU002206,Go
STU002207,Deep Learning
STU002207,NLP
STU002207,Docker
STU002207,Communication
STU002207,Excel
STU002207,Spark
STU002208,C++
STU002208,Machine Learning
STU002208,SQL
STU002209,Data Visualization
STU002209,Python
STU002209,Statistics
STU002209,C++
STU002209,Docker
STU002210,Docker
STU002210,AWS
STU002210,System Design
STU002210,Node.js
STU002212,NLP
STU002212,Excel
STU002212,Node.js
STU002212,Go
STU002214,Problem Solving
STU002214,Python
STU002214,Data Visualization
STU002214,Java
STU002214,React
STU002217,React
STU002217,JavaScript
STU002217,System Design
STU002217,Power BI
STU002218,Power BI
STU002218,Tableau
STU002218,Financial Modeling
STU002218,System Design
STU002218,Excel
STU002219,NLP
STU002219,Financial Modeling
STU002219,JavaScript
STU002219,SQL
STU002219,Node.js
STU002219,Excel
STU002220,Deep Learning
STU002220,Docker
STU002220,Python
STU002220,Tableau
STU002220,AWS
STU002220,NLP
STU002222,Tableau
STU002222,Data Visualization
STU002222,Deep Learning
STU002222,Machine Learning
STU002222,AWS
STU002225,NLP
STU002225,SQL
STU002225,C++
STU002226,Problem Solving
STU002226,Statistics
STU002226,Docker
STU002226,Power BI
STU002226,Data Visualization
STU002226,Python
STU002227,SQL
STU002227,Spark
STU002227,Node.js
STU002227,System Design
STU002227,Kubernetes
STU002227,Python
STU002229,Problem Solving
STU002229,Tableau
STU002229,Communication
STU002229,SQL
STU002229,Docker
STU002230,Power BI
STU002230,Deep Learning
STU002230,React
STU002230,Java
STU002231,Communication
STU002231,Java
STU002231,Node.js
STU002231,Kubernetes
STU002234,Tableau
STU002234,System Design
STU002234,Power BI
STU002234,Machine Learning
STU002235,AWS
STU002235,C++
STU002235,Power BI
STU002235,JavaScript
STU002239,Machine Learning
STU002239,SQL
STU002239,Financial Modeling
STU002239,JavaScript
STU002239,Communication
STU002240,Problem Solving
STU002240,Communication
STU002240,Excel
STU002242,Problem Solving
STU002242,Data Visualization
STU002242,Tableau
STU002242,Python
STU002243,SQL
STU002243,Data Visualization
STU002243,Statistics
STU002244,Statistics
STU002244,Node.js
STU002244,System Design
STU002246,Java
STU002246,Go
STU002246,Spark
STU002246,Financial Modeling
STU002248,Go
STU002248,NLP
STU002248,Spark
STU002248,Problem Solving
STU002249,NLP
STU002249,Data Visualization
STU002249,Spark
STU002249,Python
STU002249,Docker
STU002250,Problem Solving
STU002250,Kubernetes
STU002250,JavaScript
STU002250,C++
STU002252,Machine Learning
STU002252,Problem Solving
STU002252,Kubernetes
STU002252,Financial Modeling
STU002253,Tableau
STU002253,Excel
STU002253,Python
STU002253,Machine Learning
STU002253,Docker
STU002253,Power BI
STU002254,C++
STU002254,Financial Modeling
STU002254,Power BI
STU002254,Docker
STU002254,Python
STU002254,Java
STU002255,Go
STU002255,Java
STU002255,System Design
STU002257,Excel
STU002257,System Design
STU002257,Communication
STU002257,Spark
STU002262,Tableau
STU002262,React
STU002262,Docker
STU002262,Problem Solving
STU002267,SQL
STU002267,Azure
STU002267,Communication
STU002267,Spark
STU002267,Java
STU002268,SQL
STU002268,Node.js
STU002268,JavaScript
STU002269,JavaScript
STU002269,Java
STU002269,Statistics
STU002269,Excel
STU002269,C++
STU002270,Problem Solving
STU002270,SQL
STU002270,JavaScript
STU002270,Deep Learning
STU002270,NLP
STU002270,Excel
STU002271,System Design
STU002271,Kubernetes
STU002271,JavaScript
STU002271,Tableau
STU002271,Spark
STU002271,Financial Modeling
STU002273,Problem Solving
STU002273,Deep Learning
STU002273,JavaScript
STU002273,C++
STU002273,Go
STU002274,Azure
STU002274,Kubernetes
STU002274,Financial Modeling
STU002274,Node.js
STU002274,Docker
STU002275,Tableau
STU002275,Deep Learning
STU002275,AWS
STU002276,Communication
STU002276,Deep Learning
STU002276,Excel
STU002276,SQL
STU002276,Statistics
STU002276,Tableau
STU002281,Spark
STU002281,Problem Solving
STU002281,Deep Learning
STU002281,NLP
STU002283,Data Visualization
STU002283,C++
STU002283,Excel
STU002283,Python
STU002283,Kubernetes
STU002283,SQL
STU002284,Power BI
STU002284,Spark
STU002284,Azure
STU002284,Machine Learning
STU002284,JavaScript
STU002286,React
STU002286,Python
STU002286,Data Visualization
STU002286,Financial Modeling
STU002286,Go
STU002286,Java
STU002287,NLP
STU002287,SQL
STU002287,Docker
STU002287,Java
STU002287,Power BI
STU002287,Deep Learning
STU002289,Go
STU002289,Power BI
STU002289,Docker
STU002289,Data Visualization
STU002290,AWS
STU002290,Kubernetes
STU002290,React
STU002290,Java
STU002290,Azure
STU002291,JavaScript
STU002291,Communication
STU002291,AWS
STU002292,AWS
STU002292,SQL
STU002292,Power BI
STU002292,React
STU002292,Tableau
STU002292,JavaScript
STU002294,NLP
STU002294,Machine Learning
STU002294,Problem Solving
STU002294,Python
STU002294,Node.js
STU002294,SQL
STU002295,Python
STU002295,SQL
STU002295,Docker
STU002295,Kubernetes
STU002296,AWS
STU002296,Power BI
STU002296,Spark
STU002300,Node.js
STU002300,Communication
STU002300,Excel
STU002300,System Design
STU002300,Java
STU002302,Communication
STU002302,Java
STU002302,Excel
STU002302,React
STU002302,Problem Solving
STU002304,SQL
STU002304,Node.js
STU002304,System Design
STU002305,NLP
STU002305,Deep Learning
STU002305,Azure
STU002305,Power BI
STU002307,Node.js
STU002307,Deep Learning
STU002307,Problem Solving
STU002307,System Design
STU002307,Docker
STU002307,Tableau
STU002308,Docker
STU002308,Machine Learning
STU002308,Excel
STU002308,Java
STU002308,Power BI
STU002308,AWS
STU002309,C++
STU002309,Machine Learning
STU002309,Tableau
STU002309,NLP
STU002310,Java
STU002310,System Design
STU002310,Docker
STU002311,Data Visualization
STU002311,SQL
STU002311,Docker
STU002311,Machine Learning
STU002315,Spark
STU002315,Go
STU002315,Problem Solving
STU002315,SQL
STU002315,Java
STU002315,Deep Learning
STU002317,Statistics
STU002317,Excel
STU002317,SQL
STU002318,React
STU002318,Azure
STU002318,Excel
STU002318,Communication
STU002321,Communication
STU002321,Python
STU002321,C++
STU002321,Java
STU002321,Problem Solving
STU002323,Java
STU002323,Kubernetes
STU002323,Statistics
STU002324,Statistics
STU002324,JavaScript
STU002324,Docker
STU002325,Excel
STU002325,System Design
STU002325,Financial Modeling
STU002326,Azure
STU002326,Node.js
STU002326,Go
STU002326,Financial Modeling
STU002326,C++
STU002326,React
STU002327,AWS
STU002327,Problem Solving
STU002327,Excel
STU002327,Kubernetes
STU002327,Docker
STU002327,React
STU002328,Problem Solving
STU002328,System Design
STU002328,React
STU002328,NLP
STU002328,Machine Learning
STU002329,NLP
STU002329,System Design
STU002329,Go
STU002329,Kubernetes
STU002330,AWS
STU002330,Node.js
STU002330,Docker
STU002330,C++
STU002330,Azure
STU002331,Excel
STU002331,Problem Solving
STU002331,System Design
STU002331,Financial Modeling
STU002334,Java
STU002334,C++
STU002334,Communication
STU002334,Deep Learning
STU002334,SQL
STU002336,Excel
STU002336,Problem Solving
STU002336,Docker
STU002336,Financial Modeling
STU002337,Node.js
STU002337,System Design
STU002337,Data Visualization
STU002338,Financial Modeling
STU002338,Azure
STU002338,React
STU002338,Machine Learning
STU002338,C++
STU002339,Deep Learning
STU002339,Data Visualization
STU002339,NLP
STU002339,Financial Modeling
STU002339,Tableau
STU002341,Communication
STU002341,System Design
STU002341,NLP
STU002344,NLP
STU002344,Power BI
STU002344,Deep Learning
STU002344,System Design
STU002350,Spark
STU002350,Tableau
STU002350,AWS
STU002350,Node.js
STU002350,Go
STU002350,System Design
STU002351,Power BI
STU002351,Machine Learning
STU002351,Statistics
STU002351,System Design
STU002351,NLP
STU002352,AWS
STU002352,Spark
STU002352,Kubernetes
STU002352,Problem Solving
STU002352,System Design
STU002353,C++
STU002353,JavaScript
STU002353,Excel
STU002353,React
STU002353,Power BI
STU002355,Azure
STU002355,Node.js
STU002355,Financial Modeling
STU002355,Java
STU002358,C++
STU002358,Statistics
STU002358,System Design
STU002358,Problem Solving
STU002358,Java
STU002358,Go
STU002359,AWS
STU002359,Azure
STU002359,Deep Learning
STU002359,Python
STU002359,Node.js
STU002360,Communication
STU002360,Java
STU002360,JavaScript
STU002360,Kubernetes
STU002360,AWS
STU002360,Node.js
STU002361,Statistics
STU002361,Machine Learning
STU002361,NLP
STU002361,Excel
STU002361,JavaScript
STU002362,Deep Learning
STU002362,Spark
STU002362,Statistics
STU002362,Power BI
STU002364,Go
STU002364,System Design
STU002364,C++
STU002364,Kubernetes
STU002364,JavaScript
STU002364,Tableau
STU002365,Deep Learning
STU002365,Kubernetes
STU002365,Problem Solving
STU002365,SQL
STU002365,JavaScript
STU002365,Python
STU002366,Python
STU002366,Machine Learning
STU002366,Node.js
STU002366,Spark
STU002366,Excel
STU002367,Statistics
STU002367,Azure
STU002367,Excel
STU002367,React
STU002367,Docker
STU002369,Java
STU002369,Python
STU002369,Tableau
STU002369,Excel
STU002371,Spark
STU002371,Python
STU002371,C++
STU002371,Power BI
STU002372,Power BI
STU002372,Tableau
STU002372,Problem Solving
STU002372,Node.js
STU002372,C++
STU002373,Go
STU002373,React
STU002373,Node.js
STU002376,Go
STU002376,Java
STU002376,Kubernetes
STU002376,AWS
STU002376,Azure
STU002377,Go
STU002377,Problem Solving
STU002377,System Design
STU002379,Data Visualization
STU002379,Docker
STU002379,Statistics
STU002379,System Design
STU002379,C++
STU002380,Statistics
STU002380,Power BI
STU002380,Machine Learning
STU002380,Financial Modeling
STU002381,Tableau
STU002381,Problem Solving
STU002381,Financial Modeling
STU002381,NLP
STU002381,AWS
STU002382,C++
STU002382,Financial Modeling
STU002382,Python
STU002384,Financial Modeling
STU002384,Docker
STU002384,SQL
STU002384,Tableau
STU002384,Power BI
STU002385,Deep Learning
STU002385,Power BI
STU002385,Financial Modeling
STU002385,Azure
STU002385,Excel
STU002386,AWS
STU002386,Machine Learning
STU002386,Problem Solving
STU002386,Node.js
STU002386,Financial Modeling
STU002386,Go
STU002387,AWS
STU002387,Power BI
STU002387,Node.js
STU002387,Deep Learning
STU002388,Machine Learning
STU002388,Excel
STU002388,Financial Modeling
STU002389,Problem Solving
STU002389,Tableau
STU002389,Deep Learning
STU002389,Power BI
STU002389,React
STU002389,Statistics
STU002391,Go
STU002391,Data Visualization
STU002391,Docker
STU002391,Deep Learning
STU002391,C++
STU002391,JavaScript
STU002392,JavaScript
STU002392,Go
STU002392,Java
STU002392,Deep Learning
STU002394,Node.js
STU002394,React
STU002394,System Design
STU002394,Power BI
STU002394,Azure
STU002396,SQL
STU002396,Spark
STU002396,Deep Learning
STU002396,AWS
STU002396,React
STU002396,Power BI
STU002397,System Design
STU002397,Tableau
STU002397,Docker
STU002397,Excel
STU002398,Docker
STU002398,Power BI
STU002398,Spark
STU002398,C++
STU002399,Docker
STU002399,Tableau
STU002399,Kubernetes
STU002399,Node.js
STU002399,C++
STU002400,Java
STU002400,System Design
STU002400,Excel
STU002400,Communication
STU002401,Problem Solving
STU002401,Java
STU002401,React
STU002401,Machine Learning
STU002401,Node.js
STU002401,Tableau
STU002402,Java
STU002402,Python
STU002402,Go
STU002402,Node.js
STU002402,Problem Solving
STU002403,Java
STU002403,SQL
STU002403,Tableau
STU002403,C++
STU002404,Python
STU002404,JavaScript
STU002404,Statistics
STU002405,C++
STU002405,Financial Modeling
STU002405,Node.js
STU002405,Data Visualization
STU002405,Power BI
STU002407,Go
STU002407,Python
STU002407,Data Visualization
STU002408,Excel
STU002408,Deep Learning
STU002408,Kubernetes
STU002409,Machine Learning
STU002409,JavaScript
STU002409,Python
STU002409,Tableau
STU002410,JavaScript
STU002410,Kubernetes
STU002410,Power BI
STU002410,NLP
STU002411,Node.js
STU002411,Azure
STU002411,Go
STU002411,Java
STU002412,Python
STU002412,JavaScript
STU002412,Java
STU002412,C++
STU002413,Tableau
STU002413,JavaScript
STU002413,C++
STU002413,Python
STU002413,Java
STU002413,Machine Learning
STU002414,Communication
STU002414,Statistics
STU002414,AWS
STU002414,Azure
STU002414,System Design
STU002416,Communication
STU002416,Go
STU002416,SQL
STU002416,Machine Learning
STU002416,NLP
STU002418,C++
STU002418,Go
STU002418,Deep Learning
STU002418,Azure
STU002419,Java
STU002419,Deep Learning
STU002419,Node.js
STU002421,C++
STU002421,AWS
STU002421,SQL
STU002421,Machine Learning
STU002421,NLP
STU002422,JavaScript
STU002422,Node.js
STU002422,Azure
STU002422,NLP
STU002422,Go
STU002424,Go
STU002424,Statistics
STU002424,AWS
STU002424,Kubernetes
STU002424,SQL
STU002424,System Design
STU002425,Data Visualization
STU002425,Problem Solving
STU002425,Excel
STU002425,Azure
STU002429,Python
STU002429,Problem Solving
STU002429,Kubernetes
STU002429,Node.js
STU002430,C++
STU002430,System Design
STU002430,SQL
STU002430,Deep Learning
STU002431,Power BI
STU002431,Node.js
STU002431,Python
STU002431,Statistics
STU002431,JavaScript
STU002431,Kubernetes
STU002432,Azure
STU002432,Spark
STU002432,SQL
STU002434,Statistics
STU002434,Excel
STU002434,Node.js
STU002434,Python
STU002434,Tableau
STU002434,Problem Solving
STU002437,Statistics
STU002437,Go
STU002437,Machine Learning
STU002437,Docker
STU002440,Excel
STU002440,Kubernetes
STU002440,Communication
STU002440,Docker
STU002440,AWS
STU002441,System Design
STU002441,Data Visualization
STU002441,Java
STU002441,Machine Learning
STU002441,Node.js
STU002442,Docker
STU002442,Node.js
STU002442,Go
STU002442,Machine Learning
STU002442,Azure
STU002442,Power BI
STU002443,JavaScript
STU002443,Data Visualization
STU002443,Spark
STU002443,Problem Solving
STU002443,NLP
STU002446,JavaScript
STU002446,Financial Modeling
STU002446,Python
STU002446,Spark
STU002446,Java
STU002449,System Design
STU002449,NLP
STU002449,Excel
STU002449,Spark
STU002449,Node.js
STU002451,Go
STU002451,Power BI
STU002451,Problem Solving
STU002452,C++
STU002452,System Design
STU002452,NLP
STU002453,Tableau
STU002453,Java
STU002453,Python
STU002453,JavaScript
STU002454,Tableau
STU002454,NLP
STU002454,Docker
STU002454,Kubernetes
STU002455,Machine Learning
STU002455,React
STU002455,NLP
STU002455,Docker
STU002455,Data Visualization
STU002455,Java
STU002457,Data Visualization
STU002457,Docker
STU002457,System Design
STU002457,Power BI
STU002457,Java
STU002457,Statistics
STU002459,Java
STU002459,Communication
STU002459,SQL
STU002459,Python
STU002459,Data Visualization
STU002459,Tableau
STU002460,C++
STU002460,Financial Modeling
STU002460,Go
STU002460,Excel
STU002462,Python
STU002462,Go
STU002462,NLP
STU002462,Node.js
STU002462,Docker
STU002463,Docker
STU002463,JavaScript
STU002463,Excel
STU002463,Azure
STU002463,Spark
STU002463,Deep Learning
STU002464,Kubernetes
STU002464,Azure
STU002464,Machine Learning
STU002464,JavaScript
STU002464,Deep Learning
STU002464,Problem Solving
STU002465,AWS
STU002465,C++
STU002465,Deep Learning
STU002465,System Design
STU002466,SQL
STU002466,C++
STU002466,Excel
STU002467,Kubernetes
STU002467,NLP
STU002467,React
STU002467,Machine Learning
STU002467,Docker
STU002468,Problem Solving
STU002468,System Design
STU002468,Node.js
STU002468,Communication
STU002468,Data Visualization
STU002470,Power BI
STU002470,Financial Modeling
STU002470,Azure
STU002470,Problem Solving
STU002470,Excel
STU002471,Data Visualization
STU002471,Docker
STU002471,Go
STU002472,Statistics
STU002472,Docker
STU002472,Financial Modeling
STU002473,Machine Learning
STU002473,Statistics
STU002473,Azure
STU002473,C++
STU002474,SQL
STU002474,Go
STU002474,C++
STU002474,Power BI
STU002474,Financial Modeling
STU002475,Financial Modeling
STU002475,NLP
STU002475,Kubernetes
STU002478,Kubernetes
STU002478,Java
STU002478,Machine Learning
STU002478,Statistics
STU002479,Azure
STU002479,System Design
STU002479,Go
STU002479,Python
STU002480,Machine Learning
STU002480,JavaScript
STU002480,React
STU002480,System Design
STU002480,Data Visualization
STU002482,Python
STU002482,NLP
STU002482,Spark
STU002482,Kubernetes
STU002482,Deep Learning
STU002483,Data Visualization
STU002483,NLP
STU002483,SQL
STU002483,Statistics
STU002483,React
STU002484,Node.js
STU002484,Communication
STU002484,C++
STU002484,System Design
STU002484,React
STU002485,NLP
STU002485,C++
STU002485,Java
STU002485,Machine Learning
STU002485,Python
STU002486,SQL
STU002486,Azure
STU002486,Problem Solving
STU002487,JavaScript
STU002487,Java
STU002487,Power BI
STU002489,System Design
STU002489,React
STU002489,Deep Learning
STU002489,SQL
STU002489,C++
STU002490,Deep Learning
STU002490,Excel
STU002490,React
STU002490,Financial Modeling
STU002500,Java
STU002500,Python
STU002500,Azure
STU002500,React
STU002500,Spark
STU002500,Docker
STU002501,React
STU002501,Excel
STU002501,Problem Solving
STU002503,Node.js
STU002503,React
STU002503,NLP
STU002503,Java
STU002503,Go
STU002503,Azure
STU002504,Power BI
STU002504,Communication
STU002504,Docker
STU002504,AWS
STU002506,AWS
STU002506,C++
STU002506,React
STU002506,Statistics
STU002507,C++
STU002507,Tableau
STU002507,AWS
STU002507,Azure
STU002507,Deep Learning
STU002507,React
STU002511,Financial Modeling
STU002511,Node.js
STU002511,Problem Solving
STU002511,Deep Learning
STU002511,Machine Learning
STU002512,Deep Learning
STU002512,System Design
STU002512,Go
STU002512,JavaScript
STU002513,Deep Learning
STU002513,System Design
STU002513,Java
STU002513,AWS
STU002514,Excel
STU002514,Power BI
STU002514,Node.js
STU002514,Communication
STU002514,Tableau
STU002514,Java
STU002515,JavaScript
STU002515,Power BI
STU002515,Excel
STU002515,Docker
STU002515,Communication
STU002516,JavaScript
STU002516,Azure
STU002516,Python
STU002516,Go
STU002517,AWS
STU002517,Python
STU002517,JavaScript
STU002517,React
STU002517,Kubernetes
STU002517,Node.js
STU002518,Node.js
STU002518,Excel
STU002518,Python
STU002518,Go
STU002518,Java
STU002518,SQL
STU002519,Spark
STU002519,System Design
STU002519,Communication
STU002519,Excel
STU002519,Problem Solving
STU002519,React
STU002524,Power BI
STU002524,Kubernetes
STU002524,Statistics
STU002524,Python
STU002529,JavaScript
STU002529,Docker
STU002529,System Design
STU002529,Python
STU002530,Deep Learning
STU002530,Azure
STU002530,Spark
STU002530,AWS
STU002531,System Design
STU002531,Kubernetes
STU002531,Excel
STU002531,C++
STU002531,Python
STU002531,React
STU002533,React
STU002533,Problem Solving
STU002533,Kubernetes
STU002533,Docker
STU002535,Communication
STU002535,React
STU002535,Power BI
STU002535,Java
STU002535,Data Visualization
STU002536,JavaScript
STU002536,C++
STU002536,React
STU002536,Excel
STU002537,Tableau
STU002537,System Design
STU002537,AWS
STU002537,React
STU002538,React
STU002538,Problem Solving
STU002538,Docker
STU002541,Docker
STU002541,Kubernetes
STU002541,SQL
STU002541,Go
STU002542,React
STU002542,NLP
STU002542,Docker
STU002542,Machine Learning
STU002542,Go
STU002543,AWS
STU002543,Data Visualization
STU002543,Python
STU002543,Tableau
STU002544,Deep Learning
STU002544,Problem Solving
STU002544,Python
STU002544,React
STU002544,Kubernetes
STU002546,SQL
STU002546,C++
STU002546,Deep Learning
STU002546,JavaScript
STU002546,System Design
STU002547,C++
STU002547,Financial Modeling
STU002547,System Design
STU002547,Problem Solving
STU002548,Spark
STU002548,Power BI
STU002548,Azure
STU002548,React
STU002548,Statistics
STU002548,AWS
STU002549,Azure
STU002549,Power BI
STU002549,Java
STU002550,Azure
STU002550,Problem Solving
STU002550,Docker
STU002552,Power BI
STU002552,Java
STU002552,React
STU002552,System Design
STU002552,Statistics
STU002553,Machine Learning
STU002553,NLP
STU002553,Deep Learning
STU002553,Statistics
STU002553,Excel
STU002553,System Design
STU002554,JavaScript
STU002554,Deep Learning
STU002554,Spark
STU002554,SQL
STU002554,Data Visualization
STU002554,Power BI
STU002556,Tableau
STU002556,Problem Solving
STU002556,Excel
STU002556,NLP
STU002557,JavaScript
STU002557,Node.js
STU002557,Statistics
STU002557,Data Visualization
STU002557,Tableau
STU002558,AWS
STU002558,Machine Learning
STU002558,Node.js
STU002558,Go
STU002559,Machine Learning
STU002559,JavaScript
STU002559,Docker
STU002560,System Design
STU002560,React
STU002560,Python
STU002560,SQL
STU002560,Kubernetes
STU002560,NLP
STU002561,Data Visualization
STU002561,React
STU002561,Communication
STU002561,SQL
STU002562,Docker
STU002562,Kubernetes
STU002562,JavaScript
STU002562,Machine Learning
STU002562,Financial Modeling
STU002563,NLP
STU002563,Statistics
STU002563,Data Visualization
STU002566,Spark
STU002566,Python
STU002566,Azure
STU002566,Financial Modeling
STU002566,Problem Solving
STU002566,Tableau
STU002567,System Design
STU002567,React
STU002567,AWS
STU002567,Data Visualization
STU002568,Kubernetes
STU002568,Spark
STU002568,React
STU002569,C++
STU002569,AWS
STU002569,Java
STU002569,JavaScript
STU002569,Problem Solving
STU002571,Spark
STU002571,Problem Solving
STU002571,Machine Learning
STU002571,Communication
STU002571,C++
STU002571,Python
STU002572,Deep Learning
STU002572,Go
STU002572,Data Visualization
STU002572,JavaScript
STU002572,SQL
STU002572,Kubernetes
STU002573,Kubernetes
STU002573,JavaScript
STU002573,System Design
STU002574,React
STU002574,Spark
STU002574,SQL
STU002575,NLP
STU002575,Python
STU002575,Financial Modeling
STU002575,Java
STU002575,Azure
STU002575,Communication
STU002576,NLP
STU002576,Tableau
STU002576,SQL
STU002576,Data Visualization
STU002576,AWS
STU002576,Spark
STU002578,React
STU002578,Docker
STU002578,Statistics
STU002578,Data Visualization
STU002578,Spark
STU002578,NLP
STU002582,SQL
STU002582,Node.js
STU002582,Deep Learning
STU002582,Communication
STU002582,Go
STU002584,Azure
STU002584,Statistics
STU002584,C++
STU002584,AWS
STU002584,Communication
STU002584,Python
STU002585,SQL
STU002585,JavaScript
STU002585,NLP
STU002587,Financial Modeling
STU002587,JavaScript
STU002587,Machine Learning
STU002587,Docker
STU002587,Java
STU002589,Tableau
STU002589,System Design
STU002589,C++
STU002590,Docker
STU002590,Azure
STU002590,Kubernetes
STU002590,Java
STU002591,Azure
STU002591,Java
STU002591,System Design
STU002591,JavaScript
STU002592,Python
STU002592,Node.js
STU002592,Deep Learning
STU002594,Deep Learning
STU002594,SQL
STU002594,C++
STU002594,AWS
STU002596,Go
STU002596,Machine Learning
STU002596,Spark
STU002596,Power BI
STU002598,NLP
STU002598,Go
STU002598,Java
STU002598,Tableau
STU002603,AWS
STU002603,JavaScript
STU002603,Azure
STU002605,Data Visualization
STU002605,System Design
STU002605,SQL
STU002605,Problem Solving
STU002605,Azure
STU002608,System Design
STU002608,Docker
STU002608,Java
STU002608,C++
STU002608,Financial Modeling
STU002610,React
STU002610,JavaScript
STU002610,NLP
STU002610,Power BI
STU002611,React
STU002611,AWS
STU002611,Tableau
STU002611,System Design
STU002611,Python
STU002611,Power BI
STU002612,Kubernetes
STU002612,Go
STU002612,Statistics
STU002612,Problem Solving
STU002614,NLP
STU002614,JavaScript
STU002614,Power BI
STU002614,Financial Modeling
STU002614,Tableau
STU002615,Kubernetes
STU002615,Java
STU002615,Data Visualization
STU002615,Python
STU002617,Azure
STU002617,NLP
STU002617,Financial Modeling
STU002617,Communication
STU002617,Spark
STU002618,Deep Learning
STU002618,JavaScript
STU002618,Node.js
STU002618,AWS
STU002618,Kubernetes
STU002620,AWS
STU002620,System Design
STU002620,Azure
STU002620,JavaScript
STU002623,Azure
STU002623,System Design
STU002623,SQL
STU002623,AWS
STU002623,Kubernetes
STU002623,Communication
STU002624,C++
STU002624,NLP
STU002624,Java
STU002624,Financial Modeling
STU002626,Kubernetes
STU002626,Deep Learning
STU002626,SQL
STU002626,Spark
STU002626,Machine Learning
STU002626,Node.js
STU002627,Excel
STU002627,Java
STU002627,Financial Modeling
STU002627,System Design
STU002627,SQL
STU002628,JavaScript
STU002628,NLP
STU002628,Statistics
STU002628,Go
STU002628,Docker
STU002628,Spark
STU002630,AWS
STU002630,Financial Modeling
STU002630,Go
STU002630,Communication
STU002631,Data Visualization
STU002631,React
STU002631,Java
STU002631,Go
STU002631,Tableau
STU002631,NLP
STU002634,Power BI
STU002634,JavaScript
STU002634,React
STU002634,Kubernetes
STU002636,Machine Learning
STU002636,Deep Learning
STU002636,Problem Solving
STU002637,Excel
STU002637,Python
STU002637,Java
STU002637,Go
STU002637,NLP
STU002638,Communication
STU002638,C++
STU002638,NLP
STU002638,Financial Modeling
STU002639,React
STU002639,Docker
STU002639,Communication
STU002639,Problem Solving
STU002639,Kubernetes
STU002640,Azure
STU002640,Problem Solving
STU002640,JavaScript
STU002640,SQL
STU002640,React
STU002640,Power BI
STU002643,Excel
STU002643,Problem Solving
STU002643,Kubernetes
STU002644,Problem Solving
STU002644,Spark
STU002644,Data Visualization
STU002644,Statistics
STU002645,NLP
STU002645,Spark
STU002645,Go
STU002646,Node.js
STU002646,System Design
STU002646,Go
STU002646,Problem Solving
STU002647,Problem Solving
STU002647,Communication
STU002647,Machine Learning
STU002647,Tableau
STU002649,Excel
STU002649,Machine Learning
STU002649,Communication
STU002649,JavaScript
STU002649,Spark
STU002650,Kubernetes
STU002650,Python
STU002650,Go
STU002650,Java
STU002650,Statistics
STU002650,SQL
STU002651,Java
STU002651,Data Visualization
STU002651,Deep Learning
STU002652,Statistics
STU002652,JavaScript
STU002652,Data Visualization
STU002652,Spark
STU002652,Tableau
STU002653,Statistics
STU002653,Spark
STU002653,NLP
STU002653,Problem Solving
STU002654,Docker
STU002654,React
STU002654,JavaScript
STU002655,Spark
STU002655,Communication
STU002655,Go
STU002655,Docker
STU002656,Kubernetes
STU002656,Spark
STU002656,C++
STU002661,Spark
STU002661,Power BI
STU002661,Communication
STU002661,NLP
STU002661,Data Visualization
STU002662,Financial Modeling
STU002662,Azure
STU002662,AWS
STU002663,Financial Modeling
STU002663,Node.js
STU002663,Deep Learning
STU002663,Power BI
STU002663,Java
STU002664,Machine Learning
STU002664,Problem Solving
STU002664,SQL
STU002664,Excel
STU002664,Communication
STU002664,Power BI
STU002665,Azure
STU002665,NLP
STU002665,JavaScript
STU002667,System Design
STU002667,Go
STU002667,JavaScript
STU002667,Python
STU002667,AWS
STU002668,Machine Learning
STU002668,Python
STU002668,Excel
STU002668,Docker
STU002668,Node.js
STU002668,AWS
STU002669,Docker
STU002669,NLP
STU002669,Node.js
STU002669,Spark
STU002669,Azure
STU002670,Go
STU002670,Kubernetes
STU002670,Statistics
STU002673,Docker
STU002673,AWS
STU002673,Kubernetes
STU002673,JavaScript
STU002675,React
STU002675,Deep Learning
STU002675,AWS
STU002676,Azure
STU002676,Kubernetes
STU002676,NLP
STU002677,JavaScript
STU002677,Deep Learning
STU002677,System Design
STU002679,React
STU002679,NLP
STU002679,Deep Learning
STU002679,Spark
STU002679,System Design
STU002679,Problem Solving
STU002682,Tableau
STU002682,Machine Learning
STU002682,Docker
STU002684,Python
STU002684,Machine Learning
STU002684,Problem Solving
STU002684,Spark
STU002684,C++
STU002684,NLP
STU002686,Deep Learning
STU002686,Go
STU002686,Spark
STU002686,Docker
STU002688,System Design
STU002688,Azure
STU002688,Machine Learning
STU002692,Docker
STU002692,Machine Learning
STU002692,Tableau
STU002692,Deep Learning
STU002692,Kubernetes
STU002692,C++
STU002693,Power BI
STU002693,Azure
STU002693,Statistics
STU002693,SQL
STU002693,Machine Learning
STU002693,Communication
STU002694,Machine Learning
STU002694,Financial Modeling
STU002694,Azure
STU002694,Kubernetes
STU002699,Power BI
STU002699,System Design
STU002699,React
STU002699,Machine Learning
STU002699,Python
STU002702,NLP
STU002702,AWS
STU002702,Java
STU002702,Azure
STU002703,JavaScript
STU002703,Java
STU002703,AWS
STU002703,Docker
STU002703,Problem Solving
STU002708,AWS
STU002708,System Design
STU002708,SQL
STU002708,Statistics
STU002708,Azure
STU002709,Data Visualization
STU002709,C++
STU002709,Power BI
STU002709,JavaScript
STU002709,Excel
STU002709,Communication
STU002710,Docker
STU002710,System Design
STU002710,Python
STU002710,Spark
STU002710,Financial Modeling
STU002710,Machine Learning
STU002712,Data Visualization
STU002712,Kubernetes
STU002712,NLP
STU002714,System Design
STU002714,React
STU002714,Node.js
STU002718,NLP
STU002718,Kubernetes
STU002718,Problem Solving
STU002718,JavaScript
STU002718,Node.js
STU002719,Machine Learning
STU002719,System Design
STU002719,React
STU002721,Kubernetes
STU002721,System Design
STU002721,SQL
STU002721,Azure
STU002721,Financial Modeling
STU002721,Communication
STU002722,Statistics
STU002722,Go
STU002722,System Design
STU002726,Communication
STU002726,System Design
STU002726,Node.js
STU002729,Spark
STU002729,Excel
STU002729,Go
STU002729,AWS
STU002730,React
STU002730,System Design
STU002730,Go
STU002730,Deep Learning
STU002730,JavaScript
STU002730,Node.js
STU002731,Azure
STU002731,Node.js
STU002731,System Design
STU002731,JavaScript
STU002731,Machine Learning
STU002731,Spark
STU002733,Docker
STU002733,Azure
STU002733,JavaScript
STU002733,C++
STU002733,Power BI
STU002734,Financial Modeling
STU002734,Go
STU002734,Excel
STU002734,Docker
STU002737,Docker
STU002737,Financial Modeling
STU002737,React
STU002737,NLP
STU002738,Spark
STU002738,Power BI
STU002738,SQL
STU002738,Financial Modeling
STU002738,Azure
STU002738,Problem Solving
STU002741,Tableau
STU002741,JavaScript
STU002741,Kubernetes
STU002742,AWS
STU002742,Docker
STU002742,System Design
STU002742,Machine Learning
STU002743,Problem Solving
STU002743,C++
STU002743,Kubernetes
STU002743,AWS
STU002743,Tableau
STU002743,Docker
STU002744,Data Visualization
STU002744,Java
STU002744,React
STU002744,Excel
STU002748,Python
STU002748,React
STU002748,Deep Learning
STU002749,Excel
STU002749,Statistics
STU002749,Kubernetes
STU002749,C++
STU002749,Power BI
STU002750,Data Visualization
STU002750,C++
STU002750,Power BI
STU002752,Spark
STU002752,C++
STU002752,JavaScript
STU002752,SQL
STU002752,Tableau
STU002752,Excel
STU002755,Machine Learning
STU002755,React
STU002755,Problem Solving
STU002755,Spark
STU002755,AWS
STU002756,Spark
STU002756,AWS
STU002756,Machine Learning
STU002756,Python
STU002756,Financial Modeling
STU002761,Communication
STU002761,Power BI
STU002761,Data Visualization
STU002761,AWS
STU002761,Azure
STU002761,Statistics
STU002764,Python
STU002764,Java
STU002764,Go
STU002764,Kubernetes
STU002764,Excel
STU002764,Docker
STU002766,Node.js
STU002766,NLP
STU002766,Data Visualization
STU002766,Deep Learning
STU002767,Azure
STU002767,AWS
STU002767,Data Visualization
STU002767,Communication
STU002767,Problem Solving
STU002767,Go
STU002768,Azure
STU002768,Machine Learning
STU002768,C++
STU002768,NLP
STU002771,Data Visualization
STU002771,SQL
STU002771,Python
STU002772,Data Visualization
STU002772,JavaScript
STU002772,C++
STU002772,SQL
STU002773,SQL
STU002773,AWS
STU002773,NLP
STU002773,Machine Learning
STU002773,Power BI
STU002774,Statistics
STU002774,C++
STU002774,Go
STU002777,System Design
STU002777,Spark
STU002777,NLP
STU002777,Java
STU002777,Kubernetes
STU002778,AWS
STU002778,JavaScript
STU002778,React
STU002779,Communication
STU002779,Node.js
STU002779,Azure
STU002779,Power BI
STU002779,C++
STU002780,System Design
STU002780,Machine Learning
STU002780,NLP
STU002780,Go
STU002781,Docker
STU002781,Java
STU002781,Node.js
STU002781,Excel
STU002782,Kubernetes
STU002782,SQL
STU002782,Statistics
STU002782,Machine Learning
STU002782,NLP
STU002782,Deep Learning
STU002784,Deep Learning
STU002784,C++
STU002784,Kubernetes
STU002784,System Design
STU002784,SQL
STU002785,Problem Solving
STU002785,Docker
STU002785,NLP
STU002785,Excel
STU002785,Tableau
STU002786,Java
STU002786,Azure
STU002786,Data Visualization
STU002786,AWS
STU002786,Problem Solving
STU002786,Excel
STU002787,Spark
STU002787,System Design
STU002787,React
STU002787,Kubernetes
STU002787,Data Visualization
STU002788,Financial Modeling
STU002788,Azure
STU002788,Docker
STU002788,Deep Learning
STU002788,React
STU002789,JavaScript
STU002789,Communication
STU002789,Data Visualization
STU002789,AWS
STU002789,Node.js
STU002789,Java
STU002790,Deep Learning
STU002790,Problem Solving
STU002790,Node.js
STU002790,Spark
STU002790,NLP
STU002790,Docker
STU002791,NLP
STU002791,Azure
STU002791,Go
STU002793,Data Visualization
STU002793,Spark
STU002793,JavaScript
STU002793,Excel
STU002793,SQL
STU002793,Kubernetes
STU002794,Python
STU002794,Data Visualization
STU002794,Node.js
STU002794,C++
STU002796,Go
STU002796,JavaScript
STU002796,Financial Modeling
STU002796,Tableau
STU002796,Node.js
STU002796,Spark
STU002797,React
STU002797,NLP
STU002797,Kubernetes
STU002797,Azure
STU002798,Power BI
STU002798,C++
STU002798,Python
STU002798,Java
STU002800,JavaScript
STU002800,Spark
STU002800,Java
STU002800,Node.js
STU002800,Data Visualization
STU002804,Excel
STU002804,Spark
STU002804,Problem Solving
STU002804,Node.js
STU002804,Data Visualization
STU002806,System Design
STU002806,AWS
STU002806,Excel
STU002807,Azure
STU002807,Tableau
STU002807,Data Visualization
STU002807,Financial Modeling
STU002807,Machine Learning
STU002807,AWS
STU002810,Data Visualization
STU002810,Java
STU002810,Problem Solving
STU002810,JavaScript
STU002810,AWS
STU002812,NLP
STU002812,Kubernetes
STU002812,Java
STU002812,Python
STU002813,Spark
STU002813,System Design
STU002813,Statistics
STU002813,Tableau
STU002814,C++
STU002814,Problem Solving
STU002814,Kubernetes
STU002815,Statistics
STU002815,Machine Learning
STU002815,Data Visualization
STU002815,System Design
STU002816,Excel
STU002816,Java
STU002816,Spark
STU002816,Azure
STU002816,Machine Learning
STU002817,Node.js
STU002817,Java
STU002817,Communication
STU002817,AWS
STU002817,Problem Solving
STU002817,Go
STU002818,Statistics
STU002818,Financial Modeling
STU002818,JavaScript
STU002818,System Design
STU002818,Excel
STU002818,Node.js
STU002819,Problem Solving
STU002819,System Design
STU002819,Go
STU002819,AWS
STU002819,NLP
STU002819,Docker
STU002821,Data Visualization
STU002821,AWS
STU002821,JavaScript
STU002821,Kubernetes
STU002821,Azure
STU002822,Excel
STU002822,React
STU002822,Python
STU002822,Problem Solving
STU002822,Financial Modeling
STU002827,Communication
STU002827,Kubernetes
STU002827,System Design
STU002828,NLP
STU002828,Node.js
STU002828,SQL
STU002828,Azure
STU002831,Machine Learning
STU002831,Financial Modeling
STU002831,JavaScript
STU002831,AWS
STU002832,Docker
STU002832,AWS
STU002832,Power BI
STU002832,System Design
STU002832,Spark
STU002834,JavaScript
STU002834,Deep Learning
STU002834,NLP
STU002838,Kubernetes
STU002838,Spark
STU002838,Node.js
STU002839,C++
STU002839,Python
STU002839,NLP
STU002839,Deep Learning
STU002839,Java
STU002839,Spark
STU002840,Machine Learning
STU002840,SQL
STU002840,AWS
STU002840,NLP
STU002843,System Design
STU002843,Data Visualization
STU002843,Statistics
STU002845,Excel
STU002845,Tableau
STU002845,Machine Learning
STU002845,Problem Solving
STU002848,Communication
STU002848,Java
STU002848,Financial Modeling
STU002848,Power BI
STU002849,Kubernetes
STU002849,Data Visualization
STU002849,Spark
STU002851,Problem Solving
STU002851,Power BI
STU002851,Financial Modeling
STU002851,Tableau
STU002851,Node.js
STU002856,Problem Solving
STU002856,Data Visualization
STU002856,AWS
STU002856,C++
STU002856,Machine Learning
STU002857,Kubernetes
STU002857,C++
STU002857,Machine Learning
STU002857,AWS
STU002857,Excel
STU002858,Tableau
STU002858,Power BI
STU002858,JavaScript
STU002858,System Design
STU002860,React
STU002860,Node.js
STU002860,JavaScript
STU002863,React
STU002863,Node.js
STU002863,Kubernetes
STU002864,Java
STU002864,Tableau
STU002864,Go
STU002865,Financial Modeling
STU002865,C++
STU002865,NLP
STU002865,Tableau
STU002866,Python
STU002866,Spark
STU002866,Communication
STU002867,JavaScript
STU002867,Spark
STU002867,System Design
STU002867,AWS
STU002867,Problem Solving
STU002869,C++
STU002869,Deep Learning
STU002869,Spark
STU002869,Problem Solving
STU002869,JavaScript
STU002869,System Design
STU002871,Spark
STU002871,Kubernetes
STU002871,NLP
STU002871,AWS
STU002873,Statistics
STU002873,React
STU002873,Data Visualization
STU002873,Go
STU002875,NLP
STU002875,Tableau
STU002875,Java
STU002875,Kubernetes
STU002876,Go
STU002876,Communication
STU002876,Deep Learning
STU002876,Financial Modeling
STU002876,JavaScript
STU002876,NLP
STU002878,JavaScript
STU002878,React
STU002878,Azure
STU002878,Communication
STU002878,Excel
STU002879,SQL
STU002879,Data Visualization
STU002879,Python
STU002879,Java
STU002879,AWS
STU002879,Kubernetes
STU002881,Go
STU002881,SQL
STU002881,Python
STU002881,NLP
STU002881,React
STU002881,Problem Solving
STU002883,AWS
STU002883,Java
STU002883,Statistics
STU002883,Spark
STU002883,JavaScript
STU002884,Kubernetes
STU002884,AWS
STU002884,Communication
STU002886,Financial Modeling
STU002886,Data Visualization
STU002886,System Design
STU002887,Python
STU002887,NLP
STU002887,Deep Learning
STU002887,Go
STU002888,Node.js
STU002888,Deep Learning
STU002888,NLP
STU002888,AWS
STU002889,Docker
STU002889,Kubernetes
STU002889,Node.js
STU002889,Spark
STU002890,SQL
STU002890,Tableau
STU002890,Problem Solving
STU002890,Node.js
STU002890,C++
STU002890,Communication
STU002891,Kubernetes
STU002891,Node.js
STU002891,Problem Solving
STU002896,React
STU002896,Data Visualization
STU002896,SQL
STU002897,C++
STU002897,Financial Modeling
STU002897,Excel
STU002897,Docker
STU002897,Spark
STU002898,Node.js
STU002898,Go
STU002898,React
STU002899,React
STU002899,Tableau
STU002899,Go
STU002899,AWS
STU002899,Excel
STU002900,Go
STU002900,AWS
STU002900,SQL
STU002901,AWS
STU002901,Machine Learning
STU002901,Node.js
STU002901,Java
STU002901,Communication
STU002901,React
STU002902,Machine Learning
STU002902,NLP
STU002902,Financial Modeling
STU002902,React
STU002902,Power BI
STU002904,AWS
STU002904,Problem Solving
STU002904,System Design
STU002904,Go
STU002904,Power BI
STU002905,Kubernetes
STU002905,Java
STU002905,Communication
STU002905,Machine Learning
STU002905,NLP
STU002910,Node.js
STU002910,AWS
STU002910,Excel
STU002911,System Design
STU002911,Kubernetes
STU002911,Machine Learning
STU002911,JavaScript
STU002911,Spark
STU002913,Statistics
STU002913,Azure
STU002913,Spark
STU002913,SQL
STU002913,System Design
STU002917,Excel
STU002917,Java
STU002917,AWS
STU002917,C++
STU002917,Node.js
STU002918,Deep Learning
STU002918,Docker
STU002918,Statistics
STU002918,Financial Modeling
STU002921,Machine Learning
STU002921,Communication
STU002921,Docker
STU002921,Tableau
STU002921,React
STU002921,SQL
STU002923,Power BI
STU002923,System Design
STU002923,Excel
STU002923,Tableau
STU002927,System Design
STU002927,Excel
STU002927,SQL
STU002928,System Design
STU002928,JavaScript
STU002928,Problem Solving
STU002928,Power BI
STU002928,Docker
STU002929,Problem Solving
STU002929,NLP
STU002929,C++
STU002929,Kubernetes
STU002930,Azure
STU002930,Financial Modeling
STU002930,C++
STU002930,Machine Learning
STU002930,NLP
STU002930,Kubernetes
STU002931,Java
STU002931,Spark
STU002931,Tableau
STU002931,Machine Learning
STU002932,Java
STU002932,Kubernetes
STU002932,Azure
STU002933,Java
STU002933,Kubernetes
STU002933,Node.js
STU002933,Python
STU002933,Machine Learning
STU002933,Go
STU002935,Kubernetes
STU002935,AWS
STU002935,Docker
STU002936,React
STU002936,Communication
STU002936,Spark
STU002936,Machine Learning
STU002936,Node.js
STU002936,Kubernetes
STU002937,Deep Learning
STU002937,Machine Learning
STU002937,Kubernetes
STU002937,NLP
STU002937,System Design
STU002940,React
STU002940,C++
STU002940,Statistics
STU002940,AWS
STU002940,Excel
STU002940,JavaScript
STU002941,Tableau
STU002941,Kubernetes
STU002941,System Design
STU002941,Power BI
STU002943,AWS
STU002943,Python
STU002943,NLP
STU002943,Java
STU002943,Machine Learning
STU002944,C++
STU002944,Excel
STU002944,Data Visualization
STU002944,Machine Learning
STU002945,Kubernetes
STU002945,System Design
STU002945,Financial Modeling
STU002945,Python
STU002945,Communication
STU002947,Data Visualization
STU002947,Spark
STU002947,Azure
STU002947,Go
STU002954,JavaScript
STU002954,Docker
STU002954,Node.js
STU002954,NLP
STU002954,Machine Learning
STU002954,System Design
STU002958,Go
STU002958,Azure
STU002958,Node.js
STU002958,Data Visualization
STU002959,Kubernetes
STU002959,Tableau
STU002959,System Design
STU002959,Go
STU002959,Spark
STU002959,Deep Learning
STU002960,JavaScript
STU002960,Communication
STU002960,NLP
STU002960,Go
STU002960,Financial Modeling
STU002960,Java
STU002961,Data Visualization
STU002961,Kubernetes
STU002961,Problem Solving
STU002963,Data Visualization
STU002963,System Design
STU002963,Docker
STU002963,SQL
STU002963,Spark
STU002966,Python
STU002966,System Design
STU002966,Java
STU002966,SQL
STU002966,Spark
STU002966,Docker
STU002969,NLP
STU002969,Deep Learning
STU002969,Power BI
STU002969,Kubernetes
STU002969,Financial Modeling
STU002970,System Design
STU002970,AWS
STU002970,SQL
STU002970,Node.js
STU002970,Go
STU002970,Statistics
STU002971,Python
STU002971,Financial Modeling
STU002971,Spark
STU002971,Communication
STU002971,Machine Learning
STU002971,Power BI
STU002972,Spark
STU002972,SQL
STU002972,AWS
STU002972,Go
STU002972,NLP
STU002972,Tableau
STU002973,Machine Learning
STU002973,Kubernetes
STU002973,Node.js
STU002973,Go
STU002976,JavaScript
STU002976,System Design
STU002976,Financial Modeling
STU002978,AWS
STU002978,Azure
STU002978,Go
STU002978,C++
STU002978,NLP
STU002979,Machine Learning
STU002979,AWS
STU002979,Excel
STU002979,NLP
STU002979,SQL
STU002979,Tableau
STU002980,Kubernetes
STU002980,Tableau
STU002980,C++
STU002980,Docker
STU002981,JavaScript
STU002981,Statistics
STU002981,Deep Learning
STU002981,Kubernetes
STU002981,React
STU002982,Excel
STU002982,System Design
STU002982,Problem Solving
STU002983,Excel
STU002983,SQL
STU002983,Machine Learning
STU002984,Go
STU002984,JavaScript
STU002984,NLP
STU002984,Statistics
STU002985,Node.js
STU002985,React
STU002985,Tableau
STU002985,Docker
STU002985,Problem Solving
STU002985,Machine Learning
STU002989,Tableau
STU002989,AWS
STU002989,Node.js
STU002991,AWS
STU002991,Kubernetes
STU002991,Problem Solving
STU002991,SQL
STU002992,Node.js
STU002992,AWS
STU002992,Python
STU002992,Deep Learning
STU002992,JavaScript
STU002992,System Design
STU002993,Deep Learning
STU002993,Statistics
STU002993,Machine Learning
STU002993,Financial Modeling
STU002993,Communication
STU002993,AWS
STU002995,Tableau
STU002995,Go
STU002995,Power BI
STU002995,AWS
STU002996,NLP
STU002996,Machine Learning
STU002996,Problem Solving
STU003000,C++
STU003000,Tableau
STU003000,Kubernetes
STU003000,Spark
STU003003,AWS
STU003003,Power BI
STU003003,C++
STU003005,Excel
STU003005,C++
STU003005,Spark
STU003005,Go
STU003005,Statistics
STU003005,Deep Learning
STU003006,Spark
STU003006,C++
STU003006,JavaScript
STU003006,Java
STU003006,System Design
STU003007,Machine Learning
STU003007,Spark
STU003007,AWS
STU003007,Kubernetes
STU003007,Communication
STU003011,JavaScript
STU003011,Azure
STU003011,Power BI
STU003011,Financial Modeling
STU003014,Java
STU003014,System Design
STU003014,SQL
STU003014,NLP
STU003014,Statistics
STU003014,Deep Learning
STU003016,React
STU003016,AWS
STU003016,Spark
STU003016,Kubernetes
STU003017,Node.js
STU003017,Machine Learning
STU003017,Power BI
STU003017,Kubernetes
STU003017,System Design
STU003017,AWS
STU003018,Problem Solving
STU003018,NLP
STU003018,Azure
STU003018,Docker
STU003018,Power BI
STU003020,Power BI
STU003020,Kubernetes
STU003020,React
STU003021,Tableau
STU003021,React
STU003021,AWS
STU003021,Python
STU003024,Tableau
STU003024,Excel
STU003024,Problem Solving
STU003024,SQL
STU003027,Deep Learning
STU003027,Excel
STU003027,SQL
STU003027,Azure
STU003027,Node.js
STU003027,Financial Modeling
STU003029,Data Visualization
STU003029,Kubernetes
STU003029,SQL
STU003029,Java
STU003031,Go
STU003031,AWS
STU003031,Docker
STU003031,Kubernetes
STU003031,Financial Modeling
STU003032,Excel
STU003032,Data Visualization
STU003032,System Design
STU003032,Statistics
STU003034,Problem Solving
STU003034,Tableau
STU003034,Power BI
STU003035,React
STU003035,Statistics
STU003035,System Design
STU003035,NLP
STU003035,Node.js
STU003035,Python
STU003036,Excel
STU003036,AWS
STU003036,Azure
STU003036,JavaScript
STU003036,Node.js
STU003037,Data Visualization
STU003037,Python
STU003037,AWS
STU003037,Docker
STU003037,Deep Learning
STU003039,Spark
STU003039,SQL
STU003039,Statistics
STU003039,Node.js
STU003039,Python
STU003039,Kubernetes
STU003040,Kubernetes
STU003040,Python
STU003040,SQL
STU003040,Node.js
STU003040,System Design
STU003041,Node.js
STU003041,Data Visualization
STU003041,C++
STU003041,Statistics
STU003042,System Design
STU003042,Spark
STU003042,Tableau
STU003042,Statistics
STU003042,Communication
STU003050,Tableau
STU003050,Node.js
STU003050,System Design
STU003050,Kubernetes
STU003054,React
STU003054,Node.js
STU003054,Kubernetes
STU003057,Communication
STU003057,Deep Learning
STU003057,C++
STU003057,NLP
STU003058,C++
STU003058,NLP
STU003058,Go
STU003058,Problem Solving
STU003059,Machine Learning
STU003059,NLP
STU003059,AWS
STU003059,Excel
STU003059,Deep Learning
STU003060,JavaScript
STU003060,Java
STU003060,Data Visualization
STU003060,React
STU003060,System Design
STU003060,Problem Solving
STU003061,Power BI
STU003061,Spark
STU003061,Python
STU003061,Financial Modeling
STU003062,Spark
STU003062,Python
STU003062,C++
STU003062,Problem Solving
STU003063,Kubernetes
STU003063,Python
STU003063,Tableau
STU003063,Java
STU003063,NLP
STU003064,Excel
STU003064,Machine Learning
STU003064,Kubernetes
STU003065,Communication
STU003065,Azure
STU003065,Problem Solving
STU003065,Spark
STU003065,Docker
STU003065,Financial Modeling
STU003066,Problem Solving
STU003066,Machine Learning
STU003066,Statistics
STU003066,NLP
STU003066,Java
STU003066,System Design
STU003068,JavaScript
STU003068,Azure
STU003068,C++
STU003070,Communication
STU003070,C++
STU003070,Tableau
STU003070,Data Visualization
STU003071,React
STU003071,Kubernetes
STU003071,Statistics
STU003071,Data Visualization
STU003071,JavaScript
STU003073,Data Visualization
STU003073,C++
STU003073,Go
STU003073,Kubernetes
STU003073,NLP
STU003074,System Design
STU003074,Statistics
STU003074,Spark
STU003074,Kubernetes
STU003074,C++
STU003074,Deep Learning
STU003077,Python
STU003077,Tableau
STU003077,JavaScript
STU003077,Java
STU003079,Java
STU003079,Deep Learning
STU003079,Communication
STU003079,Machine Learning
STU003080,Excel
STU003080,Power BI
STU003080,AWS
STU003080,Go
STU003080,Python
STU003081,Problem Solving
STU003081,Communication
STU003081,Node.js
STU003082,Go
STU003082,Statistics
STU003082,NLP
STU003082,Spark
STU003082,Docker
STU003083,NLP
STU003083,Statistics
STU003083,Financial Modeling
STU003083,SQL
STU003083,Kubernetes
STU003083,Data Visualization
STU003085,Statistics
STU003085,Tableau
STU003085,JavaScript
STU003085,System Design
STU003085,Node.js
STU003088,Problem Solving
STU003088,Tableau
STU003088,Power BI
STU003090,Machine Learning
STU003090,Kubernetes
STU003090,Tableau
STU003092,Spark
STU003092,SQL
STU003092,Statistics
STU003092,Go
STU003092,JavaScript
STU003093,Excel
STU003093,Tableau
STU003093,Machine Learning
STU003093,Java
STU003093,Communication
STU003095,Java
STU003095,Communication
STU003095,NLP
STU003095,Python
STU003095,JavaScript
STU003096,NLP
STU003096,Statistics
STU003096,Spark
STU003096,Azure
STU003096,Problem Solving
STU003097,Power BI
STU003097,AWS
STU003097,Docker
STU003097,Kubernetes
STU003099,Excel
STU003099,Machine Learning
STU003099,Azure
STU003099,AWS
STU003099,Problem Solving
STU003099,Data Visualization
STU003101,Kubernetes
STU003101,Statistics
STU003101,Java
STU003101,Node.js
STU003102,C++
STU003102,Power BI
STU003102,Java
STU003102,Spark
STU003102,Excel
STU003102,Python
STU003104,NLP
STU003104,Docker
STU003104,Spark
STU003104,Kubernetes
STU003105,System Design
STU003105,Go
STU003105,Tableau
STU003106,Financial Modeling
STU003106,Statistics
STU003106,NLP
STU003106,Power BI
STU003107,SQL
STU003107,Spark
STU003107,Azure
STU003107,JavaScript
STU003107,C++
STU003111,Tableau
STU003111,Spark
STU003111,Excel
STU003111,Problem Solving
STU003111,Azure
STU003112,System Design
STU003112,NLP
STU003112,Tableau
STU003114,AWS
STU003114,React
STU003114,JavaScript
STU003114,Data Visualization
STU003114,System Design
STU003115,Azure
STU003115,Machine Learning
STU003115,System Design
STU003115,AWS
STU003115,SQL
STU003115,Problem Solving
STU003116,Azure
STU003116,Node.js
STU003116,System Design
STU003116,Python
STU003116,React
STU003117,Statistics
STU003117,AWS
STU003117,C++
STU003117,Spark
STU003117,Power BI
STU003118,SQL
STU003118,Deep Learning
STU003118,System Design
STU003118,AWS
STU003118,NLP
STU003120,JavaScript
STU003120,Kubernetes
STU003120,C++
STU003120,Machine Learning
STU003121,NLP
STU003121,SQL
STU003121,Python
STU003121,Kubernetes
STU003121,Machine Learning
STU003121,Docker
STU003122,Problem Solving
STU003122,Communication
STU003122,Deep Learning
STU003122,Data Visualization
STU003122,NLP
STU003124,Spark
STU003124,React
STU003124,Docker
STU003124,Statistics
STU003126,Problem Solving
STU003126,Statistics
STU003126,Spark
STU003127,Python
STU003127,Communication
STU003127,Machine Learning
STU003127,Tableau
STU003127,Spark
STU003127,Excel
STU003130,React
STU003130,Java
STU003130,Python
STU003130,AWS
STU003134,Deep Learning
STU003134,NLP
STU003134,Statistics
STU003134,C++
STU003134,JavaScript
STU003135,System Design
STU003135,Spark
STU003135,JavaScript
STU003135,Kubernetes
STU003135,Statistics
STU003139,Spark
STU003139,Azure
STU003139,Tableau
STU003140,Data Visualization
STU003140,Kubernetes
STU003140,Spark
STU003140,Python
STU003140,System Design
STU003141,JavaScript
STU003141,Node.js
STU003141,Go
STU003141,Power BI
STU003141,Spark
STU003141,C++
STU003142,AWS
STU003142,Azure
STU003142,Machine Learning
STU003142,Go
STU003142,React
STU003142,Java
STU003143,Tableau
STU003143,Statistics
STU003143,Java
STU003143,JavaScript
STU003143,Python
STU003143,NLP
STU003144,Problem Solving
STU003144,Go
STU003144,Azure
STU003145,Power BI
STU003145,Kubernetes
STU003145,React
STU003145,Spark
STU003149,Statistics
STU003149,Problem Solving
STU003149,Java
STU003149,Spark
STU003149,Power BI
STU003149,System Design
STU003151,JavaScript
STU003151,React
STU003151,Spark
STU003153,Problem Solving
STU003153,Spark
STU003153,C++
STU003153,Data Visualization
STU003153,System Design
STU003153,Azure
STU003154,Machine Learning
STU003154,JavaScript
STU003154,Problem Solving
STU003157,Machine Learning
STU003157,Statistics
STU003157,AWS
STU003157,NLP
STU003157,Excel
STU003157,Tableau
STU003158,C++
STU003158,Kubernetes
STU003158,Financial Modeling
STU003163,Spark
STU003163,React
STU003163,Kubernetes
STU003163,Machine Learning
STU003163,Docker
STU003165,System Design
STU003165,Node.js
STU003165,Python
STU003165,NLP
STU003168,AWS
STU003168,Kubernetes
STU003168,System Design
STU003168,Java
STU003168,Python
STU003168,Deep Learning
STU003169,Spark
STU003169,Node.js
STU003169,Machine Learning
STU003174,Spark
STU003174,Problem Solving
STU003174,AWS
STU003174,React
STU003174,Node.js
STU003175,Docker
STU003175,System Design
STU003175,Kubernetes
STU003175,Azure
STU003175,Java
STU003176,Azure
STU003176,React
STU003176,Java
STU003176,Deep Learning
STU003177,Deep Learning
STU003177,Go
STU003177,Python
STU003177,Machine Learning
STU003178,Java
STU003178,Tableau
STU003178,React
STU003178,Data Visualization
STU003178,Machine Learning
STU003178,NLP
STU003179,Excel
STU003179,Go
STU003179,Communication
STU003179,SQL
STU003179,C++
STU003179,Financial Modeling
STU003182,Java
STU003182,SQL
STU003182,Power BI
STU003182,JavaScript
STU003183,Statistics
STU003183,NLP
STU003183,Docker
STU003183,Node.js
STU003184,Statistics
STU003184,SQL
STU003184,Communication
STU003184,Java
STU003185,Data Visualization
STU003185,Docker
STU003185,NLP
STU003185,System Design
STU003187,Kubernetes
STU003187,Communication
STU003187,Spark
STU003187,AWS
STU003187,Data Visualization
STU003187,Go
STU003188,Go
STU003188,SQL
STU003188,Azure
STU003188,Python
STU003189,System Design
STU003189,AWS
STU003189,Statistics
STU003189,React
STU003189,Machine Learning
STU003189,Communication
STU003190,System Design
STU003190,Go
STU003190,Deep Learning
STU003190,Azure
STU003191,Java
STU003191,Node.js
STU003191,Kubernetes
STU003191,JavaScript
STU003192,Statistics
STU003192,Excel
STU003192,Tableau
STU003192,Communication
STU003194,Financial Modeling
STU003194,Problem Solving
STU003194,Machine Learning
STU003195,Power BI
STU003195,React
STU003195,NLP
STU003195,Deep Learning
STU003195,Spark
STU003195,Data Visualization
STU003196,Communication
STU003196,Power BI
STU003196,SQL
STU003196,C++
STU003196,Tableau
STU003196,Financial Modeling
STU003197,Machine Learning
STU003197,Azure
STU003197,AWS
STU003197,Go
STU003198,Problem Solving
STU003198,Machine Learning
STU003198,SQL
STU003198,C++
STU003199,System Design
STU003199,React
STU003199,Statistics
STU003199,JavaScript
STU003199,Go
STU003200,Statistics
STU003200,SQL
STU003200,Java
STU003204,Problem Solving
STU003204,Azure
STU003204,System Design
STU003205,Statistics
STU003205,Problem Solving
STU003205,JavaScript
STU003205,Financial Modeling
STU003207,NLP
STU003207,AWS
STU003207,Communication
STU003207,Deep Learning
STU003208,System Design
STU003208,Python
STU003208,AWS
STU003208,Machine Learning
STU003209,Communication
STU003209,Docker
STU003209,JavaScript
STU003209,Spark
STU003209,Excel
STU003209,Java
STU003210,Deep Learning
STU003210,Node.js
STU003210,JavaScript
STU003210,Azure
STU003210,Kubernetes
STU003210,Financial Modeling
STU003212,Data Visualization
STU003212,Kubernetes
STU003212,Statistics
STU003213,Communication
STU003213,NLP
STU003213,Excel
STU003213,Java
STU003213,Machine Learning
STU003213,Python
STU003215,Data Visualization
STU003215,Kubernetes
STU003215,Node.js
STU003215,System Design
STU003219,Machine Learning
STU003219,Java
STU003219,System Design
STU003220,AWS
STU003220,Power BI
STU003220,Machine Learning
STU003220,Python
STU003220,Azure
STU003220,Financial Modeling
STU003221,Machine Learning
STU003221,C++
STU003221,NLP
STU003221,Python
STU003221,Azure
STU003221,AWS
STU003223,System Design
STU003223,Spark
STU003223,NLP
STU003223,Data Visualization
STU003223,AWS
STU003224,SQL
STU003224,Kubernetes
STU003224,Statistics
STU003224,Machine Learning
STU003224,Data Visualization
STU003224,Spark
STU003225,C++
STU003225,JavaScript
STU003225,AWS
STU003225,Docker
STU003226,Spark
STU003226,Statistics
STU003226,Data Visualization
STU003226,Machine Learning
STU003227,Go
STU003227,Node.js
STU003227,JavaScript
STU003228,Kubernetes
STU003228,Statistics
STU003228,Financial Modeling
STU003228,Deep Learning
STU003229,Statistics
STU003229,SQL
STU003229,System Design
STU003229,Spark
STU003232,Spark
STU003232,Machine Learning
STU003232,Node.js
STU003232,NLP
STU003235,AWS
STU003235,Python
STU003235,Docker
STU003235,JavaScript
STU003236,Node.js
STU003236,Deep Learning
STU003236,Power BI
STU003237,React
STU003237,AWS
STU003237,SQL
STU003237,System Design
STU003237,Node.js
STU003238,C++
STU003238,Financial Modeling
STU003238,Kubernetes
STU003238,Communication
STU003238,SQL
STU003240,Excel
STU003240,AWS
STU003240,Machine Learning
STU003240,JavaScript
STU003242,Machine Learning
STU003242,Communication
STU003242,Power BI
STU003243,Data Visualization
STU003243,Power BI
STU003243,Statistics
STU003243,Kubernetes
STU003244,NLP
STU003244,AWS
STU003244,Node.js
STU003245,Spark
STU003245,React
STU003245,Go
STU003245,Kubernetes
STU003245,Statistics
STU003246,AWS
STU003246,Java
STU003246,Spark
STU003246,Go
STU003246,Azure
STU003247,C++
STU003247,Spark
STU003247,SQL
STU003248,AWS
STU003248,Machine Learning
STU003248,React
STU003249,Financial Modeling
STU003249,Node.js
STU003249,Power BI
STU003249,System Design
STU003251,Go
STU003251,Statistics
STU003251,React
STU003251,Kubernetes
STU003252,Java
STU003252,AWS
STU003252,Financial Modeling
STU003252,Node.js
STU003252,NLP
STU003253,Financial Modeling
STU003253,Kubernetes
STU003253,Java
STU003253,Excel
STU003255,C++
STU003255,NLP
STU003255,Spark
STU003255,Deep Learning
STU003261,C++
STU003261,Java
STU003261,Data Visualization
STU003262,React
STU003262,NLP
STU003262,Data Visualization
STU003262,Power BI
STU003262,Machine Learning
STU003262,AWS
STU003263,Node.js
STU003263,SQL
STU003263,AWS
STU003263,Excel
STU003263,NLP
STU003264,Financial Modeling
STU003264,Docker
STU003264,Communication
STU003265,Go
STU003265,Spark
STU003265,Docker
STU003265,Data Visualization
STU003265,Kubernetes
STU003265,JavaScript
STU003266,Kubernetes
STU003266,Financial Modeling
STU003266,Spark
STU003266,Deep Learning
STU003266,JavaScript
STU003266,React
STU003267,Spark
STU003267,Java
STU003267,Problem Solving
STU003267,Machine Learning
STU003267,Power BI
STU003267,C++
STU003268,Azure
STU003268,JavaScript
STU003268,SQL
STU003268,Communication
STU003269,JavaScript
STU003269,Azure
STU003269,Communication
STU003272,Power BI
STU003272,Kubernetes
STU003272,AWS
STU003272,System Design
STU003273,System Design
STU003273,NLP
STU003273,Statistics
STU003273,Financial Modeling
STU003274,Node.js
STU003274,Tableau
STU003274,Docker
STU003274,C++
STU003274,React
STU003274,Go
STU003276,Statistics
STU003276,Machine Learning
STU003276,C++
STU003277,NLP
STU003277,Go
STU003277,Docker
STU003278,JavaScript
STU003278,Power BI
STU003278,Financial Modeling
STU003278,NLP
STU003278,Azure
STU003279,Kubernetes
STU003279,C++
STU003279,AWS
STU003279,JavaScript
STU003281,Kubernetes
STU003281,C++
STU003281,JavaScript
STU003281,React
STU003281,Node.js
STU003284,Kubernetes
STU003284,System Design
STU003284,AWS
STU003284,Java
STU003287,React
STU003287,Machine Learning
STU003287,Spark
STU003287,SQL
STU003287,Go
STU003287,Financial Modeling
STU003289,Excel
STU003289,Java
STU003289,Python
STU003290,Tableau
STU003290,Java
STU003290,Docker
STU003290,System Design
STU003291,Kubernetes
STU003291,Excel
STU003291,Azure
STU003291,SQL
STU003292,Deep Learning
STU003292,Machine Learning
STU003292,Power BI
STU003292,Go
STU003293,System Design
STU003293,C++
STU003293,Python
STU003293,Node.js
STU003296,Communication
STU003296,Azure
STU003296,Python
STU003296,Kubernetes
STU003296,System Design
STU003297,Communication
STU003297,Java
STU003297,Node.js
STU003297,C++
STU003297,Python
STU003297,System Design
STU003298,Power BI
STU003298,Go
STU003298,System Design
STU003298,Spark
STU003299,React
STU003299,Financial Modeling
STU003299,C++
STU003299,Azure
STU003300,Java
STU003300,Excel
STU003300,Spark
STU003300,Financial Modeling
STU003300,Statistics
STU003302,JavaScript
STU003302,Machine Learning
STU003302,Power BI
STU003302,AWS
STU003302,Data Visualization
STU003305,JavaScript
STU003305,NLP
STU003305,Communication
STU003305,SQL
STU003305,AWS
STU003306,Azure
STU003306,Financial Modeling
STU003306,SQL
STU003307,Deep Learning
STU003307,NLP
STU003307,React
STU003309,Spark
STU003309,Node.js
STU003309,System Design
STU003309,Problem Solving
STU003309,Data Visualization
STU003310,Azure
STU003310,Spark
STU003310,Docker
STU003310,Python
STU003310,System Design
STU003311,Docker
STU003311,Financial Modeling
STU003311,JavaScript
STU003311,System Design
STU003312,System Design
STU003312,Machine Learning
STU003312,Spark
STU003313,Financial Modeling
STU003313,NLP
STU003313,Power BI
STU003313,C++
STU003313,Problem Solving
STU003314,Node.js
STU003314,React
STU003314,Kubernetes
STU003314,Docker
STU003318,Deep Learning
STU003318,SQL
STU003318,Financial Modeling
STU003318,Docker
STU003318,Spark
STU003319,Problem Solving
STU003319,Node.js
STU003319,Financial Modeling
STU003319,React
STU003319,Kubernetes
STU003319,System Design
STU003320,Kubernetes
STU003320,System Design
STU003320,SQL
STU003320,Problem Solving
STU003320,Tableau
STU003322,Python
STU003322,Kubernetes
STU003322,Problem Solving
STU003322,Excel
STU003322,Azure
STU003322,Tableau
STU003325,Docker
STU003325,JavaScript
STU003325,Node.js
STU003325,System Design
STU003327,Java
STU003327,Statistics
STU003327,Spark
STU003327,Go
STU003328,JavaScript
STU003328,Azure
STU003328,Data Visualization
STU003330,Communication
STU003330,SQL
STU003330,AWS
STU003330,Java
STU003330,System Design
STU003331,Problem Solving
STU003331,Deep Learning
STU003331,Docker
STU003331,Excel
STU003333,Problem Solving
STU003333,C++
STU003333,System Design
STU003333,Docker
STU003333,Java
STU003334,Docker
STU003334,Financial Modeling
STU003334,Power BI
STU003335,Spark
STU003335,Azure
STU003335,AWS
STU003335,Machine Learning
STU003335,JavaScript
STU003337,AWS
STU003337,Node.js
STU003337,Spark
STU003337,Machine Learning
STU003337,Problem Solving
STU003339,Financial Modeling
STU003339,Tableau
STU003339,Power BI
STU003339,System Design
STU003339,AWS
STU003339,Python
STU003342,Java
STU003342,Kubernetes
STU003342,Spark
STU003342,JavaScript
STU003343,AWS
STU003343,Financial Modeling
STU003343,Excel
STU003343,Tableau
STU003343,System Design
STU003343,Node.js
STU003345,C++
STU003345,Kubernetes
STU003345,Deep Learning
STU003345,AWS
STU003345,JavaScript
STU003346,Tableau
STU003346,AWS
STU003346,JavaScript
STU003347,Docker
STU003347,Problem Solving
STU003347,Node.js
STU003347,Kubernetes
STU003348,Java
STU003348,Node.js
STU003348,Communication
STU003350,Financial Modeling
STU003350,SQL
STU003350,React
STU003350,Excel
STU003350,Node.js
STU003350,Machine Learning
STU003352,Communication
STU003352,System Design
STU003352,Azure
STU003353,Machine Learning
STU003353,Kubernetes
STU003353,Financial Modeling
STU003353,Java
STU003353,C++
STU003354,System Design
STU003354,Power BI
STU003354,Azure
STU003354,JavaScript
STU003357,Data Visualization
STU003357,Communication
STU003357,Kubernetes
STU003357,Tableau
STU003359,Node.js
STU003359,System Design
STU003359,Docker
STU003360,Excel
STU003360,Tableau
STU003360,JavaScript
STU003361,AWS
STU003361,Excel
STU003361,Kubernetes
STU003362,JavaScript
STU003362,Go
STU003362,C++
STU003363,Node.js
STU003363,Tableau
STU003363,Data Visualization
STU003363,Statistics
STU003364,Go
STU003364,JavaScript
STU003364,Problem Solving
STU003364,Azure
STU003367,Azure
STU003367,Docker
STU003367,Java
STU003367,Data Visualization
STU003367,JavaScript
STU003367,System Design
STU003368,Power BI
STU003368,C++
STU003368,Docker
STU003368,Excel
STU003368,JavaScript
STU003369,Go
STU003369,C++
STU003369,Statistics
STU003372,NLP
STU003372,React
STU003372,Kubernetes
STU003372,Excel
STU003372,Data Visualization
STU003372,System Design
STU003374,Communication
STU003374,Azure
STU003374,Problem Solving
STU003374,Tableau
STU003374,Deep Learning
STU003374,Java
STU003375,React
STU003375,Spark
STU003375,Go
STU003376,Java
STU003376,NLP
STU003376,Financial Modeling
STU003376,System Design
STU003376,Excel
STU003377,JavaScript
STU003377,Excel
STU003377,Machine Learning
STU003377,Power BI
STU003378,Java
STU003378,Node.js
STU003378,SQL
STU003378,Communication
STU003378,Financial Modeling
STU003379,Deep Learning
STU003379,Python
STU003379,System Design
STU003382,Statistics
STU003382,Data Visualization
STU003382,Financial Modeling
STU003382,C++
STU003383,Spark
STU003383,SQL
STU003383,Excel
STU003383,System Design
STU003386,Excel
STU003386,AWS
STU003386,Java
STU003386,Power BI
STU003386,Communication
STU003386,React
STU003387,Machine Learning
STU003387,Spark
STU003387,AWS
STU003387,Kubernetes
STU003388,NLP
STU003388,SQL
STU003388,Go
STU003388,Node.js
STU003388,React
STU003388,Excel
STU003390,JavaScript
STU003390,System Design
STU003390,SQL
STU003390,Data Visualization
STU003391,Data Visualization
STU003391,Excel
STU003391,SQL
STU003392,Docker
STU003392,Kubernetes
STU003392,Azure
STU003393,React
STU003393,System Design
STU003393,Node.js
STU003393,Problem Solving
STU003393,JavaScript
STU003394,Excel
STU003394,System Design
STU003394,Node.js
STU003394,Power BI
STU003394,NLP
STU003394,Docker
STU003395,Node.js
STU003395,React
STU003395,Excel
STU003395,Machine Learning
STU003396,Kubernetes
STU003396,AWS
STU003396,Excel
STU003396,Deep Learning
STU003396,Docker
STU003396,SQL
STU003397,Excel
STU003397,Java
STU003397,Statistics
STU003397,C++
STU003398,Spark
STU003398,Statistics
STU003398,NLP
STU003398,Financial Modeling
STU003398,Tableau
STU003400,C++
STU003400,Statistics
STU003400,Node.js
STU003401,Statistics
STU003401,Financial Modeling
STU003401,Python
STU003401,Kubernetes
STU003401,Machine Learning
STU003402,C++
STU003402,System Design
STU003402,Machine Learning
STU003403,AWS
STU003403,NLP
STU003403,Statistics
STU003404,Power BI
STU003404,JavaScript
STU003404,Deep Learning
STU003404,Excel
STU003404,Problem Solving
STU003404,Kubernetes
STU003406,Problem Solving
STU003406,Go
STU003406,Kubernetes
STU003406,Data Visualization
STU003406,Financial Modeling
STU003406,Java
STU003409,Deep Learning
STU003409,System Design
STU003409,React
STU003410,Tableau
STU003410,SQL
STU003410,Docker
STU003418,Tableau
STU003418,AWS
STU003418,Machine Learning
STU003418,Financial Modeling
STU003419,Kubernetes
STU003419,C++
STU003419,Data Visualization
STU003419,Problem Solving
STU003419,Docker
STU003419,Tableau
STU003421,System Design
STU003421,Financial Modeling
STU003421,Excel
STU003421,AWS
STU003421,Statistics
STU003422,Java
STU003422,Tableau
STU003422,Problem Solving
STU003422,Kubernetes
STU003422,Go
STU003422,C++
STU003424,Data Visualization
STU003424,Communication
STU003424,Problem Solving
STU003424,Kubernetes
STU003424,Docker
STU003425,C++
STU003425,Excel
STU003425,Python
STU003427,Tableau
STU003427,JavaScript
STU003427,Go
STU003427,Problem Solving
STU003427,Financial Modeling
STU003428,Data Visualization
STU003428,Statistics
STU003428,Go
STU003429,Python
STU003429,Tableau
STU003429,C++
STU003429,Spark
STU003430,Problem Solving
STU003430,Data Visualization
STU003430,NLP
STU003430,Node.js
STU003430,Go
STU003432,Machine Learning
STU003432,Financial Modeling
STU003432,Statistics
STU003432,Spark
STU003432,Problem Solving
STU003434,NLP
STU003434,Machine Learning
STU003434,Data Visualization
STU003434,Azure
STU003434,Java
STU003434,Power BI
STU003435,Java
STU003435,Problem Solving
STU003435,Tableau
STU003435,Power BI
STU003437,Deep Learning
STU003437,Machine Learning
STU003437,React
STU003437,Spark
STU003437,SQL
STU003439,System Design
STU003439,Deep Learning
STU003439,Excel
STU003439,NLP
STU003439,Tableau
STU003439,Statistics
STU003441,Python
STU003441,Go
STU003441,Machine Learning
STU003441,Statistics
STU003441,Azure
STU003443,Communication
STU003443,Excel
STU003443,Problem Solving
STU003448,Deep Learning
STU003448,Python
STU003448,Spark
STU003448,AWS
STU003448,Machine Learning
STU003448,Kubernetes
STU003450,NLP
STU003450,Data Visualization
STU003450,Kubernetes
STU003450,Deep Learning
STU003450,SQL
STU003451,Kubernetes
STU003451,Docker
STU003451,Communication
STU003451,NLP
STU003451,C++
STU003452,NLP
STU003452,Tableau
STU003452,System Design
STU003452,Statistics
STU003452,Python
STU003453,Statistics
STU003453,Data Visualization
STU003453,System Design
STU003453,Machine Learning
STU003454,Java
STU003454,Kubernetes
STU003454,Data Visualization
STU003457,Docker
STU003457,NLP
STU003457,React
STU003457,AWS
STU003457,Deep Learning
STU003457,Statistics
STU003460,C++
STU003460,Machine Learning
STU003460,JavaScript
STU003460,Kubernetes
STU003460,Data Visualization
STU003461,Machine Learning
STU003461,System Design
STU003461,Data Visualization
STU003461,Communication
STU003462,Spark
STU003462,Data Visualization
STU003462,Power BI
STU003462,JavaScript
STU003462,Tableau
STU003462,AWS
STU003463,Python
STU003463,Azure
STU003463,NLP
STU003463,Tableau
STU003463,Problem Solving
STU003464,AWS
STU003464,Python
STU003464,Azure
STU003464,C++
STU003465,NLP
STU003465,Spark
STU003465,Node.js
STU003465,Python
STU003465,Go
STU003465,Excel
STU003466,Java
STU003466,System Design
STU003466,Azure
STU003466,AWS
STU003466,Power BI
STU003466,NLP
STU003467,React
STU003467,Azure
STU003467,Kubernetes
STU003467,SQL
STU003467,AWS
STU003467,Spark
STU003469,Java
STU003469,Deep Learning
STU003469,NLP
STU003469,Communication
STU003469,Power BI
STU003470,Machine Learning
STU003470,Deep Learning
STU003470,C++
STU003470,JavaScript
STU003471,C++
STU003471,Data Visualization
STU003471,Node.js
STU003471,System Design
STU003471,Go
STU003471,Problem Solving
STU003472,Machine Learning
STU003472,System Design
STU003472,Go
STU003472,Kubernetes
STU003472,Azure
STU003473,Spark
STU003473,Go
STU003473,JavaScript
STU003473,Node.js
STU003474,C++
STU003474,Python
STU003474,Java
STU003474,Deep Learning
STU003474,Problem Solving
STU003475,System Design
STU003475,Problem Solving
STU003475,Excel
STU003475,Go
STU003475,AWS
STU003476,Java
STU003476,AWS
STU003476,JavaScript
STU003476,React
STU003476,Docker
STU003476,Go
STU003478,Communication
STU003478,Azure
STU003478,Deep Learning
STU003478,Docker
STU003481,Machine Learning
STU003481,Python
STU003481,Docker
STU003481,Azure
STU003482,JavaScript
STU003482,System Design
STU003482,Statistics
STU003482,Azure
STU003483,Java
STU003483,Power BI
STU003483,Kubernetes
STU003483,System Design
STU003483,Go
STU003483,AWS
STU003484,System Design
STU003484,Docker
STU003484,Go
STU003484,Azure
STU003484,Data Visualization
STU003484,Machine Learning
STU003485,NLP
STU003485,Deep Learning
STU003485,Azure
STU003485,Go
STU003485,AWS
STU003485,C++
STU003486,AWS
STU003486,Tableau
STU003486,Spark
STU003486,Python
STU003486,JavaScript
STU003486,C++
STU003488,NLP
STU003488,Power BI
STU003488,Go
STU003488,Tableau
STU003488,Spark
STU003488,Statistics
STU003489,Python
STU003489,Docker
STU003489,JavaScript
STU003489,SQL
STU003489,Kubernetes
STU003489,Data Visualization
STU003494,Java
STU003494,AWS
STU003494,Deep Learning
STU003494,C++
STU003494,Problem Solving
STU003495,Docker
STU003495,Java
STU003495,Python
STU003495,System Design
STU003495,Node.js
STU003496,System Design
STU003496,Machine Learning
STU003496,React
STU003498,AWS
STU003498,Problem Solving
STU003498,Java
STU003498,Power BI
STU003498,Spark
STU003500,Docker
STU003500,Data Visualization
STU003500,Problem Solving
STU003500,Node.js
STU003501,Go
STU003501,React
STU003501,Kubernetes
STU003501,Problem Solving
STU003501,Python
STU003502,Java
STU003502,Go
STU003502,AWS
STU003502,JavaScript
STU003502,Docker
STU003503,Java
STU003503,Tableau
STU003503,AWS
STU003503,System Design
STU003503,Kubernetes
STU003505,C++
STU003505,Node.js
STU003505,Data Visualization
STU003505,Problem Solving
STU003505,AWS
STU003506,AWS
STU003506,Docker
STU003506,React
STU003507,Financial Modeling
STU003507,AWS
STU003507,Kubernetes
STU003507,JavaScript
STU003507,React
STU003508,SQL
STU003508,Node.js
STU003508,Kubernetes
STU003508,Power BI
STU003510,Data Visualization
STU003510,System Design
STU003510,Java
STU003510,Financial Modeling
STU003510,Go
STU003510,Deep Learning
STU003511,Docker
STU003511,Statistics
STU003511,Java
STU003512,React
STU003512,Machine Learning
STU003512,Communication
STU003512,Deep Learning
STU003512,System Design
STU003512,NLP
STU003513,Kubernetes
STU003513,Deep Learning
STU003513,Go
STU003513,AWS
STU003513,C++
STU003513,Docker
STU003514,Machine Learning
STU003514,Communication
STU003514,NLP
STU003515,Docker
STU003515,JavaScript
STU003515,Azure
STU003516,Statistics
STU003516,Communication
STU003516,Java
STU003517,Spark
STU003517,Financial Modeling
STU003517,Statistics
STU003517,Data Visualization
STU003517,C++
STU003518,React
STU003518,Kubernetes
STU003518,Machine Learning
STU003518,JavaScript
STU003518,Docker
STU003519,AWS
STU003519,Azure
STU003519,Power BI
STU003519,React
STU003519,Spark
STU003520,Data Visualization
STU003520,C++
STU003520,Azure
STU003521,Azure
STU003521,Python
STU003521,Java
STU003521,SQL
STU003522,Docker
STU003522,Tableau
STU003522,Azure
STU003522,Deep Learning
STU003522,Communication
STU003522,Machine Learning
STU003523,Machine Learning
STU003523,Node.js
STU003523,Tableau
STU003523,Azure
STU003524,Docker
STU003524,Deep Learning
STU003524,Kubernetes
STU003524,Machine Learning
STU003526,Excel
STU003526,Spark
STU003526,JavaScript
STU003526,Machine Learning
STU003526,System Design
STU003528,Kubernetes
STU003528,Java
STU003528,System Design
STU003528,Tableau
STU003531,JavaScript
STU003531,React
STU003531,System Design
STU003531,Financial Modeling
STU003531,Problem Solving
STU003532,Tableau
STU003532,System Design
STU003532,Machine Learning
STU003532,Excel
STU003534,Tableau
STU003534,Financial Modeling
STU003534,AWS
STU003534,Excel
STU003534,Problem Solving
STU003535,Java
STU003535,Tableau
STU003535,JavaScript
STU003535,Go
STU003535,Excel
STU003535,System Design
STU003537,SQL
STU003537,Spark
STU003537,Java
STU003537,Problem Solving
STU003537,Docker
STU003537,Data Visualization
STU003539,React
STU003539,Spark
STU003539,Power BI
STU003540,Tableau
STU003540,Machine Learning
STU003540,System Design
STU003543,Kubernetes
STU003543,Azure
STU003543,Docker
STU003546,Problem Solving
STU003546,AWS
STU003546,Spark
STU003546,Node.js
STU003546,Java
STU003547,Java
STU003547,Machine Learning
STU003547,Azure
STU003547,Deep Learning
STU003547,SQL
STU003547,Financial Modeling
STU003548,System Design
STU003548,Azure
STU003548,Python
STU003548,JavaScript
STU003548,Docker
STU003551,Docker
STU003551,Power BI
STU003551,System Design
STU003551,JavaScript
STU003551,Azure
STU003552,Go
STU003552,React
STU003552,Statistics
STU003553,NLP
STU003553,JavaScript
STU003553,SQL
STU003553,System Design
STU003553,Data Visualization
STU003555,Node.js
STU003555,Data Visualization
STU003555,System Design
STU003557,NLP
STU003557,Docker
STU003557,Communication
STU003558,C++
STU003558,Tableau
STU003558,React
STU003560,Spark
STU003560,Kubernetes
STU003560,Data Visualization
STU003560,Azure
STU003560,Machine Learning
STU003560,React
STU003561,C++
STU003561,React
STU003561,SQL
STU003561,Azure
STU003561,Go
STU003562,Problem Solving
STU003562,Power BI
STU003562,Kubernetes
STU003562,Financial Modeling
STU003562,Deep Learning
STU003562,Java
STU003563,Azure
STU003563,System Design
STU003563,Java
STU003563,AWS
STU003563,Excel
STU003563,Go
STU003564,Spark
STU003564,NLP
STU003564,Deep Learning
STU003564,Docker
STU003565,Power BI
STU003565,Kubernetes
STU003565,Docker
STU003565,Java
STU003565,System Design
STU003565,Spark
STU003566,Tableau
STU003566,Data Visualization
STU003566,Python
STU003566,Docker
STU003567,Azure
STU003567,Go
STU003567,System Design
STU003567,Kubernetes
STU003567,Communication
STU003567,Financial Modeling
STU003568,Machine Learning
STU003568,NLP
STU003568,Azure
STU003568,Power BI
STU003568,Spark
STU003568,Node.js
STU003571,System Design
STU003571,Tableau
STU003571,Azure
STU003574,React
STU003574,Java
STU003574,Machine Learning
STU003574,Kubernetes
STU003574,C++
STU003574,Python
STU003575,NLP
STU003575,Node.js
STU003575,AWS
STU003575,Python
STU003575,JavaScript
STU003575,Power BI
STU003576,SQL
STU003576,Kubernetes
STU003576,Azure
STU003576,Python
STU003576,Go
STU003576,Machine Learning
STU003581,Tableau
STU003581,Problem Solving
STU003581,Excel
STU003581,React
STU003582,Communication
STU003582,Machine Learning
STU003582,Docker
STU003582,Kubernetes
STU003583,Data Visualization
STU003583,Financial Modeling
STU003583,React
STU003586,Financial Modeling
STU003586,Deep Learning
STU003586,Node.js
STU003586,Machine Learning
STU003587,Power BI
STU003587,Problem Solving
STU003587,NLP
STU003587,React
STU003587,SQL
STU003588,Machine Learning
STU003588,Financial Modeling
STU003588,System Design
STU003589,Spark
STU003589,Node.js
STU003589,JavaScript
STU003590,React
STU003590,Power BI
STU003590,Financial Modeling
STU003590,Azure
STU003590,Machine Learning
STU003591,Azure
STU003591,NLP
STU003591,Statistics
STU003591,Deep Learning
STU003591,Node.js
STU003591,System Design
STU003592,AWS
STU003592,Docker
STU003592,C++
STU003592,Kubernetes
STU003593,AWS
STU003593,Node.js
STU003593,Data Visualization
STU003593,Statistics
STU003595,Financial Modeling
STU003595,Excel
STU003595,Power BI
STU003595,Communication
STU003595,NLP
STU003595,Problem Solving
STU003596,Azure
STU003596,C++
STU003596,JavaScript
STU003596,Go
STU003596,AWS
STU003596,Node.js
STU003597,Kubernetes
STU003597,Data Visualization
STU003597,Docker
STU003597,Excel
STU003600,System Design
STU003600,Machine Learning
STU003600,Excel
STU003603,Statistics
STU003603,Problem Solving
STU003603,Communication
STU003603,Python
STU003604,Kubernetes
STU003604,Docker
STU003604,NLP
STU003604,Machine Learning
STU003604,Java
STU003604,Financial Modeling
STU003606,Python
STU003606,Data Visualization
STU003606,Problem Solving
STU003609,Kubernetes
STU003609,Node.js
STU003609,Docker
STU003609,C++
STU003610,C++
STU003610,Power BI
STU003610,System Design
STU003610,Financial Modeling
STU003610,AWS
STU003611,React
STU003611,Financial Modeling
STU003611,Deep Learning
STU003611,Machine Learning
STU003611,NLP
STU003611,Python
STU003613,JavaScript
STU003613,C++
STU003613,Azure
STU003613,SQL
STU003613,Problem Solving
STU003614,Communication
STU003614,Deep Learning
STU003614,React
STU003614,Excel
STU003614,Machine Learning
STU003614,NLP
STU003615,AWS
STU003615,Spark
STU003615,C++
STU003616,Communication
STU003616,AWS
STU003616,Java
STU003617,Financial Modeling
STU003617,AWS
STU003617,Tableau
STU003621,Kubernetes
STU003621,Statistics
STU003621,JavaScript
STU003621,Go
STU003621,Java
STU003621,Python
STU003624,Kubernetes
STU003624,NLP
STU003624,Tableau
STU003624,Deep Learning
STU003624,Statistics
STU003624,JavaScript
STU003625,JavaScript
STU003625,Problem Solving
STU003625,Tableau
STU003625,Power BI
STU003626,Kubernetes
STU003626,Java
STU003626,Node.js
STU003626,Azure
STU003626,Statistics
STU003627,Python
STU003627,Machine Learning
STU003627,AWS
STU003628,AWS
STU003628,System Design
STU003628,Docker
STU003629,Go
STU003629,Machine Learning
STU003629,Node.js
STU003629,Spark
STU003629,System Design
STU003629,Excel
STU003632,C++
STU003632,Tableau
STU003632,System Design
STU003633,Node.js
STU003633,NLP
STU003633,C++
STU003633,Java
STU003633,Kubernetes
STU003634,Python
STU003634,Data Visualization
STU003634,Java
STU003634,React
STU003634,Excel
STU003634,Machine Learning
STU003638,Data Visualization
STU003638,Excel
STU003638,Kubernetes
STU003638,System Design
STU003638,Docker
STU003640,Python
STU003640,SQL
STU003640,React
STU003640,NLP
STU003641,Python
STU003641,Azure
STU003641,Kubernetes
STU003641,JavaScript
STU003641,Java
STU003641,AWS
STU003642,Problem Solving
STU003642,Node.js
STU003642,NLP
STU003642,SQL
STU003643,Deep Learning
STU003643,Kubernetes
STU003643,SQL
STU003646,AWS
STU003646,React
STU003646,Node.js
STU003646,Spark
STU003646,Statistics
STU003646,SQL
STU003650,Problem Solving
STU003650,SQL
STU003650,Financial Modeling
STU003650,Communication
STU003651,AWS
STU003651,SQL
STU003651,Machine Learning
STU003651,Node.js
STU003651,Communication
STU003652,System Design
STU003652,Azure
STU003652,Machine Learning
STU003652,Go
STU003652,AWS
STU003652,Statistics
STU003653,Data Visualization
STU003653,System Design
STU003653,JavaScript
STU003654,Machine Learning
STU003654,Communication
STU003654,Data Visualization
STU003655,Python
STU003655,AWS
STU003655,Node.js
STU003656,NLP
STU003656,JavaScript
STU003656,AWS
STU003656,Data Visualization
STU003661,Azure
STU003661,Docker
STU003661,NLP
STU003661,Java
STU003661,Deep Learning
STU003661,Power BI
STU003663,Machine Learning
STU003663,AWS
STU003663,JavaScript
STU003663,Azure
STU003665,Data Visualization
STU003665,Spark
STU003665,Power BI
STU003665,React
STU003665,Communication
STU003665,AWS
STU003666,Go
STU003666,Problem Solving
STU003666,AWS
STU003666,NLP
STU003666,Spark
STU003667,Kubernetes
STU003667,Node.js
STU003667,C++
STU003667,Docker
STU003668,Deep Learning
STU003668,C++
STU003668,Azure
STU003669,AWS
STU003669,Node.js
STU003669,Financial Modeling
STU003670,Machine Learning
STU003670,Spark
STU003670,C++
STU003670,AWS
STU003670,Go
STU003670,Python
STU003671,System Design
STU003671,AWS
STU003671,Power BI
STU003671,Azure
STU003671,Problem Solving
STU003671,Java
STU003673,AWS
STU003673,Kubernetes
STU003673,System Design
STU003673,Data Visualization
STU003676,Power BI
STU003676,Tableau
STU003676,Financial Modeling
STU003676,Python
STU003677,Java
STU003677,NLP
STU003677,Financial Modeling
STU003677,AWS
STU003677,Go
STU003681,Go
STU003681,System Design
STU003681,Azure
STU003681,Deep Learning
STU003681,Kubernetes
STU003681,Data Visualization
STU003682,System Design
STU003682,AWS
STU003682,Machine Learning
STU003682,Financial Modeling
STU003682,Problem Solving
STU003684,SQL
STU003684,Communication
STU003684,Statistics
STU003684,Go
STU003684,Kubernetes
STU003684,C++
STU003685,Communication
STU003685,Python
STU003685,Financial Modeling
STU003686,Statistics
STU003686,C++
STU003686,Tableau
STU003686,System Design
STU003686,Kubernetes
STU003689,JavaScript
STU003689,Power BI
STU003689,System Design
STU003689,Node.js
STU003689,Data Visualization
STU003689,Spark
STU003690,Node.js
STU003690,Power BI
STU003690,Excel
STU003690,React
STU003690,Machine Learning
STU003691,Kubernetes
STU003691,Power BI
STU003691,React
STU003691,Spark
STU003691,Deep Learning
STU003692,SQL
STU003692,React
STU003692,Azure
STU003692,C++
STU003692,Python
STU003692,Node.js
STU003693,JavaScript
STU003693,NLP
STU003693,SQL
STU003693,Python
STU003693,Kubernetes
STU003693,Statistics
STU003694,Problem Solving
STU003694,AWS
STU003694,Docker
STU003694,Financial Modeling
STU003694,Data Visualization
STU003694,JavaScript
STU003695,Spark
STU003695,JavaScript
STU003695,System Design
STU003696,SQL
STU003696,Excel
STU003696,Node.js
STU003700,Excel
STU003700,C++
STU003700,Java
STU003700,Communication
STU003700,JavaScript
STU003700,System Design
STU003701,AWS
STU003701,Financial Modeling
STU003701,Excel
STU003701,Data Visualization
STU003701,Machine Learning
STU003701,Java
STU003703,JavaScript
STU003703,Docker
STU003703,Java
STU003703,SQL
STU003703,System Design
STU003703,Power BI
STU003705,Financial Modeling
STU003705,Machine Learning
STU003705,Azure
STU003705,Deep Learning
STU003705,Go
STU003705,Java
STU003706,Java
STU003706,Tableau
STU003706,Financial Modeling
STU003706,NLP
STU003706,Machine Learning
STU003706,Python
STU003707,Communication
STU003707,System Design
STU003707,Kubernetes
STU003707,Statistics
STU003707,React
STU003708,Java
STU003708,Communication
STU003708,Go
STU003708,JavaScript
STU003708,Docker
STU003709,Tableau
STU003709,Kubernetes
STU003709,Problem Solving
STU003709,Docker
STU003709,C++
STU003710,Machine Learning
STU003710,Power BI
STU003710,System Design
STU003710,Azure
STU003711,C++
STU003711,Node.js
STU003711,Kubernetes
STU003711,Java
STU003711,Python
STU003711,React
STU003714,Power BI
STU003714,Docker
STU003714,System Design
STU003714,AWS
STU003721,Python
STU003721,Java
STU003721,React
STU003721,Machine Learning
STU003721,Docker
STU003721,System Design
STU003722,C++
STU003722,Azure
STU003722,Deep Learning
STU003726,Deep Learning
STU003726,Tableau
STU003726,Excel
STU003726,Machine Learning
STU003726,Kubernetes
STU003728,Data Visualization
STU003728,Kubernetes
STU003728,React
STU003728,Excel
STU003731,SQL
STU003731,NLP
STU003731,Deep Learning
STU003731,Tableau
STU003731,Machine Learning
STU003731,AWS
STU003732,System Design
STU003732,Kubernetes
STU003732,Machine Learning
STU003733,React
STU003733,Tableau
STU003733,JavaScript
STU003733,Java
STU003733,Node.js
STU003735,SQL
STU003735,System Design
STU003735,Deep Learning
STU003737,Kubernetes
STU003737,AWS
STU003737,Machine Learning
STU003737,Deep Learning
STU003737,Spark
STU003740,System Design
STU003740,Node.js
STU003740,NLP
STU003740,Machine Learning
STU003740,Excel
STU003741,Statistics
STU003741,AWS
STU003741,System Design
STU003743,AWS
STU003743,React
STU003743,SQL
STU003743,C++
STU003746,Node.js
STU003746,Go
STU003746,Statistics
STU003746,Kubernetes
STU003748,JavaScript
STU003748,Power BI
STU003748,Communication
STU003748,Spark
STU003748,Node.js
STU003748,Java
STU003749,System Design
STU003749,Python
STU003749,Statistics
STU003749,SQL
STU003750,Java
STU003750,Python
STU003750,Spark
STU003750,Deep Learning
STU003751,Node.js
STU003751,React
STU003751,Kubernetes
STU003751,Python
STU003753,Statistics
STU003753,AWS
STU003753,System Design
STU003754,C++
STU003754,Python
STU003754,Java
STU003754,System Design
STU003755,C++
STU003755,AWS
STU003755,Excel
STU003756,Go
STU003756,Java
STU003756,NLP
STU003760,C++
STU003760,Azure
STU003760,Node.js
STU003760,AWS
STU003760,System Design
STU003761,SQL
STU003761,Power BI
STU003761,React
STU003761,Docker
STU003762,Kubernetes
STU003762,Financial Modeling
STU003762,NLP
STU003762,Go
STU003763,Docker
STU003763,Go
STU003763,React
STU003763,System Design
STU003763,AWS
STU003765,Spark
STU003765,NLP
STU003765,Communication
STU003765,AWS
STU003765,Go
STU003766,Python
STU003766,Communication
STU003766,Docker
STU003766,Data Visualization
STU003766,Excel
STU003768,Data Visualization
STU003768,Node.js
STU003768,Power BI
STU003768,Kubernetes
STU003768,Docker
STU003768,NLP
STU003769,Statistics
STU003769,Data Visualization
STU003769,Kubernetes
STU003769,Java
STU003769,NLP
STU003769,C++
STU003771,Go
STU003771,AWS
STU003771,Statistics
STU003771,Deep Learning
STU003771,System Design
STU003772,Power BI
STU003772,Spark
STU003772,NLP
STU003772,Excel
STU003773,System Design
STU003773,Spark
STU003773,Node.js
STU003773,Problem Solving
STU003773,SQL
STU003773,Statistics
STU003775,Communication
STU003775,Machine Learning
STU003775,System Design
STU003778,Kubernetes
STU003778,C++
STU003778,NLP
STU003778,Machine Learning
STU003778,Deep Learning
STU003778,Go
STU003779,Machine Learning
STU003779,Docker
STU003779,JavaScript
STU003779,NLP
STU003780,Azure
STU003780,Kubernetes
STU003780,C++
STU003782,Python
STU003782,C++
STU003782,Docker
STU003782,Problem Solving
STU003786,AWS
STU003786,React
STU003786,C++
STU003787,NLP
STU003787,Kubernetes
STU003787,Java
STU003787,Azure
STU003787,Tableau
STU003791,React
STU003791,Data Visualization
STU003791,SQL
STU003791,Python
STU003791,Problem Solving
STU003791,Azure
STU003793,Machine Learning
STU003793,Communication
STU003793,Node.js
STU003793,Kubernetes
STU003793,Data Visualization
STU003793,Python
STU003794,C++
STU003794,AWS
STU003794,Deep Learning
STU003794,Azure
STU003794,Spark
STU003794,Kubernetes
STU003796,C++
STU003796,Communication
STU003796,Deep Learning
STU003796,Go
STU003796,Financial Modeling
STU003797,AWS
STU003797,Go
STU003797,Statistics
STU003797,NLP
STU003797,Spark
STU003797,Data Visualization
STU003798,NLP
STU003798,Excel
STU003798,Power BI
STU003798,Go
STU003798,Problem Solving
STU003798,Tableau
STU003800,JavaScript
STU003800,Node.js
STU003800,Docker
STU003800,Azure
STU003800,Deep Learning
STU003802,Communication
STU003802,C++
STU003802,Go
STU003802,Machine Learning
STU003805,Spark
STU003805,Node.js
STU003805,SQL
STU003805,Go
STU003805,Financial Modeling
STU003805,Docker
STU003807,Azure
STU003807,Docker
STU003807,Power BI
STU003808,NLP
STU003808,Data Visualization
STU003808,Power BI
STU003808,Azure
STU003809,Financial Modeling
STU003809,Azure
STU003809,Node.js
STU003809,C++
STU003809,Power BI
STU003810,JavaScript
STU003810,NLP
STU003810,Machine Learning
STU003812,Statistics
STU003812,Kubernetes
STU003812,Communication
STU003812,Deep Learning
STU003812,System Design
STU003812,Data Visualization
STU003813,Docker
STU003813,JavaScript
STU003813,Kubernetes
STU003813,Deep Learning
STU003813,React
STU003817,Azure
STU003817,Go
STU003817,AWS
STU003817,Excel
STU003817,Node.js
STU003819,Go
STU003819,React
STU003819,Python
STU003820,Financial Modeling
STU003820,Azure
STU003820,Node.js
STU003820,Tableau
STU003820,Docker
STU003820,AWS
STU003821,Node.js
STU003821,System Design
STU003821,Java
STU003824,System Design
STU003824,Node.js
STU003824,Machine Learning
STU003824,Python
STU003824,Docker
STU003824,Tableau
STU003825,Communication
STU003825,Go
STU003825,Deep Learning
STU003825,Python
STU003826,React
STU003826,Node.js
STU003826,AWS
STU003828,Azure
STU003828,JavaScript
STU003828,Statistics
STU003828,Java
STU003828,System Design
STU003828,C++
STU003829,Node.js
STU003829,Data Visualization
STU003829,Machine Learning
STU003829,System Design
STU003830,NLP
STU003830,Kubernetes
STU003830,Java
STU003830,JavaScript
STU003832,Statistics
STU003832,Python
STU003832,AWS
STU003832,Node.js
STU003832,Excel
STU003835,Problem Solving
STU003835,JavaScript
STU003835,NLP
STU003837,AWS
STU003837,NLP
STU003837,Kubernetes
STU003837,Node.js
STU003837,JavaScript
STU003837,Java
STU003838,Python
STU003838,Go
STU003838,SQL
STU003838,Deep Learning
STU003840,C++
STU003840,Spark
STU003840,Tableau
STU003842,Statistics
STU003842,Python
STU003842,Kubernetes
STU003842,Node.js
STU003842,Java
STU003842,Data Visualization
STU003843,Communication
STU003843,NLP
STU003843,AWS
STU003843,C++
STU003845,Excel
STU003845,Statistics
STU003845,Machine Learning
STU003845,Tableau
STU003845,React
STU003847,Kubernetes
STU003847,SQL
STU003847,Machine Learning
STU003847,Data Visualization
STU003849,React
STU003849,Spark
STU003849,Deep Learning
STU003849,C++
STU003850,Spark
STU003850,Tableau
STU003850,Power BI
STU003850,System Design
STU003850,Problem Solving
STU003850,Financial Modeling
STU003851,AWS
STU003851,Kubernetes
STU003851,Power BI
STU003853,Kubernetes
STU003853,Go
STU003853,SQL
STU003853,Financial Modeling
STU003853,Tableau
STU003858,Kubernetes
STU003858,React
STU003858,Communication
STU003858,SQL
STU003858,C++
STU003858,System Design
STU003859,Go
STU003859,AWS
STU003859,NLP
STU003859,Azure
STU003859,Financial Modeling
STU003861,Machine Learning
STU003861,Data Visualization
STU003861,Power BI
STU003861,Communication
STU003862,System Design
STU003862,Spark
STU003862,Docker
STU003862,Node.js
STU003863,Statistics
STU003863,SQL
STU003863,JavaScript
STU003863,Spark
STU003864,Azure
STU003864,Deep Learning
STU003864,Tableau
STU003864,AWS
STU003864,Machine Learning
STU003864,Statistics
STU003868,NLP
STU003868,Kubernetes
STU003868,Machine Learning
STU003868,Docker
STU003868,Spark
STU003871,JavaScript
STU003871,NLP
STU003871,React
STU003871,Spark
STU003871,Statistics
STU003872,C++
STU003872,React
STU003872,NLP
STU003872,Problem Solving
STU003873,Financial Modeling
STU003873,Tableau
STU003873,Deep Learning
STU003875,Kubernetes
STU003875,AWS
STU003875,Machine Learning
STU003875,Power BI
STU003875,Problem Solving
STU003875,Tableau
STU003876,C++
STU003876,Financial Modeling
STU003876,Deep Learning
STU003876,React
STU003876,NLP
STU003877,System Design
STU003877,React
STU003877,C++
STU003878,AWS
STU003878,Statistics
STU003878,Financial Modeling
STU003880,Azure
STU003880,Python
STU003880,Data Visualization
STU003883,System Design
STU003883,Tableau
STU003883,Excel
STU003884,Data Visualization
STU003884,NLP
STU003884,Azure
STU003884,Python
STU003884,System Design
STU003884,JavaScript
STU003886,Kubernetes
STU003886,NLP
STU003886,React
STU003886,Data Visualization
STU003892,NLP
STU003892,SQL
STU003892,System Design
STU003892,AWS
STU003892,Spark
STU003892,Problem Solving
STU003893,C++
STU003893,Spark
STU003893,Azure
STU003893,React
STU003893,System Design
STU003894,Problem Solving
STU003894,AWS
STU003894,Spark
STU003894,Azure
STU003894,C++
STU003894,Docker
STU003896,Excel
STU003896,Deep Learning
STU003896,Tableau
STU003896,NLP
STU003898,Python
STU003898,Excel
STU003898,Machine Learning
STU003898,Azure
STU003898,Power BI
STU003899,Go
STU003899,Data Visualization
STU003899,Java
STU003899,AWS
STU003901,Financial Modeling
STU003901,Power BI
STU003901,Machine Learning
STU003901,Excel
STU003901,System Design
STU003901,AWS
STU003902,Azure
STU003902,Financial Modeling
STU003902,Excel
STU003903,SQL
STU003903,Financial Modeling
STU003903,Data Visualization
STU003904,Data Visualization
STU003904,Power BI
STU003904,Go
STU003904,Spark
STU003907,Spark
STU003907,Python
STU003907,System Design
STU003907,Excel
STU003907,AWS
STU003907,JavaScript
STU003908,React
STU003908,NLP
STU003908,Kubernetes
STU003909,C++
STU003909,System Design
STU003909,Tableau
STU003909,Excel
STU003909,Problem Solving
STU003911,Excel
STU003911,NLP
STU003911,Spark
STU003911,React
STU003911,Communication
STU003911,Financial Modeling
STU003912,AWS
STU003912,Data Visualization
STU003912,Power BI
STU003912,Financial Modeling
STU003913,Statistics
STU003913,Spark
STU003913,Kubernetes
STU003916,Deep Learning
STU003916,Statistics
STU003916,React
STU003916,Problem Solving
STU003916,Machine Learning
STU003918,AWS
STU003918,Problem Solving
STU003918,React
STU003919,React
STU003919,Problem Solving
STU003919,Node.js
STU003919,Statistics
STU003920,Financial Modeling
STU003920,Communication
STU003920,SQL
STU003920,Node.js
STU003920,System Design
STU003926,Statistics
STU003926,Kubernetes
STU003926,Spark
STU003927,Communication
STU003927,C++
STU003927,Python
STU003931,Azure
STU003931,React
STU003931,JavaScript
STU003931,Machine Learning
STU003931,Statistics
STU003932,Spark
STU003932,Python
STU003932,NLP
STU003932,Statistics
STU003932,Deep Learning
STU003932,Machine Learning
STU003933,AWS
STU003933,Node.js
STU003933,Communication
STU003933,Kubernetes
STU003933,Java
STU003933,Go
STU003935,Tableau
STU003935,C++
STU003935,Docker
STU003935,Python
STU003935,Data Visualization
STU003935,JavaScript
STU003937,Docker
STU003937,JavaScript
STU003937,Spark
STU003937,Python
STU003940,Python
STU003940,Statistics
STU003940,Data Visualization
STU003940,JavaScript
STU003940,Tableau
STU003941,Excel
STU003941,Problem Solving
STU003941,Tableau
STU003941,Communication
STU003941,Deep Learning
STU003941,Docker
STU003942,Statistics
STU003942,Spark
STU003942,Machine Learning
STU003943,NLP
STU003943,Tableau
STU003943,Financial Modeling
STU003943,Node.js
STU003943,Excel
STU003943,JavaScript
STU003944,Statistics
STU003944,AWS
STU003944,Java
STU003944,NLP
STU003945,Go
STU003945,AWS
STU003945,Power BI
STU003945,Financial Modeling
STU003945,Tableau
STU003946,Statistics
STU003946,NLP
STU003946,Tableau
STU003946,Excel
STU003946,Power BI
STU003948,Node.js
STU003948,Statistics
STU003948,Spark
STU003948,React
STU003948,Kubernetes
STU003948,AWS
STU003949,Statistics
STU003949,Communication
STU003949,NLP
STU003949,JavaScript
STU003949,Kubernetes
STU003950,Python
STU003950,Kubernetes
STU003950,Node.js
STU003950,NLP
STU003950,System Design
STU003951,Financial Modeling
STU003951,Python
STU003951,Deep Learning
STU003951,C++
STU003951,Machine Learning
STU003953,Machine Learning
STU003953,C++
STU003953,Python
STU003953,Docker
STU003953,Kubernetes
STU003954,Go
STU003954,Data Visualization
STU003954,System Design
STU003954,Node.js
STU003954,C++
STU003955,React
STU003955,Go
STU003955,Financial Modeling
STU003956,Deep Learning
STU003956,Communication
STU003956,React
STU003956,AWS
STU003956,Excel
STU003956,Problem Solving
STU003960,Problem Solving
STU003960,Machine Learning
STU003960,Kubernetes
STU003963,Python
STU003963,Excel
STU003963,JavaScript
STU003966,Azure
STU003966,Excel
STU003966,Tableau
STU003967,Python
STU003967,C++
STU003967,Kubernetes
STU003967,Java
STU003967,Node.js
STU003967,Power BI
STU003968,React
STU003968,Spark
STU003968,Java
STU003969,Spark
STU003969,Power BI
STU003969,SQL
STU003969,System Design
STU003969,NLP
STU003969,React
STU003971,NLP
STU003971,SQL
STU003971,Deep Learning
STU003973,Deep Learning
STU003973,JavaScript
STU003973,Java
STU003974,Spark
STU003974,React
STU003974,Data Visualization
STU003976,Azure
STU003976,Machine Learning
STU003976,Financial Modeling
STU003976,JavaScript
STU003977,Power BI
STU003977,Docker
STU003977,Kubernetes
STU003978,SQL
STU003978,Node.js
STU003978,Go
STU003979,React
STU003979,JavaScript
STU003979,Go
STU003982,Azure
STU003982,System Design
STU003982,SQL
STU003982,React
STU003982,AWS
STU003985,NLP
STU003985,Kubernetes
STU003985,Excel
STU003986,C++
STU003986,Kubernetes
STU003986,Problem Solving
STU003986,Azure
STU003986,Go
STU003987,Problem Solving
STU003987,System Design
STU003987,Machine Learning
STU003987,Python
STU003987,Spark
STU003988,Problem Solving
STU003988,Data Visualization
STU003988,Communication
STU003988,Power BI
STU003988,System Design
STU003990,JavaScript
STU003990,Problem Solving
STU003990,AWS
STU003990,Tableau
STU003990,Python
STU003990,Machine Learning
STU003991,Deep Learning
STU003991,Data Visualization
STU003991,Problem Solving
STU003991,Statistics
STU003991,Docker
STU003991,Azure
STU003993,React
STU003993,Data Visualization
STU003993,Spark
STU003993,System Design
STU003993,Communication
STU003994,System Design
STU003994,JavaScript
STU003994,Deep Learning
STU003994,Problem Solving
STU003994,Python
STU003994,Data Visualization
STU003995,Python
STU003995,Go
STU003995,AWS
STU003995,Tableau
STU003995,NLP
STU003996,React
STU003996,Node.js
STU003996,Tableau
STU003998,Data Visualization
STU003998,JavaScript
STU003998,System Design
STU003998,Node.js
STU003998,Power BI
STU003998,SQL
STU004002,JavaScript
STU004002,Kubernetes
STU004002,Deep Learning
STU004002,Java
STU004002,C++
STU004004,Deep Learning
STU004004,Financial Modeling
STU004004,Java
STU004005,SQL
STU004005,Python
STU004005,Excel
STU004005,Data Visualization
STU004005,Kubernetes
STU004006,System Design
STU004006,Data Visualization
STU004006,Go
STU004007,System Design
STU004007,Kubernetes
STU004007,Problem Solving
STU004009,Java
STU004009,Problem Solving
STU004009,React
STU004009,Data Visualization
STU004009,Financial Modeling
STU004012,Node.js
STU004012,Java
STU004012,System Design
STU004013,Kubernetes
STU004013,Spark
STU004013,Deep Learning
STU004013,Excel
STU004013,Machine Learning
STU004014,Kubernetes
STU004014,Spark
STU004014,Tableau
STU004014,Excel
STU004015,Financial Modeling
STU004015,Node.js
STU004015,System Design
STU004015,AWS
STU004015,C++
STU004015,Statistics
STU004016,Spark
STU004016,NLP
STU004016,AWS
STU004017,Node.js
STU004017,Data Visualization
STU004017,Power BI
STU004017,Java
STU004017,Excel
STU004018,Spark
STU004018,Machine Learning
STU004018,System Design
STU004018,NLP
STU004019,Problem Solving
STU004019,Statistics
STU004019,System Design
STU004020,System Design
STU004020,Python
STU004020,Problem Solving
STU004020,Power BI
STU004021,NLP
STU004021,C++
STU004021,Kubernetes
STU004023,Azure
STU004023,Docker
STU004023,Machine Learning
STU004023,Java
STU004023,Financial Modeling
STU004024,C++
STU004024,Machine Learning
STU004024,Data Visualization
STU004024,Docker
STU004026,Statistics
STU004026,Machine Learning
STU004026,Power BI
STU004029,Power BI
STU004029,SQL
STU004029,Communication
STU004029,Java
STU004030,React
STU004030,Problem Solving
STU004030,JavaScript
STU004030,Machine Learning
STU004030,Azure
STU004030,Python
STU004031,Machine Learning
STU004031,Data Visualization
STU004031,AWS
STU004031,Statistics
STU004032,Communication
STU004032,System Design
STU004032,Kubernetes
STU004033,System Design
STU004033,C++
STU004033,Azure
STU004033,Excel
STU004033,React
STU004033,NLP
STU004034,AWS
STU004034,Deep Learning
STU004034,Machine Learning
STU004034,Kubernetes
STU004034,System Design
STU004034,Statistics
STU004036,JavaScript
STU004036,Java
STU004036,System Design
STU004036,Node.js
STU004036,Kubernetes
STU004036,Spark
STU004037,Docker
STU004037,Machine Learning
STU004037,Data Visualization
STU004038,Go
STU004038,Spark
STU004038,Azure
STU004038,Docker
STU004038,Data Visualization
STU004039,SQL
STU004039,Power BI
STU004039,NLP
STU004039,Financial Modeling
STU004040,JavaScript
STU004040,Financial Modeling
STU004040,AWS
STU004040,Spark
STU004041,Python
STU004041,JavaScript
STU004041,Problem Solving
STU004041,Tableau
STU004041,Docker
STU004041,Azure
STU004042,React
STU004042,Statistics
STU004042,NLP
STU004043,Python
STU004043,NLP
STU004043,Java
STU004043,Docker
STU004044,Go
STU004044,Financial Modeling
STU004044,Azure
STU004044,Spark
STU004045,Data Visualization
STU004045,NLP
STU004045,Spark
STU004045,Azure
STU004045,Node.js
STU004048,JavaScript
STU004048,AWS
STU004048,System Design
STU004048,Node.js
STU004048,Kubernetes
STU004051,Data Visualization
STU004051,Spark
STU004051,Kubernetes
STU004051,Docker
STU004051,Tableau
STU004051,Go
STU004052,NLP
STU004052,Deep Learning
STU004052,System Design
STU004053,Go
STU004053,Azure
STU004053,Kubernetes
STU004053,C++
STU004053,AWS
STU004053,Financial Modeling
STU004055,JavaScript
STU004055,Spark
STU004055,Node.js
STU004055,SQL
STU004055,Azure
STU004056,Tableau
STU004056,Spark
STU004056,Communication
STU004056,JavaScript
STU004056,SQL
STU004056,Problem Solving
STU004057,Python
STU004057,Node.js
STU004057,Financial Modeling
STU004057,Docker
STU004057,Java
STU004062,Java
STU004062,System Design
STU004062,Financial Modeling
STU004062,JavaScript
STU004062,Spark
STU004063,JavaScript
STU004063,System Design
STU004063,Power BI
STU004063,Financial Modeling
STU004064,React
STU004064,Python
STU004064,Deep Learning
STU004065,System Design
STU004065,Go
STU004065,Communication
STU004065,NLP
STU004066,JavaScript
STU004066,NLP
STU004066,Excel
STU004068,JavaScript
STU004068,System Design
STU004068,AWS
STU004069,Financial Modeling
STU004069,Problem Solving
STU004069,Spark
STU004069,React
STU004070,Node.js
STU004070,SQL
STU004070,Deep Learning
STU004070,Excel
STU004072,Java
STU004072,Spark
STU004072,SQL
STU004072,AWS
STU004072,System Design
STU004072,Power BI
STU004074,Machine Learning
STU004074,Java
STU004074,Node.js
STU004074,Tableau
STU004074,System Design
STU004074,Docker
STU004075,Statistics
STU004075,Power BI
STU004075,Problem Solving
STU004075,Excel
STU004075,Spark
STU004076,Excel
STU004076,AWS
STU004076,Kubernetes
STU004076,System Design
STU004076,Tableau
STU004076,Machine Learning
STU004080,Docker
STU004080,JavaScript
STU004080,System Design
STU004082,React
STU004082,Go
STU004082,AWS
STU004082,SQL
STU004082,NLP
STU004083,NLP
STU004083,Tableau
STU004083,C++
STU004083,Go
STU004083,Machine Learning
STU004084,Machine Learning
STU004084,Docker
STU004084,NLP
STU004084,Tableau
STU004085,React
STU004085,Deep Learning
STU004085,Power BI
STU004086,Financial Modeling
STU004086,Deep Learning
STU004086,SQL
STU004087,Azure
STU004087,Python
STU004087,System Design
STU004090,Communication
STU004090,Java
STU004090,Kubernetes
STU004090,NLP
STU004090,Node.js
STU004092,Statistics
STU004092,SQL
STU004092,Go
STU004092,Node.js
STU004092,AWS
STU004093,React
STU004093,Power BI
STU004093,Python
STU004094,System Design
STU004094,JavaScript
STU004094,Financial Modeling
STU004094,AWS
STU004094,Spark
STU004094,Problem Solving
STU004095,JavaScript
STU004095,React
STU004095,C++
STU004095,Python
STU004096,Node.js
STU004096,SQL
STU004096,Excel
STU004096,Deep Learning
STU004096,AWS
STU004097,Communication
STU004097,Python
STU004097,AWS
STU004098,AWS
STU004098,Data Visualization
STU004098,NLP
STU004098,System Design
STU004101,Kubernetes
STU004101,Deep Learning
STU004101,System Design
STU004101,AWS
STU004101,Financial Modeling
STU004101,Machine Learning
STU004103,System Design
STU004103,AWS
STU004103,Kubernetes
STU004103,Spark
STU004103,Java
STU004103,Power BI
STU004104,Financial Modeling
STU004104,Statistics
STU004104,AWS
STU004104,Spark
STU004107,AWS
STU004107,Azure
STU004107,Statistics
STU004108,Communication
STU004108,Kubernetes
STU004108,React
STU004111,React
STU004111,C++
STU004111,NLP
STU004111,Java
STU004111,Problem Solving
STU004113,Kubernetes
STU004113,Node.js
STU004113,Go
STU004115,Communication
STU004115,Kubernetes
STU004115,Docker
STU004115,System Design
STU004115,NLP
STU004115,Java
STU004116,Power BI
STU004116,Spark
STU004116,NLP
STU004116,JavaScript
STU004116,Python
STU004117,AWS
STU004117,Tableau
STU004117,SQL
STU004118,System Design
STU004118,Problem Solving
STU004118,Go
STU004118,SQL
STU004118,Node.js
STU004118,JavaScript
STU004120,Problem Solving
STU004120,React
STU004120,Spark
STU004120,Excel
STU004121,Excel
STU004121,Communication
STU004121,C++
STU004121,Statistics
STU004127,Excel
STU004127,Tableau
STU004127,Power BI
STU004127,Communication
STU004128,AWS
STU004128,Docker
STU004128,React
STU004128,Python
STU004130,JavaScript
STU004130,Azure
STU004130,Statistics
STU004130,Kubernetes
STU004131,Docker
STU004131,Data Visualization
STU004131,Power BI
STU004131,Machine Learning
STU004131,Deep Learning
STU004132,Docker
STU004132,NLP
STU004132,AWS
STU004132,System Design
STU004132,Spark
STU004133,System Design
STU004133,Go
STU004133,Spark
STU004134,Machine Learning
STU004134,Kubernetes
STU004134,Statistics
STU004135,NLP
STU004135,Kubernetes
STU004135,Java
STU004136,Deep Learning
STU004136,Python
STU004136,JavaScript
STU004136,Power BI
STU004138,NLP
STU004138,JavaScript
STU004138,Python
STU004138,System Design
STU004139,Go
STU004139,Spark
STU004139,Python
STU004139,Kubernetes
STU004139,Communication
STU004139,Azure
STU004140,Spark
STU004140,Java
STU004140,Excel
STU004142,AWS
STU004142,Problem Solving
STU004142,Azure
STU004142,Java
STU004142,SQL
STU004142,System Design
STU004145,Problem Solving
STU004145,Excel
STU004145,Spark
STU004145,React
STU004145,System Design
STU004145,Go
STU004146,Power BI
STU004146,Excel
STU004146,Azure
STU004146,React
STU004146,Machine Learning
STU004147,Python
STU004147,Financial Modeling
STU004147,Power BI
STU004148,Tableau
STU004148,AWS
STU004148,Spark
STU004148,Data Visualization
STU004148,Problem Solving
STU004149,React
STU004149,SQL
STU004149,Machine Learning
STU004150,Problem Solving
STU004150,Power BI
STU004150,Machine Learning
STU004150,C++
STU004150,Azure
STU004151,Spark
STU004151,Data Visualization
STU004151,Azure
STU004152,Kubernetes
STU004152,Node.js
STU004152,JavaScript
STU004152,Statistics
STU004152,Docker
STU004152,Java
STU004153,NLP
STU004153,Kubernetes
STU004153,Machine Learning
STU004154,Java
STU004154,Excel
STU004154,Python
STU004154,Problem Solving
STU004154,Deep Learning
STU004155,Power BI
STU004155,Excel
STU004155,C++
STU004155,Problem Solving
STU004155,Python
STU004155,NLP
STU004157,AWS
STU004157,SQL
STU004157,Azure
STU004157,C++
STU004157,Java
STU004159,Machine Learning
STU004159,Problem Solving
STU004159,Kubernetes
STU004159,Excel
STU004159,Python
STU004160,Statistics
STU004160,Azure
STU004160,Python
STU004160,JavaScript
STU004161,Go
STU004161,NLP
STU004161,AWS
STU004161,Statistics
STU004162,Statistics
STU004162,NLP
STU004162,System Design
STU004163,Excel
STU004163,Problem Solving
STU004163,JavaScript
STU004164,Financial Modeling
STU004164,NLP
STU004164,Machine Learning
STU004165,JavaScript
STU004165,Azure
STU004165,System Design
STU004167,Docker
STU004167,Tableau
STU004167,Statistics
STU004168,Go
STU004168,Docker
STU004168,AWS
STU004168,Spark
STU004171,SQL
STU004171,Java
STU004171,Deep Learning
STU004173,Data Visualization
STU004173,Kubernetes
STU004173,Excel
STU004174,Machine Learning
STU004174,Deep Learning
STU004174,Statistics
STU004174,Spark
STU004174,Docker
STU004176,Problem Solving
STU004176,Node.js
STU004176,Data Visualization
STU004176,Python
STU004176,Statistics
STU004177,System Design
STU004177,Power BI
STU004177,Node.js
STU004178,Excel
STU004178,Docker
STU004178,Node.js
STU004179,Kubernetes
STU004179,Python
STU004179,System Design
STU004180,Statistics
STU004180,Communication
STU004180,Go
STU004180,Power BI
STU004182,Node.js
STU004182,Python
STU004182,Power BI
STU004182,Java
STU004182,Machine Learning
STU004182,Tableau
STU004183,Communication
STU004183,Python
STU004183,SQL
STU004183,Problem Solving
STU004184,Kubernetes
STU004184,NLP
STU004184,SQL
STU004184,Tableau
STU004184,Spark
STU004186,React
STU004186,C++
STU004186,Python
STU004186,Financial Modeling
STU004187,Azure
STU004187,Financial Modeling
STU004187,React
STU004187,JavaScript
STU004187,Docker
STU004187,Machine Learning
STU004188,Docker
STU004188,Python
STU004188,Kubernetes
STU004188,SQL
STU004188,Excel
STU004188,Go
STU004189,AWS
STU004189,Deep Learning
STU004189,JavaScript
STU004189,React
STU004189,NLP
STU004190,Tableau
STU004190,SQL
STU004190,Kubernetes
STU004190,Statistics
STU004190,Docker
STU004190,Machine Learning
STU004191,Go
STU004191,C++
STU004191,Machine Learning
STU004191,Java
STU004191,AWS
STU004195,Go
STU004195,Financial Modeling
STU004195,Tableau
STU004195,Power BI
STU004195,Java
STU004195,Data Visualization
STU004196,Financial Modeling
STU004196,JavaScript
STU004196,Problem Solving
STU004196,Data Visualization
STU004196,Machine Learning
STU004196,SQL
STU004197,Java
STU004197,React
STU004197,Node.js
STU004197,Spark
STU004198,Data Visualization
STU004198,Problem Solving
STU004198,C++
STU004198,Statistics
STU004198,Kubernetes
STU004198,SQL
STU004200,Python
STU004200,Excel
STU004200,System Design
STU004200,Go
STU004202,Power BI
STU004202,Excel
STU004202,Java
STU004202,NLP
STU004203,JavaScript
STU004203,Data Visualization
STU004203,System Design
STU004203,Python
STU004203,Kubernetes
STU004203,Machine Learning
STU004205,JavaScript
STU004205,SQL
STU004205,NLP
STU004205,C++
STU004207,Azure
STU004207,Docker
STU004207,System Design
STU004207,Kubernetes
STU004207,AWS
STU004209,JavaScript
STU004209,AWS
STU004209,Power BI
STU004210,Deep Learning
STU004210,Financial Modeling
STU004210,Azure
STU004210,Statistics
STU004210,React
STU004212,System Design
STU004212,NLP
STU004212,Tableau
STU004212,Docker
STU004212,Go
STU004213,C++
STU004213,JavaScript
STU004213,AWS
STU004213,Java
STU004214,Communication
STU004214,Go
STU004214,React
STU004214,JavaScript
STU004214,Financial Modeling
STU004215,Spark
STU004215,JavaScript
STU004215,Financial Modeling
STU004216,Communication
STU004216,Financial Modeling
STU004216,Data Visualization
STU004217,Communication
STU004217,Kubernetes
STU004217,Deep Learning
STU004217,Spark
STU004217,NLP
STU004217,Problem Solving
STU004218,System Design
STU004218,Azure
STU004218,Data Visualization
STU004219,Communication
STU004219,System Design
STU004219,React
STU004219,Excel
STU004219,Statistics
STU004219,AWS
STU004221,Power BI
STU004221,NLP
STU004221,AWS
STU004224,React
STU004224,Machine Learning
STU004224,Spark
STU004224,Deep Learning
STU004225,Financial Modeling
STU004225,C++
STU004225,JavaScript
STU004225,React
STU004229,Tableau
STU004229,Communication
STU004229,React
STU004230,Java
STU004230,React
STU004230,Tableau
STU004230,Machine Learning
STU004231,NLP
STU004231,Tableau
STU004231,JavaScript
STU004232,Communication
STU004232,Tableau
STU004232,Go
STU004232,System Design
STU004233,AWS
STU004233,Azure
STU004233,Power BI
STU004233,Python
STU004233,C++
STU004234,AWS
STU004234,Deep Learning
STU004234,Tableau
STU004234,Excel
STU004234,Azure
STU004235,Data Visualization
STU004235,NLP
STU004235,Financial Modeling
STU004235,Java
STU004237,Excel
STU004237,Machine Learning
STU004237,Kubernetes
STU004238,Node.js
STU004238,System Design
STU004238,Docker
STU004238,Excel
STU004239,Tableau
STU004239,Deep Learning
STU004239,Kubernetes
STU004239,Data Visualization
STU004240,Data Visualization
STU004240,JavaScript
STU004240,Java
STU004242,Python
STU004242,Tableau
STU004242,Docker
STU004242,Financial Modeling
STU004243,Azure
STU004243,JavaScript
STU004243,Docker
STU004243,Kubernetes
STU004243,NLP
STU004243,Communication
STU004245,Python
STU004245,Machine Learning
STU004245,AWS
STU004245,System Design
STU004245,Power BI
STU004245,Node.js
STU004246,System Design
STU004246,Python
STU004246,JavaScript
STU004246,Statistics
STU004246,Communication
STU004246,Machine Learning
STU004249,Financial Modeling
STU004249,Communication
STU004249,AWS
STU004249,Spark
STU004249,NLP
STU004252,Go
STU004252,C++
STU004252,Java
STU004252,Tableau
STU004252,Node.js
STU004253,Problem Solving
STU004253,C++
STU004253,Kubernetes
STU004255,AWS
STU004255,Docker
STU004255,NLP
STU004255,Data Visualization
STU004255,Deep Learning
STU004257,Communication
STU004257,Python
STU004257,Machine Learning
STU004257,Kubernetes
STU004257,System Design
STU004259,NLP
STU004259,Excel
STU004259,Financial Modeling
STU004259,Kubernetes
STU004259,System Design
STU004261,Go
STU004261,Financial Modeling
STU004261,AWS
STU004261,Kubernetes
STU004262,Java
STU004262,Problem Solving
STU004262,Excel
STU004265,Communication
STU004265,AWS
STU004265,Power BI
STU004265,Spark
STU004265,Kubernetes
STU004265,Tableau
STU004268,Statistics
STU004268,Azure
STU004268,Machine Learning
STU004268,AWS
STU004268,Tableau
STU004269,NLP
STU004269,AWS
STU004269,Kubernetes
STU004269,SQL
STU004270,Problem Solving
STU004270,System Design
STU004270,Python
STU004271,AWS
STU004271,Java
STU004271,NLP
STU004271,Machine Learning
STU004271,Node.js
STU004271,Statistics
STU004273,JavaScript
STU004273,Spark
STU004273,Node.js
STU004273,Azure
STU004276,NLP
STU004276,Spark
STU004276,Excel
STU004276,Tableau
STU004276,Statistics
STU004276,Azure
STU004277,JavaScript
STU004277,Communication
STU004277,Statistics
STU004279,System Design
STU004279,React
STU004279,Tableau
STU004279,Communication
STU004279,Financial Modeling
STU004279,Azure
STU004280,Kubernetes
STU004280,React
STU004280,Go
STU004280,Excel
STU004280,Java
STU004282,Power BI
STU004282,AWS
STU004282,NLP
STU004283,JavaScript
STU004283,Statistics
STU004283,Docker
STU004283,Deep Learning
STU004283,System Design
STU004283,C++
STU004284,Problem Solving
STU004284,Deep Learning
STU004284,C++
STU004285,Communication
STU004285,Tableau
STU004285,Problem Solving
STU004285,Excel
STU004285,Financial Modeling
STU004286,Problem Solving
STU004286,Azure
STU004286,Excel
STU004288,SQL
STU004288,Java
STU004288,Data Visualization
STU004288,Financial Modeling
STU004288,Spark
STU004288,React
STU004289,Node.js
STU004289,Problem Solving
STU004289,Excel
STU004289,Kubernetes
STU004289,System Design
STU004290,Machine Learning
STU004290,Excel
STU004290,SQL
STU004291,React
STU004291,Java
STU004291,Docker
STU004294,NLP
STU004294,Node.js
STU004294,Deep Learning
STU004294,System Design
STU004295,NLP
STU004295,C++
STU004295,Data Visualization
STU004295,Power BI
STU004296,Excel
STU004296,Node.js
STU004296,SQL
STU004296,Deep Learning
STU004296,Kubernetes
STU004299,Kubernetes
STU004299,SQL
STU004299,NLP
STU004299,Financial Modeling
STU004301,Azure
STU004301,React
STU004301,Communication
STU004301,C++
STU004301,Data Visualization
STU004303,Node.js
STU004303,Power BI
STU004303,Communication
STU004303,Kubernetes
STU004303,Java
STU004307,Kubernetes
STU004307,Deep Learning
STU004307,AWS
STU004307,Azure
STU004308,JavaScript
STU004308,Docker
STU004308,Go
STU004308,Spark
STU004308,Node.js
STU004308,Problem Solving
STU004309,Python
STU004309,NLP
STU004309,Tableau
STU004310,Python
STU004310,Java
STU004310,Power BI
STU004310,Go
STU004311,Docker
STU004311,Communication
STU004311,Node.js
STU004311,System Design
STU004311,Machine Learning
STU004314,Power BI
STU004314,React
STU004314,Statistics
STU004314,Spark
STU004315,Node.js
STU004315,JavaScript
STU004315,Python
STU004315,React
STU004316,Go
STU004316,Statistics
STU004316,Problem Solving
STU004316,C++
STU004316,Financial Modeling
STU004317,NLP
STU004317,Python
STU004317,Communication
STU004317,Spark
STU004317,Problem Solving
STU004317,JavaScript
STU004319,NLP
STU004319,JavaScript
STU004319,Spark
STU004319,Machine Learning
STU004319,Go
STU004320,Go
STU004320,Data Visualization
STU004320,SQL
STU004320,Deep Learning
STU004320,Power BI
STU004323,Problem Solving
STU004323,Kubernetes
STU004323,Python
STU004324,Problem Solving
STU004324,AWS
STU004324,React
STU004324,Docker
STU004324,Tableau
STU004326,Tableau
STU004326,Deep Learning
STU004326,Kubernetes
STU004327,React
STU004327,Problem Solving
STU004327,Kubernetes
STU004327,AWS
STU004327,Spark
STU004327,Docker
STU004328,Power BI
STU004328,Financial Modeling
STU004328,JavaScript
STU004329,Kubernetes
STU004329,C++
STU004329,Python
STU004330,C++
STU004330,Azure
STU004330,Spark
STU004330,React
STU004330,Docker
STU004331,C++
STU004331,React
STU004331,Statistics
STU004335,SQL
STU004335,NLP
STU004335,Data Visualization
STU004338,Kubernetes
STU004338,Data Visualization
STU004338,Azure
STU004338,SQL
STU004338,Excel
STU004342,Statistics
STU004342,NLP
STU004342,Tableau
STU004343,Docker
STU004343,AWS
STU004343,Java
STU004345,Statistics
STU004345,Machine Learning
STU004345,Data Visualization
STU004345,Python
STU004345,JavaScript
STU004345,Problem Solving
STU004346,Problem Solving
STU004346,Kubernetes
STU004346,System Design
STU004347,Spark
STU004347,SQL
STU004347,Node.js
STU004347,NLP
STU004347,Go
STU004348,Go
STU004348,Kubernetes
STU004348,JavaScript
STU004348,Java
STU004348,Machine Learning
STU004348,System Design
STU004349,Go
STU004349,Deep Learning
STU004349,Problem Solving
STU004350,Spark
STU004350,Communication
STU004350,Machine Learning
STU004350,AWS
STU004350,Problem Solving
STU004350,Kubernetes
STU004351,JavaScript
STU004351,Spark
STU004351,Go
STU004351,Financial Modeling
STU004351,NLP
STU004351,Statistics
STU004352,Statistics
STU004352,C++
STU004352,Tableau
STU004352,JavaScript
STU004352,Docker
STU004352,Azure
STU004353,Problem Solving
STU004353,Excel
STU004353,Statistics
STU004354,Deep Learning
STU004354,Machine Learning
STU004354,Spark
STU004354,Excel
STU004354,Power BI
STU004355,Machine Learning
STU004355,AWS
STU004355,SQL
STU004356,Statistics
STU004356,Spark
STU004356,AWS
STU004359,NLP
STU004359,Financial Modeling
STU004359,Go
STU004363,Data Visualization
STU004363,System Design
STU004363,Azure
STU004363,Node.js
STU004368,Spark
STU004368,Communication
STU004368,NLP
STU004368,React
STU004370,Financial Modeling
STU004370,Machine Learning
STU004370,Statistics
STU004370,Spark
STU004372,Kubernetes
STU004372,Deep Learning
STU004372,Docker
STU004373,Node.js
STU004373,Deep Learning
STU004373,Java
STU004373,NLP
STU004373,Data Visualization
STU004373,Kubernetes
STU004374,Docker
STU004374,Statistics
STU004374,C++
STU004374,System Design
STU004374,AWS
STU004374,Spark
STU004375,SQL
STU004375,Docker
STU004375,C++
STU004375,Excel
STU004378,Java
STU004378,AWS
STU004378,JavaScript
STU004378,Spark
STU004378,Azure
STU004381,Financial Modeling
STU004381,Azure
STU004381,Tableau
STU004381,Statistics
STU004381,Problem Solving
STU004381,Java
STU004382,Node.js
STU004382,AWS
STU004382,Data Visualization
STU004382,Power BI
STU004382,Spark
STU004382,Deep Learning
STU004384,Financial Modeling
STU004384,NLP
STU004384,Kubernetes
STU004386,Node.js
STU004386,C++
STU004386,Kubernetes
STU004386,React
STU004386,Statistics
STU004389,Java
STU004389,Node.js
STU004389,React
STU004389,Financial Modeling
STU004389,JavaScript
STU004389,Go
STU004391,Communication
STU004391,Kubernetes
STU004391,Excel
STU004393,AWS
STU004393,Power BI
STU004393,C++
STU004393,Problem Solving
STU004393,Communication
STU004394,Deep Learning
STU004394,System Design
STU004394,Problem Solving
STU004394,Statistics
STU004394,Machine Learning
STU004395,Deep Learning
STU004395,Spark
STU004395,Statistics
STU004397,Statistics
STU004397,Communication
STU004397,Financial Modeling
STU004397,Excel
STU004397,System Design
STU004397,Docker
STU004398,C++
STU004398,Excel
STU004398,Go
STU004399,Azure
STU004399,NLP
STU004399,Excel
STU004399,AWS
STU004399,C++
STU004399,React
STU004400,Python
STU004400,Azure
STU004400,Excel
STU004400,Spark
STU004401,Docker
STU004401,React
STU004401,System Design
STU004401,Tableau
STU004403,Spark
STU004403,Python
STU004403,Tableau
STU004403,System Design
STU004403,SQL
STU004406,Machine Learning
STU004406,Spark
STU004406,C++
STU004407,Power BI
STU004407,System Design
STU004407,Statistics
STU004407,Data Visualization
STU004407,Machine Learning
STU004407,Spark
STU004408,Node.js
STU004408,Problem Solving
STU004408,Communication
STU004408,Spark
STU004409,Machine Learning
STU004409,Kubernetes
STU004409,Excel
STU004409,Financial Modeling
STU004409,Go
STU004411,Go
STU004411,AWS
STU004411,Spark
STU004411,JavaScript
STU004411,C++
STU004412,Java
STU004412,Problem Solving
STU004412,Financial Modeling
STU004414,Problem Solving
STU004414,Machine Learning
STU004414,Spark
STU004414,Statistics
STU004414,C++
STU004415,Deep Learning
STU004415,JavaScript
STU004415,Statistics
STU004417,Go
STU004417,System Design
STU004417,JavaScript
STU004420,Go
STU004420,Spark
STU004420,AWS
STU004420,Python
STU004422,Tableau
STU004422,Statistics
STU004422,Python
STU004422,System Design
STU004423,React
STU004423,C++
STU004423,Communication
STU004423,Problem Solving
STU004423,Financial Modeling
STU004423,JavaScript
STU004424,SQL
STU004424,Deep Learning
STU004424,Financial Modeling
STU004425,Azure
STU004425,Docker
STU004425,Node.js
STU004426,C++
STU004426,Go
STU004426,Power BI
STU004426,JavaScript
STU004426,Machine Learning
STU004427,Python
STU004427,C++
STU004427,Power BI
STU004427,Machine Learning
STU004427,Problem Solving
STU004428,Excel
STU004428,C++
STU004428,Kubernetes
STU004428,JavaScript
STU004428,Azure
STU004428,System Design
STU004429,Node.js
STU004429,Excel
STU004429,Go
STU004429,System Design
STU004430,Deep Learning
STU004430,Docker
STU004430,Communication
STU004430,Power BI
STU004430,Statistics
STU004430,AWS
STU004431,Node.js
STU004431,System Design
STU004431,Problem Solving
STU004431,Azure
STU004431,Python
STU004431,Kubernetes
STU004432,Communication
STU004432,Problem Solving
STU004432,Excel
STU004432,NLP
STU004432,Machine Learning
STU004432,JavaScript
STU004434,Excel
STU004434,Power BI
STU004434,Financial Modeling
STU004434,AWS
STU004435,JavaScript
STU004435,Docker
STU004435,Go
STU004435,SQL
STU004435,System Design
STU004435,Node.js
STU004436,Go
STU004436,Tableau
STU004436,JavaScript
STU004436,Data Visualization
STU004437,Power BI
STU004437,Tableau
STU004437,Communication
STU004438,Power BI
STU004438,Financial Modeling
STU004438,System Design
STU004438,Java
STU004439,Deep Learning
STU004439,Spark
STU004439,Statistics
STU004439,Machine Learning
STU004439,Azure
STU004440,Go
STU004440,JavaScript
STU004440,AWS
STU004440,Kubernetes
STU004440,Python
STU004440,Spark
STU004441,Python
STU004441,AWS
STU004441,Deep Learning
STU004441,JavaScript
STU004441,Machine Learning
STU004441,React
STU004444,Node.js
STU004444,System Design
STU004444,Machine Learning
STU004444,AWS
STU004445,Problem Solving
STU004445,Java
STU004445,Communication
STU004445,System Design
STU004446,Python
STU004446,Tableau
STU004446,JavaScript
STU004446,Kubernetes
STU004447,Machine Learning
STU004447,C++
STU004447,NLP
STU004448,Excel
STU004448,NLP
STU004448,Tableau
STU004448,System Design
STU004448,Kubernetes
STU004448,Problem Solving
STU004449,System Design
STU004449,Python
STU004449,Docker
STU004449,Spark
STU004449,Azure
STU004450,AWS
STU004450,JavaScript
STU004450,Machine Learning
STU004450,Spark
STU004450,Python
STU004454,React
STU004454,Spark
STU004454,SQL
STU004456,Python
STU004456,Power BI
STU004456,Machine Learning
STU004456,Docker
STU004456,System Design
STU004458,AWS
STU004458,Azure
STU004458,Kubernetes
STU004458,Communication
STU004458,Node.js
STU004463,System Design
STU004463,Python
STU004463,Go
STU004463,Deep Learning
STU004463,Kubernetes
STU004463,Statistics
STU004466,Go
STU004466,C++
STU004466,Kubernetes
STU004466,Spark
STU004466,NLP
STU004467,Machine Learning
STU004467,Tableau
STU004467,AWS
STU004468,Machine Learning
STU004468,Kubernetes
STU004468,Azure
STU004472,Financial Modeling
STU004472,Statistics
STU004472,System Design
STU004475,Financial Modeling
STU004475,Tableau
STU004475,Python
STU004475,React
STU004475,C++
STU004476,Power BI
STU004476,Node.js
STU004476,Excel
STU004476,Azure
STU004476,Kubernetes
STU004476,Deep Learning
STU004480,Azure
STU004480,System Design
STU004480,Docker
STU004480,Go
STU004480,Deep Learning
STU004480,Java
STU004483,Financial Modeling
STU004483,Data Visualization
STU004483,Java
STU004483,Azure
STU004483,Kubernetes
STU004483,Deep Learning
STU004484,Tableau
STU004484,JavaScript
STU004484,Financial Modeling
STU004484,Java
STU004484,NLP
STU004487,Data Visualization
STU004487,Machine Learning
STU004487,Excel
STU004487,Java
STU004487,Deep Learning
STU004488,AWS
STU004488,Docker
STU004488,Communication
STU004488,Excel
STU004488,Problem Solving
STU004488,Spark
STU004489,Excel
STU004489,C++
STU004489,Java
STU004489,Go
STU004489,NLP
STU004490,AWS
STU004490,Spark
STU004490,Statistics
STU004490,JavaScript
STU004495,Power BI
STU004495,Problem Solving
STU004495,JavaScript
STU004495,Excel
STU004496,C++
STU004496,Spark
STU004496,React
STU004496,Python
STU004496,JavaScript
STU004497,Statistics
STU004497,Azure
STU004497,System Design
STU004497,AWS
STU004497,JavaScript
STU004497,NLP
STU004500,NLP
STU004500,Go
STU004500,Tableau
STU004500,Node.js
STU004500,Communication
STU004500,C++
STU004502,Java
STU004502,Spark
STU004502,Go
STU004502,NLP
STU004504,Financial Modeling
STU004504,Problem Solving
STU004504,Power BI
STU004504,Azure
STU004504,Spark
STU004504,Docker
STU004506,Java
STU004506,Tableau
STU004506,Statistics
STU004507,Problem Solving
STU004507,System Design
STU004507,C++
STU004508,React
STU004508,Kubernetes
STU004508,AWS
STU004508,SQL
STU004508,Excel
STU004508,Docker
STU004509,System Design
STU004509,Docker
STU004509,JavaScript
STU004513,AWS
STU004513,Java
STU004513,NLP
STU004513,Kubernetes
STU004513,Spark
STU004514,Deep Learning
STU004514,SQL
STU004514,Docker
STU004514,AWS
STU004514,Data Visualization
STU004515,Azure
STU004515,AWS
STU004515,Docker
STU004515,NLP
STU004515,Node.js
STU004515,Python
STU004516,AWS
STU004516,Communication
STU004516,Data Visualization
STU004516,Deep Learning
STU004516,System Design
STU004516,Azure
STU004518,Excel
STU004518,Machine Learning
STU004518,System Design
STU004518,Statistics
STU004518,Problem Solving
STU004520,Java
STU004520,Spark
STU004520,Azure
STU004520,Go
STU004520,SQL
STU004520,System Design
STU004521,Spark
STU004521,React
STU004521,Machine Learning
STU004521,NLP
STU004521,Data Visualization
STU004521,Excel
STU004522,Spark
STU004522,Azure
STU004522,Kubernetes
STU004523,NLP
STU004523,Node.js
STU004523,Financial Modeling
STU004523,Deep Learning
STU004523,AWS
STU004524,System Design
STU004524,JavaScript
STU004524,Spark
STU004524,NLP
STU004524,Azure
STU004525,Power BI
STU004525,Machine Learning
STU004525,AWS
STU004525,Kubernetes
STU004526,Docker
STU004526,Machine Learning
STU004526,Azure
STU004526,Java
STU004527,SQL
STU004527,Kubernetes
STU004527,C++
STU004527,Financial Modeling
STU004527,Power BI
STU004527,Tableau
STU004528,AWS
STU004528,NLP
STU004528,Kubernetes
STU004528,Machine Learning
STU004528,System Design
STU004529,Node.js
STU004529,Tableau
STU004529,Spark
STU004529,Problem Solving
STU004529,C++
STU004529,AWS
STU004530,Problem Solving
STU004530,React
STU004530,Node.js
STU004530,Go
STU004531,Statistics
STU004531,NLP
STU004531,Spark
STU004531,Docker
STU004531,SQL
STU004531,Excel
STU004532,Go
STU004532,Power BI
STU004532,Tableau
STU004532,Data Visualization
STU004532,Python
STU004532,Kubernetes
STU004533,Go
STU004533,Java
STU004533,Kubernetes
STU004533,Communication
STU004533,Docker
STU004535,Python
STU004535,Azure
STU004535,System Design
STU004535,Spark
STU004536,Kubernetes
STU004536,Azure
STU004536,Statistics
STU004536,React
STU004536,Tableau
STU004538,Java
STU004538,React
STU004538,NLP
STU004538,C++
STU004538,Spark
STU004538,Excel
STU004539,Go
STU004539,Problem Solving
STU004539,Azure
STU004539,NLP
STU004539,Python
STU004539,React
STU004541,Problem Solving
STU004541,Excel
STU004541,Azure
STU004541,C++
STU004541,Power BI
STU004542,Java
STU004542,Financial Modeling
STU004542,Docker
STU004542,AWS
STU004544,Machine Learning
STU004544,C++
STU004544,Python
STU004544,Go
STU004544,Docker
STU004545,Kubernetes
STU004545,System Design
STU004545,Financial Modeling
STU004545,Docker
STU004545,Data Visualization
STU004547,Python
STU004547,JavaScript
STU004547,Problem Solving
STU004547,Excel
STU004547,C++
STU004548,JavaScript
STU004548,Kubernetes
STU004548,Python
STU004549,Statistics
STU004549,Java
STU004549,JavaScript
STU004549,Financial Modeling
STU004549,Kubernetes
STU004550,Excel
STU004550,NLP
STU004550,Python
STU004550,Problem Solving
STU004551,Node.js
STU004551,Statistics
STU004551,Deep Learning
STU004552,JavaScript
STU004552,Node.js
STU004552,React
STU004552,Problem Solving
STU004552,Java
STU004552,Deep Learning
STU004554,Go
STU004554,SQL
STU004554,Machine Learning
STU004554,Node.js
STU004554,Kubernetes
STU004556,Deep Learning
STU004556,Power BI
STU004556,React
STU004556,Kubernetes
STU004556,C++
STU004556,Python
STU004557,Data Visualization
STU004557,SQL
STU004557,Deep Learning
STU004557,Go
STU004557,Kubernetes
STU004558,Kubernetes
STU004558,Communication
STU004558,Docker
STU004558,JavaScript
STU004558,Go
STU004560,Node.js
STU004560,C++
STU004560,Java
STU004560,Go
STU004560,Machine Learning
STU004563,Communication
STU004563,C++
STU004563,NLP
STU004563,Azure
STU004563,Machine Learning
STU004564,JavaScript
STU004564,Azure
STU004564,Power BI
STU004564,AWS
STU004565,Problem Solving
STU004565,System Design
STU004565,Docker
STU004565,Tableau
STU004569,Docker
STU004569,Machine Learning
STU004569,Tableau
STU004569,Deep Learning
STU004569,System Design
STU004569,NLP
STU004570,Excel
STU004570,Docker
STU004570,Deep Learning
STU004570,Machine Learning
STU004570,C++
STU004570,Tableau
STU004572,JavaScript
STU004572,Statistics
STU004572,Python
STU004572,Deep Learning
STU004572,Tableau
STU004573,Communication
STU004573,JavaScript
STU004573,Spark
STU004574,Azure
STU004574,Python
STU004574,SQL
STU004574,Data Visualization
STU004574,Excel
STU004576,Azure
STU004576,Data Visualization
STU004576,Python
STU004576,AWS
STU004577,Docker
STU004577,Kubernetes
STU004577,Python
STU004578,SQL
STU004578,Java
STU004578,React
STU004578,Node.js
STU004578,Kubernetes
STU004581,C++
STU004581,Tableau
STU004581,Docker
STU004581,Machine Learning
STU004582,Statistics
STU004582,Financial Modeling
STU004582,Deep Learning
STU004582,Java
STU004582,Communication
STU004582,Azure
STU004584,Node.js
STU004584,Power BI
STU004584,Financial Modeling
STU004584,React
STU004585,System Design
STU004585,C++
STU004585,React
STU004585,Spark
STU004585,Problem Solving
STU004586,Kubernetes
STU004586,C++
STU004586,Azure
STU004586,Java
STU004588,Problem Solving
STU004588,Machine Learning
STU004588,Kubernetes
STU004588,Python
STU004588,Communication
STU004590,Go
STU004590,Azure
STU004590,System Design
STU004590,Data Visualization
STU004590,Node.js
STU004591,Excel
STU004591,Go
STU004591,Node.js
STU004592,Node.js
STU004592,AWS
STU004592,Kubernetes
STU004594,Tableau
STU004594,Spark
STU004594,Excel
STU004596,React
STU004596,Financial Modeling
STU004596,C++
STU004596,Kubernetes
STU004596,Spark
STU004597,NLP
STU004597,Machine Learning
STU004597,Data Visualization
STU004599,Communication
STU004599,Statistics
STU004599,Problem Solving
STU004599,Power BI
STU004600,Kubernetes
STU004600,Power BI
STU004600,Docker
STU004601,Node.js
STU004601,Go
STU004601,NLP
STU004602,Excel
STU004602,Azure
STU004602,Kubernetes
STU004603,Node.js
STU004603,JavaScript
STU004603,Java
STU004605,Communication
STU004605,JavaScript
STU004605,NLP
STU004605,Docker
STU004605,Spark
STU004608,Statistics
STU004608,System Design
STU004608,Python
STU004608,Node.js
STU004608,Tableau
STU004609,Kubernetes
STU004609,Machine Learning
STU004609,System Design
STU004610,System Design
STU004610,C++
STU004610,Azure
STU004610,Communication
STU004611,Java
STU004611,SQL
STU004611,Power BI
STU004613,Statistics
STU004613,Excel
STU004613,Problem Solving
STU004613,Deep Learning
STU004614,Excel
STU004614,Machine Learning
STU004614,Spark
STU004615,Docker
STU004615,Kubernetes
STU004615,Java
STU004616,Java
STU004616,Excel
STU004616,Azure
STU004619,Communication
STU004619,Deep Learning
STU004619,C++
STU004619,JavaScript
STU004619,AWS
STU004620,Docker
STU004620,React
STU004620,Go
STU004620,JavaScript
STU004620,System Design
STU004621,Machine Learning
STU004621,Financial Modeling
STU004621,System Design
STU004621,Power BI
STU004621,Deep Learning
STU004622,Problem Solving
STU004622,SQL
STU004622,Tableau
STU004623,Problem Solving
STU004623,C++
STU004623,Deep Learning
STU004623,Tableau
STU004625,Kubernetes
STU004625,Financial Modeling
STU004625,Spark
STU004625,Go
STU004627,Machine Learning
STU004627,Problem Solving
STU004627,Communication
STU004627,Java
STU004627,Spark
STU004627,React
STU004628,Go
STU004628,Power BI
STU004628,NLP
STU004628,Machine Learning
STU004632,Machine Learning
STU004632,JavaScript
STU004632,Communication
STU004632,Python
STU004632,System Design
STU004632,Tableau
STU004633,System Design
STU004633,Power BI
STU004633,Node.js
STU004633,Docker
STU004633,Azure
STU004633,SQL
STU004634,Spark
STU004634,Machine Learning
STU004634,Docker
STU004634,React
STU004634,C++
STU004635,Spark
STU004635,C++
STU004635,Excel
STU004635,React
STU004636,Tableau
STU004636,React
STU004636,Go
STU004636,Financial Modeling
STU004638,Java
STU004638,Azure
STU004638,Kubernetes
STU004639,NLP
STU004639,Statistics
STU004639,Spark
STU004639,Deep Learning
STU004639,SQL
STU004639,Machine Learning
STU004641,AWS
STU004641,Go
STU004641,Problem Solving
STU004641,Machine Learning
STU004642,Azure
STU004642,System Design
STU004642,SQL
STU004642,Communication
STU004643,Statistics
STU004643,SQL
STU004643,Python
STU004645,Docker
STU004645,Machine Learning
STU004645,Problem Solving
STU004645,Go
STU004645,Java
STU004646,Tableau
STU004646,JavaScript
STU004646,Machine Learning
STU004648,AWS
STU004648,System Design
STU004648,Statistics
STU004649,JavaScript
STU004649,Kubernetes
STU004649,System Design
STU004649,Excel
STU004650,JavaScript
STU004650,NLP
STU004650,Python
STU004650,Kubernetes
STU004650,Statistics
STU004651,AWS
STU004651,Financial Modeling
STU004651,Java
STU004651,NLP
STU004651,System Design
STU004651,Node.js
STU004653,Power BI
STU004653,System Design
STU004653,Tableau
STU004653,Data Visualization
STU004654,Excel
STU004654,Spark
STU004654,JavaScript
STU004654,Data Visualization
STU004654,System Design
STU004654,AWS
STU004656,Problem Solving
STU004656,Machine Learning
STU004656,AWS
STU004656,Kubernetes
STU004659,Communication
STU004659,JavaScript
STU004659,Data Visualization
STU004659,Machine Learning
STU004662,Spark
STU004662,Communication
STU004662,NLP
STU004662,Kubernetes
STU004662,Problem Solving
STU004664,Kubernetes
STU004664,SQL
STU004664,AWS
STU004664,Data Visualization
STU004664,Node.js
STU004664,Power BI
STU004665,Excel
STU004665,Financial Modeling
STU004665,Tableau
STU004666,Tableau
STU004666,Node.js
STU004666,AWS
STU004666,NLP
STU004668,Deep Learning
STU004668,Docker
STU004668,Kubernetes
STU004668,Communication
STU004668,NLP
STU004668,Azure
STU004669,Communication
STU004669,Data Visualization
STU004669,Node.js
STU004669,Deep Learning
STU004669,Azure
STU004669,NLP
STU004670,Deep Learning
STU004670,Statistics
STU004670,System Design
STU004670,Problem Solving
STU004670,Python
STU004673,Statistics
STU004673,JavaScript
STU004673,Data Visualization
STU004673,AWS
STU004673,React
STU004674,Go
STU004674,Node.js
STU004674,AWS
STU004676,React
STU004676,NLP
STU004676,Problem Solving
STU004676,Java
STU004676,Azure
STU004676,Statistics
STU004679,Deep Learning
STU004679,SQL
STU004679,Problem Solving
STU004679,Azure
STU004681,Go
STU004681,System Design
STU004681,SQL
STU004681,Kubernetes
STU004681,Node.js
STU004681,Deep Learning
STU004682,Statistics
STU004682,Azure
STU004682,Python
STU004684,AWS
STU004684,Power BI
STU004684,Data Visualization
STU004684,Kubernetes
STU004684,Communication
STU004685,Machine Learning
STU004685,Problem Solving
STU004685,AWS
STU004685,System Design
STU004685,Docker
STU004685,Kubernetes
STU004687,Data Visualization
STU004687,JavaScript
STU004687,Go
STU004687,Java
STU004688,Python
STU004688,Java
STU004688,System Design
STU004688,Excel
STU004690,Excel
STU004690,NLP
STU004690,AWS
STU004690,Python
STU004690,Tableau
STU004690,Power BI
STU004691,Excel
STU004691,C++
STU004691,Python
STU004693,Python
STU004693,Docker
STU004693,Financial Modeling
STU004694,Statistics
STU004694,C++
STU004694,AWS
STU004694,Power BI
STU004697,Docker
STU004697,Problem Solving
STU004697,React
STU004700,NLP
STU004700,Power BI
STU004700,Spark
STU004700,Problem Solving
STU004701,Java
STU004701,Tableau
STU004701,NLP
STU004702,C++
STU004702,Java
STU004702,AWS
STU004702,Problem Solving
STU004702,Go
STU004702,Node.js
STU004703,Kubernetes
STU004703,JavaScript
STU004703,Tableau
STU004704,Spark
STU004704,React
STU004704,Python
STU004704,Java
STU004704,Machine Learning
STU004704,SQL
STU004707,Excel
STU004707,System Design
STU004707,Spark
STU004707,Kubernetes
STU004707,Data Visualization
STU004707,NLP
STU004708,AWS
STU004708,System Design
STU004708,Power BI
STU004708,Machine Learning
STU004708,Tableau
STU004708,C++
STU004709,Spark
STU004709,Data Visualization
STU004709,Machine Learning
STU004709,React
STU004709,Go
STU004709,Financial Modeling
STU004710,Excel
STU004710,Spark
STU004710,JavaScript
STU004710,Financial Modeling
STU004710,Deep Learning
STU004715,Communication
STU004715,React
STU004715,JavaScript
STU004715,Java
STU004715,Azure
STU004715,C++
STU004716,NLP
STU004716,Excel
STU004716,JavaScript
STU004716,Azure
STU004716,React
STU004717,Excel
STU004717,AWS
STU004717,React
STU004717,Machine Learning
STU004717,Data Visualization
STU004718,Node.js
STU004718,Kubernetes
STU004718,Deep Learning
STU004719,Go
STU004719,Spark
STU004719,React
STU004719,Python
STU004723,Problem Solving
STU004723,Tableau
STU004723,Communication
STU004723,C++
STU004724,Communication
STU004724,Go
STU004724,SQL
STU004724,Node.js
STU004725,NLP
STU004725,Spark
STU004725,Docker
STU004725,Statistics
STU004725,React
STU004727,Machine Learning
STU004727,AWS
STU004727,Statistics
STU004727,Kubernetes
STU004727,Java
STU004728,Java
STU004728,Communication
STU004728,Financial Modeling
STU004728,Statistics
STU004728,Azure
STU004728,Machine Learning
STU004730,Spark
STU004730,Machine Learning
STU004730,Azure
STU004730,JavaScript
STU004731,Spark
STU004731,Financial Modeling
STU004731,Deep Learning
STU004731,Machine Learning
STU004734,NLP
STU004734,System Design
STU004734,Data Visualization
STU004734,Statistics
STU004734,Node.js
STU004734,C++
STU004735,Machine Learning
STU004735,Azure
STU004735,JavaScript
STU004736,Spark
STU004736,Kubernetes
STU004736,Statistics
STU004739,SQL
STU004739,Python
STU004739,React
STU004740,Spark
STU004740,System Design
STU004740,Data Visualization
STU004741,JavaScript
STU004741,Machine Learning
STU004741,Node.js
STU004741,Excel
STU004741,Go
STU004741,C++
STU004743,React
STU004743,NLP
STU004743,Problem Solving
STU004743,Go
STU004743,Excel
STU004744,Excel
STU004744,NLP
STU004744,Azure
STU004744,Power BI
STU004748,Go
STU004748,Deep Learning
STU004748,NLP
STU004748,Spark
STU004749,System Design
STU004749,Financial Modeling
STU004749,Go
STU004749,Node.js
STU004749,Kubernetes
STU004749,C++
STU004750,System Design
STU004750,Machine Learning
STU004750,Financial Modeling
STU004750,React
STU004751,Machine Learning
STU004751,System Design
STU004751,Financial Modeling
STU004751,Go
STU004751,Data Visualization
STU004753,Azure
STU004753,Docker
STU004753,Tableau
STU004753,Spark
STU004753,Excel
STU004753,Node.js
STU004756,JavaScript
STU004756,Deep Learning
STU004756,Machine Learning
STU004756,Tableau
STU004756,Node.js
STU004756,Problem Solving
STU004757,Node.js
STU004757,Docker
STU004757,React
STU004757,Java
STU004757,System Design
STU004758,React
STU004758,Financial Modeling
STU004758,AWS
STU004758,Spark
STU004758,C++
STU004759,Communication
STU004759,System Design
STU004759,Docker
STU004761,Spark
STU004761,Power BI
STU004761,Java
STU004761,React
STU004761,NLP
STU004762,AWS
STU004762,Communication
STU004762,Spark
STU004762,Azure
STU004762,C++
STU004762,Problem Solving
STU004763,Tableau
STU004763,Machine Learning
STU004763,Spark
STU004764,React
STU004764,C++
STU004764,Data Visualization
STU004764,Kubernetes
STU004764,System Design
STU004765,System Design
STU004765,Azure
STU004765,Excel
STU004765,Communication
STU004765,Docker
STU004766,Azure
STU004766,React
STU004766,Spark
STU004766,Power BI
STU004766,NLP
STU004768,Python
STU004768,Go
STU004768,NLP
STU004768,Deep Learning
STU004768,Excel
STU004768,SQL
STU004769,Python
STU004769,Spark
STU004769,Java
STU004769,AWS
STU004770,SQL
STU004770,Java
STU004770,Azure
STU004770,System Design
STU004770,NLP
STU004772,Java
STU004772,Spark
STU004772,Financial Modeling
STU004772,Communication
STU004772,System Design
STU004772,Problem Solving
STU004774,Kubernetes
STU004774,NLP
STU004774,Docker
STU004774,Machine Learning
STU004774,Spark
STU004774,Deep Learning
STU004775,Kubernetes
STU004775,Excel
STU004775,Deep Learning
STU004775,Docker
STU004775,Java
STU004778,C++
STU004778,Spark
STU004778,Kubernetes
STU004778,Power BI
STU004778,Communication
STU004778,NLP
STU004779,JavaScript
STU004779,Kubernetes
STU004779,Azure
STU004779,Machine Learning
STU004782,System Design
STU004782,Deep Learning
STU004782,JavaScript
STU004782,Problem Solving
STU004786,Financial Modeling
STU004786,Java
STU004786,AWS
STU004786,System Design
STU004786,Machine Learning
STU004786,Go
STU004787,AWS
STU004787,Spark
STU004787,Communication
STU004787,React
STU004787,Deep Learning
STU004787,NLP
STU004788,React
STU004788,Tableau
STU004788,JavaScript
STU004788,Communication
STU004788,Spark
STU004789,Communication
STU004789,SQL
STU004789,JavaScript
STU004789,AWS
STU004789,Node.js
STU004790,JavaScript
STU004790,AWS
STU004790,Azure
STU004792,Python
STU004792,Machine Learning
STU004792,Go
STU004792,Problem Solving
STU004792,Spark
STU004792,NLP
STU004796,Go
STU004796,Problem Solving
STU004796,Azure
STU004796,NLP
STU004796,System Design
STU004796,AWS
STU004799,Node.js
STU004799,Java
STU004799,C++
STU004799,NLP
STU004803,Python
STU004803,Machine Learning
STU004803,NLP
STU004803,Spark
STU004803,Deep Learning
STU004804,Python
STU004804,Node.js
STU004804,Azure
STU004804,Communication
STU004806,Azure
STU004806,NLP
STU004806,Docker
STU004807,Java
STU004807,Kubernetes
STU004807,Go
STU004810,C++
STU004810,Tableau
STU004810,Azure
STU004810,Python
STU004810,Machine Learning
STU004810,Power BI
STU004812,Financial Modeling
STU004812,Excel
STU004812,Machine Learning
STU004812,Power BI
STU004812,Node.js
STU004813,Machine Learning
STU004813,Python
STU004813,Excel
STU004813,C++
STU004813,Financial Modeling
STU004813,Deep Learning
STU004814,Problem Solving
STU004814,NLP
STU004814,Kubernetes
STU004814,System Design
STU004815,Excel
STU004815,Docker
STU004815,Problem Solving
STU004815,Data Visualization
STU004815,Python
STU004818,Azure
STU004818,NLP
STU004818,Power BI
STU004818,React
STU004818,C++
STU004820,JavaScript
STU004820,Docker
STU004820,Tableau
STU004820,Go
STU004820,Communication
STU004823,Docker
STU004823,Deep Learning
STU004823,System Design
STU004823,Data Visualization
STU004825,JavaScript
STU004825,Node.js
STU004825,Machine Learning
STU004825,Azure
STU004825,Docker
STU004825,Tableau
STU004828,Data Visualization
STU004828,Tableau
STU004828,Communication
STU004828,Financial Modeling
STU004828,Azure
STU004828,Deep Learning
STU004830,React
STU004830,Kubernetes
STU004830,System Design
STU004830,Node.js
STU004831,Python
STU004831,Statistics
STU004831,Power BI
STU004831,Go
STU004833,Data Visualization
STU004833,JavaScript
STU004833,Go
STU004833,Statistics
STU004833,Power BI
STU004833,System Design
STU004834,Problem Solving
STU004834,AWS
STU004834,Tableau
STU004834,Excel
STU004836,Node.js
STU004836,Python
STU004836,Power BI
STU004836,Communication
STU004837,Data Visualization
STU004837,Machine Learning
STU004837,Financial Modeling
STU004839,Problem Solving
STU004839,Communication
STU004839,Docker
STU004842,System Design
STU004842,Azure
STU004842,Machine Learning
STU004843,Excel
STU004843,Power BI
STU004843,SQL
STU004843,Python
STU004844,C++
STU004844,Spark
STU004844,Power BI
STU004845,Java
STU004845,Node.js
STU004845,Spark
STU004847,Statistics
STU004847,Python
STU004847,Node.js
STU004847,Machine Learning
STU004847,JavaScript
STU004847,Java
STU004848,Kubernetes
STU004848,NLP
STU004848,Excel
STU004848,Docker
STU004848,Spark
STU004848,AWS
STU004849,JavaScript
STU004849,C++
STU004849,Kubernetes
STU004849,System Design
STU004849,Docker
STU004850,System Design
STU004850,SQL
STU004850,Machine Learning
STU004853,NLP
STU004853,AWS
STU004853,Docker
STU004853,SQL
STU004854,React
STU004854,Data Visualization
STU004854,Deep Learning
STU004854,Java
STU004854,Azure
STU004854,SQL
STU004855,SQL
STU004855,Statistics
STU004855,Power BI
STU004855,Node.js
STU004858,Data Visualization
STU004858,Machine Learning
STU004858,Go
STU004859,JavaScript
STU004859,Statistics
STU004859,Power BI
STU004859,Tableau
STU004859,Financial Modeling
STU004861,Statistics
STU004861,Python
STU004861,System Design
STU004861,Spark
STU004861,C++
STU004862,Machine Learning
STU004862,C++
STU004862,NLP
STU004862,Financial Modeling
STU004865,Tableau
STU004865,Financial Modeling
STU004865,Kubernetes
STU004865,Communication
STU004865,Excel
STU004866,Azure
STU004866,Machine Learning
STU004866,Go
STU004866,NLP
STU004866,Data Visualization
STU004867,Statistics
STU004867,System Design
STU004867,Problem Solving
STU004867,Kubernetes
STU004867,SQL
STU004868,SQL
STU004868,Kubernetes
STU004868,Azure
STU004868,Financial Modeling
STU004868,Power BI
STU004868,Node.js
STU004869,Kubernetes
STU004869,Statistics
STU004869,C++
STU004869,System Design
STU004869,Azure
STU004869,Excel
STU004871,Communication
STU004871,Kubernetes
STU004871,Power BI
STU004872,Azure
STU004872,Spark
STU004872,Deep Learning
STU004872,System Design
STU004873,Excel
STU004873,Kubernetes
STU004873,C++
STU004873,Financial Modeling
STU004873,Data Visualization
STU004876,C++
STU004876,Deep Learning
STU004876,Tableau
STU004876,Power BI
STU004876,Node.js
STU004876,Spark
STU004877,System Design
STU004877,Financial Modeling
STU004877,Node.js
STU004877,Python
STU004877,Spark
STU004877,Docker
STU004878,Financial Modeling
STU004878,Communication
STU004878,Spark
STU004879,Machine Learning
STU004879,Statistics
STU004879,Problem Solving
STU004879,NLP
STU004880,System Design
STU004880,Data Visualization
STU004880,React
STU004880,Excel
STU004881,Spark
STU004881,AWS
STU004881,Azure
STU004882,Java
STU004882,Python
STU004882,System Design
STU004882,C++
STU004882,SQL
STU004882,Statistics
STU004883,JavaScript
STU004883,Java
STU004883,Problem Solving
STU004884,Communication
STU004884,Kubernetes
STU004884,Go
STU004884,Data Visualization
STU004884,System Design
STU004886,Node.js
STU004886,Data Visualization
STU004886,Spark
STU004886,Problem Solving
STU004886,System Design
STU004887,Tableau
STU004887,Node.js
STU004887,Spark
STU004888,React
STU004888,Data Visualization
STU004888,System Design
STU004888,C++
STU004888,Kubernetes
STU004889,Java
STU004889,Problem Solving
STU004889,Kubernetes
STU004889,Financial Modeling
STU004889,AWS
STU004890,SQL
STU004890,AWS
STU004890,Node.js
STU004890,Deep Learning
STU004891,Go
STU004891,Node.js
STU004891,Kubernetes
STU004891,JavaScript
STU004891,System Design
STU004894,Azure
STU004894,SQL
STU004894,Go
STU004895,Azure
STU004895,Python
STU004895,Data Visualization
STU004896,C++
STU004896,Java
STU004896,System Design
STU004898,Azure
STU004898,Communication
STU004898,Go
STU004899,C++
STU004899,Statistics
STU004899,Spark
STU004899,NLP
STU004900,Power BI
STU004900,Docker
STU004900,Python
STU004900,Azure
STU004900,SQL
STU004900,Data Visualization
STU004903,Financial Modeling
STU004903,Problem Solving
STU004903,Java
STU004903,Docker
STU004903,Python
STU004904,NLP
STU004904,Excel
STU004904,AWS
STU004904,Spark
STU004905,Python
STU004905,Machine Learning
STU004905,Tableau
STU004905,Statistics
STU004905,System Design
STU004906,JavaScript
STU004906,Spark
STU004906,SQL
STU004906,Docker
STU004906,Java
STU004908,C++
STU004908,Azure
STU004908,AWS
STU004909,Python
STU004909,Power BI
STU004909,Machine Learning
STU004910,React
STU004910,Node.js
STU004910,System Design
STU004910,Spark
STU004911,Deep Learning
STU004911,AWS
STU004911,Power BI
STU004911,JavaScript
STU004912,System Design
STU004912,Power BI
STU004912,JavaScript
STU004912,Java
STU004912,Kubernetes
STU004913,C++
STU004913,Excel
STU004913,Tableau
STU004913,Go
STU004913,System Design
STU004914,NLP
STU004914,Tableau
STU004914,AWS
STU004914,System Design
STU004914,Communication
STU004914,Node.js
STU004915,AWS
STU004915,Node.js
STU004915,Python
STU004915,Kubernetes
STU004915,NLP
STU004918,Excel
STU004918,System Design
STU004918,React
STU004918,Problem Solving
STU004918,Go
STU004918,Deep Learning
STU004919,AWS
STU004919,Financial Modeling
STU004919,Statistics
STU004919,Go
STU004919,C++
STU004919,Data Visualization
STU004920,Statistics
STU004920,Communication
STU004920,System Design
STU004920,React
STU004920,Go
STU004921,Financial Modeling
STU004921,Java
STU004921,Spark
STU004921,Data Visualization
STU004922,Machine Learning
STU004922,Go
STU004922,Communication
STU004924,Azure
STU004924,C++
STU004924,Data Visualization
STU004924,Financial Modeling
STU004924,Go
STU004924,AWS
STU004925,Problem Solving
STU004925,SQL
STU004925,Node.js
STU004925,React
STU004925,Azure
STU004925,Machine Learning
STU004926,Machine Learning
STU004926,Python
STU004926,JavaScript
STU004928,Machine Learning
STU004928,Financial Modeling
STU004928,React
STU004929,System Design
STU004929,Go
STU004929,Node.js
STU004929,Azure
STU004930,AWS
STU004930,Deep Learning
STU004930,Azure
STU004932,Deep Learning
STU004932,React
STU004932,Kubernetes
STU004932,System Design
STU004932,Spark
STU004933,Azure
STU004933,AWS
STU004933,Java
STU004933,Python
STU004933,React
STU004934,JavaScript
STU004934,Communication
STU004934,System Design
STU004934,Kubernetes
STU004934,React
STU004934,Go
STU004935,Data Visualization
STU004935,C++
STU004935,Statistics
STU004935,Power BI
STU004935,Problem Solving
STU004935,Spark
STU004941,JavaScript
STU004941,Power BI
STU004941,Machine Learning
STU004941,Node.js
STU004941,Spark
STU004941,System Design
STU004945,Data Visualization
STU004945,Machine Learning
STU004945,AWS
STU004945,System Design
STU004945,Spark
STU004945,Go
STU004946,System Design
STU004946,C++
STU004946,NLP
STU004949,Node.js
STU004949,Azure
STU004949,SQL
STU004949,Kubernetes
STU004950,Communication
STU004950,Machine Learning
STU004950,Problem Solving
STU004950,SQL
STU004950,Python
STU004950,Spark
STU004952,Problem Solving
STU004952,Docker
STU004952,Tableau
STU004952,Communication
STU004955,Power BI
STU004955,AWS
STU004955,Go
STU004955,React
STU004956,Docker
STU004956,JavaScript
STU004956,Node.js
STU004956,Statistics
STU004956,Tableau
STU004956,C++
STU004957,Docker
STU004957,JavaScript
STU004957,AWS
STU004957,NLP
STU004960,Spark
STU004960,SQL
STU004960,Machine Learning
STU004960,Deep Learning
STU004960,NLP
STU004960,Go
STU004961,JavaScript
STU004961,Node.js
STU004961,Deep Learning
STU004966,System Design
STU004966,Go
STU004966,Spark
STU004966,Power BI
STU004967,Kubernetes
STU004967,Python
STU004967,Machine Learning
STU004967,C++
STU004968,Spark
STU004968,Communication
STU004968,Machine Learning
STU004969,Power BI
STU004969,Financial Modeling
STU004969,Python
STU004969,Kubernetes
STU004969,Node.js
STU004970,Communication
STU004970,Go
STU004970,System Design
STU004970,Power BI
STU004970,NLP
STU004970,Java
STU004971,Excel
STU004971,Java
STU004971,Node.js
STU004971,Data Visualization
STU004973,SQL
STU004973,Tableau
STU004973,Financial Modeling
STU004973,NLP
STU004973,Azure
STU004979,Machine Learning
STU004979,Tableau
STU004979,React
STU004979,SQL
STU004981,Data Visualization
STU004981,Excel
STU004981,Deep Learning
STU004981,Kubernetes
STU004981,Tableau
STU004981,Financial Modeling
STU004982,React
STU004982,System Design
STU004982,Python
STU004985,Kubernetes
STU004985,Statistics
STU004985,C++
STU004986,Python
STU004986,Kubernetes
STU004986,SQL
STU004986,Communication
STU004987,Data Visualization
STU004987,NLP
STU004987,Spark
STU004989,React
STU004989,Financial Modeling
STU004989,Spark
STU004989,Communication
STU004991,AWS
STU004991,System Design
STU004991,React
STU004991,Data Visualization
STU004991,JavaScript
STU004991,Node.js
STU004993,Java
STU004993,Node.js
STU004993,Machine Learning
STU004993,JavaScript
STU004993,Excel
STU004993,AWS
STU004994,Communication
STU004994,Financial Modeling
STU004994,Kubernetes
STU004994,Excel
STU004994,C++
STU004994,Azure
STU004995,SQL
STU004995,Java
STU004995,Machine Learning
STU004995,Node.js
STU004995,AWS
STU004995,Statistics
STU004997,SQL
STU004997,Deep Learning
STU004997,System Design
STU004998,JavaScript
STU004998,Java
STU004998,System Design
STU004998,SQL
STU004998,NLP
STU004998,C++
STU004999,NLP
STU004999,AWS
STU004999,SQL
STU005000,Node.js
STU005000,SQL
STU005000,Kubernetes
STU005003,Kubernetes
STU005003,Spark
STU005003,AWS
STU005003,Node.js
STU005004,JavaScript
STU005004,Kubernetes
STU005004,AWS
STU005004,Financial Modeling
STU005004,Azure
STU005004,Node.js
STU005005,Spark
STU005005,Data Visualization
STU005005,Azure
STU005005,Kubernetes
STU005006,Communication
STU005006,Java
STU005006,React
STU005006,Power BI
STU005006,Data Visualization
STU005007,Communication
STU005007,JavaScript
STU005007,Kubernetes
STU005007,Azure
STU005007,Problem Solving
STU005009,JavaScript
STU005009,Python
STU005009,Excel
STU005009,Deep Learning
STU005009,Java
STU005010,SQL
STU005010,System Design
STU005010,C++
STU005010,Java
STU005012,Communication
STU005012,NLP
STU005012,Docker
STU005012,AWS
STU005013,Java
STU005013,JavaScript
STU005013,Docker
STU005014,React
STU005014,Tableau
STU005014,System Design
STU005014,Go
STU005014,Python
STU005014,C++
STU005015,Go
STU005015,SQL
STU005015,Python
STU005016,Docker
STU005016,SQL
STU005016,JavaScript
STU005016,Data Visualization
STU005019,Go
STU005019,Java
STU005019,Excel
STU005020,JavaScript
STU005020,Python
STU005020,Java
STU005021,React
STU005021,Statistics
STU005021,JavaScript
STU005021,AWS
STU005021,Tableau
STU005021,Machine Learning
STU005022,Machine Learning
STU005022,Excel
STU005022,Go
STU005022,Java
STU005024,Kubernetes
STU005024,Java
STU005024,Financial Modeling
STU005024,AWS
STU005024,Python
STU005025,Java
STU005025,Machine Learning
STU005025,Python
STU005025,Spark
STU005028,C++
STU005028,Azure
STU005028,NLP
STU005029,AWS
STU005029,Machine Learning
STU005029,Python
STU005029,SQL
STU005029,Node.js
STU005029,JavaScript
STU005030,C++
STU005030,System Design
STU005030,Go
STU005030,Power BI
STU005031,Tableau
STU005031,System Design
STU005031,Kubernetes
STU005033,Go
STU005033,Communication
STU005033,Problem Solving
STU005033,Excel
STU005034,Spark
STU005034,Node.js
STU005034,System Design
STU005034,NLP
STU005035,Machine Learning
STU005035,Statistics
STU005035,Data Visualization
STU005035,Node.js
STU005036,Excel
STU005036,Azure
STU005036,Data Visualization
STU005036,C++
STU005036,Power BI
STU005036,NLP
STU005037,Tableau
STU005037,Kubernetes
STU005037,Power BI
STU005039,Spark
STU005039,Statistics
STU005039,Azure
STU005039,Problem Solving
STU005041,System Design
STU005041,AWS
STU005041,C++
STU005041,Problem Solving
STU005042,Tableau
STU005042,Deep Learning
STU005042,Statistics
STU005043,SQL
STU005043,Kubernetes
STU005043,React
STU005043,Deep Learning
STU005044,Machine Learning
STU005044,Kubernetes
STU005044,Excel
STU005044,C++
STU005045,Java
STU005045,Statistics
STU005045,Communication
STU005045,SQL
STU005045,C++
STU005045,Go
STU005046,Spark
STU005046,Data Visualization
STU005046,NLP
STU005046,Node.js
STU005046,AWS
STU005050,Statistics
STU005050,Azure
STU005050,Go
STU005050,JavaScript
STU005051,Kubernetes
STU005051,React
STU005051,AWS
STU005053,Tableau
STU005053,NLP
STU005053,Docker
STU005054,Node.js
STU005054,System Design
STU005054,Go
STU005055,SQL
STU005055,React
STU005055,Java
STU005055,Tableau
STU005055,Deep Learning
STU005055,Azure
STU005056,Java
STU005056,System Design
STU005056,Spark
STU005057,SQL
STU005057,Excel
STU005057,Python
STU005057,Docker
STU005058,Python
STU005058,Docker
STU005058,React
STU005058,Problem Solving
STU005058,Node.js
STU005058,Power BI
STU005059,C++
STU005059,React
STU005059,Kubernetes
STU005060,Python
STU005060,Azure
STU005060,C++
STU005060,Java
STU005060,AWS
STU005061,AWS
STU005061,Communication
STU005061,Tableau
STU005061,JavaScript
STU005061,Python
STU005061,Machine Learning
STU005062,Docker
STU005062,Java
STU005062,Spark
STU005062,AWS
STU005063,Go
STU005063,Java
STU005063,Kubernetes
STU005063,Tableau
STU005063,Azure
STU005063,Deep Learning
STU005064,Financial Modeling
STU005064,Kubernetes
STU005064,Java
STU005064,NLP
STU005064,Docker
STU005065,SQL
STU005065,Kubernetes
STU005065,Java
STU005070,Node.js
STU005070,Azure
STU005070,Python
STU005071,Node.js
STU005071,Problem Solving
STU005071,JavaScript
STU005074,C++
STU005074,Machine Learning
STU005074,Power BI
STU005075,Deep Learning
STU005075,Azure
STU005075,Spark
STU005075,Excel
STU005080,AWS
STU005080,SQL
STU005080,Python
STU005080,Spark
STU005080,Data Visualization
STU005081,Go
STU005081,Problem Solving
STU005081,Docker
STU005081,Kubernetes
STU005082,Tableau
STU005082,Communication
STU005082,System Design
STU005083,System Design
STU005083,NLP
STU005083,AWS
STU005083,Financial Modeling
STU005083,Tableau
STU005084,Azure
STU005084,SQL
STU005084,System Design
STU005084,Python
STU005087,AWS
STU005087,React
STU005087,Node.js
STU005088,Kubernetes
STU005088,Docker
STU005088,Azure
STU005088,Tableau
STU005088,Node.js
STU005090,Java
STU005090,Financial Modeling
STU005090,System Design
STU005091,Excel
STU005091,System Design
STU005091,Java
STU005091,Python
STU005091,Tableau
STU005093,Tableau
STU005093,Machine Learning
STU005093,Node.js
STU005094,React
STU005094,AWS
STU005094,Statistics
STU005096,Kubernetes
STU005096,Data Visualization
STU005096,Go
STU005096,Financial Modeling
STU005096,AWS
STU005097,NLP
STU005097,Spark
STU005097,Deep Learning
STU005097,Kubernetes
STU005099,Tableau
STU005099,Communication
STU005099,JavaScript
STU005100,Go
STU005100,React
STU005100,Java
STU005100,Spark
STU005100,System Design
STU005101,Tableau
STU005101,Statistics
STU005101,Financial Modeling
STU005101,Spark
STU005102,Problem Solving
STU005102,Python
STU005102,Tableau
STU005103,Communication
STU005103,Spark
STU005103,Tableau
STU005103,Go
STU005103,C++
STU005105,NLP
STU005105,Spark
STU005105,Communication
STU005105,System Design
STU005106,C++
STU005106,Docker
STU005106,Communication
STU005106,NLP
STU005108,AWS
STU005108,C++
STU005108,Power BI
STU005108,Spark
STU005108,Tableau
STU005108,Excel
STU005109,Excel
STU005109,Machine Learning
STU005109,React
STU005109,Kubernetes
STU005109,Java
STU005111,System Design
STU005111,Docker
STU005111,Node.js
STU005111,Java
STU005111,Kubernetes
STU005111,Problem Solving
STU005113,Power BI
STU005113,Spark
STU005113,Machine Learning
STU005113,Problem Solving
STU005113,Financial Modeling
STU005113,Docker
STU005114,AWS
STU005114,NLP
STU005114,Python
STU005114,Power BI
STU005114,System Design
STU005116,Statistics
STU005116,Problem Solving
STU005116,Docker
STU005116,SQL
STU005117,NLP
STU005117,Kubernetes
STU005117,Tableau
STU005117,AWS
STU005118,Kubernetes
STU005118,Data Visualization
STU005118,Machine Learning
STU005118,System Design
STU005120,React
STU005120,Data Visualization
STU005120,Communication
STU005120,Azure
STU005120,Statistics
STU005121,Python
STU005121,Power BI
STU005121,Node.js
STU005124,Kubernetes
STU005124,Financial Modeling
STU005124,NLP
STU005127,JavaScript
STU005127,Java
STU005127,Docker
STU005127,C++
STU005127,Problem Solving
STU005127,System Design
STU005128,Go
STU005128,Machine Learning
STU005128,Kubernetes
STU005128,Statistics
STU005128,Tableau
STU005128,Node.js
STU005129,Spark
STU005129,React
STU005129,Deep Learning
STU005129,Azure
STU005129,Java
STU005129,Python
STU005130,C++
STU005130,Excel
STU005130,AWS
STU005130,Statistics
STU005131,AWS
STU005131,Node.js
STU005131,System Design
STU005131,C++
STU005133,Kubernetes
STU005133,Power BI
STU005133,React
STU005134,Azure
STU005134,Java
STU005134,Spark
STU005134,Data Visualization
STU005135,Node.js
STU005135,Spark
STU005135,Go
STU005135,System Design
STU005136,Spark
STU005136,Python
STU005136,Docker
STU005136,Kubernetes
STU005138,SQL
STU005138,Excel
STU005138,System Design
STU005138,Power BI
STU005139,React
STU005139,Azure
STU005139,C++
STU005139,AWS
STU005139,Kubernetes
STU005140,C++
STU005140,SQL
STU005140,Data Visualization
STU005141,JavaScript
STU005141,Kubernetes
STU005141,Spark
STU005141,Azure
STU005142,Communication
STU005142,C++
STU005142,Node.js
STU005142,NLP
STU005142,Go
STU005143,NLP
STU005143,System Design
STU005143,AWS
STU005143,C++
STU005144,React
STU005144,Spark
STU005144,AWS
STU005144,System Design
STU005144,Machine Learning
STU005144,Kubernetes
STU005145,Machine Learning
STU005145,AWS
STU005145,JavaScript
STU005145,Python
STU005145,C++
STU005146,Python
STU005146,C++
STU005146,Data Visualization
STU005147,Spark
STU005147,Excel
STU005147,Tableau
STU005147,AWS
STU005147,Machine Learning
STU005147,Data Visualization
STU005149,Financial Modeling
STU005149,Data Visualization
STU005149,Excel
STU005149,Power BI
STU005149,Azure
STU005149,System Design
STU005150,Python
STU005150,AWS
STU005150,Deep Learning
STU005150,Node.js
STU005150,System Design
STU005150,Spark
STU005151,Python
STU005151,Excel
STU005151,Java
STU005152,C++
STU005152,Python
STU005152,Machine Learning
STU005156,System Design
STU005156,NLP
STU005156,Communication
STU005157,System Design
STU005157,React
STU005157,Machine Learning
STU005157,SQL
STU005157,Python
STU005157,C++
STU005158,Problem Solving
STU005158,Tableau
STU005158,Power BI
STU005158,Node.js
STU005158,NLP
STU005158,Communication
STU005159,Spark
STU005159,React
STU005159,Data Visualization
STU005159,Communication
STU005161,AWS
STU005161,Tableau
STU005161,Kubernetes
STU005161,React
STU005162,Kubernetes
STU005162,Statistics
STU005162,Tableau
STU005162,Excel
STU005164,AWS
STU005164,Docker
STU005164,Problem Solving
STU005165,Docker
STU005165,AWS
STU005165,Machine Learning
STU005165,C++
STU005165,Tableau
STU005165,Problem Solving
STU005166,Statistics
STU005166,Azure
STU005166,Spark
STU005169,Azure
STU005169,JavaScript
STU005169,SQL
STU005169,Communication
STU005169,Docker
STU005169,Node.js
STU005171,Node.js
STU005171,SQL
STU005171,Docker
STU005171,Problem Solving
STU005174,Node.js
STU005174,Go
STU005174,JavaScript
STU005174,Problem Solving
STU005174,React
STU005174,Kubernetes
STU005176,Kubernetes
STU005176,Tableau
STU005176,System Design
STU005176,Spark
STU005178,Deep Learning
STU005178,JavaScript
STU005178,Machine Learning
STU005178,Kubernetes
STU005178,System Design
STU005181,Kubernetes
STU005181,NLP
STU005181,JavaScript
STU005181,Communication
STU005181,SQL
STU005181,Statistics
STU005183,AWS
STU005183,Kubernetes
STU005183,Deep Learning
STU005183,JavaScript
STU005183,Machine Learning
STU005184,Docker
STU005184,Financial Modeling
STU005184,Excel
STU005184,AWS
STU005184,Java
STU005184,Statistics
STU005185,Data Visualization
STU005185,System Design
STU005185,NLP
STU005185,Deep Learning
STU005188,Spark
STU005188,Deep Learning
STU005188,Problem Solving
STU005188,Go
STU005189,Power BI
STU005189,JavaScript
STU005189,AWS
STU005189,Excel
STU005189,Machine Learning
STU005189,NLP
STU005191,JavaScript
STU005191,Node.js
STU005191,C++
STU005191,NLP
STU005192,Excel
STU005192,Machine Learning
STU005192,Python
STU005192,Docker
STU005193,React
STU005193,JavaScript
STU005193,Docker
STU005193,Excel
STU005193,AWS
STU005193,Machine Learning
STU005195,Machine Learning
STU005195,Node.js
STU005195,Go
STU005196,Machine Learning
STU005196,JavaScript
STU005196,Python
STU005196,System Design
STU005196,AWS
STU005196,Financial Modeling
STU005198,Docker
STU005198,NLP
STU005198,System Design
STU005198,Statistics
STU005198,Excel
STU005198,Data Visualization
STU005199,Machine Learning
STU005199,Data Visualization
STU005199,Docker
STU005200,Spark
STU005200,AWS
STU005200,Data Visualization
STU005200,SQL
STU005202,AWS
STU005202,Go
STU005202,Statistics
STU005202,System Design
STU005202,React
STU005203,SQL
STU005203,NLP
STU005203,System Design
STU005203,Azure
STU005203,Deep Learning
STU005204,Communication
STU005204,Docker
STU005204,Excel
STU005204,Tableau
STU005204,Kubernetes
STU005205,Deep Learning
STU005205,Machine Learning
STU005205,Node.js
STU005207,Problem Solving
STU005207,Kubernetes
STU005207,AWS
STU005209,Communication
STU005209,Azure
STU005209,Data Visualization
STU005213,Docker
STU005213,System Design
STU005213,AWS
STU005213,Azure
STU005213,C++
STU005214,Communication
STU005214,React
STU005214,Python
STU005214,Java
STU005216,System Design
STU005216,Statistics
STU005216,Machine Learning
STU005222,Node.js
STU005222,AWS
STU005222,Problem Solving
STU005222,SQL
STU005222,React
STU005223,Problem Solving
STU005223,Kubernetes
STU005223,Machine Learning
STU005223,Spark
STU005224,React
STU005224,Spark
STU005224,Communication
STU005224,Problem Solving
STU005224,Power BI
STU005224,Go
STU005226,Kubernetes
STU005226,Financial Modeling
STU005226,C++
STU005226,Problem Solving
STU005226,NLP
STU005226,Python
STU005227,Spark
STU005227,Go
STU005227,Docker
STU005227,Kubernetes
STU005227,React
STU005227,Python
STU005229,System Design
STU005229,Java
STU005229,AWS
STU005229,Docker
STU005230,Kubernetes
STU005230,Financial Modeling
STU005230,JavaScript
STU005231,Kubernetes
STU005231,Docker
STU005231,Power BI
STU005231,Excel
STU005232,Deep Learning
STU005232,System Design
STU005232,AWS
STU005234,Node.js
STU005234,Docker
STU005234,JavaScript
STU005237,Go
STU005237,Kubernetes
STU005237,Power BI
STU005238,Node.js
STU005238,Java
STU005238,Data Visualization
STU005238,Excel
STU005239,React
STU005239,Java
STU005239,Kubernetes
STU005242,System Design
STU005242,C++
STU005242,Communication
STU005242,Excel
STU005242,React
STU005242,Deep Learning
STU005244,Excel
STU005244,Spark
STU005244,Machine Learning
STU005244,AWS
STU005244,Data Visualization
STU005244,SQL
STU005247,System Design
STU005247,Financial Modeling
STU005247,Node.js
STU005247,Python
STU005248,Financial Modeling
STU005248,Machine Learning
STU005248,Communication
STU005248,Power BI
STU005248,Kubernetes
STU005248,Statistics
STU005250,Kubernetes
STU005250,Machine Learning
STU005250,Python
STU005250,Statistics
STU005250,Spark
STU005250,Power BI
STU005254,Machine Learning
STU005254,Deep Learning
STU005254,Tableau
STU005255,Data Visualization
STU005255,SQL
STU005255,Node.js
STU005255,Problem Solving
STU005256,Machine Learning
STU005256,Go
STU005256,Excel
STU005256,React
STU005256,Node.js
STU005256,Python
STU005257,Spark
STU005257,C++
STU005257,Go
STU005257,Machine Learning
STU005257,Tableau
STU005258,Communication
STU005258,System Design
STU005258,Data Visualization
STU005258,NLP
STU005258,AWS
STU005258,Spark
STU005259,Docker
STU005259,Excel
STU005259,System Design
STU005259,NLP
STU005259,AWS
STU005261,Deep Learning
STU005261,Communication
STU005261,Problem Solving
STU005262,JavaScript
STU005262,SQL
STU005262,Java
STU005262,React
STU005263,JavaScript
STU005263,Kubernetes
STU005263,Java
STU005263,Tableau
STU005264,Kubernetes
STU005264,Spark
STU005264,Docker
STU005264,Data Visualization
STU005264,Problem Solving
STU005264,AWS
STU005267,Kubernetes
STU005267,Financial Modeling
STU005267,AWS
STU005269,Go
STU005269,System Design
STU005269,Node.js
STU005269,Spark
STU005270,Tableau
STU005270,System Design
STU005270,Problem Solving
STU005271,Machine Learning
STU005271,C++
STU005271,Spark
STU005271,System Design
STU005271,JavaScript
STU005271,Excel
STU005272,Power BI
STU005272,Deep Learning
STU005272,Data Visualization
STU005272,Problem Solving
STU005273,JavaScript
STU005273,Azure
STU005273,Machine Learning
STU005273,Communication
STU005273,System Design
STU005273,Spark
STU005274,Financial Modeling
STU005274,Azure
STU005274,Spark
STU005274,Statistics
STU005274,AWS
STU005274,Deep Learning
STU005276,Kubernetes
STU005276,C++
STU005276,Spark
STU005276,NLP
STU005276,Problem Solving
STU005276,Financial Modeling
STU005277,System Design
STU005277,Machine Learning
STU005277,SQL
STU005277,Financial Modeling
STU005280,C++
STU005280,React
STU005280,Docker
STU005280,Azure
STU005280,JavaScript
STU005283,Statistics
STU005283,Machine Learning
STU005283,System Design
STU005288,Power BI
STU005288,System Design
STU005288,Financial Modeling
STU005288,Statistics
STU005288,Data Visualization
STU005288,Machine Learning
STU005290,Financial Modeling
STU005290,Kubernetes
STU005290,Azure
STU005290,Go
STU005290,Data Visualization
STU005290,AWS
STU005292,Financial Modeling
STU005292,Spark
STU005292,Node.js
STU005293,Problem Solving
STU005293,React
STU005293,Machine Learning
STU005294,Node.js
STU005294,Excel
STU005294,Java
STU005294,Azure
STU005294,AWS
STU005294,Financial Modeling
STU005295,Docker
STU005295,Java
STU005295,Deep Learning
STU005295,Machine Learning
STU005296,Azure
STU005296,Communication
STU005296,Machine Learning
STU005296,Kubernetes
STU005297,Kubernetes
STU005297,C++
STU005297,Python
STU005302,JavaScript
STU005302,Deep Learning
STU005302,Statistics
STU005302,System Design
STU005302,Data Visualization
STU005302,Java
STU005303,System Design
STU005303,Python
STU005303,Machine Learning
STU005303,Azure
STU005304,SQL
STU005304,Problem Solving
STU005304,Data Visualization
STU005304,Machine Learning
STU005305,Excel
STU005305,Python
STU005305,NLP
STU005307,Data Visualization
STU005307,Spark
STU005307,Excel
STU005307,Problem Solving
STU005307,C++
STU005307,Tableau
STU005308,JavaScript
STU005308,C++
STU005308,AWS
STU005308,Node.js
STU005308,Java
STU005308,Financial Modeling
STU005309,Python
STU005309,Statistics
STU005309,AWS
STU005311,Kubernetes
STU005311,System Design
STU005311,Financial Modeling
STU005311,Communication
STU005313,Kubernetes
STU005313,Statistics
STU005313,System Design
STU005313,NLP
STU005313,Spark
STU005317,Communication
STU005317,Docker
STU005317,Statistics
STU005317,Data Visualization
STU005318,Kubernetes
STU005318,Go
STU005318,Node.js
STU005318,Azure
STU005318,JavaScript
STU005318,Problem Solving
STU005319,Go
STU005319,Python
STU005319,Spark
STU005319,SQL
STU005319,Machine Learning
STU005319,Power BI
STU005320,Data Visualization
STU005320,System Design
STU005320,AWS
STU005320,Azure
STU005322,React
STU005322,Problem Solving
STU005322,Java
STU005322,SQL
STU005323,React
STU005323,Machine Learning
STU005323,SQL
STU005323,JavaScript
STU005325,Python
STU005325,Kubernetes
STU005325,Docker
STU005330,System Design
STU005330,React
STU005330,Azure
STU005332,Excel
STU005332,NLP
STU005332,Go
STU005332,Power BI
STU005332,System Design
STU005332,Deep Learning
STU005333,Problem Solving
STU005333,Power BI
STU005333,Communication
STU005333,JavaScript
STU005333,Financial Modeling
STU005333,System Design
STU005335,Docker
STU005335,Spark
STU005335,C++
STU005335,Node.js
STU005335,AWS
STU005336,Docker
STU005336,NLP
STU005336,Tableau
STU005336,Communication
STU005336,Financial Modeling
STU005336,System Design
STU005338,AWS
STU005338,Spark
STU005338,Machine Learning
STU005338,NLP
STU005338,Kubernetes
STU005338,System Design
STU005340,NLP
STU005340,JavaScript
STU005340,Data Visualization
STU005340,AWS
STU005340,Go
STU005341,System Design
STU005341,Data Visualization
STU005341,Docker
STU005341,JavaScript
STU005341,SQL
STU005341,Financial Modeling
STU005342,Deep Learning
STU005342,C++
STU005342,Spark
STU005343,NLP
STU005343,Financial Modeling
STU005343,System Design
STU005343,Power BI
STU005343,Spark
STU005344,Communication
STU005344,Java
STU005344,Excel
STU005347,Excel
STU005347,Statistics
STU005347,Machine Learning
STU005348,Node.js
STU005348,Statistics
STU005348,Python
STU005350,Machine Learning
STU005350,System Design
STU005350,Excel
STU005351,Docker
STU005351,Problem Solving
STU005351,JavaScript
STU005354,Java
STU005354,NLP
STU005354,Excel
STU005354,Deep Learning
STU005354,AWS
STU005356,Financial Modeling
STU005356,AWS
STU005356,React
STU005356,Java
STU005356,System Design
STU005357,React
STU005357,Kubernetes
STU005357,Machine Learning
STU005358,Spark
STU005358,Go
STU005358,Python
STU005358,Data Visualization
STU005360,NLP
STU005360,Spark
STU005360,Data Visualization
STU005361,Java
STU005361,AWS
STU005361,JavaScript
STU005362,NLP
STU005362,System Design
STU005362,AWS
STU005362,Deep Learning
STU005362,Go
STU005362,Spark
STU005363,C++
STU005363,React
STU005363,Machine Learning
STU005363,Java
STU005364,Problem Solving
STU005364,AWS
STU005364,Azure
STU005365,Python
STU005365,React
STU005365,Machine Learning
STU005367,Problem Solving
STU005367,NLP
STU005367,Node.js
STU005367,Power BI
STU005367,AWS
STU005368,Docker
STU005368,Kubernetes
STU005368,System Design
STU005368,Python
STU005368,Spark
STU005368,NLP
STU005369,Docker
STU005369,Excel
STU005369,System Design
STU005369,Problem Solving
STU005369,Azure
STU005369,SQL
STU005370,Python
STU005370,Deep Learning
STU005370,System Design
STU005370,React
STU005371,Python
STU005371,Spark
STU005371,Tableau
STU005371,Java
STU005371,NLP
STU005371,React
STU005372,Kubernetes
STU005372,Machine Learning
STU005372,Azure
STU005372,Power BI
STU005372,Python
STU005372,Spark
STU005373,Spark
STU005373,System Design
STU005373,NLP
STU005373,Statistics
STU005373,Azure
STU005374,Kubernetes
STU005374,JavaScript
STU005374,NLP
STU005375,Machine Learning
STU005375,Financial Modeling
STU005375,Data Visualization
STU005375,Tableau
STU005375,Go
STU005377,Java
STU005377,Financial Modeling
STU005377,AWS
STU005377,Communication
STU005380,AWS
STU005380,Go
STU005380,Kubernetes
STU005380,Power BI
STU005380,Node.js
STU005383,System Design
STU005383,Deep Learning
STU005383,JavaScript
STU005383,React
STU005383,Tableau
STU005383,SQL
STU005385,Tableau
STU005385,AWS
STU005385,C++
STU005385,Node.js
STU005386,JavaScript
STU005386,Tableau
STU005386,System Design
STU005386,Financial Modeling
STU005386,Java
STU005388,Data Visualization
STU005388,Kubernetes
STU005388,AWS
STU005388,Financial Modeling
STU005388,Excel
STU005388,Python
STU005392,C++
STU005392,React
STU005392,Go
STU005392,NLP
STU005392,Spark
STU005393,Statistics
STU005393,Tableau
STU005393,Kubernetes
STU005393,Financial Modeling
STU005393,Data Visualization
STU005393,C++
STU005395,Python
STU005395,C++
STU005395,Problem Solving
STU005395,Kubernetes
STU005395,System Design
STU005396,AWS
STU005396,Financial Modeling
STU005396,JavaScript
STU005396,Azure
STU005397,Deep Learning
STU005397,System Design
STU005397,Tableau
STU005397,AWS
STU005398,Machine Learning
STU005398,Power BI
STU005398,Deep Learning
STU005398,Go
STU005399,AWS
STU005399,Tableau
STU005399,React
STU005399,C++
STU005399,Machine Learning
STU005400,React
STU005400,Spark
STU005400,System Design
STU005400,Power BI
STU005400,Kubernetes
STU005400,Communication
STU005403,AWS
STU005403,Go
STU005403,System Design
STU005403,NLP
STU005403,JavaScript
STU005403,Financial Modeling
STU005404,Power BI
STU005404,Go
STU005404,NLP
STU005406,Deep Learning
STU005406,System Design
STU005406,NLP
STU005406,Docker
STU005406,Excel
STU005409,Tableau
STU005409,Node.js
STU005409,Spark
STU005410,Docker
STU005410,Java
STU005410,AWS
STU005410,Data Visualization
STU005410,Spark
STU005410,JavaScript
STU005413,AWS
STU005413,Power BI
STU005413,Deep Learning
STU005415,Node.js
STU005415,System Design
STU005415,Kubernetes
STU005415,NLP
STU005415,AWS
STU005415,Problem Solving
STU005416,Machine Learning
STU005416,Docker
STU005416,System Design
STU005416,NLP
STU005417,Tableau
STU005417,System Design
STU005417,NLP
STU005418,Kubernetes
STU005418,Deep Learning
STU005418,AWS
STU005418,Azure
STU005418,Python
STU005418,Machine Learning
STU005420,Spark
STU005420,Kubernetes
STU005420,Python
STU005420,React
STU005421,Java
STU005421,Machine Learning
STU005421,AWS
STU005421,System Design
STU005421,NLP
STU005422,Spark
STU005422,Machine Learning
STU005422,System Design
STU005422,Communication
STU005422,Tableau
STU005422,Problem Solving
STU005423,Problem Solving
STU005423,Java
STU005423,Communication
STU005423,System Design
STU005425,Deep Learning
STU005425,System Design
STU005425,Spark
STU005425,Communication
STU005426,Financial Modeling
STU005426,Spark
STU005426,System Design
STU005427,SQL
STU005427,Docker
STU005427,Node.js
STU005429,Docker
STU005429,AWS
STU005429,Financial Modeling
STU005429,Kubernetes
STU005429,Spark
STU005430,Power BI
STU005430,Kubernetes
STU005430,NLP
STU005430,React
STU005430,Financial Modeling
STU005430,Deep Learning
STU005432,AWS
STU005432,Deep Learning
STU005432,Azure
STU005432,Power BI
STU005432,Go
STU005434,Kubernetes
STU005434,Machine Learning
STU005434,Node.js
STU005436,Node.js
STU005436,System Design
STU005436,Spark
STU005436,JavaScript
STU005437,Machine Learning
STU005437,Spark
STU005437,Power BI
STU005437,Financial Modeling
STU005438,React
STU005438,AWS
STU005438,Docker
STU005441,Problem Solving
STU005441,AWS
STU005441,Excel
STU005441,React
STU005441,System Design
STU005442,Excel
STU005442,C++
STU005442,Problem Solving
STU005442,Statistics
STU005444,C++
STU005444,AWS
STU005444,Kubernetes
STU005444,Excel
STU005444,SQL
STU005444,React
STU005445,Problem Solving
STU005445,Excel
STU005445,NLP
STU005445,Tableau
STU005446,Power BI
STU005446,Spark
STU005446,Machine Learning
STU005446,AWS
STU005446,Node.js
STU005446,Azure
STU005447,Deep Learning
STU005447,Python
STU005447,Azure
STU005447,AWS
STU005447,Kubernetes
STU005448,Spark
STU005448,SQL
STU005448,Data Visualization
STU005448,Excel
STU005451,Communication
STU005451,Financial Modeling
STU005451,AWS
STU005451,Tableau
STU005451,System Design
STU005451,Java
STU005453,Java
STU005453,JavaScript
STU005453,Machine Learning
STU005453,React
STU005453,Spark
STU005455,Problem Solving
STU005455,Node.js
STU005455,Docker
STU005456,Financial Modeling
STU005456,Deep Learning
STU005456,SQL
STU005456,System Design
STU005457,Machine Learning
STU005457,Kubernetes
STU005457,React
STU005457,System Design
STU005457,Tableau
STU005459,C++
STU005459,Kubernetes
STU005459,Python
STU005462,Power BI
STU005462,Machine Learning
STU005462,Kubernetes
STU005462,System Design
STU005464,Java
STU005464,Communication
STU005464,Excel
STU005464,Spark
STU005464,Node.js
STU005464,Statistics
STU005465,Spark
STU005465,NLP
STU005465,Tableau
STU005465,System Design
STU005467,Kubernetes
STU005467,Docker
STU005467,Data Visualization
STU005467,Spark
STU005467,Node.js
STU005468,Spark
STU005468,System Design
STU005468,Deep Learning
STU005469,System Design
STU005469,Communication
STU005469,Spark
STU005469,SQL
STU005469,AWS
STU005469,Excel
STU005470,SQL
STU005470,Azure
STU005470,Docker
STU005471,SQL
STU005471,Deep Learning
STU005471,Spark
STU005471,AWS
STU005471,Docker
STU005471,Machine Learning
STU005473,Data Visualization
STU005473,Problem Solving
STU005473,Spark
STU005473,System Design
STU005474,JavaScript
STU005474,Excel
STU005474,Deep Learning
STU005474,Power BI
STU005474,Docker
STU005474,Azure
STU005475,Kubernetes
STU005475,Problem Solving
STU005475,SQL
STU005475,AWS
STU005475,Spark
STU005475,Financial Modeling
STU005476,System Design
STU005476,Go
STU005476,Problem Solving
STU005476,Azure
STU005480,Financial Modeling
STU005480,C++
STU005480,Go
STU005481,Node.js
STU005481,System Design
STU005481,Spark
STU005481,NLP
STU005484,Statistics
STU005484,NLP
STU005484,AWS
STU005484,Machine Learning
STU005486,C++
STU005486,SQL
STU005486,Spark
STU005488,React
STU005488,NLP
STU005488,Deep Learning
STU005488,System Design
STU005489,Kubernetes
STU005489,Problem Solving
STU005489,Data Visualization
STU005489,Excel
STU005489,Docker
STU005489,Power BI
STU005490,System Design
STU005490,SQL
STU005490,Java
STU005490,AWS
STU005490,Statistics
STU005490,Docker
STU005491,Spark
STU005491,Excel
STU005491,Python
STU005491,SQL
STU005491,System Design
STU005492,NLP
STU005492,Tableau
STU005492,Python
STU005492,Kubernetes
STU005493,SQL
STU005493,Node.js
STU005493,Docker
STU005493,Problem Solving
STU005493,Power BI
STU005495,Excel
STU005495,Financial Modeling
STU005495,AWS
STU005495,Spark
STU005495,NLP
STU005495,Problem Solving
STU005497,Java
STU005497,Problem Solving
STU005497,Statistics
STU005497,Financial Modeling
STU005497,Spark
STU005497,Data Visualization
STU005499,C++
STU005499,Kubernetes
STU005499,Java
STU005499,Spark
STU005499,Excel
STU005500,AWS
STU005500,System Design
STU005500,Excel
STU005503,Communication
STU005503,Power BI
STU005503,NLP
STU005504,Deep Learning
STU005504,System Design
STU005504,Excel
STU005504,Kubernetes
STU005505,AWS
STU005505,Statistics
STU005505,Problem Solving
STU005505,SQL
STU005507,Go
STU005507,Spark
STU005507,Azure
STU005509,NLP
STU005509,Azure
STU005509,Financial Modeling
STU005509,Java
STU005509,AWS
STU005511,System Design
STU005511,Communication
STU005511,Data Visualization
STU005511,Deep Learning
STU005511,Kubernetes
STU005511,Node.js
STU005512,C++
STU005512,Power BI
STU005512,System Design
STU005512,Communication
STU005514,Tableau
STU005514,Machine Learning
STU005514,React
STU005515,Go
STU005515,Deep Learning
STU005515,JavaScript
STU005515,React
STU005515,AWS
STU005516,Financial Modeling
STU005516,AWS
STU005516,NLP
STU005516,Azure
STU005516,Node.js
STU005517,Tableau
STU005517,Spark
STU005517,Java
STU005518,Machine Learning
STU005518,Kubernetes
STU005518,NLP
STU005518,Power BI
STU005518,Tableau
STU005518,Excel
STU005522,Communication
STU005522,Problem Solving
STU005522,React
STU005523,NLP
STU005523,Communication
STU005523,Tableau
STU005523,Data Visualization
STU005523,JavaScript
STU005524,C++
STU005524,Spark
STU005524,Azure
STU005524,Kubernetes
STU005524,NLP
STU005524,Financial Modeling
STU005525,Spark
STU005525,Problem Solving
STU005525,Docker
STU005525,Financial Modeling
STU005526,Kubernetes
STU005526,Spark
STU005526,Machine Learning
STU005527,NLP
STU005527,System Design
STU005527,Java
STU005527,Excel
STU005527,React
STU005527,Docker
STU005528,Communication
STU005528,AWS
STU005528,Machine Learning
STU005528,Azure
STU005528,Kubernetes
STU005530,Deep Learning
STU005530,Kubernetes
STU005530,Machine Learning
STU005531,NLP
STU005531,AWS
STU005531,C++
STU005531,Node.js
STU005532,Azure
STU005532,Go
STU005532,Tableau
STU005532,JavaScript
STU005533,Tableau
STU005533,JavaScript
STU005533,AWS
STU005536,Deep Learning
STU005536,NLP
STU005536,Java
STU005536,Problem Solving
STU005536,System Design
STU005536,AWS
STU005537,Tableau
STU005537,Statistics
STU005537,JavaScript
STU005537,Deep Learning
STU005540,Tableau
STU005540,Azure
STU005540,Communication
STU005540,Data Visualization
STU005540,AWS
STU005540,Docker
STU005541,Machine Learning
STU005541,NLP
STU005541,Data Visualization
STU005542,Java
STU005542,Excel
STU005542,Tableau
STU005542,Kubernetes
STU005542,Docker
STU005544,Spark
STU005544,JavaScript
STU005544,SQL
STU005545,Kubernetes
STU005545,JavaScript
STU005545,Go
STU005547,Python
STU005547,Communication
STU005547,AWS
STU005547,Node.js
STU005548,Problem Solving
STU005548,Go
STU005548,Deep Learning
STU005548,Python
STU005549,System Design
STU005549,Problem Solving
STU005549,Spark
STU005549,Deep Learning
STU005549,Tableau
STU005551,Java
STU005551,NLP
STU005551,Go
STU005551,Python
STU005553,System Design
STU005553,Financial Modeling
STU005553,Go
STU005553,Deep Learning
STU005553,Machine Learning
STU005557,C++
STU005557,Kubernetes
STU005557,AWS
STU005561,Problem Solving
STU005561,Azure
STU005561,Go
STU005563,System Design
STU005563,Spark
STU005563,Communication
STU005564,Node.js
STU005564,Communication
STU005564,Power BI
STU005565,Docker
STU005565,Machine Learning
STU005565,Financial Modeling
STU005565,AWS
STU005566,C++
STU005566,React
STU005566,Go
STU005566,Deep Learning
STU005566,JavaScript
STU005566,Kubernetes
STU005567,Docker
STU005567,Financial Modeling
STU005567,Node.js
STU005567,React
STU005568,Docker
STU005568,Java
STU005568,Spark
STU005568,JavaScript
STU005568,Kubernetes
STU005568,Azure
STU005569,NLP
STU005569,JavaScript
STU005569,Java
STU005569,C++
STU005570,Deep Learning
STU005570,NLP
STU005570,React
STU005570,Azure
STU005570,System Design
STU005571,Java
STU005571,AWS
STU005571,Power BI
STU005571,Python
STU005571,Spark
STU005573,Power BI
STU005573,Machine Learning
STU005573,AWS
STU005573,Go
STU005574,Spark
STU005574,Power BI
STU005574,AWS
STU005574,JavaScript
STU005574,React
STU005581,Machine Learning
STU005581,SQL
STU005581,NLP
STU005581,React
STU005581,Kubernetes
STU005581,AWS
STU005588,Spark
STU005588,Kubernetes
STU005588,System Design
STU005588,Azure
STU005588,JavaScript
STU005588,Tableau
STU005589,Excel
STU005589,Node.js
STU005589,Data Visualization
STU005590,System Design
STU005590,Go
STU005590,Node.js
STU005590,Machine Learning
STU005590,NLP
STU005591,Excel
STU005591,Data Visualization
STU005591,Python
STU005593,Azure
STU005593,Communication
STU005593,C++
STU005594,Financial Modeling
STU005594,System Design
STU005594,NLP
STU005595,System Design
STU005595,Excel
STU005595,Go
STU005595,Azure
STU005595,JavaScript
STU005595,C++
STU005596,Azure
STU005596,System Design
STU005596,SQL
STU005599,AWS
STU005599,Data Visualization
STU005599,C++
STU005599,Python
STU005599,Financial Modeling
STU005600,Data Visualization
STU005600,Communication
STU005600,JavaScript
STU005601,System Design
STU005601,C++
STU005601,NLP
STU005602,JavaScript
STU005602,System Design
STU005602,AWS
STU005602,Kubernetes
STU005602,Python
STU005602,React
STU005603,System Design
STU005603,Deep Learning
STU005603,Machine Learning
STU005603,C++
STU005605,Excel
STU005605,NLP
STU005605,Communication
STU005606,Spark
STU005606,NLP
STU005606,React
STU005606,Go
STU005606,System Design
STU005606,Docker
STU005608,Power BI
STU005608,Deep Learning
STU005608,Python
STU005608,React
STU005608,NLP
STU005608,Kubernetes
STU005611,System Design
STU005611,C++
STU005611,AWS
STU005612,Go
STU005612,JavaScript
STU005612,Spark
STU005612,NLP
STU005612,Machine Learning
STU005613,System Design
STU005613,AWS
STU005613,Java
STU005613,Azure
STU005613,Financial Modeling
STU005613,React
STU005614,Spark
STU005614,Azure
STU005614,Kubernetes
STU005614,Tableau
STU005615,Excel
STU005615,NLP
STU005615,Docker
STU005615,AWS
STU005615,C++
STU005618,Problem Solving
STU005618,AWS
STU005618,Spark
STU005618,Kubernetes
STU005618,Machine Learning
STU005618,System Design
STU005619,Python
STU005619,Node.js
STU005619,Docker
STU005619,Deep Learning
STU005620,Excel
STU005620,Machine Learning
STU005620,Problem Solving
STU005620,Deep Learning
STU005620,System Design
STU005620,React
STU005621,Machine Learning
STU005621,Data Visualization
STU005621,NLP
STU005622,Financial Modeling
STU005622,Go
STU005622,Java
STU005622,System Design
STU005622,Power BI
STU005623,Docker
STU005623,AWS
STU005623,JavaScript
STU005623,Power BI
STU005624,Spark
STU005624,Node.js
STU005624,Python
STU005624,Data Visualization
STU005627,Tableau
STU005627,Power BI
STU005627,Communication
STU005627,C++
STU005629,Power BI
STU005629,Python
STU005629,Node.js
STU005629,Go
STU005629,AWS
STU005629,Statistics
STU005631,NLP
STU005631,Python
STU005631,System Design
STU005631,C++
STU005631,Kubernetes
STU005632,System Design
STU005632,Machine Learning
STU005632,NLP
STU005632,Communication
STU005633,Go
STU005633,AWS
STU005633,Node.js
STU005634,Tableau
STU005634,Problem Solving
STU005634,Docker
STU005634,System Design
STU005634,JavaScript
STU005634,SQL
STU005635,Azure
STU005635,System Design
STU005635,Java
STU005637,Power BI
STU005637,Communication
STU005637,Statistics
STU005637,Data Visualization
STU005637,Spark
STU005637,Financial Modeling
STU005638,System Design
STU005638,AWS
STU005638,Azure
STU005638,Statistics
STU005638,Tableau
STU005638,Docker
STU005639,Azure
STU005639,AWS
STU005639,Financial Modeling
STU005639,Go
STU005641,SQL
STU005641,Kubernetes
STU005641,NLP
STU005641,Data Visualization
STU005645,Spark
STU005645,Node.js
STU005645,Go
STU005645,Tableau
STU005645,Power BI
STU005645,Kubernetes
STU005646,NLP
STU005646,Tableau
STU005646,Problem Solving
STU005646,AWS
STU005646,Machine Learning
STU005647,Python
STU005647,Communication
STU005647,System Design
STU005648,Kubernetes
STU005648,Java
STU005648,Machine Learning
STU005649,Communication
STU005649,Python
STU005649,Machine Learning
STU005651,Data Visualization
STU005651,Kubernetes
STU005651,AWS
STU005651,System Design
STU005651,Problem Solving
STU005651,Power BI
STU005652,AWS
STU005652,Deep Learning
STU005652,React
STU005653,NLP
STU005653,Python
STU005653,Azure
STU005654,JavaScript
STU005654,AWS
STU005654,Java
STU005654,Go
STU005654,NLP
STU005656,Statistics
STU005656,SQL
STU005656,Kubernetes
STU005656,NLP
STU005656,System Design
STU005656,Python
STU005657,Machine Learning
STU005657,Data Visualization
STU005657,Go
STU005657,Azure
STU005657,JavaScript
STU005657,Kubernetes
STU005661,NLP
STU005661,Java
STU005661,Communication
STU005661,Spark
STU005661,Machine Learning
STU005663,System Design
STU005663,Power BI
STU005663,Python
STU005664,Statistics
STU005664,Java
STU005664,Deep Learning
STU005664,NLP
STU005664,Problem Solving
STU005665,Python
STU005665,Java
STU005665,Kubernetes
STU005665,Deep Learning
STU005665,Go
STU005668,Go
STU005668,AWS
STU005668,Problem Solving
STU005668,Node.js
STU005668,Power BI
STU005668,Excel
STU005669,AWS
STU005669,Problem Solving
STU005669,System Design
STU005669,Azure
STU005669,Communication
STU005669,Go
STU005671,Java
STU005671,Kubernetes
STU005671,Go
STU005672,Communication
STU005672,Node.js
STU005672,Python
STU005672,Kubernetes
STU005674,Financial Modeling
STU005674,Azure
STU005674,Machine Learning
STU005674,Tableau
STU005674,React
STU005674,Problem Solving
STU005675,React
STU005675,Go
STU005675,SQL
STU005675,Statistics
STU005676,Java
STU005676,Docker
STU005676,Data Visualization
STU005676,Spark
STU005677,Machine Learning
STU005677,Data Visualization
STU005677,SQL
STU005677,Azure
STU005677,Problem Solving
STU005677,AWS
STU005678,Power BI
STU005678,AWS
STU005678,Machine Learning
STU005679,System Design
STU005679,Financial Modeling
STU005679,Python
STU005680,JavaScript
STU005680,Python
STU005680,Machine Learning
STU005680,System Design
STU005680,AWS
STU005680,Spark
STU005682,React
STU005682,AWS
STU005682,Deep Learning
STU005682,Kubernetes
STU005682,Azure
STU005684,Java
STU005684,AWS
STU005684,System Design
STU005684,Kubernetes
STU005684,Machine Learning
STU005686,AWS
STU005686,JavaScript
STU005686,Data Visualization
STU005687,Data Visualization
STU005687,Go
STU005687,Statistics
STU005690,Excel
STU005690,System Design
STU005690,Spark
STU005690,Deep Learning
STU005691,Communication
STU005691,Node.js
STU005691,System Design
STU005691,Power BI
STU005691,Azure
STU005691,SQL
STU005692,Tableau
STU005692,Deep Learning
STU005692,Docker
STU005692,AWS
STU005692,Kubernetes
STU005693,C++
STU005693,Spark
STU005693,React
STU005693,Tableau
STU005693,AWS
STU005693,Communication
STU005694,Azure
STU005694,NLP
STU005694,SQL
STU005694,React
STU005694,System Design
STU005695,NLP
STU005695,C++
STU005695,Docker
STU005695,React
STU005695,Statistics
STU005696,Docker
STU005696,NLP
STU005696,Tableau
STU005697,Deep Learning
STU005697,AWS
STU005697,Machine Learning
STU005699,Excel
STU005699,C++
STU005699,Node.js
STU005699,Spark
STU005699,Financial Modeling
STU005700,Problem Solving
STU005700,Deep Learning
STU005700,Kubernetes
STU005701,System Design
STU005701,React
STU005701,AWS
STU005701,Go
STU005703,Spark
STU005703,Excel
STU005703,Go
STU005703,AWS
STU005703,Kubernetes
STU005703,React
STU005704,Java
STU005704,Power BI
STU005704,Statistics
STU005704,Tableau
STU005708,Machine Learning
STU005708,Tableau
STU005708,Data Visualization
STU005708,Spark
STU005709,Machine Learning
STU005709,C++
STU005709,Communication
STU005710,Kubernetes
STU005710,NLP
STU005710,Java
STU005710,Data Visualization
STU005710,React
STU005710,Communication
STU005713,NLP
STU005713,AWS
STU005713,System Design
STU005715,Financial Modeling
STU005715,Machine Learning
STU005715,Kubernetes
STU005715,Azure
STU005715,JavaScript
STU005715,Communication
STU005717,Node.js
STU005717,Go
STU005717,Statistics
STU005717,Communication
STU005720,Financial Modeling
STU005720,Node.js
STU005720,Tableau
STU005721,Spark
STU005721,System Design
STU005721,Docker
STU005722,Deep Learning
STU005722,Spark
STU005722,Docker
STU005722,System Design
STU005722,Problem Solving
STU005724,AWS
STU005724,React
STU005724,Python
STU005726,Communication
STU005726,Data Visualization
STU005726,Spark
STU005727,Machine Learning
STU005727,Kubernetes
STU005727,Spark
STU005727,Deep Learning
STU005727,Data Visualization
STU005727,Excel
STU005728,AWS
STU005728,Problem Solving
STU005728,Go
STU005728,Excel
STU005731,Kubernetes
STU005731,Java
STU005731,Go
STU005731,Statistics
STU005731,React
STU005731,Financial Modeling
STU005734,Docker
STU005734,Problem Solving
STU005734,Azure
STU005735,NLP
STU005735,Go
STU005735,Spark
STU005735,Communication
STU005735,JavaScript
STU005736,Problem Solving
STU005736,AWS
STU005736,Financial Modeling
STU005737,Azure
STU005737,Excel
STU005737,NLP
STU005737,Docker
STU005739,Java
STU005739,Node.js
STU005739,System Design
STU005740,Power BI
STU005740,NLP
STU005740,Financial Modeling
STU005740,Kubernetes
STU005740,Spark
STU005740,JavaScript
STU005741,Spark
STU005741,Power BI
STU005741,C++
STU005741,Excel
STU005741,Azure
STU005741,System Design
STU005742,Communication
STU005742,Python
STU005742,Azure
STU005742,React
STU005742,SQL
STU005743,Financial Modeling
STU005743,Java
STU005743,Spark
STU005743,Python
STU005744,Problem Solving
STU005744,React
STU005744,NLP
STU005744,Spark
STU005744,Power BI
STU005744,Machine Learning
STU005745,SQL
STU005745,Java
STU005745,Financial Modeling
STU005745,Power BI
STU005745,React
STU005745,System Design
STU005746,Statistics
STU005746,React
STU005746,Docker
STU005746,Deep Learning
STU005747,SQL
STU005747,C++
STU005747,Machine Learning
STU005748,Excel
STU005748,Spark
STU005748,Kubernetes
STU005748,Tableau
STU005748,Data Visualization
STU005749,JavaScript
STU005749,Java
STU005749,Kubernetes
STU005749,Deep Learning
STU005750,NLP
STU005750,Deep Learning
STU005750,Docker
STU005750,Kubernetes
STU005750,AWS
STU005750,Go
STU005752,Tableau
STU005752,Data Visualization
STU005752,Machine Learning
STU005753,Spark
STU005753,Azure
STU005753,NLP
STU005753,Go
STU005753,Communication
STU005754,System Design
STU005754,Data Visualization
STU005754,C++
STU005754,NLP
STU005754,Tableau
STU005757,Financial Modeling
STU005757,AWS
STU005757,NLP
STU005757,JavaScript
STU005757,Docker
STU005757,Communication
STU005758,JavaScript
STU005758,System Design
STU005758,Spark
STU005758,Docker
STU005759,Python
STU005759,Power BI
STU005759,Docker
STU005759,Communication
STU005760,Communication
STU005760,React
STU005760,Spark
STU005760,Statistics
STU005760,Azure
STU005760,NLP
STU005761,Machine Learning
STU005761,Python
STU005761,System Design
STU005761,Power BI
STU005761,Node.js
STU005763,Machine Learning
STU005763,Python
STU005763,AWS
STU005763,Java
STU005763,Problem Solving
STU005765,Machine Learning
STU005765,Deep Learning
STU005765,NLP
STU005765,Spark
STU005765,Go
STU005766,C++
STU005766,Azure
STU005766,SQL
STU005766,Java
STU005766,Go
STU005768,System Design
STU005768,Spark
STU005768,Deep Learning
STU005769,System Design
STU005769,Node.js
STU005769,Tableau
STU005769,Go
STU005769,C++
STU005769,Power BI
STU005770,Deep Learning
STU005770,Problem Solving
STU005770,Power BI
STU005770,JavaScript
STU005770,Node.js
STU005770,AWS
STU005773,Communication
STU005773,React
STU005773,Machine Learning
STU005773,AWS
STU005773,Power BI
STU005774,Excel
STU005774,Node.js
STU005774,Deep Learning
STU005774,Tableau
STU005774,Data Visualization
STU005774,Docker
STU005776,NLP
STU005776,Kubernetes
STU005776,System Design
STU005776,Tableau
STU005776,Spark
STU005776,Docker
STU005780,Machine Learning
STU005780,AWS
STU005780,JavaScript
STU005780,System Design
STU005781,AWS
STU005781,SQL
STU005781,React
STU005781,System Design
STU005783,Power BI
STU005783,AWS
STU005783,Financial Modeling
STU005783,Go
STU005783,React
STU005783,NLP
STU005785,Excel
STU005785,Statistics
STU005785,Machine Learning
STU005785,JavaScript
STU005785,AWS
STU005790,AWS
STU005790,System Design
STU005790,React
STU005790,C++
STU005790,Azure
STU005791,Machine Learning
STU005791,Spark
STU005791,Problem Solving
STU005791,Deep Learning
STU005791,Excel
STU005791,Kubernetes
STU005792,Communication
STU005792,Deep Learning
STU005792,Machine Learning
STU005792,AWS
STU005792,Kubernetes
STU005792,JavaScript
STU005794,Docker
STU005794,Tableau
STU005794,System Design
STU005794,Deep Learning
STU005795,Spark
STU005795,AWS
STU005795,NLP
STU005795,Azure
STU005795,Data Visualization
STU005797,JavaScript
STU005797,Financial Modeling
STU005797,Tableau
STU005797,System Design
STU005797,Power BI
STU005799,C++
STU005799,Spark
STU005799,NLP
STU005799,Deep Learning
STU005799,Machine Learning
STU005801,Kubernetes
STU005801,NLP
STU005801,Docker
STU005801,Java
STU005801,Communication
STU005801,Azure
STU005802,NLP
STU005802,System Design
STU005802,Statistics
STU005802,React
STU005805,Tableau
STU005805,SQL
STU005805,System Design
STU005805,Problem Solving
STU005805,Go
STU005806,NLP
STU005806,Azure
STU005806,SQL
STU005806,Kubernetes
STU005807,Machine Learning
STU005807,Deep Learning
STU005807,Statistics
STU005807,NLP
STU005807,Problem Solving
STU005808,Docker
STU005808,Deep Learning
STU005808,Kubernetes
STU005812,Tableau
STU005812,JavaScript
STU005812,C++
STU005813,Python
STU005813,Communication
STU005813,Azure
STU005813,Data Visualization
STU005813,SQL
STU005815,Excel
STU005815,Machine Learning
STU005815,Deep Learning
STU005815,NLP
STU005815,System Design
STU005815,Azure
STU005817,Statistics
STU005817,Problem Solving
STU005817,NLP
STU005817,SQL
STU005818,Spark
STU005818,AWS
STU005818,Deep Learning
STU005818,Communication
STU005819,React
STU005819,AWS
STU005819,C++
STU005819,SQL
STU005819,Kubernetes
STU005821,Kubernetes
STU005821,AWS
STU005821,Machine Learning
STU005821,Azure
STU005821,C++
STU005822,System Design
STU005822,Python
STU005822,Kubernetes
STU005822,Java
STU005823,Azure
STU005823,Tableau
STU005823,Communication
STU005823,System Design
STU005824,Azure
STU005824,Machine Learning
STU005824,System Design
STU005824,AWS
STU005824,Problem Solving
STU005828,Statistics
STU005828,Problem Solving
STU005828,Machine Learning
STU005828,AWS
STU005830,Go
STU005830,AWS
STU005830,Docker
STU005833,Deep Learning
STU005833,NLP
STU005833,SQL
STU005833,JavaScript
STU005833,Azure
STU005835,Financial Modeling
STU005835,Node.js
STU005835,Kubernetes
STU005835,Machine Learning
STU005837,Spark
STU005837,Communication
STU005837,NLP
STU005837,C++
STU005837,Excel
STU005838,Power BI
STU005838,Azure
STU005838,Machine Learning
STU005839,Node.js
STU005839,System Design
STU005839,Excel
STU005839,AWS
STU005839,Spark
STU005840,Data Visualization
STU005840,NLP
STU005840,Financial Modeling
STU005841,System Design
STU005841,Excel
STU005841,SQL
STU005841,NLP
STU005841,Spark
STU005841,Kubernetes
STU005846,Node.js
STU005846,System Design
STU005846,Docker
STU005846,Communication
STU005846,Azure
STU005847,C++
STU005847,Python
STU005847,Node.js
STU005847,Tableau
STU005849,Financial Modeling
STU005849,System Design
STU005849,Power BI
STU005849,Communication
STU005849,React
STU005850,Node.js
STU005850,Communication
STU005850,Docker
STU005851,Node.js
STU005851,Financial Modeling
STU005851,React
STU005851,Communication
STU005851,Kubernetes
STU005851,Python
STU005852,Python
STU005852,Java
STU005852,Node.js
STU005853,Kubernetes
STU005853,Excel
STU005853,Communication
STU005853,Machine Learning
STU005854,Kubernetes
STU005854,Java
STU005854,Docker
STU005855,Python
STU005855,Spark
STU005855,Excel
STU005855,Node.js
STU005855,NLP
STU005856,Tableau
STU005856,Kubernetes
STU005856,System Design
STU005857,AWS
STU005857,NLP
STU005857,Statistics
STU005857,Azure
STU005857,Tableau
STU005857,Docker
STU005858,NLP
STU005858,SQL
STU005858,Docker
STU005858,System Design
STU005858,React
STU005858,Go
STU005859,React
STU005859,Kubernetes
STU005859,Java
STU005859,NLP
STU005859,Financial Modeling
STU005862,Azure
STU005862,Tableau
STU005862,Deep Learning
STU005863,Kubernetes
STU005863,System Design
STU005863,Statistics
STU005864,Spark
STU005864,Communication
STU005864,Statistics
STU005864,Kubernetes
STU005864,C++
STU005865,Azure
STU005865,System Design
STU005865,AWS
STU005865,Python
STU005865,Node.js
STU005866,Docker
STU005866,Deep Learning
STU005866,Spark
STU005866,Python
STU005868,Java
STU005868,AWS
STU005868,Node.js
STU005868,Power BI
STU005868,Machine Learning
STU005870,System Design
STU005870,Go
STU005870,Docker
STU005870,Node.js
STU005872,Spark
STU005872,Financial Modeling
STU005872,Machine Learning
STU005873,Node.js
STU005873,Financial Modeling
STU005873,Machine Learning
STU005874,JavaScript
STU005874,SQL
STU005874,Azure
STU005874,Statistics
STU005874,System Design
STU005875,Financial Modeling
STU005875,Statistics
STU005875,Go
STU005875,System Design
STU005876,Kubernetes
STU005876,Go
STU005876,Machine Learning
STU005876,NLP
STU005876,Python
STU005877,Kubernetes
STU005877,Machine Learning
STU005877,JavaScript
STU005877,C++
STU005877,Java
STU005878,Docker
STU005878,Statistics
STU005878,NLP
STU005878,Machine Learning
STU005881,AWS
STU005881,SQL
STU005881,Machine Learning
STU005881,System Design
STU005881,Financial Modeling
STU005884,Financial Modeling
STU005884,Docker
STU005884,NLP
STU005884,Deep Learning
STU005885,React
STU005885,Go
STU005885,Deep Learning
STU005885,NLP
STU005885,Kubernetes
STU005885,System Design
STU005886,Kubernetes
STU005886,AWS
STU005886,Financial Modeling
STU005886,Deep Learning
STU005886,Node.js
STU005887,Statistics
STU005887,Financial Modeling
STU005887,Machine Learning
STU005887,Node.js
STU005887,Spark
STU005887,Docker
STU005889,JavaScript
STU005889,Node.js
STU005889,Docker
STU005889,AWS
STU005889,Tableau
STU005889,Communication
STU005891,JavaScript
STU005891,Data Visualization
STU005891,System Design
STU005891,Statistics
STU005891,Communication
STU005891,Financial Modeling
STU005894,Deep Learning
STU005894,Node.js
STU005894,Problem Solving
STU005894,Docker
STU005894,Go
STU005900,System Design
STU005900,Machine Learning
STU005900,AWS
STU005900,Java
STU005900,Azure
STU005901,Deep Learning
STU005901,System Design
STU005901,JavaScript
STU005901,Azure
STU005901,Excel
STU005901,Statistics
STU005902,SQL
STU005902,Go
STU005902,React
STU005902,Kubernetes
STU005903,System Design
STU005903,React
STU005903,Communication
STU005905,System Design
STU005905,Deep Learning
STU005905,Power BI
STU005905,Communication
STU005909,JavaScript
STU005909,SQL
STU005909,Spark
STU005909,Tableau
STU005909,Data Visualization
STU005909,AWS
STU005911,Machine Learning
STU005911,Kubernetes
STU005911,Financial Modeling
STU005912,SQL
STU005912,Kubernetes
STU005912,React
STU005912,AWS
STU005914,Spark
STU005914,Machine Learning
STU005914,JavaScript
STU005917,Excel
STU005917,Python
STU005917,React
STU005917,Statistics
STU005917,NLP
STU005918,Python
STU005918,Power BI
STU005918,Machine Learning
STU005919,Machine Learning
STU005919,Docker
STU005919,Financial Modeling
STU005920,Tableau
STU005920,SQL
STU005920,AWS
STU005920,Java
STU005920,Data Visualization
STU005921,Node.js
STU005921,Java
STU005921,Python
STU005921,Docker
STU005921,System Design
STU005922,C++
STU005922,Power BI
STU005922,Machine Learning
STU005925,NLP
STU005925,Data Visualization
STU005925,Problem Solving
STU005925,System Design
STU005925,Spark
STU005930,System Design
STU005930,Python
STU005930,Tableau
STU005930,Azure
STU005931,AWS
STU005931,Kubernetes
STU005931,NLP
STU005931,Power BI
STU005932,Spark
STU005932,NLP
STU005932,AWS
STU005932,Excel
STU005932,C++
STU005933,React
STU005933,Spark
STU005933,AWS
STU005933,Kubernetes
STU005933,Financial Modeling
STU005933,Go
STU005934,Azure
STU005934,Statistics
STU005934,React
STU005934,NLP
STU005934,Docker
STU005934,Kubernetes
STU005935,Machine Learning
STU005935,Go
STU005935,Statistics
STU005935,React
STU005937,SQL
STU005937,AWS
STU005937,Power BI
STU005937,Python
STU005937,Tableau
STU005937,Docker
STU005938,Excel
STU005938,C++
STU005938,SQL
STU005938,React
STU005938,System Design
STU005939,C++
STU005939,Data Visualization
STU005939,Statistics
STU005939,Machine Learning
STU005939,NLP
STU005939,AWS
STU005941,Deep Learning
STU005941,Kubernetes
STU005941,Statistics
STU005942,System Design
STU005942,Kubernetes
STU005942,JavaScript
STU005942,Power BI
STU005942,Docker
STU005944,Data Visualization
STU005944,Deep Learning
STU005944,Spark
STU005945,JavaScript
STU005945,Financial Modeling
STU005945,Go
STU005945,Kubernetes
STU005945,C++
STU005945,Node.js
STU005946,System Design
STU005946,Deep Learning
STU005946,Node.js
STU005946,AWS
STU005946,Machine Learning
STU005946,Financial Modeling
STU005949,Tableau
STU005949,Power BI
STU005949,NLP
STU005949,AWS
STU005949,Problem Solving
STU005949,Financial Modeling
STU005950,React
STU005950,AWS
STU005950,Azure
STU005950,Problem Solving
STU005951,React
STU005951,Financial Modeling
STU005951,System Design
STU005951,Python
STU005951,NLP
STU005952,Kubernetes
STU005952,Machine Learning
STU005952,Node.js
STU005953,Kubernetes
STU005953,C++
STU005953,System Design
STU005954,JavaScript
STU005954,Machine Learning
STU005954,Kubernetes
STU005954,Python
STU005954,SQL
STU005956,Machine Learning
STU005956,System Design
STU005956,Go
STU005957,Financial Modeling
STU005957,System Design
STU005957,Java
STU005958,Python
STU005958,React
STU005958,Tableau
STU005958,Excel
STU005958,Statistics
STU005959,Spark
STU005959,Financial Modeling
STU005959,Machine Learning
STU005959,AWS
STU005960,Power BI
STU005960,Go
STU005960,Data Visualization
STU005960,Kubernetes
STU005960,SQL
STU005960,Python
STU005962,SQL
STU005962,Machine Learning
STU005962,AWS
STU005962,Docker
STU005962,Deep Learning
STU005965,C++
STU005965,Kubernetes
STU005965,System Design
STU005965,Azure
STU005970,Data Visualization
STU005970,C++
STU005970,AWS
STU005970,Machine Learning
STU005970,Deep Learning
STU005970,Excel
STU005973,Spark
STU005973,C++
STU005973,Statistics
STU005975,Kubernetes
STU005975,Docker
STU005975,Python
STU005975,Problem Solving
STU005975,Data Visualization
STU005975,Spark
STU005976,Financial Modeling
STU005976,Python
STU005976,Spark
STU005976,Machine Learning
STU005977,Docker
STU005977,Kubernetes
STU005977,C++
STU005977,Excel
STU005977,NLP
STU005978,Python
STU005978,SQL
STU005978,Kubernetes
STU005978,React
STU005978,C++
STU005981,Machine Learning
STU005981,Kubernetes
STU005981,Power BI
STU005982,System Design
STU005982,Go
STU005982,Deep Learning
STU005982,JavaScript
STU005982,Kubernetes
STU005982,Node.js
STU005985,Communication
STU005985,Azure
STU005985,Problem Solving
STU005985,Statistics
STU005985,Java
STU005986,Deep Learning
STU005986,Tableau
STU005986,NLP
STU005986,Java
STU005987,Power BI
STU005987,Problem Solving
STU005987,Spark
STU005987,React
STU005989,C++
STU005989,Spark
STU005989,Docker
STU005990,Docker
STU005990,AWS
STU005990,Deep Learning
STU005990,Machine Learning
STU005990,System Design
STU005991,Docker
STU005991,NLP
STU005991,Azure
STU005991,Kubernetes
STU005992,Problem Solving
STU005992,Excel
STU005992,AWS
STU005993,Azure
STU005993,Kubernetes
STU005993,Communication
STU005993,Spark
STU005993,AWS
STU005993,Statistics
STU005994,AWS
STU005994,JavaScript
STU005994,System Design
STU005994,NLP
STU005997,Spark
STU005997,JavaScript
STU005997,SQL
STU005997,Machine Learning
STU005997,C++
STU005999,Deep Learning
STU005999,Kubernetes
STU005999,Statistics
STU005999,Go
STU006004,Data Visualization
STU006004,Python
STU006004,JavaScript
STU006004,AWS
STU006004,System Design
STU006004,Power BI
STU006005,Tableau
STU006005,Deep Learning
STU006005,Kubernetes
STU006005,Go
STU006007,AWS
STU006007,Tableau
STU006007,SQL
STU006007,Docker
STU006009,System Design
STU006009,Power BI
STU006009,Statistics
STU006009,AWS
STU006013,Node.js
STU006013,Tableau
STU006013,NLP
STU006013,Financial Modeling
STU006015,System Design
STU006015,Machine Learning
STU006015,Financial Modeling
STU006015,Docker
STU006018,Python
STU006018,Kubernetes
STU006018,AWS
STU006018,System Design
STU006019,Kubernetes
STU006019,Machine Learning
STU006019,Docker
STU006019,System Design
STU006019,Deep Learning
STU006019,AWS
STU006020,Communication
STU006020,Kubernetes
STU006020,React
STU006020,AWS
STU006020,Power BI
STU006020,Data Visualization
STU006021,Machine Learning
STU006021,React
STU006021,Statistics
STU006022,Azure
STU006022,NLP
STU006022,Go
STU006024,Java
STU006024,Kubernetes
STU006024,Power BI
STU006024,Spark
STU006024,Machine Learning
STU006024,C++
STU006025,Python
STU006025,System Design
STU006025,Deep Learning
STU006026,Power BI
STU006026,AWS
STU006026,Python
STU006026,JavaScript
STU006026,Spark
STU006027,Kubernetes
STU006027,Statistics
STU006027,System Design
STU006027,SQL
STU006028,Java
STU006028,Python
STU006028,Kubernetes
STU006028,Power BI
STU006028,Spark
STU006028,Data Visualization
STU006029,Excel
STU006029,Kubernetes
STU006029,Tableau
STU006029,AWS
STU006030,Go
STU006030,Python
STU006030,Data Visualization
STU006030,Node.js
STU006034,Spark
STU006034,Azure
STU006034,Communication
STU006035,Problem Solving
STU006035,Spark
STU006035,Power BI
STU006035,Node.js
STU006036,Spark
STU006036,Kubernetes
STU006036,Python
STU006037,Docker
STU006037,Go
STU006037,JavaScript
STU006037,Power BI
STU006039,Financial Modeling
STU006039,Node.js
STU006039,Docker
STU006039,Kubernetes
STU006039,Data Visualization
STU006039,Statistics
STU006041,Communication
STU006041,NLP
STU006041,Problem Solving
STU006041,React
STU006041,System Design
STU006041,AWS
STU006042,System Design
STU006042,Financial Modeling
STU006042,Kubernetes
STU006042,AWS
STU006044,Kubernetes
STU006044,Tableau
STU006044,Spark
STU006044,System Design
STU006044,Node.js
STU006044,React
STU006045,System Design
STU006045,AWS
STU006045,Financial Modeling
STU006047,Machine Learning
STU006047,Power BI
STU006047,Financial Modeling
STU006047,Statistics
STU006047,NLP
STU006047,Go
STU006049,Tableau
STU006049,System Design
STU006049,Deep Learning
STU006049,Spark
STU006050,Docker
STU006050,Spark
STU006050,System Design
STU006052,Excel
STU006052,Financial Modeling
STU006052,Data Visualization
STU006052,Spark
STU006053,Go
STU006053,Machine Learning
STU006053,Financial Modeling
STU006053,Node.js
STU006053,React
STU006053,Problem Solving
STU006054,JavaScript
STU006054,NLP
STU006054,System Design
STU006054,Machine Learning
STU006055,Data Visualization
STU006055,Deep Learning
STU006055,Power BI
STU006055,JavaScript
STU006055,Machine Learning
STU006055,AWS
STU006056,System Design
STU006056,React
STU006056,C++
STU006057,Problem Solving
STU006057,Financial Modeling
STU006057,System Design
STU006058,System Design
STU006058,Tableau
STU006058,C++
STU006059,Power BI
STU006059,SQL
STU006059,Node.js
STU006059,Java
STU006060,Java
STU006060,Spark
STU006060,AWS
STU006061,System Design
STU006061,React
STU006061,JavaScript
STU006061,Machine Learning
STU006061,Kubernetes
STU006061,Spark
STU006062,Data Visualization
STU006062,System Design
STU006062,Financial Modeling
STU006063,React
STU006063,Deep Learning
STU006063,Go
STU006063,System Design
STU006063,NLP
STU006063,Docker
STU006064,Java
STU006064,Node.js
STU006064,Spark
STU006064,System Design
STU006064,Machine Learning
STU006065,Financial Modeling
STU006065,Python
STU006065,Deep Learning
STU006066,Java
STU006066,Go
STU006066,Power BI
STU006067,Data Visualization
STU006067,Excel
STU006067,NLP
STU006067,Problem Solving
STU006067,Java
STU006068,C++
STU006068,Go
STU006068,System Design
STU006068,Tableau
STU006068,Machine Learning
STU006069,C++
STU006069,Machine Learning
STU006069,Azure
STU006069,React
STU006073,Financial Modeling
STU006073,Go
STU006073,SQL
STU006073,Data Visualization
STU006075,AWS
STU006075,Spark
STU006075,Python
STU006075,React
STU006076,Communication
STU006076,C++
STU006076,JavaScript
STU006076,Go
STU006076,Docker
STU006077,Kubernetes
STU006077,Azure
STU006077,Spark
STU006077,NLP
STU006078,Azure
STU006078,Node.js
STU006078,NLP
STU006078,AWS
STU006078,SQL
STU006082,Power BI
STU006082,Problem Solving
STU006082,Deep Learning
STU006082,AWS
STU006084,Node.js
STU006084,Excel
STU006084,SQL
STU006084,Azure
STU006085,Kubernetes
STU006085,Statistics
STU006085,Node.js
STU006085,NLP
STU006086,System Design
STU006086,Kubernetes
STU006086,Excel
STU006086,NLP
STU006088,Java
STU006088,Statistics
STU006088,Spark
STU006091,Python
STU006091,Spark
STU006091,JavaScript
STU006091,Docker
STU006095,System Design
STU006095,Power BI
STU006095,Python
STU006095,Machine Learning
STU006095,NLP
STU006096,AWS
STU006096,Excel
STU006096,Go
STU006096,Communication
STU006096,Problem Solving
STU006096,C++
STU006097,NLP
STU006097,Deep Learning
STU006097,React
STU006097,Machine Learning
STU006097,Python
STU006098,SQL
STU006098,Deep Learning
STU006098,Data Visualization
STU006099,NLP
STU006099,Communication
STU006099,System Design
STU006099,Deep Learning
STU006099,Docker
STU006099,Power BI
STU006100,Java
STU006100,AWS
STU006100,Azure
STU006100,Problem Solving
STU006100,Machine Learning
STU006101,Go
STU006101,AWS
STU006101,Kubernetes
STU006101,NLP
STU006104,Machine Learning
STU006104,SQL
STU006104,AWS
STU006105,NLP
STU006105,Tableau
STU006105,System Design
STU006106,Data Visualization
STU006106,System Design
STU006106,AWS
STU006106,Tableau
STU006106,Node.js
STU006109,Data Visualization
STU006109,System Design
STU006109,Problem Solving
STU006109,JavaScript
STU006109,Tableau
STU006110,Communication
STU006110,Statistics
STU006110,Spark
STU006110,Azure
STU006110,Excel
STU006111,JavaScript
STU006111,Deep Learning
STU006111,Azure
STU006113,Azure
STU006113,Machine Learning
STU006113,Node.js
STU006113,Python
STU006113,System Design
STU006113,Kubernetes
STU006114,Problem Solving
STU006114,Docker
STU006114,Node.js
STU006114,AWS
STU006115,Go
STU006115,Java
STU006115,Machine Learning
STU006116,Problem Solving
STU006116,Spark
STU006116,Deep Learning
STU006116,NLP
STU006116,Node.js
STU006116,Azure
STU006117,Statistics
STU006117,Java
STU006117,AWS
STU006118,Node.js
STU006118,Tableau
STU006118,NLP
STU006118,AWS
STU006118,Kubernetes
STU006118,Spark
STU006119,Kubernetes
STU006119,C++
STU006119,AWS
STU006119,System Design
STU006121,AWS
STU006121,Machine Learning
STU006121,Java
STU006121,NLP
STU006121,React
STU006122,Machine Learning
STU006122,Statistics
STU006122,Data Visualization
STU006122,NLP
STU006122,Deep Learning
STU006122,Azure
STU006123,NLP
STU006123,Java
STU006123,System Design
STU006123,Power BI
STU006124,Excel
STU006124,Node.js
STU006124,Machine Learning
STU006124,Python
STU006124,Tableau
STU006125,Data Visualization
STU006125,Financial Modeling
STU006125,System Design
STU006125,Machine Learning
STU006126,Tableau
STU006126,Deep Learning
STU006126,Kubernetes
STU006126,System Design
STU006127,React
STU006127,Kubernetes
STU006127,Docker
STU006127,System Design
STU006127,SQL
STU006127,Node.js
STU006128,Azure
STU006128,Kubernetes
STU006128,NLP
STU006128,Statistics
STU006129,AWS
STU006129,Machine Learning
STU006129,Kubernetes
STU006129,C++
STU006130,Power BI
STU006130,Go
STU006130,SQL
STU006130,Tableau
STU006130,Communication
STU006131,Kubernetes
STU006131,Node.js
STU006131,AWS
STU006131,JavaScript
STU006131,Java
STU006133,Java
STU006133,NLP
STU006133,Communication
STU006133,AWS
STU006135,Kubernetes
STU006135,Deep Learning
STU006135,Go
STU006136,Kubernetes
STU006136,Machine Learning
STU006136,Power BI
STU006136,Statistics
STU006136,Deep Learning
STU006136,System Design
STU006137,System Design
STU006137,Azure
STU006137,Tableau
STU006137,C++
STU006137,Power BI
STU006138,Financial Modeling
STU006138,System Design
STU006138,AWS
STU006138,Spark
STU006138,Node.js
STU006138,React
STU006140,Financial Modeling
STU006140,Python
STU006140,Kubernetes
STU006140,Problem Solving
STU006140,Spark
STU006141,Azure
STU006141,JavaScript
STU006141,Spark
STU006142,SQL
STU006142,Python
STU006142,Tableau
STU006142,Spark
STU006142,Machine Learning
STU006142,Power BI
STU006143,Machine Learning
STU006143,Java
STU006143,Spark
STU006143,Tableau
STU006143,System Design
STU006144,Kubernetes
STU006144,JavaScript
STU006144,C++
STU006144,React
STU006144,Problem Solving
STU006146,React
STU006146,Kubernetes
STU006146,Tableau
STU006146,AWS
STU006146,System Design
STU006146,Machine Learning
STU006147,NLP
STU006147,Kubernetes
STU006147,Problem Solving
STU006147,JavaScript
STU006148,Python
STU006148,Deep Learning
STU006148,C++
STU006148,Docker
STU006148,Spark
STU006148,Java
STU006150,Machine Learning
STU006150,JavaScript
STU006150,Problem Solving
STU006150,Excel
STU006153,C++
STU006153,Kubernetes
STU006153,Go
STU006153,Problem Solving
STU006153,JavaScript
STU006155,Excel
STU006155,System Design
STU006155,Go
STU006155,Data Visualization
STU006156,Spark
STU006156,Machine Learning
STU006156,AWS
STU006157,Problem Solving
STU006157,System Design
STU006157,AWS
STU006157,NLP
STU006161,NLP
STU006161,Kubernetes
STU006161,JavaScript
STU006162,C++
STU006162,AWS
STU006162,Power BI
STU006167,JavaScript
STU006167,Machine Learning
STU006167,Problem Solving
STU006167,React
STU006167,NLP
STU006167,Data Visualization
STU006168,Go
STU006168,Machine Learning
STU006168,Docker
STU006168,SQL
STU006168,C++
STU006168,Kubernetes
STU006170,JavaScript
STU006170,Go
STU006170,Python
STU006170,Spark
STU006170,AWS
STU006170,Excel
STU006171,Spark
STU006171,Excel
STU006171,Data Visualization
STU006171,Java
STU006173,Spark
STU006173,Go
STU006173,Communication
STU006173,Kubernetes
STU006173,Data Visualization
STU006174,Azure
STU006174,SQL
STU006174,Power BI
STU006174,Java
STU006174,Spark
STU006176,Communication
STU006176,Tableau
STU006176,System Design
STU006176,AWS
STU006176,Machine Learning
STU006179,Go
STU006179,Kubernetes
STU006179,React
STU006179,Statistics
STU006180,Data Visualization
STU006180,SQL
STU006180,Spark
STU006180,Docker
STU006180,AWS
STU006181,Docker
STU006181,React
STU006181,AWS
STU006181,C++
STU006181,Spark
STU006183,Power BI
STU006183,System Design
STU006183,C++
STU006183,Kubernetes
STU006183,Machine Learning
STU006184,NLP
STU006184,Spark
STU006184,Excel
STU006185,Node.js
STU006185,Financial Modeling
STU006185,SQL
STU006187,System Design
STU006187,Azure
STU006187,Excel
STU006187,Machine Learning
STU006187,Go
STU006187,Docker
STU006189,Statistics
STU006189,Azure
STU006189,Kubernetes
STU006189,Problem Solving
STU006190,Java
STU006190,Kubernetes
STU006190,JavaScript
STU006191,System Design
STU006191,Node.js
STU006191,Deep Learning
STU006191,JavaScript
STU006196,Machine Learning
STU006196,Kubernetes
STU006196,React
STU006197,Communication
STU006197,Problem Solving
STU006197,Statistics
STU006197,Power BI
STU006197,Docker
STU006197,Data Visualization
STU006200,Machine Learning
STU006200,Problem Solving
STU006200,React
STU006200,Power BI
STU006200,Kubernetes
STU006200,Excel
STU006205,JavaScript
STU006205,AWS
STU006205,Node.js
STU006205,Spark
STU006205,C++
STU006205,NLP
STU006208,Communication
STU006208,Java
STU006208,Deep Learning
STU006208,Docker
STU006208,Kubernetes
STU006208,React
STU006209,System Design
STU006209,Deep Learning
STU006209,C++
STU006209,Docker
STU006209,Communication
STU006209,Java
STU006210,Go
STU006210,Spark
STU006210,NLP
STU006211,Communication
STU006211,Machine Learning
STU006211,Azure
STU006211,Spark
STU006212,C++
STU006212,Tableau
STU006212,JavaScript
STU006212,Financial Modeling
STU006212,Excel
STU006213,React
STU006213,System Design
STU006213,SQL
STU006213,Data Visualization
STU006213,Machine Learning
STU006213,Deep Learning
STU006214,Data Visualization
STU006214,Deep Learning
STU006214,Node.js
STU006214,NLP
STU006214,Machine Learning
STU006214,SQL
STU006215,Power BI
STU006215,Financial Modeling
STU006215,Go
STU006215,Azure
STU006215,Node.js
STU006215,Spark
STU006216,Deep Learning
STU006216,AWS
STU006216,Kubernetes
STU006217,Spark
STU006217,Deep Learning
STU006217,Kubernetes
STU006217,Node.js
STU006217,Excel
STU006218,SQL
STU006218,Excel
STU006218,C++
STU006218,Tableau
STU006219,Deep Learning
STU006219,React
STU006219,JavaScript
STU006219,Kubernetes
STU006219,Tableau
STU006220,System Design
STU006220,Deep Learning
STU006220,Go
STU006220,Kubernetes
STU006221,NLP
STU006221,System Design
STU006221,Power BI
STU006221,Deep Learning
STU006221,JavaScript
STU006221,Python
STU006223,Power BI
STU006223,Machine Learning
STU006223,C++
STU006224,Tableau
STU006224,Docker
STU006224,Communication
STU006224,React
STU006224,Power BI
STU006224,Node.js
STU006225,JavaScript
STU006225,NLP
STU006225,Node.js
STU006225,System Design
STU006228,Spark
STU006228,NLP
STU006228,JavaScript
STU006228,Excel
STU006228,Deep Learning
STU006228,Machine Learning
STU006229,React
STU006229,C++
STU006229,Power BI
STU006229,JavaScript
STU006229,Data Visualization
STU006230,React
STU006230,Excel
STU006230,Financial Modeling
STU006230,Tableau
STU006230,Deep Learning
STU006231,Problem Solving
STU006231,React
STU006231,Python
STU006231,NLP
STU006231,System Design
STU006231,Spark
STU006233,Python
STU006233,Tableau
STU006233,System Design
STU006234,Data Visualization
STU006234,System Design
STU006234,Tableau
STU006234,Machine Learning
STU006235,C++
STU006235,JavaScript
STU006235,Python
STU006235,Financial Modeling
STU006239,Power BI
STU006239,Java
STU006239,Kubernetes
STU006239,Machine Learning
STU006239,JavaScript
STU006240,Docker
STU006240,Java
STU006240,Machine Learning
STU006240,Go
STU006242,Power BI
STU006242,System Design
STU006242,Excel
STU006242,Go
STU006242,JavaScript
STU006242,Tableau
STU006245,Financial Modeling
STU006245,Problem Solving
STU006245,Power BI
STU006246,Deep Learning
STU006246,C++
STU006246,System Design
STU006248,Communication
STU006248,Data Visualization
STU006248,NLP
STU006248,JavaScript
STU006254,Python
STU006254,Azure
STU006254,Machine Learning
STU006254,Docker
STU006254,Statistics
STU006254,Data Visualization
STU006256,AWS
STU006256,Excel
STU006256,Kubernetes
STU006257,Java
STU006257,Kubernetes
STU006257,Data Visualization
STU006257,React
STU006261,System Design
STU006261,Kubernetes
STU006261,React
STU006261,Statistics
STU006261,SQL
STU006263,AWS
STU006263,Spark
STU006263,Machine Learning
STU006263,NLP
STU006263,Statistics
STU006264,NLP
STU006264,Docker
STU006264,Kubernetes
STU006264,C++
STU006264,AWS
STU006264,System Design
STU006265,Statistics
STU006265,Spark
STU006265,Deep Learning
STU006265,Kubernetes
STU006269,C++
STU006269,AWS
STU006269,Spark
STU006269,SQL
STU006269,Communication
STU006269,Deep Learning
STU006270,Statistics
STU006270,React
STU006270,AWS
STU006270,Python
STU006271,SQL
STU006271,Communication
STU006271,Azure
STU006271,Deep Learning
STU006273,NLP
STU006273,React
STU006273,Tableau
STU006273,Deep Learning
STU006273,System Design
STU006273,Financial Modeling
STU006275,System Design
STU006275,Machine Learning
STU006275,Docker
STU006275,Problem Solving
STU006275,Deep Learning
STU006277,SQL
STU006277,NLP
STU006277,AWS
STU006277,Machine Learning
STU006277,Power BI
STU006278,Java
STU006278,Kubernetes
STU006278,Python
STU006278,React
STU006279,Problem Solving
STU006279,Statistics
STU006279,Communication
STU006279,SQL
STU006279,Machine Learning
STU006280,Data Visualization
STU006280,Kubernetes
STU006280,C++
STU006281,AWS
STU006281,Spark
STU006281,System Design
STU006281,Node.js
STU006283,AWS
STU006283,Machine Learning
STU006283,Spark
STU006283,JavaScript
STU006284,Kubernetes
STU006284,Docker
STU006284,Statistics
STU006285,Statistics
STU006285,Machine Learning
STU006285,Kubernetes
STU006286,React
STU006286,Azure
STU006286,NLP
STU006286,AWS
STU006286,JavaScript
STU006287,Java
STU006287,Statistics
STU006287,Tableau
STU006289,Data Visualization
STU006289,AWS
STU006289,Communication
STU006290,JavaScript
STU006290,Kubernetes
STU006290,Financial Modeling
STU006290,System Design
STU006290,Power BI
STU006290,Azure
STU006292,Docker
STU006292,Node.js
STU006292,AWS
STU006292,Machine Learning
STU006292,Spark
STU006293,Kubernetes
STU006293,Spark
STU006293,C++
STU006293,Java
STU006294,Node.js
STU006294,System Design
STU006294,AWS
STU006294,Python
STU006294,Azure
STU006294,Machine Learning
STU006295,Spark
STU006295,Deep Learning
STU006295,Excel
STU006295,React
STU006295,C++
STU006298,Tableau
STU006298,SQL
STU006298,Deep Learning
STU006299,React
STU006299,NLP
STU006299,Node.js
STU006300,System Design
STU006300,Financial Modeling
STU006300,Kubernetes
STU006300,AWS
STU006301,Machine Learning
STU006301,SQL
STU006301,Deep Learning
STU006301,System Design
STU006301,Python
STU006302,Kubernetes
STU006302,Go
STU006302,Deep Learning
STU006302,Statistics
STU006304,Communication
STU006304,Kubernetes
STU006304,Java
STU006304,AWS
STU006305,Kubernetes
STU006305,Node.js
STU006305,Docker
STU006305,C++
STU006306,Spark
STU006306,Azure
STU006306,Statistics
STU006306,Kubernetes
STU006306,Excel
STU006307,Java
STU006307,Machine Learning
STU006307,Spark
STU006307,React
STU006307,AWS
STU006307,Problem Solving
STU006308,Communication
STU006308,Spark
STU006308,NLP
STU006308,Python
STU006308,Power BI
STU006308,Kubernetes
STU006309,Node.js
STU006309,Kubernetes
STU006309,Java
STU006312,Communication
STU006312,Excel
STU006312,JavaScript
STU006313,JavaScript
STU006313,Go
STU006313,Statistics
STU006313,NLP
STU006313,Node.js
STU006314,AWS
STU006314,Tableau
STU006314,Financial Modeling
STU006314,SQL
STU006315,System Design
STU006315,Deep Learning
STU006315,Docker
STU006315,Node.js
STU006316,Kubernetes
STU006316,Node.js
STU006316,NLP
STU006317,Problem Solving
STU006317,NLP
STU006317,Deep Learning
STU006317,Tableau
STU006319,Data Visualization
STU006319,Financial Modeling
STU006319,Statistics
STU006319,Deep Learning
STU006319,AWS
STU006323,System Design
STU006323,Azure
STU006323,JavaScript
STU006323,Spark
STU006323,Go
STU006325,Java
STU006325,Go
STU006325,System Design
STU006325,NLP
STU006326,Excel
STU006326,Kubernetes
STU006326,Machine Learning
STU006326,Docker
STU006327,Spark
STU006327,Data Visualization
STU006327,Machine Learning
STU006329,Problem Solving
STU006329,Power BI
STU006329,Java
STU006329,Kubernetes
STU006329,Node.js
STU006333,Communication
STU006333,C++
STU006333,Problem Solving
STU006333,Go
STU006334,Problem Solving
STU006334,Power BI
STU006334,Node.js
STU006334,JavaScript
STU006334,Communication
STU006335,Azure
STU006335,Machine Learning
STU006335,Problem Solving
STU006335,SQL
STU006338,Statistics
STU006338,Excel
STU006338,Node.js
STU006338,Power BI
STU006338,React
STU006338,Tableau
STU006339,NLP
STU006339,JavaScript
STU006339,Go
STU006339,AWS
STU006339,Java
STU006339,Kubernetes
STU006340,Node.js
STU006340,Statistics
STU006340,JavaScript
STU006341,Go
STU006341,AWS
STU006341,JavaScript
STU006341,C++
STU006341,Spark
STU006341,NLP
STU006342,Docker
STU006342,Communication
STU006342,Java
STU006345,Statistics
STU006345,SQL
STU006345,AWS
STU006345,NLP
STU006346,JavaScript
STU006346,Data Visualization
STU006346,Deep Learning
STU006346,Spark
STU006346,NLP
STU006346,Java
STU006348,AWS
STU006348,Statistics
STU006348,Kubernetes
STU006350,Machine Learning
STU006350,SQL
STU006350,Communication
STU006355,System Design
STU006355,Java
STU006355,Problem Solving
STU006355,Docker
STU006355,Statistics
STU006357,React
STU006357,SQL
STU006357,AWS
STU006359,Spark
STU006359,Machine Learning
STU006359,Docker
STU006360,SQL
STU006360,Power BI
STU006360,Java
STU006360,Statistics
STU006360,Tableau
STU006365,Spark
STU006365,Kubernetes
STU006365,Machine Learning
STU006368,Kubernetes
STU006368,Azure
STU006368,C++
STU006368,Python
STU006368,Docker
STU006369,Go
STU006369,Communication
STU006369,AWS
STU006370,Machine Learning
STU006370,Spark
STU006370,Tableau
STU006370,Data Visualization
STU006370,Power BI
STU006371,Deep Learning
STU006371,Python
STU006371,Data Visualization
STU006374,Data Visualization
STU006374,Kubernetes
STU006374,System Design
STU006374,C++
STU006374,Node.js
STU006375,AWS
STU006375,Java
STU006375,Excel
STU006377,C++
STU006377,Go
STU006377,Docker
STU006377,System Design
STU006377,Node.js
STU006377,Problem Solving
STU006378,System Design
STU006378,Financial Modeling
STU006378,Kubernetes
STU006378,NLP
STU006378,React
STU006379,Excel
STU006379,Spark
STU006379,React
STU006380,SQL
STU006380,Spark
STU006380,AWS
STU006380,Docker
STU006380,Node.js
STU006380,React
STU006381,System Design
STU006381,Excel
STU006381,React
STU006381,SQL
STU006381,Kubernetes
STU006381,Communication
STU006382,Kubernetes
STU006382,Tableau
STU006382,NLP
STU006383,Excel
STU006383,Financial Modeling
STU006383,AWS
STU006383,Spark
STU006383,Tableau
STU006385,AWS
STU006385,JavaScript
STU006385,System Design
STU006385,Spark
STU006388,Spark
STU006388,React
STU006388,JavaScript
STU006388,C++
STU006390,Kubernetes
STU006390,Machine Learning
STU006390,JavaScript
STU006390,Docker
STU006392,Java
STU006392,React
STU006392,Deep Learning
STU006394,React
STU006394,Tableau
STU006394,Power BI
STU006394,Python
STU006394,Kubernetes
STU006394,Spark
STU006395,Machine Learning
STU006395,Docker
STU006395,AWS
STU006395,NLP
STU006395,Deep Learning
STU006395,Azure
STU006396,Docker
STU006396,Python
STU006396,AWS
STU006396,Tableau
STU006396,Deep Learning
STU006396,Financial Modeling
STU006398,Node.js
STU006398,React
STU006398,Go
STU006398,C++
STU006398,Kubernetes
STU006398,Azure
STU006399,Java
STU006399,Node.js
STU006399,Problem Solving
STU006399,React
STU006401,AWS
STU006401,Spark
STU006401,Azure
STU006401,Communication
STU006401,Power BI
STU006403,AWS
STU006403,NLP
STU006403,Excel
STU006404,Java
STU006404,System Design
STU006404,Docker
STU006404,Communication
STU006404,Spark
STU006405,Excel
STU006405,SQL
STU006405,Problem Solving
STU006405,JavaScript
STU006406,Communication
STU006406,React
STU006406,Financial Modeling
STU006406,NLP
STU006406,System Design
STU006407,Azure
STU006407,Python
STU006407,System Design
STU006407,Node.js
STU006411,Data Visualization
STU006411,Java
STU006411,Azure
STU006411,Spark
STU006411,Machine Learning
STU006411,SQL
STU006412,NLP
STU006412,React
STU006412,Python
STU006412,Kubernetes
STU006412,Communication
STU006414,SQL
STU006414,Power BI
STU006414,Azure
STU006414,Deep Learning
STU006414,NLP
STU006416,Machine Learning
STU006416,React
STU006416,Go
STU006416,Spark
STU006416,Python
STU006417,AWS
STU006417,Tableau
STU006417,Node.js
STU006417,Data Visualization
STU006419,System Design
STU006419,AWS
STU006419,Java
STU006420,C++
STU006420,SQL
STU006420,Problem Solving
STU006420,Tableau
STU006420,Azure
STU006420,Excel
STU006423,Spark
STU006423,Docker
STU006423,Go
STU006423,Node.js
STU006423,Tableau
STU006426,C++
STU006426,Kubernetes
STU006426,Spark
STU006427,Spark
STU006427,Java
STU006427,React
STU006427,Tableau
STU006430,Statistics
STU006430,Go
STU006430,AWS
STU006432,SQL
STU006432,Problem Solving
STU006432,Financial Modeling
STU006432,Machine Learning
STU006432,Kubernetes
STU006433,Node.js
STU006433,Docker
STU006433,Machine Learning
STU006433,SQL
STU006433,Tableau
STU006433,Spark
STU006435,Azure
STU006435,C++
STU006435,Tableau
STU006437,C++
STU006437,Financial Modeling
STU006437,Tableau
STU006437,Machine Learning
STU006437,JavaScript
STU006439,NLP
STU006439,System Design
STU006439,Excel
STU006439,React
STU006440,Statistics
STU006440,Python
STU006440,Java
STU006440,NLP
STU006440,Azure
STU006441,Spark
STU006441,Communication
STU006441,System Design
STU006441,JavaScript
STU006441,SQL
STU006441,Deep Learning
STU006442,Python
STU006442,NLP
STU006442,Kubernetes
STU006442,Excel
STU006444,Java
STU006444,React
STU006444,Kubernetes
STU006445,System Design
STU006445,Statistics
STU006445,SQL
STU006445,Problem Solving
STU006445,Tableau
STU006445,Go
STU006446,Data Visualization
STU006446,Spark
STU006446,NLP
STU006446,Communication
STU006446,Java
STU006448,Financial Modeling
STU006448,Data Visualization
STU006448,Machine Learning
STU006448,Deep Learning
STU006448,Azure
STU006448,Excel
STU006450,React
STU006450,Docker
STU006450,JavaScript
STU006450,Machine Learning
STU006450,Financial Modeling
STU006457,Machine Learning
STU006457,Kubernetes
STU006457,Docker
STU006457,Node.js
STU006459,Azure
STU006459,Python
STU006459,AWS
STU006459,Machine Learning
STU006459,Kubernetes
STU006460,AWS
STU006460,Financial Modeling
STU006460,System Design
STU006461,Machine Learning
STU006461,Node.js
STU006461,Spark
STU006461,NLP
STU006462,Statistics
STU006462,Excel
STU006462,Kubernetes
STU006465,Data Visualization
STU006465,Excel
STU006465,Financial Modeling
STU006465,Machine Learning
STU006465,AWS
STU006465,Power BI
STU006466,Tableau
STU006466,Node.js
STU006466,Azure
STU006466,NLP
STU006466,JavaScript
STU006467,System Design
STU006467,Spark
STU006467,JavaScript
STU006468,Power BI
STU006468,Deep Learning
STU006468,Problem Solving
STU006468,React
STU006468,Azure
STU006469,AWS
STU006469,Node.js
STU006469,Go
STU006469,Kubernetes
STU006470,Kubernetes
STU006470,Machine Learning
STU006470,Docker
STU006470,NLP
STU006474,Azure
STU006474,Machine Learning
STU006474,C++
STU006474,Problem Solving
STU006475,System Design
STU006475,Excel
STU006475,JavaScript
STU006475,Node.js
STU006480,Go
STU006480,Problem Solving
STU006480,AWS
STU006480,Python
STU006481,System Design
STU006481,C++
STU006481,AWS
STU006482,Power BI
STU006482,React
STU006482,System Design
STU006482,Go
STU006482,Python
STU006483,Azure
STU006483,Docker
STU006483,Statistics
STU006483,System Design
STU006483,Kubernetes
STU006483,AWS
STU006484,Excel
STU006484,Azure
STU006484,Kubernetes
STU006484,NLP
STU006484,C++
STU006484,Java
STU006485,React
STU006485,Go
STU006485,Problem Solving
STU006485,Excel
STU006485,Azure
STU006486,Financial Modeling
STU006486,Kubernetes
STU006486,NLP
STU006487,Power BI
STU006487,Spark
STU006487,System Design
STU006487,Machine Learning
STU006487,SQL
STU006487,Tableau
STU006488,Machine Learning
STU006488,Azure
STU006488,Financial Modeling
STU006489,Kubernetes
STU006489,Problem Solving
STU006489,Data Visualization
STU006489,Power BI
STU006489,Statistics
STU006489,Machine Learning
STU006491,C++
STU006491,NLP
STU006491,Kubernetes
STU006491,JavaScript
STU006491,AWS
STU006493,Power BI
STU006493,Azure
STU006493,Kubernetes
STU006493,Communication
STU006493,React
STU006493,SQL
STU006494,Kubernetes
STU006494,Python
STU006494,Node.js
STU006494,SQL
STU006494,Spark
STU006494,Machine Learning
STU006495,SQL
STU006495,Kubernetes
STU006495,Java
STU006495,JavaScript
STU006495,Machine Learning
STU006495,NLP
STU006496,C++
STU006496,Python
STU006496,System Design
STU006496,SQL
STU006496,Machine Learning
STU006496,Go
STU006497,AWS
STU006497,Spark
STU006497,SQL
STU006497,Statistics
STU006497,System Design
STU006498,Data Visualization
STU006498,Communication
STU006498,JavaScript
STU006502,Excel
STU006502,Spark
STU006502,Java
STU006502,Go
STU006503,Machine Learning
STU006503,Deep Learning
STU006503,Communication
STU006504,Tableau
STU006504,C++
STU006504,Statistics
STU006507,System Design
STU006507,JavaScript
STU006507,React
STU006507,Tableau
STU006508,Machine Learning
STU006508,Docker
STU006508,Spark
STU006508,C++
STU006509,Go
STU006509,AWS
STU006509,Communication
STU006509,Spark
STU006509,C++
STU006509,Node.js
STU006510,Go
STU006510,SQL
STU006510,Python
STU006510,C++
STU006510,Node.js
STU006511,Excel
STU006511,Communication
STU006511,Problem Solving
STU006511,Docker
STU006511,Spark
STU006512,Java
STU006512,SQL
STU006512,Machine Learning
STU006514,Azure
STU006514,Excel
STU006514,Spark
STU006516,AWS
STU006516,Data Visualization
STU006516,Azure
STU006517,Machine Learning
STU006517,AWS
STU006517,C++
STU006517,Java
STU006517,JavaScript
STU006517,Deep Learning
STU006524,Go
STU006524,Node.js
STU006524,Machine Learning
STU006524,NLP
STU006524,C++
STU006527,Machine Learning
STU006527,Statistics
STU006527,Financial Modeling
STU006528,JavaScript
STU006528,System Design
STU006528,Communication
STU006529,Deep Learning
STU006529,Go
STU006529,Kubernetes
STU006529,React
STU006531,SQL
STU006531,Kubernetes
STU006531,Python
STU006531,Statistics
STU006532,Python
STU006532,Machine Learning
STU006532,Communication
STU006532,Financial Modeling
STU006532,SQL
STU006533,C++
STU006533,SQL
STU006533,Machine Learning
STU006533,Power BI
STU006533,Financial Modeling
STU006533,Problem Solving
STU006534,Kubernetes
STU006534,C++
STU006534,Machine Learning
STU006535,SQL
STU006535,Kubernetes
STU006535,AWS
STU006535,Machine Learning
STU006535,Node.js
STU006537,Kubernetes
STU006537,JavaScript
STU006537,Statistics
STU006537,AWS
STU006538,Power BI
STU006538,Docker
STU006538,Kubernetes
STU006538,JavaScript
STU006538,Node.js
STU006539,Spark
STU006539,Kubernetes
STU006539,System Design
STU006539,Financial Modeling
STU006540,Spark
STU006540,Java
STU006540,Deep Learning
STU006540,Communication
STU006541,Statistics
STU006541,NLP
STU006541,Financial Modeling
STU006541,Excel
STU006541,Docker
STU006541,Tableau
STU006542,Machine Learning
STU006542,React
STU006542,Financial Modeling
STU006542,JavaScript
STU006542,Node.js
STU006542,AWS
STU006546,Azure
STU006546,C++
STU006546,AWS
STU006546,Excel
STU006546,System Design
STU006546,Data Visualization
STU006547,Kubernetes
STU006547,Problem Solving
STU006547,Machine Learning
STU006547,Excel
STU006547,AWS
STU006547,System Design
STU006548,NLP
STU006548,AWS
STU006548,SQL
STU006548,Spark
STU006548,Deep Learning
STU006550,Statistics
STU006550,Deep Learning
STU006550,Power BI
STU006550,SQL
STU006550,Machine Learning
STU006551,Python
STU006551,Docker
STU006551,NLP
STU006551,Financial Modeling
STU006551,Deep Learning
STU006552,Kubernetes
STU006552,AWS
STU006552,React
STU006555,SQL
STU006555,Node.js
STU006555,NLP
STU006555,AWS
STU006555,Deep Learning
STU006555,Data Visualization
STU006557,Tableau
STU006557,Statistics
STU006557,Python
STU006557,System Design
STU006558,Tableau
STU006558,Financial Modeling
STU006558,Kubernetes
STU006558,AWS
STU006558,Machine Learning
STU006558,NLP
STU006559,System Design
STU006559,Azure
STU006559,Machine Learning
STU006559,Docker
STU006560,Statistics
STU006560,Azure
STU006560,Python
STU006560,Problem Solving
STU006560,Go
STU006561,Machine Learning
STU006561,Spark
STU006561,AWS
STU006561,Financial Modeling
STU006561,Python
STU006563,System Design
STU006563,SQL
STU006563,React
STU006567,AWS
STU006567,Statistics
STU006567,Problem Solving
STU006569,Financial Modeling
STU006569,Machine Learning
STU006569,Go
STU006569,C++
STU006569,Statistics
STU006569,Power BI
STU006571,System Design
STU006571,JavaScript
STU006571,Docker
STU006576,Kubernetes
STU006576,Azure
STU006576,Excel
STU006576,Python
STU006576,Communication
STU006577,AWS
STU006577,Financial Modeling
STU006577,Data Visualization
STU006577,Spark
STU006579,System Design
STU006579,Azure
STU006579,AWS
STU006579,Java
STU006579,React
STU006580,Spark
STU006580,Java
STU006580,Python
STU006580,System Design
STU006580,Docker
STU006581,Spark
STU006581,AWS
STU006581,System Design
STU006581,NLP
STU006581,SQL
STU006581,Kubernetes
STU006582,Machine Learning
STU006582,Go
STU006582,Node.js
STU006583,Deep Learning
STU006583,React
STU006583,Tableau
STU006583,NLP
STU006583,Kubernetes
STU006583,C++
STU006584,Node.js
STU006584,Spark
STU006584,NLP
STU006584,Excel
STU006584,Docker
STU006584,Problem Solving
STU006585,Node.js
STU006585,Tableau
STU006585,Kubernetes
STU006585,Java
STU006586,Java
STU006586,Tableau
STU006586,Deep Learning
STU006586,C++
STU006586,NLP
STU006587,Financial Modeling
STU006587,Docker
STU006587,Python
STU006587,AWS
STU006589,Power BI
STU006589,Spark
STU006589,Tableau
STU006589,Excel
STU006590,Statistics
STU006590,Spark
STU006590,Kubernetes
STU006591,Machine Learning
STU006591,Spark
STU006591,Node.js
STU006591,Data Visualization
STU006592,Problem Solving
STU006592,Tableau
STU006592,Spark
STU006592,Statistics
STU006593,Azure
STU006593,Python
STU006593,JavaScript
STU006593,System Design
STU006596,Node.js
STU006596,JavaScript
STU006596,Kubernetes
STU006596,AWS
STU006596,Spark
STU006597,Kubernetes
STU006597,Tableau
STU006597,Problem Solving
STU006597,System Design
STU006600,JavaScript
STU006600,Kubernetes
STU006600,C++
STU006600,Communication
STU006600,NLP
STU006600,Statistics
STU006602,System Design
STU006602,Machine Learning
STU006602,Kubernetes
STU006602,Java
STU006602,Statistics
STU006603,Machine Learning
STU006603,NLP
STU006603,Data Visualization
STU006603,Kubernetes
STU006604,Deep Learning
STU006604,Data Visualization
STU006604,AWS
STU006604,Go
STU006604,Excel
STU006604,Communication
STU006605,Tableau
STU006605,Power BI
STU006605,Azure
STU006605,Financial Modeling
STU006609,Spark
STU006609,Deep Learning
STU006609,Machine Learning
STU006609,Communication
STU006610,System Design
STU006610,NLP
STU006610,Java
STU006611,Node.js
STU006611,System Design
STU006611,Java
STU006611,Spark
STU006611,Financial Modeling
STU006611,JavaScript
STU006613,React
STU006613,System Design
STU006613,Python
STU006613,SQL
STU006616,Kubernetes
STU006616,Go
STU006616,SQL
STU006616,Spark
STU006616,NLP
STU006621,Kubernetes
STU006621,Azure
STU006621,Java
STU006621,System Design
STU006622,Kubernetes
STU006622,System Design
STU006622,Power BI
STU006622,Statistics
STU006623,Statistics
STU006623,React
STU006623,Data Visualization
STU006623,Spark
STU006623,Go
STU006624,AWS
STU006624,Power BI
STU006624,Data Visualization
STU006624,React
STU006624,Machine Learning
STU006625,Financial Modeling
STU006625,Java
STU006625,Spark
STU006625,Problem Solving
STU006625,C++
STU006627,Java
STU006627,Go
STU006627,Tableau
STU006628,Communication
STU006628,Docker
STU006628,Financial Modeling
STU006630,Financial Modeling
STU006630,Problem Solving
STU006630,Spark
STU006630,AWS
STU006630,Java
STU006630,Machine Learning
STU006631,AWS
STU006631,Statistics
STU006631,Data Visualization
STU006631,Go
STU006631,Excel
STU006631,Spark
STU006632,Machine Learning
STU006632,Tableau
STU006632,React
STU006635,Azure
STU006635,Python
STU006635,Node.js
STU006635,Communication
STU006635,Deep Learning
STU006635,Docker
STU006638,System Design
STU006638,Tableau
STU006638,Financial Modeling
STU006638,Statistics
STU006639,Tableau
STU006639,Data Visualization
STU006639,Go
STU006640,Kubernetes
STU006640,Java
STU006640,Python
STU006640,Go
STU006640,Spark
STU006641,Data Visualization
STU006641,Kubernetes
STU006641,Deep Learning
STU006642,SQL
STU006642,System Design
STU006642,Docker
STU006642,C++
STU006644,Spark
STU006644,Deep Learning
STU006644,Kubernetes
STU006644,C++
STU006644,SQL
STU006644,AWS
STU006645,Power BI
STU006645,Problem Solving
STU006645,Go
STU006645,Python
STU006646,Machine Learning
STU006646,System Design
STU006646,NLP
STU006646,Node.js
STU006646,Financial Modeling
STU006647,Spark
STU006647,Machine Learning
STU006647,Tableau
STU006647,AWS
STU006647,SQL
STU006647,System Design
STU006648,Deep Learning
STU006648,Kubernetes
STU006648,System Design
STU006650,Spark
STU006650,Financial Modeling
STU006650,Machine Learning
STU006650,Python
STU006652,Communication
STU006652,Machine Learning
STU006652,AWS
STU006653,Deep Learning
STU006653,Machine Learning
STU006653,AWS
STU006654,Spark
STU006654,System Design
STU006654,NLP
STU006654,Deep Learning
STU006654,Statistics
STU006655,C++
STU006655,NLP
STU006655,Machine Learning
STU006655,Excel
STU006655,AWS
STU006655,Deep Learning
STU006656,SQL
STU006656,Go
STU006656,Machine Learning
STU006656,React
STU006656,Azure
STU006656,System Design
STU006658,JavaScript
STU006658,AWS
STU006658,React
STU006658,Data Visualization
STU006662,Communication
STU006662,Machine Learning
STU006662,AWS
STU006662,C++
STU006662,Spark
STU006663,Node.js
STU006663,Problem Solving
STU006663,Communication
STU006663,Machine Learning
STU006663,Spark
STU006664,Spark
STU006664,C++
STU006664,Docker
STU006664,React
STU006664,Statistics
STU006666,Financial Modeling
STU006666,Java
STU006666,Azure
STU006666,Kubernetes
STU006668,JavaScript
STU006668,Spark
STU006668,Kubernetes
STU006668,Statistics
STU006668,Problem Solving
STU006669,Deep Learning
STU006669,Go
STU006669,Spark
STU006669,C++
STU006669,NLP
STU006669,Kubernetes
STU006673,NLP
STU006673,Communication
STU006673,SQL
STU006673,AWS
STU006674,JavaScript
STU006674,Spark
STU006674,Communication
STU006674,AWS
STU006678,Financial Modeling
STU006678,Excel
STU006678,Go
STU006679,Java
STU006679,Docker
STU006679,Machine Learning
STU006679,Excel
STU006679,Kubernetes
STU006683,AWS
STU006683,Node.js
STU006683,Docker
STU006683,Excel
STU006683,JavaScript
STU006685,AWS
STU006685,Deep Learning
STU006685,Machine Learning
STU006685,C++
STU006685,JavaScript
STU006685,Financial Modeling
STU006686,Tableau
STU006686,Financial Modeling
STU006686,Kubernetes
STU006686,Azure
STU006686,Problem Solving
STU006687,Spark
STU006687,Communication
STU006687,Power BI
STU006687,Deep Learning
STU006687,Java
STU006690,Excel
STU006690,Problem Solving
STU006690,Python
STU006690,Tableau
STU006690,Kubernetes
STU006691,NLP
STU006691,Machine Learning
STU006691,Spark
STU006691,JavaScript
STU006692,Docker
STU006692,System Design
STU006692,Machine Learning
STU006692,AWS
STU006695,System Design
STU006695,AWS
STU006695,React
STU006696,Docker
STU006696,Spark
STU006696,AWS
STU006696,C++
STU006696,Statistics
STU006696,Kubernetes
STU006697,Kubernetes
STU006697,Machine Learning
STU006697,Docker
STU006697,Java
STU006697,System Design
STU006697,React
STU006699,Statistics
STU006699,AWS
STU006699,NLP
STU006703,AWS
STU006703,Financial Modeling
STU006703,System Design
STU006703,Azure
STU006703,Go
STU006705,Kubernetes
STU006705,Go
STU006705,C++
STU006705,Node.js
STU006705,Spark
STU006706,Financial Modeling
STU006706,Tableau
STU006706,Machine Learning
STU006707,Statistics
STU006707,Go
STU006707,C++
STU006707,Python
STU006707,Financial Modeling
STU006708,Deep Learning
STU006708,Java
STU006708,C++
STU006708,Spark
STU006708,Machine Learning
STU006710,AWS
STU006710,Problem Solving
STU006710,Financial Modeling
STU006710,Spark
STU006710,Go
STU006711,Azure
STU006711,NLP
STU006711,Spark
STU006714,Statistics
STU006714,Financial Modeling
STU006714,Node.js
STU006714,Power BI
STU006714,Azure
STU006714,Communication
STU006715,JavaScript
STU006715,NLP
STU006715,Financial Modeling
STU006717,Kubernetes
STU006717,Communication
STU006717,Excel
STU006718,Communication
STU006718,Data Visualization
STU006718,SQL
STU006718,Java
STU006718,Problem Solving
STU006718,System Design
STU006719,Machine Learning
STU006719,NLP
STU006719,Communication
STU006719,Power BI
STU006720,C++
STU006720,Kubernetes
STU006720,Machine Learning
STU006721,Power BI
STU006721,Data Visualization
STU006721,NLP
STU006722,Docker
STU006722,Node.js
STU006722,Financial Modeling
STU006722,Tableau
STU006722,Spark
STU006722,Azure
STU006723,NLP
STU006723,React
STU006723,Machine Learning
STU006724,Deep Learning
STU006724,Spark
STU006724,Java
STU006724,Docker
STU006725,Docker
STU006725,Node.js
STU006725,C++
STU006725,React
STU006726,NLP
STU006726,Spark
STU006726,Python
STU006726,Communication
STU006727,React
STU006727,Kubernetes
STU006727,AWS
STU006727,Java
STU006729,Azure
STU006729,Power BI
STU006729,AWS
STU006729,Kubernetes
STU006730,Kubernetes
STU006730,Azure
STU006730,Spark
STU006731,Problem Solving
STU006731,NLP
STU006731,AWS
STU006732,Docker
STU006732,Data Visualization
STU006732,Statistics
STU006732,Financial Modeling
STU006732,SQL
STU006732,AWS
STU006733,Kubernetes
STU006733,Go
STU006733,Machine Learning
STU006733,Problem Solving
STU006733,Docker
STU006733,SQL
STU006734,Spark
STU006734,Excel
STU006734,Node.js
STU006734,Communication
STU006734,Machine Learning
STU006735,Node.js
STU006735,C++
STU006735,AWS
STU006735,Python
STU006735,Problem Solving
STU006736,Financial Modeling
STU006736,NLP
STU006736,JavaScript
STU006736,Java
STU006737,Node.js
STU006737,Kubernetes
STU006737,Spark
STU006737,AWS
STU006737,React
STU006737,Docker
STU006740,Node.js
STU006740,Machine Learning
STU006740,Statistics
STU006740,SQL
STU006740,Data Visualization
STU006741,AWS
STU006741,Communication
STU006741,Excel
STU006743,Azure
STU006743,Spark
STU006743,Machine Learning
STU006743,Node.js
STU006743,Data Visualization
STU006743,JavaScript
STU006744,Machine Learning
STU006744,Problem Solving
STU006744,Python
STU006744,Node.js
STU006744,NLP
STU006744,Spark
STU006745,Machine Learning
STU006745,Node.js
STU006745,System Design
STU006746,React
STU006746,Spark
STU006746,Data Visualization
STU006747,AWS
STU006747,React
STU006747,Problem Solving
STU006753,Excel
STU006753,Azure
STU006753,Machine Learning
STU006753,C++
STU006753,Power BI
STU006753,AWS
STU006755,NLP
STU006755,Problem Solving
STU006755,Statistics
STU006757,Power BI
STU006757,Data Visualization
STU006757,Machine Learning
STU006759,Statistics
STU006759,Machine Learning
STU006759,Python
STU006759,Tableau
STU006759,Excel
STU006762,SQL
STU006762,Docker
STU006762,Tableau
STU006762,Spark
STU006762,System Design
STU006762,Statistics
STU006763,Docker
STU006763,Java
STU006763,Financial Modeling
STU006763,Deep Learning
STU006763,Data Visualization
STU006764,Node.js
STU006764,Machine Learning
STU006764,AWS
STU006765,System Design
STU006765,Communication
STU006765,Kubernetes
STU006765,Financial Modeling
STU006765,Node.js
STU006765,Machine Learning
STU006768,System Design
STU006768,Spark
STU006768,Power BI
STU006768,Problem Solving
STU006768,Docker
STU006769,Spark
STU006769,Docker
STU006769,NLP
STU006769,Data Visualization
STU006771,Docker
STU006771,Azure
STU006771,Java
STU006771,Node.js
STU006771,Go
STU006773,Java
STU006773,Excel
STU006773,C++
STU006773,System Design
STU006773,NLP
STU006773,SQL
STU006774,Java
STU006774,Machine Learning
STU006774,Excel
STU006775,C++
STU006775,System Design
STU006775,Java
STU006775,Communication
STU006775,Financial Modeling
STU006776,System Design
STU006776,NLP
STU006776,Statistics
STU006776,Excel
STU006776,Problem Solving
STU006777,Communication
STU006777,Machine Learning
STU006777,Spark
STU006777,Tableau
STU006777,NLP
STU006777,Azure
STU006778,Azure
STU006778,Python
STU006778,Node.js
STU006778,NLP
STU006780,AWS
STU006780,C++
STU006780,Excel
STU006781,System Design
STU006781,NLP
STU006781,Python
STU006781,Data Visualization
STU006782,Kubernetes
STU006782,SQL
STU006782,Docker
STU006782,Machine Learning
STU006782,NLP
STU006782,Java
STU006784,NLP
STU006784,Machine Learning
STU006784,JavaScript
STU006784,React
STU006785,Docker
STU006785,Deep Learning
STU006785,Go
STU006787,Data Visualization
STU006787,AWS
STU006787,System Design
STU006787,Java
STU006787,Go
STU006787,Kubernetes
STU006789,Machine Learning
STU006789,Communication
STU006789,Problem Solving
STU006789,Kubernetes
STU006789,System Design
STU006791,Spark
STU006791,AWS
STU006791,JavaScript
STU006791,Java
STU006792,Data Visualization
STU006792,Java
STU006792,Spark
STU006792,System Design
STU006792,AWS
STU006792,Statistics
STU006793,SQL
STU006793,Tableau
STU006793,React
STU006793,Docker
STU006793,JavaScript
STU006793,Problem Solving
STU006794,Docker
STU006794,Statistics
STU006794,Python
STU006794,Power BI
STU006795,Tableau
STU006795,Spark
STU006795,Java
STU006796,Excel
STU006796,Financial Modeling
STU006796,Data Visualization
STU006796,Spark
STU006796,System Design
STU006797,Kubernetes
STU006797,Financial Modeling
STU006797,System Design
STU006797,React
STU006797,NLP
STU006797,Python
STU006798,Spark
STU006798,Power BI
STU006798,Statistics
STU006798,React
STU006799,AWS
STU006799,Data Visualization
STU006799,React
STU006799,Financial Modeling
STU006799,Kubernetes
STU006800,Machine Learning
STU006800,Communication
STU006800,Problem Solving
STU006800,Python
STU006800,System Design
STU006801,Machine Learning
STU006801,C++
STU006801,Communication
STU006801,JavaScript
STU006801,System Design
STU006804,Docker
STU006804,Statistics
STU006804,System Design
STU006804,Spark
STU006805,AWS
STU006805,NLP
STU006805,Problem Solving
STU006805,System Design
STU006806,SQL
STU006806,Docker
STU006806,AWS
STU006806,Go
STU006806,C++
STU006807,Java
STU006807,Data Visualization
STU006807,Communication
STU006807,Go
STU006807,System Design
STU006807,C++
STU006808,Python
STU006808,Data Visualization
STU006808,Financial Modeling
STU006808,Excel
STU006808,Machine Learning
STU006810,NLP
STU006810,System Design
STU006810,Tableau
STU006810,Communication
STU006810,Data Visualization
STU006812,AWS
STU006812,Excel
STU006812,System Design
STU006812,Tableau
STU006812,Kubernetes
STU006812,Go
STU006813,Spark
STU006813,Tableau
STU006813,NLP
STU006813,JavaScript
STU006813,React
STU006814,Kubernetes
STU006814,Excel
STU006814,Power BI
STU006814,Tableau
STU006814,Azure
STU006814,Machine Learning
STU006815,Python
STU006815,Java
STU006815,Kubernetes
STU006815,C++
STU006815,Deep Learning
STU006815,Excel
STU006816,Problem Solving
STU006816,Docker
STU006816,Statistics
STU006817,System Design
STU006817,Power BI
STU006817,AWS
STU006817,NLP
STU006818,Financial Modeling
STU006818,React
STU006818,Power BI
STU006818,Node.js
STU006820,React
STU006820,Kubernetes
STU006820,AWS
STU006820,Machine Learning
STU006821,Java
STU006821,Power BI
STU006821,Machine Learning
STU006821,NLP
STU006821,Azure
STU006822,NLP
STU006822,Go
STU006822,Tableau
STU006822,Excel
STU006823,Power BI
STU006823,JavaScript
STU006823,AWS
STU006828,Azure
STU006828,Tableau
STU006828,Node.js
STU006829,Python
STU006829,Tableau
STU006829,Node.js
STU006829,Kubernetes
STU006832,JavaScript
STU006832,System Design
STU006832,Deep Learning
STU006832,Azure
STU006832,Data Visualization
STU006832,Java
STU006833,NLP
STU006833,Power BI
STU006833,Data Visualization
STU006835,Deep Learning
STU006835,AWS
STU006835,JavaScript
STU006835,Kubernetes
STU006837,Azure
STU006837,Docker
STU006837,Java
STU006837,Problem Solving
STU006837,System Design
STU006837,Statistics
STU006839,Excel
STU006839,Kubernetes
STU006839,React
STU006842,Spark
STU006842,Machine Learning
STU006842,AWS
STU006842,Java
STU006842,Kubernetes
STU006842,Communication
STU006843,React
STU006843,Azure
STU006843,C++
STU006844,Java
STU006844,AWS
STU006844,Azure
STU006844,Spark
STU006844,System Design
STU006849,React
STU006849,NLP
STU006849,Communication
STU006849,AWS
STU006853,NLP
STU006853,Communication
STU006853,Financial Modeling
STU006853,Machine Learning
STU006855,System Design
STU006855,Java
STU006855,Power BI
STU006855,Deep Learning
STU006857,Spark
STU006857,Python
STU006857,Java
STU006857,Problem Solving
STU006857,Statistics
STU006858,Data Visualization
STU006858,Kubernetes
STU006858,C++
STU006858,System Design
STU006859,Go
STU006859,Problem Solving
STU006859,Power BI
STU006859,Machine Learning
STU006860,AWS
STU006860,Kubernetes
STU006860,Financial Modeling
STU006860,Node.js
STU006860,Excel
STU006862,AWS
STU006862,Go
STU006862,Node.js
STU006863,Data Visualization
STU006863,Spark
STU006863,NLP
STU006863,Azure
STU006866,Kubernetes
STU006866,Azure
STU006866,AWS
STU006866,C++
STU006866,Go
STU006869,Java
STU006869,Kubernetes
STU006869,Power BI
STU006871,AWS
STU006871,Problem Solving
STU006871,Node.js
STU006871,Data Visualization
STU006871,Power BI
STU006871,NLP
STU006874,Machine Learning
STU006874,NLP
STU006874,Python
STU006874,Node.js
STU006875,Problem Solving
STU006875,NLP
STU006875,AWS
STU006875,Statistics
STU006876,Spark
STU006876,Python
STU006876,Machine Learning
STU006876,JavaScript
STU006878,System Design
STU006878,AWS
STU006878,NLP
STU006878,Excel
STU006878,Java
STU006878,Communication
STU006879,AWS
STU006879,NLP
STU006879,System Design
STU006881,Machine Learning
STU006881,Kubernetes
STU006881,Node.js
STU006881,NLP
STU006881,Azure
STU006883,NLP
STU006883,Azure
STU006883,System Design
STU006884,Go
STU006884,Azure
STU006884,NLP
STU006884,React
STU006884,AWS
STU006884,Machine Learning
STU006887,System Design
STU006887,Spark
STU006887,Excel
STU006887,Data Visualization
STU006887,Kubernetes
STU006887,NLP
STU006888,Communication
STU006888,Excel
STU006888,Power BI
STU006888,Machine Learning
STU006888,AWS
STU006889,Kubernetes
STU006889,Excel
STU006889,React
STU006889,Communication
STU006890,AWS
STU006890,Go
STU006890,Spark
STU006892,SQL
STU006892,Tableau
STU006892,C++
STU006892,Java
STU006893,Data Visualization
STU006893,AWS
STU006893,NLP
STU006893,Go
STU006893,Machine Learning
STU006894,C++
STU006894,AWS
STU006894,NLP
STU006894,Machine Learning
STU006894,System Design
STU006894,Financial Modeling
STU006896,Machine Learning
STU006896,Financial Modeling
STU006896,Node.js
STU006896,Tableau
STU006896,Spark
STU006896,Kubernetes
STU006898,AWS
STU006898,Power BI
STU006898,Spark
STU006898,NLP
STU006898,Python
STU006898,SQL
STU006900,System Design
STU006900,Communication
STU006900,Excel
STU006903,AWS
STU006903,Docker
STU006903,React
STU006903,Go
STU006905,C++
STU006905,Docker
STU006905,Data Visualization
STU006905,Node.js
STU006906,Machine Learning
STU006906,Kubernetes
STU006906,Communication
STU006906,Financial Modeling
STU006906,Power BI
STU006906,Spark
STU006909,NLP
STU006909,System Design
STU006909,JavaScript
STU006909,SQL
STU006909,Go
STU006910,NLP
STU006910,Azure
STU006910,Financial Modeling
STU006910,Kubernetes
STU006910,Python
STU006911,Machine Learning
STU006911,Spark
STU006911,NLP
STU006912,C++
STU006912,Tableau
STU006912,Kubernetes
STU006912,Excel
STU006912,NLP
STU006914,AWS
STU006914,Problem Solving
STU006914,Communication
STU006914,React
STU006914,Tableau
STU006915,Financial Modeling
STU006915,System Design
STU006915,Communication
STU006915,Python
STU006915,Azure
STU006915,NLP
STU006916,C++
STU006916,Kubernetes
STU006916,System Design
STU006916,Power BI
STU006916,Deep Learning
STU006916,Tableau
STU006917,Tableau
STU006917,AWS
STU006917,C++
STU006917,Java
STU006917,Communication
STU006918,Azure
STU006918,NLP
STU006918,Statistics
STU006918,Tableau
STU006918,Go
STU006918,Kubernetes
STU006921,System Design
STU006921,Communication
STU006921,Spark
STU006921,Problem Solving
STU006921,Tableau
STU006922,Kubernetes
STU006922,C++
STU006922,Azure
STU006922,Financial Modeling
STU006923,Go
STU006923,Java
STU006923,Power BI
STU006923,Machine Learning
STU006923,NLP
STU006923,Tableau
STU006924,Data Visualization
STU006924,Java
STU006924,AWS
STU006924,C++
STU006924,Machine Learning
STU006924,Docker
STU006925,SQL
STU006925,Tableau
STU006925,Python
STU006926,Data Visualization
STU006926,NLP
STU006926,Kubernetes
STU006926,Problem Solving
STU006926,Deep Learning
STU006926,Docker
STU006929,Financial Modeling
STU006929,Python
STU006929,React
STU006930,AWS
STU006930,Spark
STU006930,JavaScript
STU006930,Kubernetes
STU006932,Communication
STU006932,Kubernetes
STU006932,NLP
STU006934,Azure
STU006934,React
STU006934,System Design
STU006934,Go
STU006935,Go
STU006935,Problem Solving
STU006935,SQL
STU006936,Go
STU006936,Python
STU006936,SQL
STU006936,Docker
STU006939,Power BI
STU006939,Machine Learning
STU006939,React
STU006939,Problem Solving
STU006942,AWS
STU006942,C++
STU006942,Financial Modeling
STU006942,NLP
STU006943,Communication
STU006943,Power BI
STU006943,System Design
STU006944,Data Visualization
STU006944,Power BI
STU006944,Tableau
STU006944,System Design
STU006947,NLP
STU006947,Go
STU006947,Statistics
STU006947,AWS
STU006947,Java
STU006949,Tableau
STU006949,Java
STU006949,Kubernetes
STU006950,Machine Learning
STU006950,SQL
STU006950,Go
STU006950,System Design
STU006950,Kubernetes
STU006950,Spark
STU006954,System Design
STU006954,Data Visualization
STU006954,NLP
STU006954,Excel
STU006954,Spark
STU006955,System Design
STU006955,Financial Modeling
STU006955,Node.js
STU006955,Azure
STU006956,NLP
STU006956,Deep Learning
STU006956,Node.js
STU006956,Communication
STU006957,Kubernetes
STU006957,Excel
STU006957,Communication
STU006960,Docker
STU006960,Deep Learning
STU006960,Data Visualization
STU006960,Java
STU006960,AWS
STU006962,Machine Learning
STU006962,Problem Solving
STU006962,Tableau
STU006962,Deep Learning
STU006967,Machine Learning
STU006967,Statistics
STU006967,Communication
STU006967,JavaScript
STU006967,Spark
STU006969,Statistics
STU006969,Spark
STU006969,C++
STU006969,SQL
STU006969,Financial Modeling
STU006969,Java
STU006972,Python
STU006972,Statistics
STU006972,Java
STU006972,Machine Learning
STU006972,Azure
STU006973,Java
STU006973,AWS
STU006973,Statistics
STU006973,SQL
STU006973,Communication
STU006975,Kubernetes
STU006975,Financial Modeling
STU006975,System Design
STU006982,Excel
STU006982,SQL
STU006982,Kubernetes
STU006982,Node.js
STU006982,Docker
STU006982,Financial Modeling
STU006983,Python
STU006983,Statistics
STU006983,React
STU006983,AWS
STU006983,System Design
STU006983,Kubernetes
STU006984,Kubernetes
STU006984,Spark
STU006984,Python
STU006984,System Design
STU006984,Data Visualization
STU006984,AWS
STU006985,Data Visualization
STU006985,AWS
STU006985,Python
STU006985,NLP
STU006985,Excel
STU006985,System Design
STU006987,SQL
STU006987,JavaScript
STU006987,Azure
STU006987,Financial Modeling
STU006987,System Design
STU006987,Kubernetes
STU006988,JavaScript
STU006988,Kubernetes
STU006988,Azure
STU006988,AWS
STU006988,Node.js
STU006988,System Design
STU006990,Data Visualization
STU006990,Node.js
STU006990,Kubernetes
STU006990,Power BI
STU006990,Machine Learning
STU006990,Deep Learning
STU006994,Spark
STU006994,Financial Modeling
STU006994,Power BI
STU006994,Communication
STU006994,Machine Learning
STU006994,JavaScript
STU006998,AWS
STU006998,Go
STU006998,Financial Modeling
STU006998,JavaScript
STU006998,Java
STU006998,System Design
STU007000,Excel
STU007000,NLP
STU007000,Financial Modeling
STU007000,Spark
STU007001,Deep Learning
STU007001,System Design
STU007001,Python
STU007001,Java
STU007001,AWS
STU007002,Financial Modeling
STU007002,Communication
STU007002,Problem Solving
STU007003,JavaScript
STU007003,Go
STU007003,Tableau
STU007003,Python
STU007003,Spark
STU007003,Node.js
STU007005,Spark
STU007005,JavaScript
STU007005,Machine Learning
STU007005,Tableau
STU007005,NLP
STU007005,Deep Learning
STU007006,Machine Learning
STU007006,Statistics
STU007006,Spark
STU007006,Data Visualization
STU007006,System Design
STU007007,Java
STU007007,Docker
STU007007,Financial Modeling
STU007009,NLP
STU007009,Communication
STU007009,JavaScript
STU007010,System Design
STU007010,Python
STU007010,Power BI
STU007014,Docker
STU007014,Node.js
STU007014,AWS
STU007014,Go
STU007015,Java
STU007015,Statistics
STU007015,JavaScript
STU007015,Communication
STU007015,Docker
STU007016,Machine Learning
STU007016,System Design
STU007016,React
STU007016,Docker
STU007016,JavaScript
STU007017,NLP
STU007017,Java
STU007017,Power BI
STU007018,Spark
STU007018,NLP
STU007018,System Design
STU007018,Azure
STU007018,Deep Learning
STU007019,Python
STU007019,React
STU007019,AWS
STU007019,Tableau
STU007019,Java
STU007019,Kubernetes
STU007021,System Design
STU007021,Docker
STU007021,NLP
STU007021,AWS
STU007021,Deep Learning
STU007022,Kubernetes
STU007022,Go
STU007022,Power BI
STU007022,SQL
STU007022,Docker
STU007023,JavaScript
STU007023,C++
STU007023,Kubernetes
STU007023,Financial Modeling
STU007023,Spark
STU007023,Deep Learning
STU007025,Excel
STU007025,Docker
STU007025,Java
STU007025,NLP
STU007026,Tableau
STU007026,Spark
STU007026,Statistics
STU007028,JavaScript
STU007028,Deep Learning
STU007028,Machine Learning
STU007028,Spark
STU007029,Deep Learning
STU007029,Problem Solving
STU007029,Financial Modeling
STU007030,Java
STU007030,Machine Learning
STU007030,React
STU007030,Power BI
STU007030,Excel
STU007031,NLP
STU007031,Azure
STU007031,Financial Modeling
STU007031,AWS
STU007031,C++
STU007032,Python
STU007032,Java
STU007032,System Design
STU007036,Java
STU007036,Go
STU007036,React
STU007036,Financial Modeling
STU007036,Spark
STU007037,Machine Learning
STU007037,Kubernetes
STU007037,Deep Learning
STU007039,AWS
STU007039,C++
STU007039,React
STU007039,Azure
STU007040,Java
STU007040,AWS
STU007040,Deep Learning
STU007040,Spark
STU007045,Azure
STU007045,Data Visualization
STU007045,Power BI
STU007046,React
STU007046,Statistics
STU007046,Data Visualization
STU007046,Docker
STU007046,Go
STU007048,Financial Modeling
STU007048,NLP
STU007048,Docker
STU007049,C++
STU007049,NLP
STU007049,Problem Solving
STU007049,Node.js
STU007052,JavaScript
STU007052,Problem Solving
STU007052,Tableau
STU007053,AWS
STU007053,C++
STU007053,Node.js
STU007053,Statistics
STU007055,Spark
STU007055,Data Visualization
STU007055,Machine Learning
STU007057,Data Visualization
STU007057,SQL
STU007057,System Design
STU007058,Machine Learning
STU007058,Node.js
STU007058,Python
STU007059,System Design
STU007059,Kubernetes
STU007059,Power BI
STU007059,Python
STU007059,Tableau
STU007059,JavaScript
STU007060,Financial Modeling
STU007060,Node.js
STU007060,System Design
STU007060,Python
STU007060,Docker
STU007060,Communication
STU007062,System Design
STU007062,AWS
STU007062,Tableau
STU007062,Go
STU007062,Node.js
STU007065,Statistics
STU007065,React
STU007065,Python
STU007065,Spark
STU007065,Go
STU007067,C++
STU007067,Data Visualization
STU007067,Spark
STU007067,NLP
STU007067,Statistics
STU007068,Excel
STU007068,Communication
STU007068,System Design
STU007068,Go
STU007068,Problem Solving
STU007069,Azure
STU007069,Machine Learning
STU007069,NLP
STU007069,Spark
STU007069,AWS
STU007069,Kubernetes
STU007070,SQL
STU007070,Problem Solving
STU007070,JavaScript
STU007071,Deep Learning
STU007071,Docker
STU007071,JavaScript
STU007072,AWS
STU007072,Spark
STU007072,Azure
STU007072,JavaScript
STU007073,C++
STU007073,Java
STU007073,Financial Modeling
STU007074,React
STU007074,Spark
STU007074,System Design
STU007074,JavaScript
STU007074,Kubernetes
STU007075,SQL
STU007075,Financial Modeling
STU007075,Go
STU007075,Problem Solving
STU007076,Deep Learning
STU007076,Python
STU007076,Financial Modeling
STU007076,NLP
STU007076,React
STU007077,React
STU007077,Tableau
STU007077,Node.js
STU007077,Machine Learning
STU007077,Spark
STU007077,AWS
STU007078,Azure
STU007078,Docker
STU007078,Machine Learning
STU007078,Spark
STU007079,Node.js
STU007079,Azure
STU007079,System Design
STU007079,Power BI
STU007079,Excel
STU007081,SQL
STU007081,Statistics
STU007081,Spark
STU007081,Problem Solving
STU007081,Data Visualization
STU007081,System Design
STU007082,JavaScript
STU007082,SQL
STU007082,Machine Learning
STU007082,Docker
STU007084,Financial Modeling
STU007084,C++
STU007084,NLP
STU007085,Kubernetes
STU007085,Docker
STU007085,NLP
STU007085,Spark
STU007086,Excel
STU007086,Data Visualization
STU007086,Java
STU007086,AWS
STU007086,Python
STU007086,Financial Modeling
STU007087,Node.js
STU007087,Spark
STU007087,Communication
STU007087,Azure
STU007087,Statistics
STU007087,Financial Modeling
STU007089,NLP
STU007089,Statistics
STU007089,Communication
STU007089,Financial Modeling
STU007091,Spark
STU007091,Java
STU007091,Kubernetes
STU007091,AWS
STU007092,System Design
STU007092,Deep Learning
STU007092,Java
STU007092,React
STU007092,Machine Learning
STU007095,Financial Modeling
STU007095,Java
STU007095,Docker
STU007095,C++
STU007095,Communication
STU007096,Spark
STU007096,JavaScript
STU007096,Statistics
STU007096,Problem Solving
STU007097,JavaScript
STU007097,Java
STU007097,Communication
STU007097,Python
STU007097,C++
STU007097,Spark
STU007098,C++
STU007098,Machine Learning
STU007098,Data Visualization
STU007098,Deep Learning
STU007098,Problem Solving
STU007098,Azure
STU007101,Tableau
STU007101,Data Visualization
STU007101,Azure
STU007101,Problem Solving
STU007101,JavaScript
STU007103,Power BI
STU007103,React
STU007103,System Design
STU007103,Financial Modeling
STU007103,Python
STU007106,AWS
STU007106,Docker
STU007106,JavaScript
STU007106,Python
STU007106,Spark
STU007106,Kubernetes
STU007107,System Design
STU007107,AWS
STU007107,Machine Learning
STU007108,NLP
STU007108,Docker
STU007108,Data Visualization
STU007108,Go
STU007108,Communication
STU007110,Node.js
STU007110,Go
STU007110,Communication
STU007110,Problem Solving
STU007111,SQL
STU007111,System Design
STU007111,Data Visualization
STU007111,JavaScript
STU007111,React
STU007111,Spark
STU007113,Problem Solving
STU007113,C++
STU007113,JavaScript
STU007113,NLP
STU007113,Machine Learning
STU007115,System Design
STU007115,C++
STU007115,Docker
STU007115,Go
STU007115,AWS
STU007115,Java
STU007116,Java
STU007116,Spark
STU007116,C++
STU007116,Tableau
STU007116,Machine Learning
STU007117,Kubernetes
STU007117,C++
STU007117,Java
STU007118,Financial Modeling
STU007118,Data Visualization
STU007118,Problem Solving
STU007118,Machine Learning
STU007120,Deep Learning
STU007120,Kubernetes
STU007120,SQL
STU007120,Machine Learning
STU007123,Statistics
STU007123,Power BI
STU007123,Communication
STU007123,Java
STU007123,Data Visualization
STU007123,Docker
STU007124,AWS
STU007124,C++
STU007124,Java
STU007124,Kubernetes
STU007125,Financial Modeling
STU007125,Statistics
STU007125,Java
STU007125,SQL
STU007126,Python
STU007126,React
STU007126,System Design
STU007126,Kubernetes
STU007126,Azure
STU007127,System Design
STU007127,NLP
STU007127,Communication
STU007127,SQL
STU007127,Statistics
STU007127,Python
STU007128,Docker
STU007128,Power BI
STU007128,Statistics
STU007128,Machine Learning
STU007128,Financial Modeling
STU007130,Data Visualization
STU007130,NLP
STU007130,Machine Learning
STU007130,SQL
STU007130,Docker
STU007132,Tableau
STU007132,Financial Modeling
STU007132,Deep Learning
STU007135,SQL
STU007135,Node.js
STU007135,Financial Modeling
STU007135,React
STU007135,Kubernetes
STU007135,C++
STU007136,Node.js
STU007136,System Design
STU007136,Financial Modeling
STU007136,Spark
STU007137,Financial Modeling
STU007137,Tableau
STU007137,React
STU007137,Statistics
STU007138,Azure
STU007138,NLP
STU007138,System Design
STU007139,Deep Learning
STU007139,Kubernetes
STU007139,Go
STU007139,AWS
STU007139,Data Visualization
STU007141,Financial Modeling
STU007141,Data Visualization
STU007141,Spark
STU007141,Tableau
STU007141,Python
STU007142,Spark
STU007142,JavaScript
STU007142,Java
STU007142,Python
STU007143,React
STU007143,Deep Learning
STU007143,Kubernetes
STU007143,Financial Modeling
STU007145,Tableau
STU007145,JavaScript
STU007145,React
STU007145,Power BI
STU007145,NLP
STU007145,Financial Modeling
STU007146,SQL
STU007146,Node.js
STU007146,Docker
STU007147,Financial Modeling
STU007147,Machine Learning
STU007147,Statistics
STU007147,Deep Learning
STU007148,Problem Solving
STU007148,NLP
STU007148,System Design
STU007148,Power BI
STU007149,Communication
STU007149,Go
STU007149,Spark
STU007152,Data Visualization
STU007152,Spark
STU007152,NLP
STU007152,AWS
STU007152,System Design
STU007153,SQL
STU007153,Docker
STU007153,Kubernetes
STU007153,Tableau
STU007154,Tableau
STU007154,Python
STU007154,Financial Modeling
STU007155,Kubernetes
STU007155,Docker
STU007155,Financial Modeling
STU007155,Spark
STU007158,Data Visualization
STU007158,AWS
STU007158,Machine Learning
STU007158,NLP
STU007159,Data Visualization
STU007159,C++
STU007159,NLP
STU007159,JavaScript
STU007159,Kubernetes
STU007159,Power BI
STU007161,Excel
STU007161,Kubernetes
STU007161,Statistics
STU007162,Financial Modeling
STU007162,Azure
STU007162,Data Visualization
STU007162,Kubernetes
STU007162,Deep Learning
STU007164,Azure
STU007164,System Design
STU007164,Tableau
STU007164,Machine Learning
STU007164,Java
STU007166,Power BI
STU007166,Python
STU007166,Spark
STU007166,React
STU007170,Node.js
STU007170,AWS
STU007170,Communication
STU007173,System Design
STU007173,SQL
STU007173,C++
STU007173,Machine Learning
STU007176,Python
STU007176,Statistics
STU007176,SQL
STU007176,Node.js
STU007176,Problem Solving
STU007176,Kubernetes
STU007177,Machine Learning
STU007177,Python
STU007177,Statistics
STU007177,NLP
STU007180,NLP
STU007180,Statistics
STU007180,Deep Learning
STU007180,Communication
STU007180,Go
STU007181,Spark
STU007181,Java
STU007181,Machine Learning
STU007183,SQL
STU007183,Tableau
STU007183,Problem Solving
STU007183,Deep Learning
STU007183,Machine Learning
STU007183,Excel
STU007184,NLP
STU007184,System Design
STU007184,JavaScript
STU007184,AWS
STU007184,Financial Modeling
STU007184,Statistics
STU007185,System Design
STU007185,Go
STU007185,NLP
STU007186,Problem Solving
STU007186,Go
STU007186,Kubernetes
STU007186,AWS
STU007187,Go
STU007187,Kubernetes
STU007187,Node.js
STU007187,System Design
STU007188,Power BI
STU007188,Java
STU007188,AWS
STU007188,Statistics
STU007188,NLP
STU007188,C++
STU007192,Data Visualization
STU007192,Spark
STU007192,Statistics
STU007192,Machine Learning
STU007192,Excel
STU007193,Kubernetes
STU007193,NLP
STU007193,Node.js
STU007193,Tableau
STU007193,Go
STU007193,Excel
STU007194,Spark
STU007194,NLP
STU007194,React
STU007199,Go
STU007199,Machine Learning
STU007199,Data Visualization
STU007199,JavaScript
STU007199,Excel
STU007199,Python
STU007201,Azure
STU007201,Financial Modeling
STU007201,AWS
STU007203,Problem Solving
STU007203,React
STU007203,Machine Learning
STU007203,Kubernetes
STU007203,SQL
STU007207,Kubernetes
STU007207,AWS
STU007207,Python
STU007210,React
STU007210,System Design
STU007210,Tableau
STU007210,Docker
STU007211,Data Visualization
STU007211,SQL
STU007211,Python
STU007211,Go
STU007213,System Design
STU007213,Spark
STU007213,Go
STU007214,Tableau
STU007214,NLP
STU007214,Machine Learning
STU007214,Communication
STU007218,React
STU007218,Excel
STU007218,NLP
STU007219,Kubernetes
STU007219,NLP
STU007219,Problem Solving
STU007220,Azure
STU007220,Node.js
STU007220,System Design
STU007220,Machine Learning
STU007223,SQL
STU007223,Financial Modeling
STU007223,Spark
STU007223,Machine Learning
STU007224,React
STU007224,AWS
STU007224,Node.js
STU007224,Kubernetes
STU007224,C++
STU007224,Power BI
STU007227,Data Visualization
STU007227,Statistics
STU007227,Docker
STU007227,Python
STU007228,Docker
STU007228,JavaScript
STU007228,Machine Learning
STU007228,Spark
STU007228,React
STU007228,Kubernetes
STU007231,Kubernetes
STU007231,Azure
STU007231,Communication
STU007231,NLP
STU007232,SQL
STU007232,Problem Solving
STU007232,Go
STU007232,Financial Modeling
STU007232,Excel
STU007233,Financial Modeling
STU007233,Python
STU007233,AWS
STU007233,Kubernetes
STU007237,Power BI
STU007237,System Design
STU007237,Kubernetes
STU007237,Go
STU007238,Problem Solving
STU007238,C++
STU007238,Machine Learning
STU007238,React
STU007238,Go
STU007238,Spark
STU007239,Java
STU007239,Power BI
STU007239,AWS
STU007239,Data Visualization
STU007239,Deep Learning
STU007240,Data Visualization
STU007240,Financial Modeling
STU007240,React
STU007240,Statistics
STU007240,Spark
STU007243,Python
STU007243,Node.js
STU007243,System Design
STU007243,Communication
STU007243,JavaScript
STU007243,React
STU007245,Excel
STU007245,C++
STU007245,Java
STU007248,Node.js
STU007248,Azure
STU007248,Python
STU007248,Excel
STU007249,Spark
STU007249,NLP
STU007249,AWS
STU007249,Power BI
STU007250,NLP
STU007250,Communication
STU007250,Kubernetes
STU007250,Spark
STU007250,Statistics
STU007250,System Design
STU007251,Excel
STU007251,Kubernetes
STU007251,Machine Learning
STU007251,Spark
STU007251,System Design
STU007252,Machine Learning
STU007252,NLP
STU007252,C++
STU007252,Spark
STU007253,Go
STU007253,Excel
STU007253,Azure
STU007253,JavaScript
STU007253,NLP
STU007253,AWS
STU007261,Spark
STU007261,Data Visualization
STU007261,AWS
STU007261,Financial Modeling
STU007263,Kubernetes
STU007263,NLP
STU007263,C++
STU007263,JavaScript
STU007265,Spark
STU007265,Docker
STU007265,Kubernetes
STU007265,Machine Learning
STU007266,JavaScript
STU007266,AWS
STU007266,Machine Learning
STU007266,Tableau
STU007266,Power BI
STU007267,C++
STU007267,Go
STU007267,Node.js
STU007270,Kubernetes
STU007270,Docker
STU007270,Azure
STU007270,C++
STU007271,Communication
STU007271,AWS
STU007271,Statistics
STU007271,JavaScript
STU007272,Spark
STU007272,Tableau
STU007272,Excel
STU007272,Problem Solving
STU007272,Machine Learning
STU007272,Deep Learning
STU007273,System Design
STU007273,NLP
STU007273,AWS
STU007274,Machine Learning
STU007274,C++
STU007274,Spark
STU007276,Java
STU007276,Node.js
STU007276,SQL
STU007276,AWS
STU007276,NLP
STU007277,C++
STU007277,System Design
STU007277,Statistics
STU007277,Spark
STU007280,Machine Learning
STU007280,Statistics
STU007280,SQL
STU007280,C++
STU007280,AWS
STU007281,React
STU007281,SQL
STU007281,NLP
STU007281,Kubernetes
STU007281,C++
STU007281,Java
STU007282,Kubernetes
STU007282,Go
STU007282,React
STU007282,Machine Learning
STU007282,Docker
STU007282,Data Visualization
STU007283,Power BI
STU007283,Node.js
STU007283,Docker
STU007285,Statistics
STU007285,AWS
STU007285,Machine Learning
STU007286,Spark
STU007286,Deep Learning
STU007286,Statistics
STU007286,AWS
STU007287,AWS
STU007287,Excel
STU007287,Java
STU007287,System Design
STU007287,Kubernetes
STU007287,Spark
STU007289,Tableau
STU007289,Spark
STU007289,Communication
STU007289,AWS
STU007290,Data Visualization
STU007290,Problem Solving
STU007290,Financial Modeling
STU007290,Kubernetes
STU007291,System Design
STU007291,Machine Learning
STU007291,Go
STU007291,Data Visualization
STU007291,Spark
STU007291,Deep Learning
STU007292,Spark
STU007292,Financial Modeling
STU007292,NLP
STU007292,C++
STU007292,Kubernetes
STU007292,Excel
STU007293,Financial Modeling
STU007293,Kubernetes
STU007293,Python
STU007294,Azure
STU007294,System Design
STU007294,Power BI
STU007294,NLP
STU007295,AWS
STU007295,NLP
STU007295,System Design
STU007295,Java
STU007296,JavaScript
STU007296,Communication
STU007296,System Design
STU007297,Tableau
STU007297,Docker
STU007297,Financial Modeling
STU007297,JavaScript
STU007298,Python
STU007298,Financial Modeling
STU007298,Go
STU007298,NLP
STU007298,Azure
STU007298,Statistics
STU007299,Docker
STU007299,C++
STU007299,NLP
STU007299,System Design
STU007299,Go
STU007299,React
STU007300,AWS
STU007300,Go
STU007300,Kubernetes
STU007303,Spark
STU007303,Azure
STU007303,Machine Learning
STU007304,Java
STU007304,SQL
STU007304,NLP
STU007304,React
STU007304,System Design
STU007304,Statistics
STU007305,Spark
STU007305,Tableau
STU007305,JavaScript
STU007305,Problem Solving
STU007305,Data Visualization
STU007306,Java
STU007306,Kubernetes
STU007306,Node.js
STU007307,Kubernetes
STU007307,System Design
STU007307,AWS
STU007307,Docker
STU007310,AWS
STU007310,Spark
STU007310,Statistics
STU007310,Machine Learning
STU007310,C++
STU007310,Kubernetes
STU007312,SQL
STU007312,C++
STU007312,NLP
STU007312,Spark
STU007314,Kubernetes
STU007314,Communication
STU007314,SQL
STU007315,Deep Learning
STU007315,AWS
STU007315,Machine Learning
STU007315,SQL
STU007315,System Design
STU007315,Go
STU007318,Problem Solving
STU007318,System Design
STU007318,Kubernetes
STU007318,Spark
STU007319,Financial Modeling
STU007319,Go
STU007319,Problem Solving
STU007319,Communication
STU007319,Kubernetes
STU007319,C++
STU007320,Machine Learning
STU007320,Tableau
STU007320,Statistics
STU007321,Deep Learning
STU007321,SQL
STU007321,Spark
STU007321,AWS
STU007321,Data Visualization
STU007323,Docker
STU007323,Machine Learning
STU007323,System Design
STU007323,Excel
STU007323,C++
STU007325,Machine Learning
STU007325,Kubernetes
STU007325,React
STU007325,Node.js
STU007325,Problem Solving
STU007325,Data Visualization
STU007327,System Design
STU007327,Azure
STU007327,Node.js
STU007328,Azure
STU007328,AWS
STU007328,Tableau
STU007328,NLP
STU007328,Excel
STU007328,Communication
STU007330,Power BI
STU007330,Go
STU007330,Azure
STU007331,Go
STU007331,AWS
STU007331,Deep Learning
STU007331,Data Visualization
STU007331,SQL
STU007331,Problem Solving
STU007332,Machine Learning
STU007332,Spark
STU007332,AWS
STU007332,Kubernetes
STU007334,Deep Learning
STU007334,Spark
STU007334,AWS
STU007334,System Design
STU007335,NLP
STU007335,Tableau
STU007335,AWS
STU007340,Docker
STU007340,Problem Solving
STU007340,Go
STU007340,C++
STU007343,Spark
STU007343,NLP
STU007343,System Design
STU007343,Excel
STU007343,Statistics
STU007343,Machine Learning
STU007344,NLP
STU007344,Node.js
STU007344,Azure
STU007344,Communication
STU007344,Go
STU007344,Machine Learning
STU007345,Spark
STU007345,Python
STU007345,Java
STU007345,Problem Solving
STU007348,Python
STU007348,Tableau
STU007348,Kubernetes
STU007348,Problem Solving
STU007348,Spark
STU007352,Go
STU007352,Communication
STU007352,Spark
STU007352,Deep Learning
STU007352,Excel
STU007352,Financial Modeling
STU007353,C++
STU007353,Python
STU007353,Kubernetes
STU007353,SQL
STU007353,AWS
STU007353,Power BI
STU007354,NLP
STU007354,JavaScript
STU007354,AWS
STU007354,System Design
STU007354,Machine Learning
STU007358,System Design
STU007358,Problem Solving
STU007358,Machine Learning
STU007358,Kubernetes
STU007358,Communication
STU007359,System Design
STU007359,Spark
STU007359,NLP
STU007359,Statistics
STU007360,Excel
STU007360,Spark
STU007360,Problem Solving
STU007360,Kubernetes
STU007360,Tableau
STU007360,AWS
STU007363,System Design
STU007363,Go
STU007363,Spark
STU007363,Power BI
STU007363,NLP
STU007363,C++
STU007365,Python
STU007365,AWS
STU007365,Communication
STU007365,Kubernetes
STU007366,Go
STU007366,Kubernetes
STU007366,AWS
STU007366,System Design
STU007366,Financial Modeling
STU007367,NLP
STU007367,Kubernetes
STU007367,AWS
STU007367,Azure
STU007367,Go
STU007367,Docker
STU007369,AWS
STU007369,System Design
STU007369,Go
STU007369,Machine Learning
STU007369,Communication
STU007370,Kubernetes
STU007370,Financial Modeling
STU007370,Python
STU007371,Machine Learning
STU007371,JavaScript
STU007371,Spark
STU007371,React
STU007373,Go
STU007373,Kubernetes
STU007373,React
STU007374,Node.js
STU007374,AWS
STU007374,Kubernetes
STU007374,Spark
STU007374,Python
STU007376,Kubernetes
STU007376,Data Visualization
STU007376,System Design
STU007376,Problem Solving
STU007376,AWS
STU007377,Python
STU007377,Java
STU007377,Spark
STU007377,Machine Learning
STU007377,System Design
STU007377,Azure
STU007378,Python
STU007378,Node.js
STU007378,Go
STU007379,SQL
STU007379,Go
STU007379,Excel
STU007379,AWS
STU007379,Problem Solving
STU007379,Communication
STU007380,Tableau
STU007380,SQL
STU007380,Kubernetes
STU007380,AWS
STU007380,NLP
STU007380,Communication
STU007381,JavaScript
STU007381,Azure
STU007381,Financial Modeling
STU007383,Java
STU007383,C++
STU007383,Go
STU007383,Spark
STU007384,Kubernetes
STU007384,Node.js
STU007384,System Design
STU007384,SQL
STU007384,Docker
STU007384,JavaScript
STU007385,Communication
STU007385,Tableau
STU007385,Go
STU007385,Statistics
STU007385,Spark
STU007385,Problem Solving
STU007386,JavaScript
STU007386,Python
STU007386,Machine Learning
STU007387,NLP
STU007387,Deep Learning
STU007387,Data Visualization
STU007387,C++
STU007387,React
STU007387,JavaScript
STU007388,NLP
STU007388,Go
STU007388,Financial Modeling
STU007388,Deep Learning
STU007388,Node.js
STU007388,Docker
STU007389,Python
STU007389,Statistics
STU007389,JavaScript
STU007389,Spark
STU007389,Data Visualization
STU007389,Financial Modeling
STU007391,Financial Modeling
STU007391,Node.js
STU007391,NLP
STU007391,Deep Learning
STU007391,Docker
STU007391,AWS
STU007393,Spark
STU007393,NLP
STU007393,Deep Learning
STU007393,Statistics
STU007393,AWS
STU007394,NLP
STU007394,Python
STU007394,Deep Learning
STU007394,Machine Learning
STU007394,Docker
STU007395,React
STU007395,System Design
STU007395,Spark
STU007395,Statistics
STU007395,Problem Solving
STU007395,AWS
STU007398,Deep Learning
STU007398,Machine Learning
STU007398,Excel
STU007399,Azure
STU007399,AWS
STU007399,C++
STU007399,Machine Learning
STU007401,JavaScript
STU007401,Java
STU007401,Node.js
STU007401,Financial Modeling
STU007402,Communication
STU007402,Financial Modeling
STU007402,Docker
STU007403,Docker
STU007403,Kubernetes
STU007403,Machine Learning
STU007403,Power BI
STU007403,Spark
STU007403,System Design
STU007405,System Design
STU007405,AWS
STU007405,Spark
STU007405,Deep Learning
STU007406,System Design
STU007406,Machine Learning
STU007406,Kubernetes
STU007406,Communication
STU007408,System Design
STU007408,Data Visualization
STU007408,SQL
STU007408,AWS
STU007408,Machine Learning
STU007411,Communication
STU007411,Python
STU007411,Statistics
STU007412,SQL
STU007412,Go
STU007412,Machine Learning
STU007413,Java
STU007413,Communication
STU007413,C++
STU007413,Problem Solving
STU007413,Spark
STU007414,AWS
STU007414,Go
STU007414,NLP
STU007415,Go
STU007415,Python
STU007415,Azure
STU007415,Docker
STU007416,Tableau
STU007416,Node.js
STU007416,Deep Learning
STU007416,System Design
STU007416,AWS
STU007416,React
STU007417,NLP
STU007417,Tableau
STU007417,Node.js
STU007417,Python
STU007418,Deep Learning
STU007418,React
STU007418,Python
STU007418,AWS
STU007418,Kubernetes
STU007421,React
STU007421,Excel
STU007421,AWS
STU007421,Spark
STU007423,NLP
STU007423,Deep Learning
STU007423,SQL
STU007423,Excel
STU007423,AWS
STU007424,Kubernetes
STU007424,Machine Learning
STU007424,Statistics
STU007424,Financial Modeling
STU007424,Communication
STU007424,Spark
STU007425,Financial Modeling
STU007425,Kubernetes
STU007425,NLP
STU007427,Data Visualization
STU007427,NLP
STU007427,JavaScript
STU007427,Kubernetes
STU007429,Spark
STU007429,C++
STU007429,Communication
STU007431,Communication
STU007431,Node.js
STU007431,Problem Solving
STU007431,Spark
STU007431,System Design
STU007437,Node.js
STU007437,Data Visualization
STU007437,AWS
STU007437,C++
STU007439,Power BI
STU007439,Tableau
STU007439,System Design
STU007439,Excel
STU007439,Kubernetes
STU007439,Spark
STU007440,AWS
STU007440,Tableau
STU007440,Node.js
STU007440,Go
STU007440,Machine Learning
STU007440,Deep Learning
STU007443,Financial Modeling
STU007443,Deep Learning
STU007443,Power BI
STU007443,Python
STU007444,Data Visualization
STU007444,System Design
STU007444,Kubernetes
STU007444,Tableau
STU007444,Docker
STU007444,Spark
STU007446,Machine Learning
STU007446,Node.js
STU007446,System Design
STU007446,Spark
STU007446,C++
STU007446,Azure
STU007448,Data Visualization
STU007448,SQL
STU007448,Spark
STU007448,Problem Solving
STU007449,Kubernetes
STU007449,Power BI
STU007449,Azure
STU007449,JavaScript
STU007449,React
STU007449,Go
STU007452,Azure
STU007452,AWS
STU007452,Statistics
STU007452,NLP
STU007452,C++
STU007453,System Design
STU007453,Communication
STU007453,Excel
STU007453,Power BI
STU007453,Node.js
STU007455,Machine Learning
STU007455,Kubernetes
STU007455,SQL
STU007455,Spark
STU007455,Tableau
STU007455,JavaScript
STU007458,Problem Solving
STU007458,Python
STU007458,NLP
STU007458,C++
STU007459,Financial Modeling
STU007459,AWS
STU007459,JavaScript
STU007459,Java
STU007459,Kubernetes
STU007460,NLP
STU007460,Spark
STU007460,SQL
STU007460,Statistics
STU007460,Python
STU007460,Deep Learning
STU007461,System Design
STU007461,Python
STU007461,NLP
STU007461,JavaScript
STU007462,Deep Learning
STU007462,Spark
STU007462,JavaScript
STU007462,Kubernetes
STU007462,NLP
STU007462,Docker
STU007463,Financial Modeling
STU007463,JavaScript
STU007463,Kubernetes
STU007463,Statistics
STU007464,Financial Modeling
STU007464,Spark
STU007464,Machine Learning
STU007464,System Design
STU007465,Statistics
STU007465,Financial Modeling
STU007465,NLP
STU007465,Machine Learning
STU007465,Azure
STU007466,Deep Learning
STU007466,Power BI
STU007466,Tableau
STU007466,Machine Learning
STU007466,Python
STU007466,AWS
STU007467,Machine Learning
STU007467,Java
STU007467,System Design
STU007469,Power BI
STU007469,Go
STU007469,Financial Modeling
STU007469,NLP
STU007470,Kubernetes
STU007470,Go
STU007470,Docker
STU007471,Financial Modeling
STU007471,Power BI
STU007471,Kubernetes
STU007471,Java
STU007471,SQL
STU007472,Financial Modeling
STU007472,Azure
STU007472,Data Visualization
STU007472,Python
STU007472,System Design
STU007476,Python
STU007476,React
STU007476,Kubernetes
STU007476,Machine Learning
STU007477,C++
STU007477,React
STU007477,Spark
STU007477,NLP
STU007477,Tableau
STU007477,Go
STU007478,React
STU007478,System Design
STU007478,Python
STU007482,Spark
STU007482,Kubernetes
STU007482,Communication
STU007482,Power BI
STU007482,System Design
STU007482,Docker
STU007484,NLP
STU007484,Tableau
STU007484,Deep Learning
STU007484,Kubernetes
STU007486,AWS
STU007486,C++
STU007486,Go
STU007489,Docker
STU007489,Machine Learning
STU007489,Deep Learning
STU007489,System Design
STU007489,Statistics
STU007489,C++
STU007492,React
STU007492,Docker
STU007492,AWS
STU007492,C++
STU007495,Deep Learning
STU007495,JavaScript
STU007495,Spark
STU007495,Data Visualization
STU007495,React
STU007495,Power BI
STU007496,System Design
STU007496,Tableau
STU007496,Financial Modeling
STU007496,Java
STU007499,Communication
STU007499,React
STU007499,SQL
STU007499,Python
STU007499,Statistics
STU007499,Machine Learning
STU007500,Data Visualization
STU007500,Node.js
STU007500,Azure
STU007500,Spark
STU007500,Machine Learning
STU007501,Machine Learning
STU007501,AWS
STU007501,Node.js
STU007503,System Design
STU007503,JavaScript
STU007503,Spark
STU007503,SQL
STU007503,Go
STU007506,Financial Modeling
STU007506,Excel
STU007506,Kubernetes
STU007506,Spark
STU007506,AWS
STU007507,System Design
STU007507,Communication
STU007507,Node.js
STU007511,Power BI
STU007511,Data Visualization
STU007511,Spark
STU007511,NLP
STU007511,System Design
STU007511,Problem Solving
STU007519,Kubernetes
STU007519,Node.js
STU007519,SQL
STU007520,Tableau
STU007520,Deep Learning
STU007520,Java
STU007520,Communication
STU007522,Kubernetes
STU007522,SQL
STU007522,Deep Learning
STU007522,React
STU007523,Node.js
STU007523,System Design
STU007523,Excel
STU007523,Azure
STU007524,Azure
STU007524,Spark
STU007524,Data Visualization
STU007524,AWS
STU007524,Excel
STU007525,React
STU007525,Azure
STU007525,Financial Modeling
STU007526,SQL
STU007526,Python
STU007526,React
STU007526,Kubernetes
STU007526,Azure
STU007528,NLP
STU007528,Go
STU007528,Deep Learning
STU007528,Kubernetes
STU007529,Data Visualization
STU007529,Go
STU007529,Machine Learning
STU007529,AWS
STU007529,Kubernetes
STU007529,Azure
STU007530,C++
STU007530,Communication
STU007530,Python
STU007530,Kubernetes
STU007530,Azure
STU007530,Deep Learning
STU007533,Python
STU007533,JavaScript
STU007533,Kubernetes
STU007533,NLP
STU007536,Data Visualization
STU007536,Statistics
STU007536,AWS
STU007536,Java
STU007536,Financial Modeling
STU007536,SQL
STU007537,System Design
STU007537,Kubernetes
STU007537,Financial Modeling
STU007537,Azure
STU007537,AWS
STU007537,NLP
STU007538,AWS
STU007538,C++
STU007538,React
STU007538,Machine Learning
STU007538,Java
STU007538,Azure
STU007540,JavaScript
STU007540,Azure
STU007540,Node.js
STU007540,Statistics
STU007540,Go
STU007543,Docker
STU007543,SQL
STU007543,Excel
STU007543,Spark
STU007544,Statistics
STU007544,NLP
STU007544,Kubernetes
STU007546,Docker
STU007546,NLP
STU007546,Azure
STU007547,Data Visualization
STU007547,JavaScript
STU007547,React
STU007548,SQL
STU007548,React
STU007548,Node.js
STU007548,Excel
STU007548,Deep Learning
STU007551,Problem Solving
STU007551,Kubernetes
STU007551,Python
STU007551,Power BI
STU007551,Azure
STU007552,NLP
STU007552,Data Visualization
STU007552,Problem Solving
STU007552,C++
STU007552,Kubernetes
STU007553,Java
STU007553,Kubernetes
STU007553,Statistics
STU007553,Docker
STU007554,Problem Solving
STU007554,AWS
STU007554,Deep Learning
STU007556,Spark
STU007556,AWS
STU007556,Machine Learning
STU007556,NLP
STU007557,Deep Learning
STU007557,Spark
STU007557,Node.js
STU007557,Go
STU007559,AWS
STU007559,Deep Learning
STU007559,Python
STU007559,Go
STU007563,Docker
STU007563,System Design
STU007563,Data Visualization
STU007565,Machine Learning
STU007565,Java
STU007565,Spark
STU007565,AWS
STU007566,SQL
STU007566,Docker
STU007566,React
STU007567,Financial Modeling
STU007567,System Design
STU007567,Node.js
STU007567,Communication
STU007567,Spark
STU007567,Python
STU007572,NLP
STU007572,Data Visualization
STU007572,Spark
STU007572,Python
STU007572,AWS
STU007572,System Design
STU007575,Kubernetes
STU007575,Python
STU007575,JavaScript
STU007577,Statistics
STU007577,NLP
STU007577,JavaScript
STU007577,C++
STU007580,Kubernetes
STU007580,Go
STU007580,Power BI
STU007580,Tableau
STU007581,Machine Learning
STU007581,System Design
STU007581,AWS
STU007581,C++
STU007581,Kubernetes
STU007581,Docker
STU007585,Java
STU007585,Node.js
STU007585,Machine Learning
STU007585,Tableau
STU007585,AWS
STU007587,AWS
STU007587,C++
STU007587,Excel
STU007587,Go
STU007587,Financial Modeling
STU007587,NLP
STU007588,React
STU007588,NLP
STU007588,Data Visualization
STU007588,Machine Learning
STU007588,Spark
STU007588,SQL
STU007589,Data Visualization
STU007589,SQL
STU007589,NLP
STU007589,Java
STU007589,JavaScript
STU007589,AWS
STU007590,JavaScript
STU007590,Data Visualization
STU007590,Power BI
STU007593,Docker
STU007593,System Design
STU007593,JavaScript
STU007596,Node.js
STU007596,AWS
STU007596,NLP
STU007596,Tableau
STU007596,C++
STU007598,Go
STU007598,AWS
STU007598,React
STU007599,Go
STU007599,Tableau
STU007599,Spark
STU007599,Python
STU007599,NLP
STU007599,AWS
STU007601,Excel
STU007601,Azure
STU007601,Spark
STU007601,NLP
STU007602,Data Visualization
STU007602,Power BI
STU007602,Docker
STU007602,Kubernetes
STU007602,Statistics
STU007603,Communication
STU007603,JavaScript
STU007603,NLP
STU007603,AWS
STU007607,Go
STU007607,Machine Learning
STU007607,Node.js
STU007607,Azure
STU007607,Statistics
STU007608,Go
STU007608,NLP
STU007608,System Design
STU007608,Power BI
STU007608,Azure
STU007608,Problem Solving
STU007610,C++
STU007610,Node.js
STU007610,Problem Solving
STU007610,System Design
STU007610,Go
STU007611,Spark
STU007611,NLP
STU007611,Problem Solving
STU007611,Tableau
STU007611,Communication
STU007611,Kubernetes
STU007612,C++
STU007612,JavaScript
STU007612,Spark
STU007612,AWS
STU007614,Problem Solving
STU007614,Kubernetes
STU007614,Communication
STU007614,AWS
STU007614,JavaScript
STU007614,C++
STU007618,Azure
STU007618,Spark
STU007618,Python
STU007618,Machine Learning
STU007618,Financial Modeling
STU007619,Python
STU007619,Kubernetes
STU007619,Go
STU007620,Machine Learning
STU007620,JavaScript
STU007620,Node.js
STU007620,Kubernetes
STU007622,Machine Learning
STU007622,System Design
STU007622,Java
STU007622,Power BI
STU007624,Tableau
STU007624,Financial Modeling
STU007624,System Design
STU007624,AWS
STU007624,React
STU007624,Kubernetes
STU007625,Machine Learning
STU007625,JavaScript
STU007625,Data Visualization
STU007625,Java
STU007625,Statistics
STU007631,Communication
STU007631,Kubernetes
STU007631,Excel
STU007631,SQL
STU007631,AWS
STU007634,Power BI
STU007634,NLP
STU007634,Java
STU007634,Communication
STU007634,Statistics
STU007635,Node.js
STU007635,Machine Learning
STU007635,Deep Learning
STU007635,Tableau
STU007636,Deep Learning
STU007636,Data Visualization
STU007636,JavaScript
STU007637,System Design
STU007637,C++
STU007637,Machine Learning
STU007637,AWS
STU007638,System Design
STU007638,Data Visualization
STU007638,Machine Learning
STU007638,SQL
STU007638,Communication
STU007638,Problem Solving
STU007639,Machine Learning
STU007639,Deep Learning
STU007639,React
STU007640,Financial Modeling
STU007640,Power BI
STU007640,Spark
STU007640,System Design
STU007640,Docker
STU007641,Docker
STU007641,Azure
STU007641,Problem Solving
STU007641,Python
STU007643,Spark
STU007643,Communication
STU007643,Excel
STU007643,Python
STU007643,C++
STU007643,System Design
STU007644,SQL
STU007644,Problem Solving
STU007644,System Design
STU007645,Tableau
STU007645,Deep Learning
STU007645,C++
STU007645,System Design
STU007645,Python
STU007646,Kubernetes
STU007646,Spark
STU007646,Communication
STU007646,NLP
STU007649,AWS
STU007649,Problem Solving
STU007649,Machine Learning
STU007649,Docker
STU007649,Spark
STU007650,Kubernetes
STU007650,React
STU007650,AWS
STU007651,AWS
STU007651,Power BI
STU007651,NLP
STU007651,Communication
STU007651,Machine Learning
STU007651,Statistics
STU007652,Excel
STU007652,Kubernetes
STU007652,NLP
STU007652,Data Visualization
STU007652,Machine Learning
STU007652,AWS
STU007654,NLP
STU007654,Tableau
STU007654,React
STU007654,JavaScript
STU007654,Data Visualization
STU007654,Machine Learning
STU007657,Azure
STU007657,Statistics
STU007657,AWS
STU007657,Spark
STU007661,Statistics
STU007661,Deep Learning
STU007661,Spark
STU007661,Data Visualization
STU007661,Excel
STU007662,Data Visualization
STU007662,JavaScript
STU007662,Communication
STU007662,AWS
STU007664,Machine Learning
STU007664,React
STU007664,Problem Solving
STU007664,C++
STU007664,Spark
STU007664,Data Visualization
STU007666,NLP
STU007666,Node.js
STU007666,Spark
STU007666,System Design
STU007666,Java
STU007666,C++
STU007667,Azure
STU007667,Python
STU007667,Communication
STU007668,System Design
STU007668,SQL
STU007668,Financial Modeling
STU007668,JavaScript
STU007668,Machine Learning
STU007668,AWS
STU007669,AWS
STU007669,Excel
STU007669,Statistics
STU007669,System Design
STU007671,Machine Learning
STU007671,Communication
STU007671,Statistics
STU007671,Docker
STU007672,Docker
STU007672,Communication
STU007672,Power BI
STU007672,Tableau
STU007672,Kubernetes
STU007673,NLP
STU007673,Data Visualization
STU007673,Go
STU007673,System Design
STU007674,Docker
STU007674,SQL
STU007674,Problem Solving
STU007674,Data Visualization
STU007675,C++
STU007675,Kubernetes
STU007675,Docker
STU007675,Azure
STU007675,System Design
STU007675,NLP
STU007678,C++
STU007678,Data Visualization
STU007678,Statistics
STU007678,Excel
STU007678,Financial Modeling
STU007678,Spark
STU007679,Spark
STU007679,Problem Solving
STU007679,Financial Modeling
STU007680,AWS
STU007680,Kubernetes
STU007680,Azure
STU007681,System Design
STU007681,Machine Learning
STU007681,JavaScript
STU007681,Deep Learning
STU007682,AWS
STU007682,Data Visualization
STU007682,Machine Learning
STU007682,System Design
STU007682,Communication
STU007682,C++
STU007683,System Design
STU007683,NLP
STU007683,Excel
STU007683,Kubernetes
STU007683,Communication
STU007685,Kubernetes
STU007685,C++
STU007685,NLP
STU007685,React
STU007685,AWS
STU007685,Spark
STU007686,System Design
STU007686,React
STU007686,Azure
STU007687,NLP
STU007687,Spark
STU007687,Problem Solving
STU007687,Azure
STU007687,Machine Learning
STU007688,Docker
STU007688,Data Visualization
STU007688,AWS
STU007688,Spark
STU007688,SQL
STU007690,JavaScript
STU007690,React
STU007690,AWS
STU007690,Machine Learning
STU007691,Problem Solving
STU007691,AWS
STU007691,Spark
STU007691,C++
STU007691,Azure
STU007692,Statistics
STU007692,Java
STU007692,Kubernetes
STU007692,Spark
STU007693,Kubernetes
STU007693,Excel
STU007693,Deep Learning
STU007693,Spark
STU007694,Machine Learning
STU007694,SQL
STU007694,Communication
STU007694,Java
STU007694,Data Visualization
STU007694,Statistics
STU007695,Data Visualization
STU007695,Power BI
STU007695,Docker
STU007696,Data Visualization
STU007696,Power BI
STU007696,SQL
STU007696,System Design
STU007697,NLP
STU007697,Python
STU007697,SQL
STU007697,Spark
STU007697,Machine Learning
STU007698,Data Visualization
STU007698,React
STU007698,AWS
STU007698,Deep Learning
STU007699,NLP
STU007699,Kubernetes
STU007699,Azure
STU007699,JavaScript
STU007699,System Design
STU007701,Java
STU007701,Spark
STU007701,Machine Learning
STU007702,Node.js
STU007702,Python
STU007702,Go
STU007703,Machine Learning
STU007703,AWS
STU007703,Docker
STU007703,Kubernetes
STU007703,Tableau
STU007704,Azure
STU007704,React
STU007704,Kubernetes
STU007704,NLP
STU007706,Problem Solving
STU007706,System Design
STU007706,Machine Learning
STU007706,AWS
STU007707,Machine Learning
STU007707,Communication
STU007707,Node.js
STU007707,System Design
STU007707,Go
STU007709,Power BI
STU007709,JavaScript
STU007709,AWS
STU007709,Deep Learning
STU007709,Python
STU007709,C++
STU007710,Kubernetes
STU007710,NLP
STU007710,Tableau
STU007710,AWS
STU007712,Python
STU007712,Machine Learning
STU007712,Problem Solving
STU007712,Power BI
STU007712,Data Visualization
STU007712,AWS
STU007716,Kubernetes
STU007716,Data Visualization
STU007716,Deep Learning
STU007716,React
STU007716,Machine Learning
STU007717,Python
STU007717,AWS
STU007717,Go
STU007718,Spark
STU007718,JavaScript
STU007718,Power BI
STU007718,Go
STU007718,Communication
STU007719,Machine Learning
STU007719,NLP
STU007719,C++
STU007719,Tableau
STU007722,Azure
STU007722,AWS
STU007722,Spark
STU007722,JavaScript
STU007722,Java
STU007723,Kubernetes
STU007723,Node.js
STU007723,Power BI
STU007723,React
STU007724,Tableau
STU007724,NLP
STU007724,React
STU007724,Node.js
STU007724,Kubernetes
STU007724,Machine Learning
STU007727,AWS
STU007727,C++
STU007727,Tableau
STU007727,Azure
STU007727,Statistics
STU007729,Statistics
STU007729,Kubernetes
STU007729,React
STU007729,AWS
STU007729,Spark
STU007732,NLP
STU007732,Machine Learning
STU007732,Docker
STU007732,Data Visualization
STU007734,Docker
STU007734,Machine Learning
STU007734,Communication
STU007735,Statistics
STU007735,JavaScript
STU007735,Machine Learning
STU007736,Deep Learning
STU007736,Power BI
STU007736,System Design
STU007736,Tableau
STU007736,Excel
STU007736,Kubernetes
STU007737,NLP
STU007737,Tableau
STU007737,AWS
STU007737,Node.js
STU007737,Financial Modeling
STU007738,Node.js
STU007738,Java
STU007738,Go
STU007738,Data Visualization
STU007738,Spark
STU007738,Communication
STU007742,Node.js
STU007742,Data Visualization
STU007742,Java
STU007743,AWS
STU007743,Spark
STU007743,Go
STU007743,System Design
STU007743,Docker
STU007743,Communication
STU007745,JavaScript
STU007745,Deep Learning
STU007745,System Design
STU007745,NLP
STU007746,Docker
STU007746,NLP
STU007746,Kubernetes
STU007746,Problem Solving
STU007746,Java
STU007747,Docker
STU007747,SQL
STU007747,Spark
STU007747,React
STU007747,Deep Learning
STU007747,C++
STU007748,NLP
STU007748,Python
STU007748,AWS
STU007748,System Design
STU007750,Go
STU007750,Data Visualization
STU007750,Machine Learning
STU007750,React
STU007750,System Design
STU007750,Problem Solving
STU007752,React
STU007752,Data Visualization
STU007752,JavaScript
STU007752,Kubernetes
STU007753,Kubernetes
STU007753,Spark
STU007753,React
STU007754,Docker
STU007754,Python
STU007754,Problem Solving
STU007754,React
STU007754,Statistics
STU007755,Power BI
STU007755,Spark
STU007755,Kubernetes
STU007755,Go
STU007757,Machine Learning
STU007757,Problem Solving
STU007757,Power BI
STU007757,Java
STU007758,AWS
STU007758,C++
STU007758,Azure
STU007758,System Design
STU007759,SQL
STU007759,React
STU007759,AWS
STU007760,System Design
STU007760,NLP
STU007760,JavaScript
STU007760,SQL
STU007760,Spark
STU007760,Machine Learning
STU007761,SQL
STU007761,Excel
STU007761,Financial Modeling
STU007761,Go
STU007761,Problem Solving
STU007761,Docker
STU007764,Machine Learning
STU007764,Go
STU007764,Problem Solving
STU007764,Financial Modeling
STU007764,JavaScript
STU007764,Spark
STU007765,System Design
STU007765,Financial Modeling
STU007765,NLP
STU007765,Machine Learning
STU007767,JavaScript
STU007767,Power BI
STU007767,AWS
STU007767,Go
STU007767,Node.js
STU007768,Machine Learning
STU007768,Java
STU007768,React
STU007768,Node.js
STU007768,JavaScript
STU007774,Azure
STU007774,Data Visualization
STU007774,Tableau
STU007774,Financial Modeling
STU007777,Financial Modeling
STU007777,Spark
STU007777,Node.js
STU007780,Data Visualization
STU007780,Python
STU007780,Deep Learning
STU007780,NLP
STU007780,AWS
STU007781,NLP
STU007781,System Design
STU007781,Financial Modeling
STU007781,Spark
STU007784,Python
STU007784,Node.js
STU007784,Excel
STU007786,System Design
STU007786,Data Visualization
STU007786,Financial Modeling
STU007786,Spark
STU007786,JavaScript
STU007789,Communication
STU007789,AWS
STU007789,Tableau
STU007790,Go
STU007790,JavaScript
STU007790,SQL
STU007790,Java
STU007791,Azure
STU007791,Go
STU007791,NLP
STU007791,C++
STU007791,Deep Learning
STU007791,Node.js
STU007792,Data Visualization
STU007792,Azure
STU007792,Communication
STU007792,Go
STU007792,React
STU007792,Kubernetes
STU007794,Kubernetes
STU007794,Machine Learning
STU007794,Problem Solving
STU007795,SQL
STU007795,Kubernetes
STU007795,React
STU007795,Java
STU007796,Power BI
STU007796,Azure
STU007796,SQL
STU007796,JavaScript
STU007796,Communication
STU007796,Machine Learning
STU007797,Node.js
STU007797,SQL
STU007797,Financial Modeling
STU007797,Spark
STU007799,Tableau
STU007799,Node.js
STU007799,AWS
STU007799,Go
STU007799,Python
