student_code,gender,degree,major,cgpa_band,prior_internship
STU000001,Male,M.Tech,Computer Science,8-9,False
STU000002,Male,B.Tech,Mechanical,8-9,False
STU000003,Male,MCA,Computer Applications,<7,True
STU000004,Female,MCA,Computer Applications,7-8,False
STU000005,Female,B.Tech,Civil,9+,False
STU000006,Male,B.Tech,Electronics,7-8,True
STU000007,Male,MBA,Operations,7-8,False
STU000008,Female,MBA,Marketing,8-9,True
STU000009,Male,MBA,Marketing,8-9,False
STU000010,Male,MCA,Computer Applications,<7,True
STU000011,Male,MBA,Marketing,9+,False
STU000012,Female,B.Tech,Information Technology,9+,False
STU000013,Male,B.Tech,Information Technology,9+,False
STU000014,Female,M.Tech,Computer Science,8-9,True
STU000015,Female,B.Tech,Computer Science,7-8,False
STU000016,Male,B.Tech,Information Technology,8-9,False
STU000017,Male,M.Tech,Computer Science,9+,True
STU000018,Male,M.Tech,Data Science,7-8,False
STU000019,Female,B.Tech,Electronics,8-9,False
STU000020,Male,B.Tech,Electronics,8-9,True
STU000021,Female,MBA,Marketing,8-9,True
STU000022,Female,B.Tech,Mechanical,<7,True
STU000023,Male,MBA,Finance,8-9,False
STU000024,Male,B.Tech,Information Technology,7-8,False
STU000025,Male,MBA,Marketing,8-9,False
STU000026,Female,MCA,Computer Applications,<7,True
STU000027,Male,MBA,Marketing,9+,False
STU000028,Male,MCA,Computer Applications,8-9,False
STU000029,Female,M.Tech,VLSI,9+,True
STU000030,Male,M.Tech,VLSI,<7,True
STU000031,Male,B.Tech,Civil,8-9,False
STU000032,Male,MCA,Computer Applications,8-9,True
STU000033,Male,MCA,Computer Applications,7-8,False
STU000034,Male,B.Tech,Civil,8-9,False
STU000035,Male,MCA,Computer Applications,8-9,False
STU000036,Male,M.Tech,Computer Science,8-9,False
STU000037,Male,MCA,Computer Applications,9+,False
STU000038,Male,B.Tech,Computer Science,<7,True
STU000039,Female,B.Tech,Information Technology,7-8,False
STU000040,Male,B.Tech,Civil,<7,True
STU000041,Male,MBA,Marketing,8-9,False
STU000042,Male,M.Tech,Computer Science,7-8,True
STU000043,Male,B.Tech,Computer Science,7-8,False
STU000044,Male,MCA,Computer Applications,<7,False
STU000045,Male,B.Tech,Computer Science,7-8,True
STU000046,Female,MBA,Marketing,7-8,False
STU000047,Male,B.Tech,Mechanical,9+,False
STU000048,Female,MCA,Computer Applications,7-8,False
STU000049,Male,M.Tech,Data Science,8-9,False
STU000050,Male,M.Tech,Computer Science,7-8,True
STU000051,Female,M.Tech,VLSI,9+,False
STU000052,Female,M.Tech,Computer Science,8-9,False
STU000053,Male,B.Tech,Civil,<7,True
STU000054,Male,MBA,Marketing,7-8,True
STU000055,Male,M.Tech,Data Science,7-8,False
STU000056,Male,M.Tech,Computer Science,9+,True
STU000057,Male,MBA,Marketing,8-9,False
STU000058,Male,MBA,Operations,7-8,True
STU000059,Male,B.Tech,Civil,7-8,False
STU000060,Female,M.Tech,Data Science,8-9,True
STU000061,Female,M.Tech,Data Science,<7,True
STU000062,Female,MCA,Computer Applications,7-8,False
STU000063,Female,MBA,Finance,9+,True
STU000064,Female,B.Tech,Electronics,9+,False
STU000065,Male,M.Tech,Data Science,7-8,False
STU000066,Male,B.Tech,Mechanical,9+,True
STU000067,Female,B.Tech,Mechanical,<7,True
STU000068,Male,MCA,Computer Applications,<7,False
STU000069,Female,B.Tech,Civil,7-8,True
STU000070,Female,B.Tech,Mechanical,8-9,False
STU000071,Female,M.Tech,Computer Science,<7,False
STU000072,Male,MCA,Computer Applications,<7,True
STU000073,Male,MBA,Operations,8-9,False
STU000074,Female,M.Tech,Computer Science,7-8,False
STU000075,Male,MBA,Finance,<7,True
STU000076,Female,B.Tech,Electronics,<7,False
STU000077,Male,B.Tech,Information Technology,7-8,False
STU000078,Male,B.Tech,Civil,9+,False
STU000079,Female,M.Tech,Computer Science,<7,True
STU000080,Male,MBA,Operations,<7,False
STU000081,Male,M.Tech,Computer Science,<7,False
STU000082,Female,MCA,Computer Applications,7-8,True
STU000083,Male,MCA,Computer Applications,7-8,True
STU000084,Male,M.Tech,VLSI,<7,False
STU000085,Female,M.Tech,Computer Science,9+,True
STU000086,Female,M.Tech,Data Science,<7,False
STU000087,Male,MBA,Finance,8-9,True
STU000088,Female,B.Tech,Electronics,9+,True
STU000089,Female,MCA,Computer Applications,9+,True
STU000090,Male,M.Tech,VLSI,7-8,False
STU000091,Male,MBA,Operations,9+,True
STU000092,Male,M.Tech,Computer Science,7-8,False
STU000093,Male,MCA,Computer Applications,<7,False
STU000094,Male,MCA,Computer Applications,7-8,False
STU000095,Female,MCA,Computer Applications,8-9,False
STU000096,Male,B.Tech,Information Technology,8-9,False
STU000097,Female,B.Tech,Information Technology,7-8,False
STU000098,Male,MCA,Computer Applications,8-9,False
STU000099,Male,B.Tech,Electronics,7-8,True
STU000100,Female,B.Tech,Civil,9+,False
STU000101,Female,B.Tech,Civil,9+,False
STU000102,Female,B.Tech,Mechanical,7-8,True
STU000103,Female,MCA,Computer Applications,<7,False
STU000104,Female,M.Tech,Data Science,9+,True
STU000105,Male,M.Tech,Computer Science,9+,True
STU000106,Female,B.Tech,Civil,7-8,False
STU000107,Female,MBA,Operations,9+,False
STU000108,Male,B.Tech,Civil,7-8,False
STU000109,Male,B.Tech,Mechanical,8-9,False
STU000110,Female,MCA,Computer Applications,9+,True
STU000111,Male,B.Tech,Mechanical,8-9,False
STU000112,Male,M.Tech,Computer Science,7-8,False
STU000113,Female,M.Tech,VLSI,8-9,False
STU000114,Male,M.Tech,Computer Science,<7,True
STU000115,Male,B.Tech,Computer Science,8-9,True
STU000116,Male,B.Tech,Information Technology,8-9,False
STU000117,Male,MBA,Operations,<7,False
STU000118,Male,MBA,Marketing,8-9,True
STU000119,Male,B.Tech,Electronics,<7,False
STU000120,Male,M.Tech,VLSI,7-8,False
STU000121,Male,MBA,Finance,7-8,True
STU000122,Male,B.Tech,Information Technology,7-8,False
STU000123,Female,M.Tech,Computer Science,<7,True
STU000124,Female,B.Tech,Computer Science,7-8,True
STU000125,Male,MBA,Operations,7-8,True
STU000126,Male,MCA,Computer Applications,7-8,False
STU000127,Male,M.Tech,Data Science,7-8,True
STU000128,Male,MCA,Computer Applications,8-9,False
STU000129,Male,MBA,Operations,8-9,False
STU000130,Female,MCA,Computer Applications,7-8,False
STU000131,Male,B.Tech,Electronics,8-9,True
STU000132,Male,M.Tech,Computer Science,<7,False
STU000133,Female,B.Tech,Electronics,7-8,True
STU000134,Female,MBA,Finance,7-8,False
STU000135,Female,M.Tech,VLSI,<7,True
STU000136,Male,M.Tech,Computer Science,9+,False
STU000137,Female,MCA,Computer Applications,7-8,False
STU000138,Female,B.Tech,Civil,8-9,True
STU000139,Male,B.Tech,Electronics,7-8,True
STU000140,Female,MBA,Finance,7-8,False
STU000141,Male,M.Tech,Computer Science,9+,False
STU000142,Male,MCA,Computer Applications,8-9,True
STU000143,Male,MBA,Finance,7-8,False
STU000144,Female,MCA,Computer Applications,<7,False
STU000145,Male,MBA,Marketing,7-8,False
STU000146,Male,M.Tech,Data Science,9+,True
STU000147,Female,B.Tech,Information Technology,8-9,True
STU000148,Male,MBA,Marketing,8-9,True
STU000149,Female,M.Tech,Computer Science,7-8,False
STU000150,Male,MBA,Finance,9+,False
STU000151,Male,MBA,Finance,9+,False
STU000152,Male,MCA,Computer Applications,8-9,False
STU000153,Female,M.Tech,Computer Science,8-9,False
STU000154,Female,M.Tech,Computer Science,<7,False
STU000155,Male,MCA,Computer Applications,<7,True
STU000156,Female,M.Tech,VLSI,7-8,False
STU000157,Male,M.Tech,Data Science,7-8,True
STU000158,Male,MBA,Finance,8-9,False
STU000159,Male,M.Tech,Data Science,9+,True
STU000160,Male,M.Tech,Data Science,7-8,False
STU000161,Female,MCA,Computer Applications,8-9,True
STU000162,Female,B.Tech,Electronics,8-9,False
STU000163,Male,MBA,Operations,8-9,True
STU000164,Female,B.Tech,Information Technology,7-8,False
STU000165,Male,M.Tech,VLSI,8-9,False
STU000166,Female,MCA,Computer Applications,<7,False
STU000167,Female,MBA,Marketing,8-9,True
STU000168,Female,M.Tech,VLSI,7-8,True
STU000169,Male,MBA,Marketing,<7,True
STU000170,Male,MBA,Marketing,8-9,False
STU000171,Male,M.Tech,Computer Science,7-8,False
STU000172,Male,MBA,Finance,7-8,False
STU000173,Female,M.Tech,Computer Science,<7,False
STU000174,Female,M.Tech,Data Science,8-9,False
STU000175,Male,MCA,Computer Applications,9+,False
STU000176,Female,M.Tech,VLSI,9+,True
STU000177,Male,B.Tech,Electronics,7-8,False
STU000178,Male,MCA,Computer Applications,7-8,False
STU000179,Male,MCA,Computer Applications,7-8,False
STU000180,Female,M.Tech,VLSI,<7,False
STU000181,Female,M.Tech,Data Science,8-9,True
STU000182,Male,MBA,Finance,9+,True
STU000183,Male,M.Tech,Computer Science,7-8,True
STU000184,Male,MBA,Finance,7-8,False
STU000185,Female,B.Tech,Civil,<7,True
STU000186,Female,MCA,Computer Applications,8-9,False
STU000187,Female,B.Tech,Information Technology,7-8,True
STU000188,Male,M.Tech,Data Science,7-8,False
STU000189,Male,M.Tech,Computer Science,7-8,False
STU000190,Male,MCA,Computer Applications,8-9,True
STU000191,Male,MCA,Computer Applications,<7,True
STU000192,Female,MCA,Computer Applications,<7,False
STU000193,Male,MBA,Marketing,7-8,True
STU000194,Female,B.Tech,Mechanical,8-9,False
STU000195,Male,MBA,Finance,8-9,False
STU000196,Male,MCA,Computer Applications,7-8,True
STU000197,Female,MCA,Computer Applications,8-9,True
STU000198,Male,B.Tech,Civil,8-9,True
STU000199,Male,MBA,Operations,7-8,True
STU000200,Female,M.Tech,Computer Science,8-9,True
STU000201,Male,MBA,Finance,7-8,False
STU000202,Male,B.Tech,Civil,7-8,True
STU000203,Female,MCA,Computer Applications,8-9,False
STU000204,Male,M.Tech,Data Science,8-9,True
STU000205,Male,B.Tech,Electronics,8-9,False
STU000206,Male,MCA,Computer Applications,7-8,True
STU000207,Male,B.Tech,Computer Science,<7,False
STU000208,Male,MBA,Marketing,7-8,False
STU000209,Female,MCA,Computer Applications,7-8,False
STU000210,Male,MCA,Computer Applications,<7,False
STU000211,Female,MBA,Finance,9+,True
STU000212,Male,MCA,Computer Applications,8-9,False
STU000213,Female,MCA,Computer Applications,8-9,True
STU000214,Female,MCA,Computer Applications,7-8,False
STU000215,Male,MCA,Computer Applications,7-8,False
STU000216,Female,MBA,Operations,7-8,True
STU000217,Female,B.Tech,Electronics,7-8,False
STU000218,Male,M.Tech,VLSI,<7,True
STU000219,Female,MCA,Computer Applications,8-9,False
STU000220,Male,MCA,Computer Applications,7-8,True
STU000221,Female,B.Tech,Mechanical,8-9,False
STU000222,Female,M.Tech,Data Science,9+,True
STU000223,Male,MCA,Computer Applications,7-8,True
STU000224,Male,B.Tech,Mechanical,8-9,True
STU000225,Male,B.Tech,Mechanical,9+,False
STU000226,Female,M.Tech,Computer Science,<7,False
STU000227,Female,MBA,Finance,9+,False
STU000228,Male,B.Tech,Computer Science,<7,True
STU000229,Male,MBA,Finance,8-9,True
STU000230,Male,M.Tech,Data Science,7-8,True
STU000231,Female,MCA,Computer Applications,7-8,False
STU000232,Male,M.Tech,VLSI,<7,False
STU000233,Male,B.Tech,Computer Science,<7,False
STU000234,Male,B.Tech,Mechanical,<7,True
STU000235,Female,M.Tech,Computer Science,7-8,True
STU000236,Female,B.Tech,Electronics,<7,False
STU000237,Male,B.Tech,Computer Science,<7,True
STU000238,Male,M.Tech,Computer Science,7-8,False
STU000239,Male,M.Tech,VLSI,<7,True
STU000240,Female,MBA,Finance,<7,False
STU000241,Male,MBA,Operations,<7,False
STU000242,Male,B.Tech,Information Technology,9+,True
STU000243,Male,B.Tech,Electronics,<7,True
STU000244,Female,MCA,Computer Applications,9+,True
STU000245,Male,M.Tech,Computer Science,8-9,True
STU000246,Female,B.Tech,Mechanical,8-9,True
STU000247,Female,M.Tech,Computer Science,7-8,False
STU000248,Female,MCA,Computer Applications,8-9,False
STU000249,Female,M.Tech,VLSI,<7,False
STU000250,Female,MBA,Marketing,9+,False
STU000251,Male,MBA,Operations,7-8,False
STU000252,Male,MBA,Finance,7-8,False
STU000253,Male,MCA,Computer Applications,7-8,True
STU000254,Male,MBA,Marketing,7-8,False
STU000255,Male,MCA,Computer Applications,7-8,False
STU000256,Female,MCA,Computer Applications,7-8,False
STU000257,Female,M.Tech,Computer Science,7-8,True
STU000258,Male,M.Tech,Computer Science,7-8,False
STU000259,Female,M.Tech,Data Science,9+,False
STU000260,Female,MCA,Computer Applications,8-9,True
STU000261,Male,M.Tech,VLSI,8-9,True
STU000262,Male,B.Tech,Electronics,7-8,False
STU000263,Male,MBA,Marketing,7-8,True
STU000264,Male,B.Tech,Civil,7-8,True
STU000265,Male,M.Tech,VLSI,8-9,True
STU000266,Male,B.Tech,Computer Science,7-8,False
STU000267,Female,MCA,Computer Applications,8-9,False
STU000268,Male,B.Tech,Mechanical,7-8,False
STU000269,Female,MBA,Operations,8-9,False
STU000270,Male,MCA,Computer Applications,<7,False
STU000271,Male,M.Tech,Computer Science,<7,False
STU000272,Female,B.Tech,Civil,9+,True
STU000273,Male,MCA,Computer Applications,7-8,True
STU000274,Male,B.Tech,Computer Science,7-8,True
STU000275,Female,M.Tech,Data Science,7-8,True
STU000276,Female,M.Tech,Computer Science,8-9,False
STU000277,Male,MBA,Finance,7-8,False
STU000278,Male,M.Tech,VLSI,7-8,False
STU000279,Male,B.Tech,Civil,7-8,False
STU000280,Male,M.Tech,VLSI,9+,False
STU000281,Female,MCA,Computer Applications,7-8,True
STU000282,Female,MBA,Finance,9+,False
STU000283,Male,MCA,Computer Applications,7-8,False
STU000284,Male,B.Tech,Civil,7-8,False
STU000285,Male,M.Tech,Computer Science,<7,False
STU000286,Female,B.Tech,Computer Science,8-9,False
STU000287,Male,MBA,Operations,<7,False
STU000288,Female,B.Tech,Electronics,9+,False
STU000289,Male,MCA,Computer Applications,7-8,False
STU000290,Male,B.Tech,Information Technology,7-8,True
STU000291,Male,MBA,Operations,7-8,False
STU000292,Male,B.Tech,Computer Science,7-8,False
STU000293,Male,MBA,Marketing,8-9,False
STU000294,Female,MCA,Computer Applications,7-8,False
STU000295,Female,B.Tech,Mechanical,7-8,False
STU000296,Female,MCA,Computer Applications,<7,True
STU000297,Female,B.Tech,Mechanical,<7,False
STU000298,Male,B.Tech,Civil,8-9,False
STU000299,Female,MBA,Marketing,7-8,False
STU000300,Female,MBA,Finance,<7,False
STU000301,Male,MBA,Operations,7-8,False
STU000302,Male,M.Tech,VLSI,7-8,False
STU000303,Male,B.Tech,Mechanical,7-8,False
STU000304,Female,M.Tech,VLSI,8-9,False
STU000305,Female,B.Tech,Civil,7-8,False
STU000306,Male,MCA,Computer Applications,<7,True
STU000307,Male,MCA,Computer Applications,7-8,True
STU000308,Female,M.Tech,Computer Science,8-9,True
STU000309,Male,B.Tech,Information Technology,7-8,True
STU000310,Female,MCA,Computer Applications,7-8,False
STU000311,Male,M.Tech,Computer Science,8-9,True
STU000312,Female,MBA,Operations,7-8,False
STU000313,Female,B.Tech,Mechanical,9+,False
STU000314,Male,MCA,Computer Applications,9+,False
STU000315,Male,B.Tech,Information Technology,7-8,False
STU000316,Female,MCA,Computer Applications,<7,False
STU000317,Male,M.Tech,Computer Science,7-8,False
STU000318,Male,MBA,Finance,<7,False
STU000319,Male,MBA,Marketing,8-9,True
STU000320,Male,M.Tech,Data Science,8-9,True
STU000321,Female,MBA,Operations,7-8,True
STU000322,Male,B.Tech,Mechanical,7-8,False
STU000323,Male,MCA,Computer Applications,<7,True
STU000324,Male,MCA,Computer Applications,<7,True
STU000325,Male,MBA,Finance,7-8,True
STU000326,Male,B.Tech,Civil,9+,True
STU000327,Male,M.Tech,Computer Science,8-9,False
STU000328,Female,B.Tech,Mechanical,7-8,True
STU000329,Female,MBA,Finance,9+,True
STU000330,Male,MBA,Marketing,8-9,False
STU000331,Male,MBA,Marketing,7-8,False
STU000332,Female,M.Tech,VLSI,8-9,False
STU000333,Male,MBA,Marketing,7-8,False
STU000334,Male,M.Tech,Computer Science,<7,False
STU000335,Female,MBA,Operations,<7,False
STU000336,Male,MBA,Marketing,8-9,True
STU000337,Female,MBA,Marketing,8-9,True
STU000338,Female,MCA,Computer Applications,7-8,True
STU000339,Male,B.Tech,Mechanical,9+,False
STU000340,Male,B.Tech,Mechanical,8-9,True
STU000341,Male,B.Tech,Computer Science,7-8,True
STU000342,Male,M.Tech,VLSI,8-9,False
STU000343,Female,B.Tech,Civil,<7,False
STU000344,Male,M.Tech,Computer Science,<7,True
STU000345,Male,B.Tech,Information Technology,8-9,False
STU000346,Male,MBA,Operations,9+,False
STU000347,Male,M.Tech,Data Science,7-8,True
STU000348,Female,MCA,Computer Applications,7-8,True
STU000349,Male,MBA,Marketing,9+,True
STU000350,Male,M.Tech,VLSI,7-8,False
STU000351,Male,M.Tech,Computer Science,7-8,False
STU000352,Male,MCA,Computer Applications,7-8,False
STU000353,Male,B.Tech,Information Technology,8-9,False
STU000354,Female,MBA,Marketing,7-8,False
STU000355,Male,MCA,Computer Applications,<7,True
STU000356,Male,M.Tech,Computer Science,<7,False
STU000357,Male,B.Tech,Electronics,8-9,False
STU000358,Male,MCA,Computer Applications,9+,True
STU000359,Female,MCA,Computer Applications,8-9,False
STU000360,Male,MBA,Operations,7-8,True
STU000361,Male,MCA,Computer Applications,8-9,False
STU000362,Male,B.Tech,Civil,8-9,True
STU000363,Male,MBA,Operations,7-8,False
STU000364,Male,MCA,Computer Applications,8-9,True
STU000365,Male,MCA,Computer Applications,7-8,True
STU000366,Male,M.Tech,VLSI,7-8,False
STU000367,Male,MBA,Finance,8-9,False
STU000368,Male,M.Tech,Data Science,7-8,False
STU000369,Male,MBA,Operations,<7,True
STU000370,Female,B.Tech,Information Technology,<7,True
STU000371,Male,B.Tech,Civil,7-8,False
STU000372,Male,MBA,Operations,7-8,True
STU000373,Female,MBA,Operations,9+,True
STU000374,Male,MBA,Operations,7-8,False
STU000375,Male,MCA,Computer Applications,7-8,True
STU000376,Female,MBA,Finance,9+,True
STU000377,Male,B.Tech,Mechanical,<7,False
STU000378,Female,M.Tech,VLSI,<7,True
STU000379,Male,M.Tech,Computer Science,7-8,False
STU000380,Male,MBA,Finance,<7,False
STU000381,Female,MBA,Finance,7-8,True
STU000382,Female,M.Tech,Computer Science,7-8,False
STU000383,Male,MBA,Finance,<7,False
STU000384,Male,M.Tech,VLSI,9+,False
STU000385,Male,M.Tech,Computer Science,9+,True
STU000386,Female,M.Tech,VLSI,9+,False
STU000387,Male,MBA,Marketing,7-8,False
STU000388,Male,MCA,Computer Applications,9+,True
STU000389,Male,M.Tech,VLSI,8-9,True
STU000390,Male,M.Tech,Data Science,8-9,False
STU000391,Male,MCA,Computer Applications,7-8,True
STU000392,Male,M.Tech,VLSI,8-9,True
STU000393,Female,B.Tech,Mechanical,8-9,True
STU000394,Male,B.Tech,Electronics,7-8,True
STU000395,Male,MBA,Operations,7-8,False
STU000396,Female,B.Tech,Mechanical,9+,False
STU000397,Female,M.Tech,VLSI,8-9,False
STU000398,Male,M.Tech,Computer Science,<7,False
STU000399,Male,MCA,Computer Applications,8-9,True
STU000400,Male,MBA,Marketing,8-9,True
STU000401,Male,B.Tech,Electronics,8-9,False
STU000402,Male,B.Tech,Information Technology,<7,True
STU000403,Male,MBA,Operations,8-9,False
STU000404,Male,M.Tech,Data Science,8-9,False
STU000405,Male,MCA,Computer Applications,7-8,True
STU000406,Male,MBA,Finance,9+,True
STU000407,Male,MCA,Computer Applications,8-9,False
STU000408,Female,M.Tech,VLSI,<7,False
STU000409,Female,MBA,Marketing,8-9,True
STU000410,Female,MBA,Finance,<7,False
STU000411,Female,B.Tech,Computer Science,7-8,False
STU000412,Female,MBA,Operations,7-8,True
STU000413,Male,MBA,Finance,7-8,False
STU000414,Male,MBA,Marketing,7-8,False
STU000415,Male,MCA,Computer Applications,7-8,True
STU000416,Female,MBA,Marketing,8-9,False
STU000417,Male,MCA,Computer Applications,7-8,False
STU000418,Male,MCA,Computer Applications,<7,False
STU000419,Male,M.Tech,VLSI,9+,True
STU000420,Male,MCA,Computer Applications,7-8,True
STU000421,Male,MCA,Computer Applications,7-8,False
STU000422,Female,B.Tech,Mechanical,<7,True
STU000423,Female,MBA,Marketing,7-8,False
STU000424,Male,MCA,Computer Applications,<7,False
STU000425,Male,MBA,Marketing,7-8,True
STU000426,Female,MBA,Finance,7-8,True
STU000427,Male,B.Tech,Information Technology,7-8,True
STU000428,Female,B.Tech,Mechanical,8-9,False
STU000429,Male,MBA,Finance,7-8,False
STU000430,Male,MCA,Computer Applications,7-8,True
STU000431,Female,MCA,Computer Applications,7-8,False
STU000432,Male,B.Tech,Computer Science,7-8,False
STU000433,Male,B.Tech,Computer Science,7-8,True
STU000434,Male,B.Tech,Electronics,7-8,False
STU000435,Male,M.Tech,VLSI,7-8,False
STU000436,Male,B.Tech,Mechanical,9+,False
STU000437,Female,MCA,Computer Applications,7-8,True
STU000438,Female,MCA,Computer Applications,8-9,False
STU000439,Male,MCA,Computer Applications,9+,True
STU000440,Female,M.Tech,Data Science,<7,False
STU000441,Male,M.Tech,Computer Science,7-8,False
STU000442,Male,M.Tech,Data Science,7-8,True
STU000443,Female,B.Tech,Electronics,<7,True
STU000444,Female,MBA,Marketing,7-8,False
STU000445,Male,B.Tech,Information Technology,8-9,True
STU000446,Male,MCA,Computer Applications,7-8,True
STU000447,Male,B.Tech,Mechanical,<7,False
STU000448,Female,MCA,Computer Applications,8-9,False
STU000449,Female,MBA,Marketing,7-8,False
STU000450,Female,MBA,Marketing,7-8,False
STU000451,Male,B.Tech,Computer Science,7-8,False
STU000452,Male,MBA,Finance,8-9,True
STU000453,Female,B.Tech,Information Technology,7-8,False
STU000454,Female,B.Tech,Mechanical,<7,True
STU000455,Male,MCA,Computer Applications,7-8,False
STU000456,Male,MCA,Computer Applications,<7,False
STU000457,Female,MCA,Computer Applications,8-9,False
STU000458,Male,MCA,Computer Applications,9+,False
STU000459,Male,M.Tech,VLSI,7-8,False
STU000460,Female,M.Tech,Computer Science,8-9,True
STU000461,Female,M.Tech,Computer Science,8-9,False
STU000462,Male,MBA,Marketing,8-9,False
STU000463,Male,M.Tech,Computer Science,9+,True
STU000464,Female,B.Tech,Computer Science,8-9,False
STU000465,Male,M.Tech,Computer Science,<7,False
STU000466,Female,B.Tech,Electronics,7-8,False
STU000467,Male,M.Tech,Computer Science,<7,True
STU000468,Male,MBA,Operations,8-9,False
STU000469,Male,MCA,Computer Applications,8-9,False
STU000470,Male,MBA,Marketing,9+,True
STU000471,Female,MBA,Finance,9+,True
STU000472,Male,MBA,Finance,<7,False
STU000473,Female,MBA,Operations,<7,True
STU000474,Male,MBA,Operations,7-8,False
STU000475,Female,B.Tech,Electronics,8-9,False
STU000476,Male,B.Tech,Civil,7-8,False
STU000477,Female,MCA,Computer Applications,8-9,False
STU000478,Female,MCA,Computer Applications,9+,False
STU000479,Female,M.Tech,VLSI,<7,False
STU000480,Female,B.Tech,Civil,7-8,True
STU000481,Male,B.Tech,Information Technology,8-9,True
STU000482,Female,M.Tech,Computer Science,7-8,True
STU000483,Male,B.Tech,Mechanical,8-9,False
STU000484,Female,B.Tech,Civil,7-8,False
STU000485,Male,M.Tech,VLSI,8-9,False
STU000486,Female,MBA,Finance,7-8,True
STU000487,Female,MBA,Marketing,7-8,False
STU000488,Male,MBA,Marketing,8-9,False
STU000489,Female,MCA,Computer Applications,7-8,False
STU000490,Male,M.Tech,Computer Science,8-9,False
STU000491,Female,MBA,Operations,8-9,True
STU000492,Female,B.Tech,Information Technology,8-9,False
STU000493,Female,B.Tech,Electronics,8-9,False
STU000494,Female,M.Tech,Data Science,7-8,True
STU000495,Male,MCA,Computer Applications,<7,True
STU000496,Female,MBA,Marketing,<7,False
STU000497,Male,MCA,Computer Applications,7-8,True
STU000498,Male,MBA,Operations,8-9,True
STU000499,Male,B.Tech,Information Technology,7-8,True
STU000500,Male,B.Tech,Information Technology,7-8,False
STU000501,Male,B.Tech,Computer Science,<7,False
STU000502,Female,MBA,Marketing,8-9,False
STU000503,Female,MBA,Finance,8-9,False
STU000504,Male,MBA,Finance,7-8,False
STU000505,Male,MCA,Computer Applications,7-8,False
STU000506,Male,B.Tech,Civil,7-8,True
STU000507,Female,B.Tech,Civil,8-9,True
STU000508,Female,MCA,Computer Applications,9+,True
STU000509,Female,B.Tech,Civil,8-9,True
STU000510,Female,B.Tech,Electronics,9+,False
STU000511,Male,MBA,Finance,7-8,False
STU000512,Male,M.Tech,Computer Science,9+,False
STU000513,Male,MCA,Computer Applications,7-8,True
STU000514,Male,M.Tech,Computer Science,8-9,True
STU000515,Female,B.Tech,Electronics,<7,False
STU000516,Male,MBA,Operations,8-9,True
STU000517,Female,MBA,Operations,7-8,True
STU000518,Male,M.Tech,Data Science,9+,False
STU000519,Male,B.Tech,Mechanical,8-9,False
STU000520,Male,MCA,Computer Applications,8-9,False
STU000521,Male,B.Tech,Mechanical,8-9,False
STU000522,Male,M.Tech,Data Science,8-9,False
STU000523,Female,MBA,Finance,7-8,False
STU000524,Male,M.Tech,VLSI,8-9,False
STU000525,Male,MCA,Computer Applications,7-8,True
STU000526,Male,B.Tech,Computer Science,<7,False
STU000527,Female,MCA,Computer Applications,8-9,True
STU000528,Male,B.Tech,Computer Science,8-9,False
STU000529,Female,MBA,Finance,7-8,False
STU000530,Male,B.Tech,Computer Science,8-9,True
STU000531,Male,B.Tech,Mechanical,<7,True
STU000532,Male,M.Tech,Data Science,7-8,True
STU000533,Female,MBA,Operations,<7,False
STU000534,Female,M.Tech,Data Science,7-8,True
STU000535,Female,B.Tech,Computer Science,<7,True
STU000536,Female,B.Tech,Information Technology,7-8,True
STU000537,Male,B.Tech,Computer Science,7-8,False
STU000538,Female,MBA,Marketing,8-9,False
STU000539,Male,B.Tech,Computer Science,9+,False
STU000540,Male,MBA,Finance,8-9,False
STU000541,Male,B.Tech,Mechanical,7-8,True
STU000542,Male,MBA,Marketing,<7,True
STU000543,Female,MBA,Operations,<7,False
STU000544,Male,MCA,Computer Applications,7-8,True
STU000545,Male,MCA,Computer Applications,8-9,True
STU000546,Male,MBA,Operations,<7,False
STU000547,Female,M.Tech,Computer Science,7-8,True
STU000548,Male,MCA,Computer Applications,7-8,False
STU000549,Male,MCA,Computer Applications,9+,False
STU000550,Male,MBA,Operations,8-9,False
STU000551,Male,MCA,Computer Applications,9+,False
STU000552,Female,B.Tech,Information Technology,<7,True
STU000553,Female,M.Tech,Data Science,7-8,False
STU000554,Female,MBA,Operations,7-8,True
STU000555,Male,B.Tech,Computer Science,7-8,False
STU000556,Male,MBA,Finance,<7,True
STU000557,Male,B.Tech,Civil,7-8,False
STU000558,Male,MBA,Operations,7-8,False
STU000559,Female,MBA,Marketing,9+,False
STU000560,Female,B.Tech,Mechanical,7-8,True
STU000561,Female,B.Tech,Mechanical,7-8,False
STU000562,Male,MCA,Computer Applications,8-9,True
STU000563,Male,MBA,Marketing,7-8,False
STU000564,Male,MBA,Operations,7-8,False
STU000565,Male,M.Tech,Data Science,<7,False
STU000566,Male,MBA,Operations,<7,False
STU000567,Male,MCA,Computer Applications,7-8,False
STU000568,Female,B.Tech,Electronics,<7,True
STU000569,Male,M.Tech,Computer Science,7-8,False
STU000570,Female,MBA,Finance,8-9,True
STU000571,Female,MBA,Finance,8-9,True
STU000572,Male,MCA,Computer Applications,7-8,False
STU000573,Male,MBA,Marketing,7-8,False
STU000574,Male,B.Tech,Information Technology,9+,True
STU000575,Male,MCA,Computer Applications,8-9,True
STU000576,Male,MCA,Computer Applications,7-8,False
STU000577,Male,MCA,Computer Applications,<7,False
STU000578,Female,MBA,Marketing,7-8,True
STU000579,Male,MBA,Finance,8-9,False
STU000580,Male,B.Tech,Mechanical,8-9,False
STU000581,Female,B.Tech,Electronics,<7,False
STU000582,Male,B.Tech,Computer Science,8-9,True
STU000583,Male,MCA,Computer Applications,7-8,True
STU000584,Male,M.Tech,Data Science,8-9,False
STU000585,Male,B.Tech,Computer Science,7-8,False
STU000586,Female,B.Tech,Electronics,7-8,False
STU000587,Male,MBA,Marketing,8-9,True
STU000588,Female,B.Tech,Civil,9+,False
STU000589,Male,M.Tech,VLSI,8-9,False
STU000590,Female,B.Tech,Mechanical,7-8,False
STU000591,Female,B.Tech,Information Technology,<7,True
STU000592,Male,MBA,Finance,9+,True
STU000593,Male,MCA,Computer Applications,8-9,True
STU000594,Female,B.Tech,Mechanical,9+,False
STU000595,Male,MBA,Operations,8-9,False
STU000596,Male,B.Tech,Computer Science,8-9,False
STU000597,Male,MCA,Computer Applications,7-8,False
STU000598,Male,B.Tech,Computer Science,7-8,True
STU000599,Male,B.Tech,Civil,<7,False
STU000600,Female,MBA,Finance,7-8,False
STU000601,Male,B.Tech,Information Technology,7-8,False
STU000602,Male,B.Tech,Civil,7-8,True
STU000603,Male,MCA,Computer Applications,7-8,False
STU000604,Male,MCA,Computer Applications,7-8,True
STU000605,Male,B.Tech,Computer Science,9+,False
STU000606,Male,MCA,Computer Applications,7-8,False
STU000607,Female,MBA,Operations,7-8,True
STU000608,Male,MCA,Computer Applications,8-9,True
STU000609,Male,MCA,Computer Applications,7-8,False
STU000610,Male,M.Tech,Computer Science,<7,True
STU000611,Male,MCA,Computer Applications,8-9,True
STU000612,Male,MCA,Computer Applications,8-9,False
STU000613,Male,MBA,Operations,8-9,True
STU000614,Male,MCA,Computer Applications,9+,True
STU000615,Male,M.Tech,VLSI,7-8,False
STU000616,Male,M.Tech,VLSI,7-8,False
STU000617,Male,B.Tech,Computer Science,<7,False
STU000618,Male,M.Tech,VLSI,7-8,True
STU000619,Male,MBA,Finance,7-8,False
STU000620,Male,M.Tech,Data Science,8-9,True
STU000621,Female,M.Tech,Data Science,<7,False
STU000622,Female,B.Tech,Information Technology,8-9,False
STU000623,Male,MBA,Operations,8-9,True
STU000624,Male,M.Tech,Data Science,8-9,False
STU000625,Female,MBA,Finance,<7,False
STU000626,Male,MBA,Marketing,8-9,False
STU000627,Female,MCA,Computer Applications,<7,True
STU000628,Female,MCA,Computer Applications,<7,False
STU000629,Female,M.Tech,Data Science,7-8,False
STU000630,Female,B.Tech,Civil,8-9,False
STU000631,Male,MCA,Computer Applications,7-8,False
STU000632,Male,MBA,Finance,8-9,False
STU000633,Female,MCA,Computer Applications,7-8,True
STU000634,Male,MBA,Finance,8-9,True
STU000635,Male,M.Tech,VLSI,8-9,False
STU000636,Male,B.Tech,Mechanical,8-9,True
STU000637,Female,B.Tech,Electronics,7-8,True
STU000638,Male,MCA,Computer Applications,8-9,True
STU000639,Male,MCA,Computer Applications,<7,False
STU000640,Male,B.Tech,Information Technology,9+,True
STU000641,Male,B.Tech,Civil,7-8,True
STU000642,Male,M.Tech,Data Science,<7,True
STU000643,Male,B.Tech,Mechanical,<7,True
STU000644,Male,B.Tech,Information Technology,7-8,True
STU000645,Female,B.Tech,Mechanical,8-9,True
STU000646,Male,B.Tech,Information Technology,<7,True
STU000647,Female,B.Tech,Mechanical,<7,False
STU000648,Male,MBA,Operations,7-8,False
STU000649,Male,B.Tech,Computer Science,7-8,True
STU000650,Male,MBA,Operations,8-9,False
STU000651,Male,MBA,Operations,8-9,False
STU000652,Female,MBA,Marketing,7-8,True
STU000653,Female,M.Tech,Computer Science,<7,False
STU000654,Male,B.Tech,Civil,7-8,True
STU000655,Male,MBA,Marketing,<7,True
STU000656,Female,B.Tech,Mechanical,<7,True
STU000657,Male,MCA,Computer Applications,<7,False
STU000658,Male,B.Tech,Information Technology,8-9,False
STU000659,Male,MCA,Computer Applications,7-8,True
STU000660,Male,M.Tech,VLSI,9+,True
STU000661,Female,MCA,Computer Applications,8-9,True
STU000662,Male,M.Tech,Computer Science,8-9,True
STU000663,Female,MBA,Finance,7-8,False
STU000664,Female,M.Tech,VLSI,<7,True
STU000665,Male,B.Tech,Mechanical,8-9,True
STU000666,Male,MCA,Computer Applications,7-8,False
STU000667,Male,M.Tech,Computer Science,<7,True
STU000668,Male,M.Tech,VLSI,8-9,False
STU000669,Male,B.Tech,Mechanical,7-8,False
STU000670,Male,MCA,Computer Applications,7-8,True
STU000671,Male,MBA,Finance,7-8,False
STU000672,Female,B.Tech,Electronics,8-9,True
STU000673,Female,MCA,Computer Applications,7-8,False
STU000674,Male,MCA,Computer Applications,7-8,True
STU000675,Female,M.Tech,VLSI,9+,False
STU000676,Female,B.Tech,Civil,7-8,True
STU000677,Male,MBA,Operations,8-9,False
STU000678,Male,M.Tech,Computer Science,<7,False
STU000679,Female,M.Tech,Computer Science,8-9,True
STU000680,Female,M.Tech,VLSI,8-9,False
STU000681,Male,M.Tech,VLSI,8-9,False
STU000682,Female,MCA,Computer Applications,7-8,False
STU000683,Female,MBA,Operations,8-9,True
STU000684,Male,M.Tech,Computer Science,8-9,False
STU000685,Female,M.Tech,Computer Science,9+,False
STU000686,Male,MCA,Computer Applications,9+,False
STU000687,Female,M.Tech,VLSI,<7,False
STU000688,Male,MBA,Finance,<7,False
STU000689,Male,B.Tech,Civil,8-9,True
STU000690,Male,M.Tech,VLSI,8-9,True
STU000691,Female,MBA,Finance,7-8,False
STU000692,Female,M.Tech,VLSI,8-9,True
STU000693,Male,MCA,Computer Applications,8-9,False
STU000694,Male,MCA,Computer Applications,8-9,True
STU000695,Female,B.Tech,Computer Science,8-9,False
STU000696,Male,MBA,Marketing,7-8,False
STU000697,Male,B.Tech,Electronics,8-9,True
STU000698,Male,MCA,Computer Applications,7-8,True
STU000699,Male,M.Tech,VLSI,7-8,True
STU000700,Female,M.Tech,Computer Science,7-8,True
STU000701,Male,MBA,Finance,8-9,True
STU000702,Female,MCA,Computer Applications,7-8,False
STU000703,Female,MBA,Operations,8-9,False
STU000704,Female,MBA,Operations,8-9,True
STU000705,Female,M.Tech,Computer Science,<7,False
STU000706,Male,MBA,Marketing,7-8,False
STU000707,Female,MBA,Operations,7-8,True
STU000708,Male,B.Tech,Computer Science,7-8,False
STU000709,Male,B.Tech,Electronics,8-9,False
STU000710,Male,MBA,Marketing,<7,False
STU000711,Female,MCA,Computer Applications,7-8,False
STU000712,Female,B.Tech,Mechanical,7-8,True
STU000713,Male,MBA,Operations,8-9,False
STU000714,Female,B.Tech,Information Technology,9+,False
STU000715,Male,MCA,Computer Applications,7-8,False
STU000716,Male,B.Tech,Electronics,8-9,False
STU000717,Male,M.Tech,Data Science,7-8,False
STU000718,Female,MCA,Computer Applications,9+,True
STU000719,Male,MCA,Computer Applications,8-9,False
STU000720,Male,B.Tech,Information Technology,7-8,True
STU000721,Female,MBA,Marketing,7-8,False
STU000722,Female,B.Tech,Mechanical,<7,False
STU000723,Male,B.Tech,Electronics,8-9,False
STU000724,Male,MBA,Marketing,8-9,False
STU000725,Male,MBA,Operations,7-8,False
STU000726,Female,M.Tech,Data Science,8-9,False
STU000727,Male,M.Tech,Data Science,9+,True
STU000728,Male,MCA,Computer Applications,8-9,True
STU000729,Male,B.Tech,Information Technology,<7,False
STU000730,Male,MBA,Operations,8-9,False
STU000731,Female,M.Tech,Data Science,7-8,True
STU000732,Female,M.Tech,Data Science,<7,True
STU000733,Female,M.Tech,Computer Science,9+,True
STU000734,Female,B.Tech,Mechanical,8-9,True
STU000735,Female,MBA,Operations,7-8,False
STU000736,Male,M.Tech,Computer Science,9+,True
STU000737,Female,B.Tech,Information Technology,7-8,True
STU000738,Female,MBA,Operations,8-9,False
STU000739,Male,B.Tech,Information Technology,8-9,True
STU000740,Female,MBA,Marketing,<7,False
STU000741,Male,M.Tech,Data Science,7-8,True
STU000742,Female,B.Tech,Civil,7-8,True
STU000743,Female,B.Tech,Civil,<7,False
STU000744,Male,MBA,Operations,9+,False
STU000745,Female,MBA,Finance,8-9,True
STU000746,Female,B.Tech,Information Technology,<7,False
STU000747,Female,B.Tech,Mechanical,8-9,False
STU000748,Female,B.Tech,Computer Science,8-9,False
STU000749,Male,M.Tech,Computer Science,7-8,False
STU000750,Male,MBA,Finance,7-8,False
STU000751,Male,M.Tech,VLSI,8-9,True
STU000752,Female,M.Tech,Data Science,7-8,False
STU000753,Male,MCA,Computer Applications,9+,True
STU000754,Female,MBA,Operations,7-8,True
STU000755,Male,M.Tech,Data Science,8-9,False
STU000756,Female,B.Tech,Information Technology,8-9,False
STU000757,Male,MBA,Operations,<7,True
STU000758,Male,M.Tech,VLSI,7-8,False
STU000759,Female,B.Tech,Mechanical,8-9,False
STU000760,Female,MCA,Computer Applications,7-8,True
STU000761,Male,M.Tech,Computer Science,8-9,False
STU000762,Female,MBA,Operations,7-8,True
STU000763,Male,M.Tech,Data Science,9+,True
STU000764,Male,B.Tech,Electronics,<7,False
STU000765,Male,B.Tech,Mechanical,8-9,True
STU000766,Male,MCA,Computer Applications,8-9,True
STU000767,Female,MCA,Computer Applications,9+,True
STU000768,Female,M.Tech,Data Science,8-9,False
STU000769,Male,MCA,Computer Applications,8-9,False
STU000770,Female,B.Tech,Electronics,8-9,True
STU000771,Female,B.Tech,Electronics,9+,False
STU000772,Female,B.Tech,Computer Science,7-8,True
STU000773,Male,M.Tech,VLSI,<7,False
STU000774,Male,B.Tech,Mechanical,<7,True
STU000775,Male,B.Tech,Computer Science,8-9,False
STU000776,Male,B.Tech,Information Technology,8-9,False
STU000777,Female,MBA,Finance,<7,False
STU000778,Female,B.Tech,Civil,8-9,False
STU000779,Male,MCA,Computer Applications,8-9,True
STU000780,Male,B.Tech,Computer Science,7-8,False
STU000781,Male,MCA,Computer Applications,7-8,False
STU000782,Male,MCA,Computer Applications,7-8,False
STU000783,Male,MBA,Finance,8-9,True
STU000784,Male,M.Tech,VLSI,7-8,True
STU000785,Male,M.Tech,VLSI,8-9,False
STU000786,Male,MBA,Finance,7-8,False
STU000787,Male,MBA,Finance,<7,False
STU000788,Female,B.Tech,Mechanical,<7,False
STU000789,Male,MCA,Computer Applications,9+,False
STU000790,Male,B.Tech,Electronics,7-8,False
STU000791,Male,B.Tech,Mechanical,7-8,False
STU000792,Male,M.Tech,Computer Science,<7,False
STU000793,Male,MBA,Marketing,8-9,False
STU000794,Male,B.Tech,Mechanical,8-9,True
STU000795,Female,MCA,Computer Applications,7-8,True
STU000796,Male,MBA,Marketing,8-9,False
STU000797,Male,B.Tech,Electronics,8-9,True
STU000798,Male,M.Tech,VLSI,9+,True
STU000799,Female,MBA,Operations,8-9,True
STU000800,Male,M.Tech,Computer Science,8-9,False
STU000801,Male,B.Tech,Computer Science,7-8,False
STU000802,Male,M.Tech,VLSI,7-8,False
STU000803,Female,B.Tech,Computer Science,<7,False
STU000804,Male,M.Tech,Computer Science,7-8,False
STU000805,Male,MBA,Finance,8-9,False
STU000806,Male,B.Tech,Mechanical,7-8,True
STU000807,Male,M.Tech,Data Science,7-8,False
STU000808,Male,B.Tech,Mechanical,8-9,False
STU000809,Male,B.Tech,Electronics,7-8,False
STU000810,Male,MBA,Operations,9+,True
STU000811,Male,M.Tech,Computer Science,<7,True
STU000812,Female,B.Tech,Civil,7-8,False
STU000813,Male,M.Tech,Data Science,7-8,True
STU000814,Male,B.Tech,Mechanical,9+,False
STU000815,Female,M.Tech,Data Science,7-8,True
STU000816,Female,B.Tech,Civil,8-9,False
STU000817,Female,MCA,Computer Applications,<7,False
STU000818,Male,M.Tech,Data Science,<7,False
STU000819,Male,MCA,Computer Applications,8-9,False
STU000820,Female,B.Tech,Mechanical,7-8,False
STU000821,Male,M.Tech,Computer Science,8-9,False
STU000822,Male,MCA,Computer Applications,9+,False
STU000823,Female,M.Tech,Computer Science,7-8,True
STU000824,Female,MBA,Marketing,8-9,False
STU000825,Male,MBA,Marketing,9+,False
STU000826,Male,M.Tech,Data Science,7-8,False
STU000827,Male,B.Tech,Mechanical,8-9,False
STU000828,Female,B.Tech,Civil,8-9,True
STU000829,Male,MCA,Computer Applications,7-8,False
STU000830,Male,MCA,Computer Applications,9+,True
STU000831,Male,B.Tech,Mechanical,7-8,False
STU000832,Male,B.Tech,Information Technology,8-9,True
STU000833,Male,M.Tech,VLSI,8-9,False
STU000834,Male,B.Tech,Information Technology,8-9,False
STU000835,Male,M.Tech,Computer Science,<7,False
STU000836,Male,B.Tech,Electronics,<7,False
STU000837,Female,M.Tech,Data Science,<7,True
STU000838,Male,MBA,Marketing,<7,False
STU000839,Female,M.Tech,Computer Science,8-9,True
STU000840,Male,M.Tech,VLSI,7-8,True
STU000841,Male,B.Tech,Mechanical,<7,True
STU000842,Male,MCA,Computer Applications,7-8,True
STU000843,Male,M.Tech,VLSI,7-8,True
STU000844,Female,MCA,Computer Applications,8-9,False
STU000845,Male,MBA,Marketing,9+,True
STU000846,Male,M.Tech,Data Science,7-8,False
STU000847,Female,MCA,Computer Applications,9+,False
STU000848,Female,M.Tech,Computer Science,8-9,False
STU000849,Male,MBA,Marketing,<7,True
STU000850,Female,MCA,Computer Applications,8-9,False
STU000851,Male,B.Tech,Civil,9+,True
STU000852,Female,M.Tech,Data Science,8-9,False
STU000853,Male,B.Tech,Information Technology,8-9,False
STU000854,Female,MBA,Marketing,7-8,False
STU000855,Male,B.Tech,Computer Science,8-9,False
STU000856,Female,MCA,Computer Applications,7-8,True
STU000857,Male,B.Tech,Civil,8-9,True
STU000858,Male,MCA,Computer Applications,<7,True
STU000859,Female,MCA,Computer Applications,7-8,True
STU000860,Female,B.Tech,Mechanical,<7,False
STU000861,Female,M.Tech,Data Science,8-9,True
STU000862,Male,M.Tech,VLSI,8-9,False
STU000863,Male,MBA,Marketing,7-8,False
STU000864,Male,MCA,Computer Applications,7-8,False
STU000865,Male,MCA,Computer Applications,<7,True
STU000866,Male,MBA,Marketing,8-9,False
STU000867,Male,B.Tech,Electronics,8-9,False
STU000868,Male,MCA,Computer Applications,7-8,True
STU000869,Female,M.Tech,VLSI,9+,False
STU000870,Female,MCA,Computer Applications,8-9,True
STU000871,Male,MBA,Marketing,8-9,False
STU000872,Male,B.Tech,Electronics,8-9,True
STU000873,Female,B.Tech,Mechanical,8-9,False
STU000874,Female,B.Tech,Computer Science,7-8,False
STU000875,Male,MBA,Finance,8-9,False
STU000876,Female,M.Tech,Computer Science,8-9,True
STU000877,Male,MCA,Computer Applications,8-9,False
STU000878,Female,MCA,Computer Applications,7-8,False
STU000879,Female,B.Tech,Mechanical,<7,False
STU000880,Male,MCA,Computer Applications,7-8,False
STU000881,Male,MCA,Computer Applications,7-8,False
STU000882,Male,MBA,Marketing,8-9,False
STU000883,Male,MCA,Computer Applications,<7,False
STU000884,Female,MCA,Computer Applications,7-8,False
STU000885,Male,B.Tech,Electronics,7-8,True
STU000886,Male,B.Tech,Mechanical,7-8,False
STU000887,Female,B.Tech,Computer Science,7-8,True
STU000888,Male,MBA,Marketing,<7,False
STU000889,Male,MBA,Marketing,<7,False
STU000890,Female,B.Tech,Electronics,9+,True
STU000891,Male,MBA,Marketing,8-9,False
STU000892,Male,M.Tech,Computer Science,8-9,False
STU000893,Male,MBA,Marketing,8-9,False
STU000894,Male,B.Tech,Information Technology,9+,True
STU000895,Male,MBA,Finance,7-8,True
STU000896,Male,MBA,Marketing,9+,False
STU000897,Male,MBA,Finance,<7,False
STU000898,Female,MCA,Computer Applications,8-9,False
STU000899,Male,M.Tech,Computer Science,<7,True
STU000900,Male,MCA,Computer Applications,7-8,False
STU000901,Male,MBA,Marketing,8-9,True
STU000902,Female,B.Tech,Electronics,<7,False
STU000903,Female,B.Tech,Computer Science,<7,False
STU000904,Male,B.Tech,Information Technology,8-9,False
STU000905,Female,M.Tech,Computer Science,<7,True
STU000906,Male,M.Tech,VLSI,7-8,False
STU000907,Male,B.Tech,Mechanical,9+,False
STU000908,Female,M.Tech,VLSI,7-8,False
STU000909,Male,MCA,Computer Applications,8-9,False
STU000910,Male,MBA,Finance,8-9,False
STU000911,Female,M.Tech,Data Science,7-8,True
STU000912,Female,MCA,Computer Applications,8-9,False
STU000913,Female,MBA,Marketing,7-8,False
STU000914,Female,MBA,Finance,8-9,False
STU000915,Male,M.Tech,VLSI,7-8,True
STU000916,Male,B.Tech,Electronics,8-9,False
STU000917,Male,B.Tech,Information Technology,<7,False
STU000918,Female,MCA,Computer Applications,<7,False
STU000919,Male,MCA,Computer Applications,<7,False
STU000920,Female,MCA,Computer Applications,7-8,True
STU000921,Male,M.Tech,Computer Science,7-8,False
STU000922,Female,MCA,Computer Applications,7-8,False
STU000923,Female,MCA,Computer Applications,8-9,False
STU000924,Female,MBA,Operations,9+,True
STU000925,Female,MCA,Computer Applications,<7,False
STU000926,Female,MCA,Computer Applications,7-8,False
STU000927,Female,B.Tech,Civil,8-9,True
STU000928,Female,MBA,Marketing,8-9,False
STU000929,Male,B.Tech,Mechanical,8-9,False
STU000930,Female,B.Tech,Civil,7-8,False
STU000931,Male,MBA,Operations,8-9,False
STU000932,Female,MBA,Finance,8-9,True
STU000933,Female,MBA,Finance,7-8,False
STU000934,Female,MBA,Marketing,7-8,True
STU000935,Male,MBA,Marketing,7-8,False
STU000936,Female,MCA,Computer Applications,8-9,True
STU000937,Female,MBA,Operations,7-8,True
STU000938,Female,MCA,Computer Applications,8-9,True
STU000939,Male,MCA,Computer Applications,<7,True
STU000940,Male,M.Tech,Data Science,7-8,False
STU000941,Male,MCA,Computer Applications,9+,True
STU000942,Male,MBA,Finance,<7,False
STU000943,Female,MBA,Finance,8-9,False
STU000944,Male,B.Tech,Civil,7-8,True
STU000945,Female,B.Tech,Civil,<7,True
STU000946,Female,MCA,Computer Applications,7-8,False
STU000947,Male,MCA,Computer Applications,8-9,True
STU000948,Male,MBA,Marketing,9+,False
STU000949,Male,MBA,Finance,7-8,True
STU000950,Female,MCA,Computer Applications,8-9,True
STU000951,Female,MBA,Marketing,7-8,False
STU000952,Male,M.Tech,Computer Science,7-8,True
STU000953,Male,MBA,Finance,7-8,False
STU000954,Male,MBA,Marketing,8-9,True
STU000955,Male,MBA,Operations,7-8,False
STU000956,Male,MBA,Operations,8-9,True
STU000957,Male,B.Tech,Mechanical,8-9,False
STU000958,Male,MCA,Computer Applications,9+,True
STU000959,Male,M.Tech,Data Science,7-8,False
STU000960,Female,M.Tech,Data Science,7-8,True
STU000961,Female,MCA,Computer Applications,8-9,False
STU000962,Female,B.Tech,Civil,7-8,True
STU000963,Male,MCA,Computer Applications,8-9,True
STU000964,Male,MBA,Marketing,7-8,False
STU000965,Male,M.Tech,VLSI,<7,False
STU000966,Male,B.Tech,Information Technology,<7,True
STU000967,Male,B.Tech,Mechanical,9+,False
STU000968,Male,MBA,Finance,9+,True
STU000969,Female,MBA,Marketing,7-8,True
STU000970,Male,M.Tech,Data Science,7-8,False
STU000971,Male,MCA,Computer Applications,7-8,True
STU000972,Female,MBA,Finance,8-9,False
STU000973,Male,MBA,Marketing,8-9,True
STU000974,Male,MBA,Finance,9+,True
STU000975,Male,B.Tech,Mechanical,9+,False
STU000976,Male,MCA,Computer Applications,<7,False
STU000977,Male,B.Tech,Mechanical,<7,False
STU000978,Female,M.Tech,VLSI,7-8,True
STU000979,Male,M.Tech,VLSI,7-8,False
STU000980,Male,MBA,Marketing,8-9,False
STU000981,Male,MBA,Finance,<7,True
STU000982,Female,B.Tech,Information Technology,8-9,True
STU000983,Female,MCA,Computer Applications,7-8,False
STU000984,Male,M.Tech,Data Science,7-8,True
STU000985,Male,M.Tech,Computer Science,8-9,True
STU000986,Female,B.Tech,Computer Science,<7,False
STU000987,Male,MCA,Computer Applications,7-8,True
STU000988,Female,B.Tech,Mechanical,8-9,False
STU000989,Male,M.Tech,Data Science,7-8,True
STU000990,Female,B.Tech,Civil,<7,False
STU000991,Female,M.Tech,Data Science,8-9,False
STU000992,Female,B.Tech,Information Technology,<7,True
STU000993,Male,B.Tech,Civil,9+,True
STU000994,Male,MBA,Marketing,7-8,True
STU000995,Male,B.Tech,Computer Science,8-9,True
STU000996,Male,MCA,Computer Applications,8-9,False
STU000997,Male,MCA,Computer Applications,7-8,False
STU000998,Male,M.Tech,Data Science,7-8,True
STU000999,Male,M.Tech,Data Science,8-9,False
STU001000,Male,B.Tech,Computer Science,7-8,True
STU001001,Female,MCA,Computer Applications,8-9,False
STU001002,Male,MCA,Computer Applications,<7,True
STU001003,Male,M.Tech,Computer Science,<7,False
STU001004,Male,MBA,Finance,8-9,False
STU001005,Male,MBA,Operations,7-8,True
STU001006,Male,MBA,Finance,7-8,False
STU001007,Female,B.Tech,Electronics,8-9,True
STU001008,Female,MCA,Computer Applications,7-8,True
STU001009,Male,B.Tech,Computer Science,<7,False
STU001010,Female,M.Tech,VLSI,<7,False
STU001011,Male,MBA,Finance,<7,False
STU001012,Female,MCA,Computer Applications,<7,False
STU001013,Female,M.Tech,VLSI,7-8,False
STU001014,Male,MCA,Computer Applications,7-8,True
STU001015,Male,MCA,Computer Applications,8-9,True
STU001016,Female,MCA,Computer Applications,<7,False
STU001017,Female,MBA,Marketing,8-9,True
STU001018,Male,MCA,Computer Applications,9+,False
STU001019,Female,MCA,Computer Applications,7-8,True
STU001020,Male,B.Tech,Civil,9+,False
STU001021,Male,MCA,Computer Applications,9+,True
STU001022,Female,MBA,Operations,9+,True
STU001023,Female,M.Tech,Data Science,8-9,True
STU001024,Male,MBA,Marketing,7-8,False
STU001025,Female,B.Tech,Civil,7-8,False
STU001026,Female,MBA,Finance,<7,False
STU001027,Male,MCA,Computer Applications,7-8,False
STU001028,Female,B.Tech,Computer Science,<7,False
STU001029,Male,MCA,Computer Applications,7-8,True
STU001030,Female,MBA,Operations,9+,False
STU001031,Male,MCA,Computer Applications,7-8,False
STU001032,Male,MBA,Operations,8-9,False
STU001033,Female,MCA,Computer Applications,8-9,False
STU001034,Female,MBA,Operations,8-9,True
STU001035,Male,M.Tech,Data Science,<7,False
STU001036,Female,MCA,Computer Applications,7-8,False
STU001037,Male,MCA,Computer Applications,7-8,True
STU001038,Male,M.Tech,Data Science,9+,False
STU001039,Female,MBA,Finance,7-8,False
STU001040,Male,MCA,Computer Applications,7-8,True
STU001041,Male,B.Tech,Computer Science,7-8,True
STU001042,Male,MCA,Computer Applications,8-9,False
STU001043,Female,M.Tech,Computer Science,7-8,False
STU001044,Male,B.Tech,Computer Science,8-9,False
STU001045,Male,M.Tech,Data Science,8-9,False
STU001046,Male,MCA,Computer Applications,9+,False
STU001047,Female,B.Tech,Information Technology,9+,False
STU001048,Female,MCA,Computer Applications,8-9,False
STU001049,Male,MBA,Marketing,8-9,True
STU001050,Male,MCA,Computer Applications,8-9,True
STU001051,Male,B.Tech,Electronics,8-9,False
STU001052,Female,M.Tech,VLSI,7-8,True
STU001053,Female,M.Tech,VLSI,9+,True
STU001054,Female,M.Tech,Data Science,7-8,False
STU001055,Male,M.Tech,Computer Science,<7,False
STU001056,Male,M.Tech,Computer Science,7-8,False
STU001057,Female,MCA,Computer Applications,7-8,True
STU001058,Female,MCA,Computer Applications,8-9,False
STU001059,Male,M.Tech,Data Science,7-8,False
STU001060,Male,MCA,Computer Applications,7-8,True
STU001061,Male,MBA,Finance,<7,False
STU001062,Female,B.Tech,Civil,<7,False
STU001063,Male,MBA,Operations,9+,False
STU001064,Female,MCA,Computer Applications,9+,False
STU001065,Male,MCA,Computer Applications,8-9,False
STU001066,Female,MBA,Finance,7-8,False
STU001067,Male,MBA,Operations,8-9,True
STU001068,Male,MBA,Operations,8-9,True
STU001069,Male,MCA,Computer Applications,<7,False
STU001070,Female,MCA,Computer Applications,8-9,True
STU001071,Male,MCA,Computer Applications,9+,True
STU001072,Male,MCA,Computer Applications,7-8,True
STU001073,Male,MBA,Marketing,8-9,True
STU001074,Female,MCA,Computer Applications,7-8,False
STU001075,Male,MBA,Operations,7-8,False
STU001076,Male,MBA,Finance,8-9,False
STU001077,Female,MBA,Operations,9+,False
STU001078,Male,MCA,Computer Applications,7-8,True
STU001079,Female,MBA,Operations,9+,False
STU001080,Male,M.Tech,VLSI,9+,True
STU001081,Female,MBA,Finance,8-9,False
STU001082,Male,B.Tech,Computer Science,7-8,True
STU001083,Male,MBA,Finance,9+,False
STU001084,Female,B.Tech,Information Technology,7-8,True
STU001085,Male,MBA,Finance,7-8,True
STU001086,Female,MBA,Operations,8-9,True
STU001087,Female,MBA,Finance,9+,True
STU001088,Male,M.Tech,Data Science,7-8,False
STU001089,Female,B.Tech,Civil,9+,False
STU001090,Female,B.Tech,Civil,8-9,True
STU001091,Male,MBA,Finance,7-8,False
STU001092,Male,M.Tech,Data Science,7-8,False
STU001093,Male,B.Tech,Mechanical,7-8,False
STU001094,Female,M.Tech,Computer Science,7-8,True
STU001095,Male,M.Tech,Data Science,9+,False
STU001096,Female,M.Tech,VLSI,7-8,True
STU001097,Male,MCA,Computer Applications,<7,False
STU001098,Male,MCA,Computer Applications,<7,False
STU001099,Male,B.Tech,Mechanical,8-9,False
STU001100,Male,B.Tech,Electronics,7-8,False
STU001101,Female,M.Tech,Computer Science,7-8,False
STU001102,Male,MBA,Finance,7-8,True
STU001103,Male,MBA,Operations,7-8,False
STU001104,Female,B.Tech,Electronics,7-8,False
STU001105,Female,MBA,Finance,7-8,True
STU001106,Female,B.Tech,Mechanical,8-9,False
STU001107,Male,MBA,Marketing,7-8,True
STU001108,Male,B.Tech,Computer Science,8-9,True
STU001109,Male,M.Tech,Computer Science,<7,False
STU001110,Female,MCA,Computer Applications,7-8,False
STU001111,Male,M.Tech,Computer Science,7-8,False
STU001112,Female,MCA,Computer Applications,7-8,False
STU001113,Male,MCA,Computer Applications,<7,False
STU001114,Female,M.Tech,VLSI,9+,False
STU001115,Female,B.Tech,Electronics,<7,True
STU001116,Male,MCA,Computer Applications,7-8,False
STU001117,Female,MCA,Computer Applications,8-9,False
STU001118,Male,M.Tech,VLSI,7-8,True
STU001119,Female,MBA,Marketing,8-9,True
STU001120,Female,B.Tech,Civil,9+,False
STU001121,Male,MCA,Computer Applications,8-9,False
STU001122,Female,B.Tech,Mechanical,7-8,True
STU001123,Male,MCA,Computer Applications,7-8,False
STU001124,Female,B.Tech,Civil,8-9,False
STU001125,Male,MBA,Operations,<7,False
STU001126,Female,B.Tech,Electronics,8-9,True
STU001127,Female,B.Tech,Civil,9+,True
STU001128,Male,MBA,Marketing,8-9,True
STU001129,Male,M.Tech,VLSI,7-8,False
STU001130,Male,MBA,Finance,8-9,True
STU001131,Male,MBA,Marketing,8-9,False
STU001132,Male,B.Tech,Mechanical,7-8,False
STU001133,Male,M.Tech,Data Science,9+,True
STU001134,Male,M.Tech,Data Science,<7,False
STU001135,Male,M.Tech,Data Science,<7,True
STU001136,Male,M.Tech,VLSI,<7,False
STU001137,Male,B.Tech,Civil,7-8,True
STU001138,Male,MBA,Marketing,8-9,True
STU001139,Male,M.Tech,VLSI,<7,False
STU001140,Male,M.Tech,Data Science,7-8,True
STU001141,Male,MCA,Computer Applications,7-8,False
STU001142,Male,MCA,Computer Applications,<7,False
STU001143,Male,MCA,Computer Applications,7-8,True
STU001144,Female,MBA,Marketing,<7,False
STU001145,Female,MCA,Computer Applications,8-9,False
STU001146,Male,M.Tech,VLSI,7-8,False
STU001147,Female,MCA,Computer Applications,8-9,False
STU001148,Male,MCA,Computer Applications,<7,True
STU001149,Female,B.Tech,Electronics,7-8,True
STU001150,Female,B.Tech,Civil,8-9,True
STU001151,Male,B.Tech,Information Technology,7-8,True
STU001152,Male,MCA,Computer Applications,9+,False
STU001153,Female,B.Tech,Information Technology,8-9,False
STU001154,Male,B.Tech,Information Technology,8-9,True
STU001155,Female,MBA,Operations,8-9,False
STU001156,Male,B.Tech,Mechanical,<7,False
STU001157,Male,MBA,Operations,7-8,True
STU001158,Male,B.Tech,Computer Science,8-9,True
STU001159,Male,B.Tech,Mechanical,7-8,False
STU001160,Male,B.Tech,Information Technology,<7,True
STU001161,Male,MCA,Computer Applications,7-8,True
STU001162,Female,M.Tech,VLSI,8-9,False
STU001163,Male,MCA,Computer Applications,8-9,False
STU001164,Female,B.Tech,Civil,8-9,True
STU001165,Male,M.Tech,VLSI,9+,True
STU001166,Male,MCA,Computer Applications,9+,True
STU001167,Male,B.Tech,Civil,8-9,True
STU001168,Male,B.Tech,Electronics,8-9,False
STU001169,Female,MCA,Computer Applications,8-9,False
STU001170,Male,MCA,Computer Applications,8-9,True
STU001171,Male,MCA,Computer Applications,7-8,False
STU001172,Female,B.Tech,Electronics,8-9,True
STU001173,Female,MCA,Computer Applications,7-8,True
STU001174,Male,M.Tech,Computer Science,8-9,False
STU001175,Female,M.Tech,Data Science,<7,False
STU001176,Female,M.Tech,Data Science,7-8,False
STU001177,Male,M.Tech,Computer Science,9+,True
STU001178,Female,MCA,Computer Applications,8-9,False
STU001179,Male,MBA,Marketing,7-8,False
STU001180,Male,M.Tech,Data Science,7-8,False
STU001181,Male,MCA,Computer Applications,<7,False
STU001182,Male,MCA,Computer Applications,9+,False
STU001183,Male,MCA,Computer Applications,<7,False
STU001184,Female,MCA,Computer Applications,7-8,True
STU001185,Male,M.Tech,VLSI,7-8,True
STU001186,Female,B.Tech,Computer Science,8-9,False
STU001187,Female,B.Tech,Information Technology,8-9,True
STU001188,Male,M.Tech,VLSI,8-9,False
STU001189,Male,M.Tech,VLSI,7-8,True
STU001190,Male,B.Tech,Civil,8-9,True
STU001191,Female,MCA,Computer Applications,8-9,False
STU001192,Male,MBA,Marketing,<7,False
STU001193,Female,MCA,Computer Applications,7-8,False
STU001194,Male,MBA,Marketing,7-8,False
STU001195,Female,M.Tech,Computer Science,<7,True
STU001196,Male,MBA,Marketing,<7,False
STU001197,Male,B.Tech,Electronics,7-8,True
STU001198,Male,M.Tech,Computer Science,7-8,False
STU001199,Female,MCA,Computer Applications,8-9,False
STU001200,Male,B.Tech,Mechanical,8-9,False
STU001201,Male,MCA,Computer Applications,8-9,True
STU001202,Male,MCA,Computer Applications,9+,True
STU001203,Male,MCA,Computer Applications,8-9,False
STU001204,Male,M.Tech,VLSI,<7,True
STU001205,Male,M.Tech,Data Science,9+,False
STU001206,Male,MCA,Computer Applications,7-8,False
STU001207,Female,MBA,Marketing,7-8,False
STU001208,Male,MBA,Operations,<7,True
STU001209,Female,MBA,Operations,9+,True
STU001210,Female,MCA,Computer Applications,8-9,True
STU001211,Male,M.Tech,VLSI,<7,False
STU001212,Female,MCA,Computer Applications,9+,True
STU001213,Female,B.Tech,Computer Science,7-8,False
STU001214,Male,M.Tech,VLSI,9+,True
STU001215,Male,MBA,Marketing,8-9,True
STU001216,Female,M.Tech,Data Science,9+,False
STU001217,Male,B.Tech,Information Technology,7-8,False
STU001218,Male,B.Tech,Computer Science,7-8,True
STU001219,Male,MCA,Computer Applications,8-9,False
STU001220,Female,MBA,Operations,<7,False
STU001221,Male,MCA,Computer Applications,<7,False
STU001222,Male,M.Tech,VLSI,7-8,False
STU001223,Male,MCA,Computer Applications,7-8,False
STU001224,Male,MCA,Computer Applications,7-8,False
STU001225,Female,B.Tech,Civil,9+,False
STU001226,Male,MBA,Finance,<7,False
STU001227,Female,B.Tech,Mechanical,8-9,True
STU001228,Female,MBA,Operations,7-8,True
STU001229,Male,B.Tech,Electronics,7-8,False
STU001230,Female,B.Tech,Information Technology,<7,False
STU001231,Female,MBA,Finance,8-9,False
STU001232,Female,B.Tech,Mechanical,7-8,False
STU001233,Male,B.Tech,Computer Science,9+,True
STU001234,Male,M.Tech,Data Science,<7,False
STU001235,Female,MCA,Computer Applications,7-8,False
STU001236,Male,MCA,Computer Applications,7-8,True
STU001237,Female,MBA,Marketing,8-9,True
STU001238,Male,MCA,Computer Applications,7-8,False
STU001239,Male,MBA,Operations,<7,False
STU001240,Male,B.Tech,Electronics,8-9,False
STU001241,Male,M.Tech,Data Science,<7,True
STU001242,Female,B.Tech,Computer Science,7-8,True
STU001243,Male,MCA,Computer Applications,8-9,True
STU001244,Male,MCA,Computer Applications,9+,False
STU001245,Female,B.Tech,Mechanical,9+,True
STU001246,Male,MCA,Computer Applications,<7,True
STU001247,Male,M.Tech,Data Science,7-8,False
STU001248,Female,MCA,Computer Applications,8-9,True
STU001249,Female,MCA,Computer Applications,8-9,False
STU001250,Female,MBA,Finance,9+,False
STU001251,Female,B.Tech,Mechanical,8-9,True
STU001252,Female,MCA,Computer Applications,7-8,True
STU001253,Female,MBA,Operations,7-8,True
STU001254,Female,MCA,Computer Applications,<7,True
STU001255,Male,B.Tech,Information Technology,<7,False
STU001256,Male,MCA,Computer Applications,8-9,True
STU001257,Male,M.Tech,VLSI,7-8,False
STU001258,Male,MCA,Computer Applications,9+,True
STU001259,Female,B.Tech,Electronics,7-8,False
STU001260,Female,MBA,Marketing,8-9,True
STU001261,Male,B.Tech,Mechanical,7-8,True
STU001262,Male,M.Tech,Computer Science,9+,True
STU001263,Male,B.Tech,Information Technology,<7,True
STU001264,Female,M.Tech,VLSI,7-8,True
STU001265,Female,M.Tech,Computer Science,<7,True
STU001266,Male,MBA,Operations,8-9,True
STU001267,Male,B.Tech,Computer Science,<7,False
STU001268,Female,B.Tech,Information Technology,7-8,True
STU001269,Male,MCA,Computer Applications,<7,True
STU001270,Female,MBA,Marketing,<7,False
STU001271,Male,M.Tech,Computer Science,9+,False
STU001272,Male,B.Tech,Mechanical,9+,True
STU001273,Male,MCA,Computer Applications,7-8,True
STU001274,Female,MCA,Computer Applications,7-8,True
STU001275,Male,M.Tech,Computer Science,8-9,True
STU001276,Female,MBA,Finance,8-9,False
STU001277,Female,MBA,Finance,<7,False
STU001278,Male,MBA,Operations,<7,False
STU001279,Male,MCA,Computer Applications,8-9,True
STU001280,Female,MBA,Finance,7-8,True
STU001281,Male,M.Tech,Computer Science,7-8,False
STU001282,Female,M.Tech,Computer Science,9+,False
STU001283,Female,B.Tech,Computer Science,7-8,False
STU001284,Male,B.Tech,Information Technology,8-9,False
STU001285,Male,MBA,Finance,8-9,False
STU001286,Male,B.Tech,Information Technology,7-8,False
STU001287,Female,MCA,Computer Applications,9+,True
STU001288,Male,B.Tech,Information Technology,9+,False
STU001289,Male,B.Tech,Electronics,7-8,False
STU001290,Female,M.Tech,VLSI,7-8,False
STU001291,Female,M.Tech,VLSI,7-8,False
STU001292,Female,MCA,Computer Applications,<7,False
STU001293,Female,MBA,Marketing,7-8,True
STU001294,Male,MBA,Finance,7-8,False
STU001295,Female,MBA,Finance,8-9,False
STU001296,Male,MCA,Computer Applications,<7,False
STU001297,Male,M.Tech,VLSI,8-9,False
STU001298,Male,MBA,Marketing,8-9,False
STU001299,Male,MCA,Computer Applications,<7,False
STU001300,Female,MBA,Marketing,<7,True
STU001301,Male,MCA,Computer Applications,8-9,False
STU001302,Male,B.Tech,Civil,7-8,False
STU001303,Male,B.Tech,Information Technology,<7,True
STU001304,Male,M.Tech,VLSI,8-9,False
STU001305,Male,MBA,Operations,<7,False
STU001306,Male,M.Tech,Data Science,9+,False
STU001307,Male,MBA,Marketing,<7,True
STU001308,Male,MBA,Marketing,<7,False
STU001309,Male,MCA,Computer Applications,7-8,False
STU001310,Female,B.Tech,Civil,8-9,True
STU001311,Male,M.Tech,Data Science,9+,True
STU001312,Male,M.Tech,Data Science,7-8,True
STU001313,Male,MCA,Computer Applications,7-8,False
STU001314,Female,M.Tech,VLSI,8-9,True
STU001315,Female,B.Tech,Computer Science,8-9,False
STU001316,Male,M.Tech,Computer Science,9+,True
STU001317,Male,MBA,Operations,8-9,True
STU001318,Female,B.Tech,Computer Science,<7,False
STU001319,Male,MBA,Marketing,7-8,False
STU001320,Male,M.Tech,Computer Science,8-9,True
STU001321,Male,B.Tech,Information Technology,7-8,False
STU001322,Male,MCA,Computer Applications,8-9,False
STU001323,Female,MCA,Computer Applications,7-8,False
STU001324,Female,B.Tech,Computer Science,7-8,True
STU001325,Male,MBA,Operations,7-8,False
STU001326,Male,MBA,Marketing,7-8,False
STU001327,Male,MBA,Finance,8-9,True
STU001328,Female,B.Tech,Computer Science,8-9,False
STU001329,Male,B.Tech,Computer Science,9+,True
STU001330,Female,M.Tech,VLSI,7-8,True
STU001331,Female,MCA,Computer Applications,9+,False
STU001332,Male,M.Tech,VLSI,8-9,False
STU001333,Male,MCA,Computer Applications,<7,False
STU001334,Male,B.Tech,Electronics,8-9,False
STU001335,Male,MCA,Computer Applications,7-8,False
STU001336,Male,M.Tech,VLSI,<7,False
STU001337,Female,M.Tech,Computer Science,7-8,False
STU001338,Male,MCA,Computer Applications,<7,False
STU001339,Male,MCA,Computer Applications,7-8,True
STU001340,Male,B.Tech,Mechanical,7-8,False
STU001341,Female,MCA,Computer Applications,8-9,False
STU001342,Female,B.Tech,Computer Science,<7,False
STU001343,Female,MCA,Computer Applications,7-8,False
STU001344,Male,MCA,Computer Applications,9+,True
STU001345,Male,M.Tech,VLSI,9+,False
STU001346,Male,M.Tech,Computer Science,<7,True
STU001347,Male,MBA,Marketing,8-9,True
STU001348,Male,M.Tech,VLSI,7-8,False
STU001349,Male,MCA,Computer Applications,<7,False
STU001350,Male,MCA,Computer Applications,<7,True
STU001351,Female,MBA,Marketing,8-9,False
STU001352,Female,B.Tech,Computer Science,7-8,False
STU001353,Female,M.Tech,Computer Science,<7,True
STU001354,Female,M.Tech,VLSI,<7,True
STU001355,Male,M.Tech,Data Science,8-9,False
STU001356,Female,MBA,Marketing,8-9,False
STU001357,Male,M.Tech,VLSI,7-8,False
STU001358,Male,M.Tech,VLSI,<7,False
STU001359,Male,M.Tech,Data Science,7-8,False
STU001360,Female,MCA,Computer Applications,7-8,True
STU001361,Female,MBA,Marketing,8-9,True
STU001362,Male,M.Tech,Computer Science,9+,True
STU001363,Male,M.Tech,Data Science,8-9,True
STU001364,Male,M.Tech,Data Science,7-8,False
STU001365,Male,M.Tech,Computer Science,<7,True
STU001366,Male,M.Tech,Computer Science,9+,False
STU001367,Male,M.Tech,Computer Science,8-9,False
STU001368,Female,MCA,Computer Applications,7-8,False
STU001369,Male,B.Tech,Civil,7-8,False
STU001370,Male,B.Tech,Information Technology,7-8,False
STU001371,Male,MBA,Operations,8-9,False
STU001372,Female,MCA,Computer Applications,7-8,True
STU001373,Female,M.Tech,Data Science,8-9,False
STU001374,Male,B.Tech,Information Technology,7-8,True
STU001375,Female,B.Tech,Electronics,8-9,True
STU001376,Male,B.Tech,Information Technology,9+,True
STU001377,Male,B.Tech,Civil,7-8,False
STU001378,Female,B.Tech,Mechanical,8-9,True
STU001379,Male,MBA,Marketing,7-8,True
STU001380,Female,B.Tech,Information Technology,<7,True
STU001381,Female,MBA,Operations,7-8,False
STU001382,Female,B.Tech,Information Technology,8-9,True
STU001383,Male,M.Tech,Data Science,<7,False
STU001384,Male,M.Tech,Computer Science,7-8,True
STU001385,Male,MBA,Operations,8-9,False
STU001386,Female,M.Tech,Data Science,7-8,True
STU001387,Female,B.Tech,Civil,8-9,False
STU001388,Male,M.Tech,VLSI,7-8,False
STU001389,Female,MCA,Computer Applications,8-9,False
STU001390,Female,MCA,Computer Applications,7-8,True
STU001391,Female,MCA,Computer Applications,8-9,False
STU001392,Male,MCA,Computer Applications,7-8,True
STU001393,Female,MCA,Computer Applications,<7,False
STU001394,Female,MCA,Computer Applications,<7,False
STU001395,Male,B.Tech,Electronics,7-8,True
STU001396,Male,MCA,Computer Applications,8-9,False
STU001397,Male,MBA,Finance,7-8,False
STU001398,Male,B.Tech,Civil,<7,True
STU001399,Male,MBA,Finance,7-8,False
STU001400,Male,B.Tech,Electronics,<7,True
STU001401,Female,MCA,Computer Applications,8-9,False
STU001402,Female,MCA,Computer Applications,8-9,False
STU001403,Male,B.Tech,Electronics,<7,False
STU001404,Female,M.Tech,Computer Science,7-8,False
STU001405,Female,M.Tech,VLSI,8-9,False
STU001406,Female,B.Tech,Electronics,8-9,True
STU001407,Male,B.Tech,Mechanical,<7,True
STU001408,Male,B.Tech,Information Technology,<7,True
STU001409,Male,MCA,Computer Applications,<7,False
STU001410,Female,M.Tech,VLSI,7-8,True
STU001411,Male,B.Tech,Information Technology,8-9,True
STU001412,Male,MBA,Finance,7-8,False
STU001413,Female,B.Tech,Electronics,8-9,False
STU001414,Male,B.Tech,Electronics,8-9,False
STU001415,Male,B.Tech,Electronics,<7,False
STU001416,Male,MBA,Marketing,9+,False
STU001417,Male,M.Tech,Computer Science,<7,False
STU001418,Female,MCA,Computer Applications,7-8,False
STU001419,Female,M.Tech,Computer Science,8-9,True
STU001420,Male,M.Tech,Data Science,7-8,True
STU001421,Male,MBA,Marketing,9+,False
STU001422,Female,MBA,Operations,<7,False
STU001423,Female,M.Tech,VLSI,7-8,False
STU001424,Male,MBA,Finance,8-9,False
STU001425,Male,MCA,Computer Applications,<7,True
STU001426,Male,MCA,Computer Applications,8-9,False
STU001427,Female,B.Tech,Mechanical,8-9,False
STU001428,Female,MCA,Computer Applications,<7,True
STU001429,Female,B.Tech,Mechanical,9+,True
STU001430,Male,M.Tech,Data Science,8-9,True
STU001431,Female,B.Tech,Civil,7-8,False
STU001432,Male,B.Tech,Mechanical,<7,False
STU001433,Male,B.Tech,Civil,9+,False
STU001434,Male,MCA,Computer Applications,9+,False
STU001435,Male,MBA,Finance,7-8,False
STU001436,Female,MCA,Computer Applications,9+,True
STU001437,Male,M.Tech,Data Science,7-8,False
STU001438,Female,MCA,Computer Applications,<7,True
STU001439,Male,B.Tech,Mechanical,8-9,False
STU001440,Male,MCA,Computer Applications,9+,False
STU001441,Male,MBA,Finance,7-8,False
STU001442,Female,B.Tech,Information Technology,9+,False
STU001443,Female,M.Tech,VLSI,9+,False
STU001444,Female,B.Tech,Computer Science,7-8,True
STU001445,Male,MCA,Computer Applications,<7,False
STU001446,Male,MBA,Marketing,8-9,False
STU001447,Male,M.Tech,Computer Science,7-8,True
STU001448,Male,MBA,Finance,8-9,True
STU001449,Male,M.Tech,Computer Science,7-8,False
STU001450,Female,MBA,Finance,9+,False
STU001451,Male,M.Tech,Computer Science,9+,False
STU001452,Female,MCA,Computer Applications,7-8,False
STU001453,Female,M.Tech,Computer Science,7-8,False
STU001454,Male,MCA,Computer Applications,7-8,False
STU001455,Male,MCA,Computer Applications,9+,True
STU001456,Male,MCA,Computer Applications,7-8,True
STU001457,Female,MBA,Finance,9+,False
STU001458,Male,MBA,Finance,8-9,True
STU001459,Female,B.Tech,Information Technology,9+,True
STU001460,Male,MCA,Computer Applications,8-9,False
STU001461,Female,MCA,Computer Applications,7-8,True
STU001462,Male,MBA,Marketing,9+,True
STU001463,Male,M.Tech,VLSI,7-8,False
STU001464,Male,MBA,Marketing,<7,True
STU001465,Male,MCA,Computer Applications,8-9,False
STU001466,Male,B.Tech,Civil,7-8,False
STU001467,Male,MBA,Finance,7-8,True
STU001468,Male,MBA,Operations,8-9,True
STU001469,Female,MCA,Computer Applications,7-8,True
STU001470,Female,B.Tech,Civil,9+,True
STU001471,Female,M.Tech,VLSI,7-8,False
STU001472,Female,B.Tech,Civil,8-9,False
STU001473,Male,B.Tech,Computer Science,7-8,True
STU001474,Male,M.Tech,VLSI,8-9,True
STU001475,Male,M.Tech,VLSI,8-9,False
STU001476,Male,MBA,Operations,9+,True
STU001477,Male,B.Tech,Electronics,8-9,False
STU001478,Female,MBA,Finance,9+,True
STU001479,Male,B.Tech,Information Technology,<7,False
STU001480,Male,M.Tech,VLSI,9+,False
STU001481,Male,MBA,Marketing,8-9,False
STU001482,Female,B.Tech,Electronics,7-8,False
STU001483,Male,MCA,Computer Applications,8-9,False
STU001484,Male,MBA,Operations,8-9,False
STU001485,Male,M.Tech,Computer Science,9+,False
STU001486,Male,B.Tech,Electronics,7-8,True
STU001487,Male,M.Tech,Data Science,9+,True
STU001488,Female,MBA,Finance,9+,True
STU001489,Male,MCA,Computer Applications,7-8,True
STU001490,Female,B.Tech,Electronics,<7,False
STU001491,Male,MBA,Finance,9+,False
STU001492,Male,M.Tech,VLSI,7-8,False
STU001493,Female,MCA,Computer Applications,8-9,True
STU001494,Male,B.Tech,Computer Science,7-8,False
STU001495,Male,B.Tech,Information Technology,<7,False
STU001496,Male,MCA,Computer Applications,7-8,False
STU001497,Male,MBA,Operations,<7,True
STU001498,Female,B.Tech,Information Technology,<7,False
STU001499,Male,B.Tech,Mechanical,<7,False
STU001500,Male,B.Tech,Mechanical,9+,True
STU001501,Female,MBA,Marketing,<7,False
STU001502,Male,B.Tech,Information Technology,8-9,True
STU001503,Male,MCA,Computer Applications,7-8,True
STU001504,Female,M.Tech,Computer Science,<7,True
STU001505,Male,B.Tech,Computer Science,<7,False
STU001506,Male,MCA,Computer Applications,8-9,False
STU001507,Female,M.Tech,Computer Science,8-9,False
STU001508,Male,MCA,Computer Applications,7-8,True
STU001509,Female,M.Tech,Computer Science,8-9,True
STU001510,Female,MCA,Computer Applications,7-8,True
STU001511,Female,MCA,Computer Applications,8-9,True
STU001512,Female,MCA,Computer Applications,9+,False
STU001513,Male,M.Tech,VLSI,8-9,False
STU001514,Female,MBA,Operations,7-8,False
STU001515,Male,MCA,Computer Applications,8-9,False
STU001516,Male,B.Tech,Computer Science,7-8,False
STU001517,Male,MCA,Computer Applications,7-8,False
STU001518,Male,MCA,Computer Applications,8-9,False
STU001519,Female,MBA,Operations,8-9,False
STU001520,Male,M.Tech,VLSI,<7,True
STU001521,Male,MCA,Computer Applications,8-9,True
STU001522,Female,MCA,Computer Applications,9+,False
STU001523,Male,M.Tech,Data Science,<7,True
STU001524,Female,M.Tech,Computer Science,7-8,False
STU001525,Male,MCA,Computer Applications,8-9,False
STU001526,Male,B.Tech,Computer Science,7-8,False
STU001527,Female,MCA,Computer Applications,9+,True
STU001528,Female,MCA,Computer Applications,8-9,False
STU001529,Male,MCA,Computer Applications,7-8,False
STU001530,Female,MBA,Operations,8-9,False
STU001531,Female,M.Tech,Computer Science,9+,True
STU001532,Male,MCA,Computer Applications,9+,False
STU001533,Female,MBA,Marketing,8-9,True
STU001534,Male,MBA,Operations,7-8,False
STU001535,Male,MBA,Operations,7-8,False
STU001536,Female,B.Tech,Electronics,7-8,False
STU001537,Male,M.Tech,Computer Science,8-9,True
STU001538,Female,MCA,Computer Applications,8-9,False
STU001539,Male,MBA,Marketing,9+,False
STU001540,Male,MCA,Computer Applications,<7,True
STU001541,Male,M.Tech,Computer Science,7-8,True
STU001542,Male,MBA,Finance,8-9,False
STU001543,Male,MCA,Computer Applications,7-8,False
STU001544,Female,B.Tech,Computer Science,<7,False
STU001545,Female,MCA,Computer Applications,7-8,False
STU001546,Male,MBA,Finance,9+,True
STU001547,Male,MBA,Operations,8-9,False
STU001548,Female,M.Tech,VLSI,8-9,False
STU001549,Male,MCA,Computer Applications,9+,True
STU001550,Male,M.Tech,VLSI,7-8,False
STU001551,Male,MBA,Operations,8-9,True
STU001552,Female,MCA,Computer Applications,8-9,True
STU001553,Male,M.Tech,Data Science,7-8,True
STU001554,Male,B.Tech,Mechanical,9+,False
STU001555,Female,MCA,Computer Applications,8-9,False
STU001556,Male,M.Tech,Data Science,<7,True
STU001557,Male,M.Tech,VLSI,9+,False
STU001558,Male,B.Tech,Electronics,<7,True
STU001559,Male,MCA,Computer Applications,<7,True
STU001560,Female,M.Tech,VLSI,8-9,True
STU001561,Male,M.Tech,VLSI,8-9,True
STU001562,Male,MBA,Finance,8-9,True
STU001563,Female,M.Tech,Data Science,8-9,False
STU001564,Male,MBA,Operations,8-9,True
STU001565,Male,B.Tech,Civil,9+,True
STU001566,Male,M.Tech,Computer Science,<7,False
STU001567,Male,B.Tech,Electronics,7-8,False
STU001568,Female,MBA,Marketing,8-9,False
STU001569,Male,MCA,Computer Applications,8-9,False
STU001570,Female,MBA,Operations,7-8,True
STU001571,Female,M.Tech,VLSI,9+,True
STU001572,Female,B.Tech,Mechanical,8-9,False
STU001573,Male,MBA,Marketing,8-9,True
STU001574,Male,M.Tech,VLSI,8-9,False
STU001575,Male,MBA,Operations,7-8,False
STU001576,Male,MBA,Marketing,7-8,False
STU001577,Male,MCA,Computer Applications,<7,True
STU001578,Male,MCA,Computer Applications,7-8,False
STU001579,Female,M.Tech,Data Science,9+,False
STU001580,Male,B.Tech,Electronics,9+,False
STU001581,Male,M.Tech,VLSI,9+,True
STU001582,Female,MCA,Computer Applications,9+,True
STU001583,Female,MCA,Computer Applications,8-9,True
STU001584,Female,MCA,Computer Applications,8-9,False
STU001585,Female,B.Tech,Information Technology,8-9,True
STU001586,Male,M.Tech,Data Science,7-8,True
STU001587,Male,MCA,Computer Applications,9+,False
STU001588,Male,B.Tech,Electronics,7-8,True
STU001589,Female,M.Tech,VLSI,7-8,True
STU001590,Male,MBA,Finance,8-9,False
STU001591,Male,M.Tech,Data Science,7-8,False
STU001592,Male,MCA,Computer Applications,9+,False
STU001593,Male,MCA,Computer Applications,7-8,False
STU001594,Male,MCA,Computer Applications,9+,True
STU001595,Male,MCA,Computer Applications,7-8,True
STU001596,Female,MBA,Finance,7-8,False
STU001597,Male,MBA,Marketing,7-8,True
STU001598,Male,M.Tech,Computer Science,7-8,False
STU001599,Male,MCA,Computer Applications,8-9,False
STU001600,Female,MCA,Computer Applications,<7,False
STU001601,Male,B.Tech,Mechanical,8-9,False
STU001602,Female,MCA,Computer Applications,8-9,True
STU001603,Female,B.Tech,Electronics,<7,False
STU001604,Male,MBA,Operations,8-9,False
STU001605,Female,M.Tech,Computer Science,7-8,False
STU001606,Male,MCA,Computer Applications,7-8,False
STU001607,Female,MBA,Operations,8-9,False
STU001608,Male,B.Tech,Computer Science,<7,False
STU001609,Female,MCA,Computer Applications,<7,True
STU001610,Female,MBA,Finance,8-9,True
STU001611,Male,M.Tech,Computer Science,8-9,True
STU001612,Female,B.Tech,Electronics,7-8,True
STU001613,Female,MCA,Computer Applications,7-8,True
STU001614,Male,MBA,Operations,7-8,False
STU001615,Male,B.Tech,Computer Science,9+,False
STU001616,Male,B.Tech,Information Technology,8-9,False
STU001617,Male,B.Tech,Electronics,8-9,False
STU001618,Male,MBA,Finance,8-9,False
STU001619,Female,MBA,Finance,9+,False
STU001620,Male,MCA,Computer Applications,<7,False
STU001621,Female,B.Tech,Information Technology,7-8,False
STU001622,Female,MCA,Computer Applications,9+,True
STU001623,Male,M.Tech,Data Science,7-8,False
STU001624,Female,B.Tech,Civil,7-8,False
STU001625,Male,MCA,Computer Applications,7-8,True
STU001626,Female,MBA,Finance,7-8,False
STU001627,Male,M.Tech,Computer Science,8-9,False
STU001628,Male,M.Tech,VLSI,7-8,False
STU001629,Male,MCA,Computer Applications,7-8,False
STU001630,Male,M.Tech,Computer Science,9+,False
STU001631,Male,MCA,Computer Applications,<7,True
STU001632,Male,M.Tech,Computer Science,8-9,False
STU001633,Female,MCA,Computer Applications,7-8,True
STU001634,Male,M.Tech,Data Science,8-9,False
STU001635,Female,MBA,Finance,8-9,False
STU001636,Male,MCA,Computer Applications,9+,False
STU001637,Male,B.Tech,Electronics,9+,True
STU001638,Male,M.Tech,Data Science,7-8,False
STU001639,Male,MBA,Operations,7-8,True
STU001640,Male,MBA,Operations,8-9,False
STU001641,Male,M.Tech,VLSI,7-8,True
STU001642,Male,MBA,Operations,9+,True
STU001643,Male,MBA,Marketing,<7,True
STU001644,Male,M.Tech,VLSI,7-8,False
STU001645,Male,MBA,Marketing,7-8,False
STU001646,Female,B.Tech,Information Technology,9+,False
STU001647,Female,M.Tech,Computer Science,7-8,True
STU001648,Male,MCA,Computer Applications,8-9,False
STU001649,Female,M.Tech,VLSI,8-9,False
STU001650,Male,M.Tech,Computer Science,8-9,True
STU001651,Female,M.Tech,VLSI,9+,True
STU001652,Male,B.Tech,Computer Science,7-8,False
STU001653,Male,B.Tech,Electronics,9+,False
STU001654,Male,M.Tech,Computer Science,8-9,True
STU001655,Female,M.Tech,Computer Science,7-8,True
STU001656,Male,MCA,Computer Applications,9+,True
STU001657,Female,B.Tech,Computer Science,9+,False
STU001658,Female,M.Tech,Computer Science,7-8,False
STU001659,Male,B.Tech,Electronics,<7,False
STU001660,Female,M.Tech,Computer Science,7-8,True
STU001661,Male,MBA,Finance,7-8,False
STU001662,Female,MCA,Computer Applications,8-9,False
STU001663,Male,MCA,Computer Applications,7-8,False
STU001664,Female,MCA,Computer Applications,9+,False
STU001665,Male,B.Tech,Electronics,8-9,False
STU001666,Male,M.Tech,VLSI,8-9,False
STU001667,Female,MBA,Marketing,8-9,True
STU001668,Male,M.Tech,Data Science,8-9,True
STU001669,Female,B.Tech,Information Technology,8-9,False
STU001670,Male,M.Tech,Computer Science,8-9,False
STU001671,Male,MBA,Marketing,8-9,True
STU001672,Female,M.Tech,Data Science,8-9,True
STU001673,Male,MBA,Operations,8-9,False
STU001674,Female,M.Tech,VLSI,9+,True
STU001675,Female,B.Tech,Electronics,8-9,False
STU001676,Female,MCA,Computer Applications,8-9,True
STU001677,Female,MBA,Finance,<7,False
STU001678,Male,M.Tech,Data Science,7-8,False
STU001679,Female,B.Tech,Mechanical,8-9,False
STU001680,Male,B.Tech,Mechanical,7-8,False
STU001681,Male,M.Tech,Computer Science,7-8,False
STU001682,Female,MBA,Operations,7-8,False
STU001683,Female,M.Tech,VLSI,7-8,True
STU001684,Male,MBA,Operations,<7,True
STU001685,Male,MCA,Computer Applications,7-8,False
STU001686,Female,M.Tech,Computer Science,9+,False
STU001687,Male,B.Tech,Information Technology,7-8,True
STU001688,Male,MCA,Computer Applications,7-8,False
STU001689,Male,M.Tech,VLSI,8-9,False
STU001690,Male,MCA,Computer Applications,7-8,True
STU001691,Female,MCA,Computer Applications,8-9,True
STU001692,Female,B.Tech,Electronics,7-8,False
STU001693,Male,B.Tech,Electronics,7-8,False
STU001694,Male,MBA,Operations,7-8,False
STU001695,Female,MCA,Computer Applications,<7,False
STU001696,Male,MBA,Operations,9+,False
STU001697,Male,MCA,Computer Applications,7-8,False
STU001698,Male,B.Tech,Electronics,7-8,False
STU001699,Female,MBA,Finance,7-8,False
STU001700,Female,MBA,Operations,9+,False
STU001701,Male,B.Tech,Civil,9+,True
STU001702,Female,MBA,Finance,7-8,True
STU001703,Male,M.Tech,Data Science,9+,True
STU001704,Male,M.Tech,Computer Science,7-8,False
STU001705,Female,B.Tech,Mechanical,8-9,False
STU001706,Male,MCA,Computer Applications,8-9,True
STU001707,Female,MBA,Marketing,8-9,False
STU001708,Female,M.Tech,VLSI,<7,True
STU001709,Male,B.Tech,Information Technology,<7,False
STU001710,Female,B.Tech,Computer Science,7-8,True
STU001711,Female,B.Tech,Computer Science,<7,True
STU001712,Male,B.Tech,Information Technology,<7,False
STU001713,Male,MBA,Marketing,7-8,True
STU001714,Female,B.Tech,Civil,8-9,False
STU001715,Male,B.Tech,Computer Science,7-8,False
STU001716,Male,B.Tech,Mechanical,7-8,True
STU001717,Male,MCA,Computer Applications,9+,False
STU001718,Male,MCA,Computer Applications,<7,True
STU001719,Male,MBA,Operations,9+,True
STU001720,Female,MCA,Computer Applications,7-8,True
STU001721,Female,M.Tech,VLSI,8-9,False
STU001722,Male,M.Tech,Data Science,8-9,True
STU001723,Male,MBA,Finance,7-8,True
STU001724,Female,M.Tech,VLSI,9+,False
STU001725,Female,M.Tech,VLSI,7-8,True
STU001726,Female,B.Tech,Civil,7-8,True
STU001727,Female,M.Tech,Data Science,8-9,False
STU001728,Male,B.Tech,Electronics,8-9,False
STU001729,Male,MCA,Computer Applications,8-9,False
STU001730,Male,B.Tech,Information Technology,8-9,False
STU001731,Female,M.Tech,Computer Science,8-9,False
STU001732,Female,B.Tech,Electronics,7-8,False
STU001733,Male,B.Tech,Information Technology,7-8,False
STU001734,Female,MBA,Operations,9+,True
STU001735,Male,MBA,Operations,7-8,False
STU001736,Female,M.Tech,VLSI,9+,True
STU001737,Female,B.Tech,Computer Science,9+,False
STU001738,Female,MCA,Computer Applications,7-8,True
STU001739,Male,MBA,Operations,8-9,True
STU001740,Female,MCA,Computer Applications,<7,True
STU001741,Male,M.Tech,Computer Science,7-8,False
STU001742,Female,B.Tech,Mechanical,8-9,True
STU001743,Female,M.Tech,Data Science,7-8,True
STU001744,Male,MBA,Operations,7-8,False
STU001745,Female,B.Tech,Civil,7-8,True
STU001746,Female,MBA,Marketing,9+,True
STU001747,Male,B.Tech,Mechanical,9+,False
STU001748,Female,MCA,Computer Applications,7-8,True
STU001749,Male,MCA,Computer Applications,7-8,False
STU001750,Male,B.Tech,Computer Science,<7,False
STU001751,Male,MCA,Computer Applications,7-8,False
STU001752,Male,B.Tech,Computer Science,7-8,False
STU001753,Male,M.Tech,Data Science,7-8,False
STU001754,Male,B.Tech,Electronics,<7,True
STU001755,Male,MCA,Computer Applications,9+,False
STU001756,Female,M.Tech,Data Science,8-9,False
STU001757,Female,MBA,Operations,<7,True
STU001758,Male,MBA,Finance,9+,True
STU001759,Male,M.Tech,Computer Science,<7,False
STU001760,Male,MCA,Computer Applications,<7,False
STU001761,Female,MBA,Operations,7-8,False
STU001762,Female,MBA,Finance,7-8,True
STU001763,Female,MCA,Computer Applications,8-9,False
STU001764,Female,MCA,Computer Applications,<7,True
STU001765,Male,M.Tech,Computer Science,9+,True
STU001766,Male,B.Tech,Mechanical,8-9,False
STU001767,Male,M.Tech,Data Science,7-8,False
STU001768,Male,MBA,Marketing,<7,False
STU001769,Male,M.Tech,VLSI,7-8,False
STU001770,Male,B.Tech,Electronics,8-9,False
STU001771,Male,B.Tech,Electronics,9+,True
STU001772,Male,MBA,Operations,7-8,False
STU001773,Male,B.Tech,Civil,8-9,False
STU001774,Male,B.Tech,Electronics,8-9,False
STU001775,Male,M.Tech,VLSI,7-8,False
STU001776,Female,B.Tech,Information Technology,9+,False
STU001777,Male,B.Tech,Information Technology,<7,False
STU001778,Male,MBA,Marketing,7-8,False
STU001779,Male,MBA,Finance,8-9,True
STU001780,Male,B.Tech,Information Technology,7-8,True
STU001781,Male,M.Tech,VLSI,<7,False
STU001782,Male,MBA,Operations,<7,True
STU001783,Female,B.Tech,Mechanical,9+,False
STU001784,Male,B.Tech,Information Technology,7-8,False
STU001785,Male,MCA,Computer Applications,9+,True
STU001786,Male,MBA,Operations,7-8,False
STU001787,Female,M.Tech,Data Science,7-8,False
STU001788,Female,MCA,Computer Applications,7-8,False
STU001789,Male,M.Tech,Computer Science,7-8,True
STU001790,Male,B.Tech,Information Technology,8-9,False
STU001791,Male,B.Tech,Information Technology,9+,True
STU001792,Female,M.Tech,VLSI,7-8,False
STU001793,Female,MBA,Marketing,<7,True
STU001794,Male,B.Tech,Information Technology,9+,False
STU001795,Female,M.Tech,Computer Science,7-8,True
STU001796,Male,B.Tech,Information Technology,<7,False
STU001797,Male,M.Tech,Computer Science,8-9,False
STU001798,Male,MBA,Marketing,9+,False
STU001799,Male,MCA,Computer Applications,7-8,True
STU001800,Male,MCA,Computer Applications,<7,False
STU001801,Male,B.Tech,Civil,<7,False
STU001802,Female,MCA,Computer Applications,7-8,False
STU001803,Female,M.Tech,VLSI,7-8,True
STU001804,Male,B.Tech,Information Technology,<7,True
STU001805,Male,MCA,Computer Applications,7-8,True
STU001806,Female,B.Tech,Mechanical,9+,False
STU001807,Female,M.Tech,Computer Science,7-8,False
STU001808,Male,MBA,Finance,7-8,True
STU001809,Male,M.Tech,VLSI,<7,False
STU001810,Female,B.Tech,Mechanical,8-9,False
STU001811,Male,MBA,Marketing,9+,True
STU001812,Male,M.Tech,Data Science,7-8,True
STU001813,Female,MBA,Marketing,7-8,False
STU001814,Female,MCA,Computer Applications,7-8,False
STU001815,Male,MCA,Computer Applications,8-9,False
STU001816,Male,B.Tech,Electronics,8-9,True
STU001817,Male,B.Tech,Electronics,9+,True
STU001818,Male,M.Tech,VLSI,7-8,False
STU001819,Male,B.Tech,Civil,9+,False
STU001820,Female,M.Tech,Computer Science,7-8,True
STU001821,Male,MCA,Computer Applications,8-9,False
STU001822,Male,MBA,Marketing,9+,True
STU001823,Male,M.Tech,VLSI,7-8,False
STU001824,Male,MCA,Computer Applications,7-8,True
STU001825,Female,MCA,Computer Applications,8-9,False
STU001826,Male,MCA,Computer Applications,<7,False
STU001827,Male,MBA,Operations,7-8,False
STU001828,Male,M.Tech,Data Science,8-9,True
STU001829,Male,MBA,Marketing,8-9,False
STU001830,Female,MCA,Computer Applications,<7,True
STU001831,Male,MBA,Marketing,7-8,False
STU001832,Male,MCA,Computer Applications,7-8,False
STU001833,Female,MCA,Computer Applications,<7,False
STU001834,Female,MBA,Marketing,7-8,False
STU001835,Female,M.Tech,Data Science,7-8,True
STU001836,Male,M.Tech,Data Science,9+,True
STU001837,Male,MCA,Computer Applications,7-8,True
STU001838,Male,MBA,Finance,7-8,True
STU001839,Male,B.Tech,Electronics,7-8,False
STU001840,Male,MCA,Computer Applications,7-8,True
STU001841,Male,B.Tech,Civil,9+,False
STU001842,Male,M.Tech,VLSI,7-8,True
STU001843,Female,MCA,Computer Applications,<7,True
STU001844,Male,MCA,Computer Applications,7-8,False
STU001845,Female,M.Tech,Computer Science,7-8,True
STU001846,Male,M.Tech,Computer Science,8-9,True
STU001847,Male,B.Tech,Mechanical,<7,False
STU001848,Male,B.Tech,Information Technology,8-9,True
STU001849,Male,M.Tech,VLSI,<7,False
STU001850,Female,M.Tech,VLSI,<7,True
STU001851,Female,MBA,Marketing,7-8,False
STU001852,Female,MCA,Computer Applications,7-8,True
STU001853,Female,B.Tech,Electronics,7-8,True
STU001854,Male,M.Tech,Data Science,8-9,True
STU001855,Male,B.Tech,Computer Science,7-8,True
STU001856,Male,M.Tech,Computer Science,7-8,False
STU001857,Male,MBA,Operations,<7,True
STU001858,Male,M.Tech,Computer Science,9+,True
STU001859,Male,MBA,Finance,9+,True
STU001860,Female,MBA,Marketing,<7,True
STU001861,Male,MBA,Marketing,<7,False
STU001862,Male,MBA,Operations,<7,True
STU001863,Female,MCA,Computer Applications,7-8,True
STU001864,Male,B.Tech,Mechanical,7-8,False
STU001865,Male,MBA,Marketing,<7,True
STU001866,Male,B.Tech,Information Technology,9+,True
STU001867,Female,M.Tech,VLSI,<7,True
STU001868,Female,B.Tech,Electronics,<7,False
STU001869,Female,MBA,Finance,8-9,False
STU001870,Male,M.Tech,Data Science,<7,False
STU001871,Male,M.Tech,VLSI,7-8,True
STU001872,Male,MBA,Finance,8-9,False
STU001873,Male,B.Tech,Information Technology,<7,False
STU001874,Female,B.Tech,Mechanical,8-9,True
STU001875,Female,B.Tech,Computer Science,7-8,True
STU001876,Female,B.Tech,Computer Science,8-9,False
STU001877,Male,MBA,Operations,8-9,False
STU001878,Male,B.Tech,Computer Science,7-8,True
STU001879,Female,MBA,Finance,9+,False
STU001880,Female,M.Tech,Computer Science,<7,True
STU001881,Male,B.Tech,Computer Science,<7,True
STU001882,Male,MBA,Operations,9+,False
STU001883,Male,B.Tech,Information Technology,8-9,False
STU001884,Male,MBA,Operations,9+,False
STU001885,Female,MBA,Operations,<7,False
STU001886,Female,B.Tech,Civil,7-8,False
STU001887,Male,MBA,Finance,8-9,True
STU001888,Male,M.Tech,VLSI,7-8,False
STU001889,Male,B.Tech,Civil,<7,False
STU001890,Male,MCA,Computer Applications,<7,True
STU001891,Female,MBA,Operations,<7,False
STU001892,Male,MCA,Computer Applications,8-9,True
STU001893,Male,MCA,Computer Applications,8-9,False
STU001894,Male,B.Tech,Electronics,7-8,False
STU001895,Female,M.Tech,VLSI,7-8,False
STU001896,Female,B.Tech,Civil,7-8,False
STU001897,Male,MCA,Computer Applications,7-8,True
STU001898,Female,B.Tech,Mechanical,9+,False
STU001899,Female,B.Tech,Civil,9+,False
STU001900,Male,M.Tech,VLSI,8-9,False
STU001901,Female,MCA,Computer Applications,7-8,True
STU001902,Male,M.Tech,Data Science,8-9,True
STU001903,Male,B.Tech,Mechanical,8-9,True
STU001904,Male,MCA,Computer Applications,9+,False
STU001905,Female,M.Tech,Data Science,8-9,False
STU001906,Male,M.Tech,Data Science,9+,False
STU001907,Female,B.Tech,Computer Science,7-8,False
STU001908,Female,B.Tech,Information Technology,<7,True
STU001909,Male,MCA,Computer Applications,8-9,True
STU001910,Male,M.Tech,Computer Science,<7,True
STU001911,Female,B.Tech,Information Technology,7-8,True
STU001912,Male,MBA,Finance,7-8,True
STU001913,Female,MCA,Computer Applications,8-9,False
STU001914,Female,M.Tech,Data Science,8-9,False
STU001915,Male,M.Tech,Computer Science,7-8,False
STU001916,Male,MCA,Computer Applications,7-8,False
STU001917,Male,MCA,Computer Applications,<7,False
STU001918,Female,MCA,Computer Applications,9+,False
STU001919,Male,B.Tech,Computer Science,<7,False
STU001920,Male,MBA,Operations,7-8,True
STU001921,Male,MBA,Operations,8-9,False
STU001922,Male,M.Tech,Computer Science,<7,False
STU001923,Male,MCA,Computer Applications,<7,True
STU001924,Male,MBA,Finance,<7,True
STU001925,Male,B.Tech,Civil,7-8,False
STU001926,Female,M.Tech,Computer Science,8-9,True
STU001927,Male,MBA,Finance,9+,False
STU001928,Male,MCA,Computer Applications,8-9,False
STU001929,Female,MCA,Computer Applications,7-8,True
STU001930,Male,B.Tech,Information Technology,8-9,False
STU001931,Male,M.Tech,Data Science,8-9,False
STU001932,Male,M.Tech,VLSI,9+,False
STU001933,Female,MCA,Computer Applications,7-8,True
STU001934,Female,MCA,Computer Applications,7-8,True
STU001935,Female,M.Tech,Data Science,7-8,True
STU001936,Male,B.Tech,Computer Science,8-9,False
STU001937,Male,MCA,Computer Applications,<7,False
STU001938,Male,B.Tech,Computer Science,9+,False
STU001939,Female,MBA,Operations,7-8,True
STU001940,Male,MBA,Finance,7-8,False
STU001941,Male,M.Tech,Computer Science,8-9,False
STU001942,Female,B.Tech,Information Technology,<7,False
STU001943,Male,MCA,Computer Applications,8-9,False
STU001944,Male,B.Tech,Mechanical,<7,False
STU001945,Female,B.Tech,Civil,9+,False
STU001946,Male,MBA,Marketing,7-8,False
STU001947,Male,MCA,Computer Applications,8-9,False
STU001948,Female,MBA,Finance,8-9,True
STU001949,Male,MBA,Finance,7-8,True
STU001950,Female,B.Tech,Information Technology,9+,True
STU001951,Male,MBA,Operations,<7,False
STU001952,Male,MCA,Computer Applications,7-8,False
STU001953,Male,MCA,Computer Applications,7-8,False
STU001954,Male,B.Tech,Computer Science,<7,True
STU001955,Male,B.Tech,Mechanical,7-8,False
STU001956,Female,MCA,Computer Applications,7-8,False
STU001957,Male,B.Tech,Mechanical,7-8,False
STU001958,Male,B.Tech,Mechanical,7-8,True
STU001959,Female,MBA,Marketing,8-9,True
STU001960,Female,B.Tech,Electronics,7-8,False
STU001961,Male,B.Tech,Electronics,7-8,False
STU001962,Female,M.Tech,Data Science,9+,False
STU001963,Male,M.Tech,Data Science,7-8,False
STU001964,Male,MCA,Computer Applications,8-9,True
STU001965,Male,M.Tech,VLSI,9+,True
STU001966,Male,B.Tech,Electronics,8-9,False
STU001967,Male,MCA,Computer Applications,7-8,False
STU001968,Female,B.Tech,Electronics,7-8,False
STU001969,Male,M.Tech,VLSI,7-8,True
STU001970,Male,M.Tech,Data Science,8-9,True
STU001971,Male,MBA,Operations,7-8,True
STU001972,Female,MCA,Computer Applications,7-8,False
STU001973,Female,MBA,Finance,8-9,False
STU001974,Male,MBA,Finance,8-9,False
STU001975,Male,M.Tech,Computer Science,9+,False
STU001976,Female,M.Tech,VLSI,7-8,False
STU001977,Male,M.Tech,Computer Science,8-9,False
STU001978,Female,B.Tech,Information Technology,7-8,False
STU001979,Male,MCA,Computer Applications,7-8,True
STU001980,Male,MCA,Computer Applications,<7,False
STU001981,Male,MBA,Marketing,8-9,False
STU001982,Male,B.Tech,Computer Science,8-9,False
STU001983,Male,MCA,Computer Applications,8-9,False
STU001984,Male,M.Tech,Data Science,8-9,False
STU001985,Male,MBA,Operations,7-8,False
STU001986,Female,MCA,Computer Applications,7-8,True
STU001987,Male,B.Tech,Information Technology,9+,False
STU001988,Female,M.Tech,VLSI,9+,False
STU001989,Female,M.Tech,Data Science,7-8,False
STU001990,Male,B.Tech,Civil,7-8,False
STU001991,Female,MCA,Computer Applications,<7,True
STU001992,Male,MCA,Computer Applications,9+,False
STU001993,Male,MCA,Computer Applications,9+,False
STU001994,Female,MBA,Marketing,9+,False
STU001995,Male,MBA,Operations,8-9,False
STU001996,Male,MBA,Operations,7-8,False
STU001997,Male,B.Tech,Civil,<7,False
STU001998,Male,B.Tech,Civil,7-8,False
STU001999,Male,MBA,Finance,7-8,False
STU002000,Male,MBA,Operations,9+,True
STU002001,Male,M.Tech,Data Science,<7,False
STU002002,Male,MCA,Computer Applications,7-8,False
STU002003,Female,M.Tech,Data Science,7-8,False
STU002004,Female,B.Tech,Computer Science,7-8,True
STU002005,Male,B.Tech,Computer Science,7-8,True
STU002006,Male,MBA,Marketing,<7,True
STU002007,Female,M.Tech,VLSI,7-8,False
STU002008,Female,MCA,Computer Applications,8-9,False
STU002009,Male,MBA,Operations,7-8,True
STU002010,Female,MCA,Computer Applications,9+,True
STU002011,Male,MCA,Computer Applications,8-9,True
STU002012,Female,MBA,Marketing,<7,True
STU002013,Male,B.Tech,Computer Science,<7,False
STU002014,Female,MCA,Computer Applications,7-8,True
STU002015,Female,MCA,Computer Applications,8-9,False
STU002016,Male,MCA,Computer Applications,8-9,False
STU002017,Female,MBA,Operations,7-8,False
STU002018,Male,MBA,Operations,9+,False
STU002019,Female,M.Tech,Data Science,8-9,True
STU002020,Female,M.Tech,Data Science,9+,False
STU002021,Male,MBA,Marketing,8-9,False
STU002022,Male,M.Tech,Computer Science,9+,True
STU002023,Female,MCA,Computer Applications,9+,True
STU002024,Female,MBA,Marketing,<7,True
STU002025,Male,M.Tech,VLSI,7-8,True
STU002026,Male,M.Tech,VLSI,8-9,True
STU002027,Male,B.Tech,Mechanical,8-9,True
STU002028,Male,M.Tech,Computer Science,7-8,False
STU002029,Female,M.Tech,VLSI,8-9,False
STU002030,Female,MBA,Finance,<7,True
STU002031,Male,M.Tech,VLSI,<7,True
STU002032,Female,MBA,Finance,8-9,False
STU002033,Female,MCA,Computer Applications,7-8,True
STU002034,Male,B.Tech,Civil,7-8,False
STU002035,Male,M.Tech,Computer Science,7-8,True
STU002036,Male,M.Tech,Computer Science,7-8,False
STU002037,Male,MCA,Computer Applications,8-9,True
STU002038,Female,M.Tech,Computer Science,7-8,True
STU002039,Female,B.Tech,Electronics,8-9,False
STU002040,Male,MBA,Marketing,8-9,False
STU002041,Female,MCA,Computer Applications,8-9,False
STU002042,Female,MBA,Operations,<7,False
STU002043,Female,MCA,Computer Applications,9+,False
STU002044,Female,MCA,Computer Applications,7-8,False
STU002045,Male,MCA,Computer Applications,8-9,False
STU002046,Female,M.Tech,Computer Science,7-8,False
STU002047,Female,MBA,Operations,8-9,True
STU002048,Female,MBA,Operations,7-8,True
STU002049,Male,MBA,Finance,7-8,False
STU002050,Female,B.Tech,Computer Science,7-8,False
STU002051,Female,M.Tech,Computer Science,9+,True
STU002052,Female,MBA,Finance,<7,False
STU002053,Male,B.Tech,Mechanical,<7,True
STU002054,Male,MCA,Computer Applications,7-8,True
STU002055,Female,B.Tech,Information Technology,8-9,False
STU002056,Male,B.Tech,Electronics,7-8,True
STU002057,Male,B.Tech,Mechanical,7-8,False
STU002058,Male,B.Tech,Civil,7-8,False
STU002059,Male,MBA,Operations,8-9,False
STU002060,Male,M.Tech,VLSI,7-8,False
STU002061,Male,MBA,Marketing,7-8,True
STU002062,Male,M.Tech,VLSI,7-8,False
STU002063,Male,MCA,Computer Applications,8-9,True
STU002064,Male,MCA,Computer Applications,7-8,True
STU002065,Female,MCA,Computer Applications,8-9,False
STU002066,Male,MCA,Computer Applications,9+,False
STU002067,Female,MBA,Operations,7-8,False
STU002068,Female,M.Tech,VLSI,9+,True
STU002069,Male,M.Tech,VLSI,8-9,False
STU002070,Male,MBA,Marketing,8-9,True
STU002071,Female,MCA,Computer Applications,7-8,True
STU002072,Female,MBA,Finance,<7,False
STU002073,Male,M.Tech,VLSI,8-9,False
STU002074,Female,B.Tech,Computer Science,8-9,True
STU002075,Male,MBA,Operations,7-8,False
STU002076,Female,MBA,Marketing,8-9,False
STU002077,Female,M.Tech,Computer Science,<7,False
STU002078,Male,M.Tech,Computer Science,9+,False
STU002079,Female,M.Tech,VLSI,7-8,False
STU002080,Female,MCA,Computer Applications,7-8,True
STU002081,Female,MBA,Marketing,7-8,False
STU002082,Male,M.Tech,Data Science,7-8,True
STU002083,Male,B.Tech,Computer Science,7-8,False
STU002084,Male,MBA,Marketing,7-8,False
STU002085,Male,MCA,Computer Applications,8-9,True
STU002086,Male,MCA,Computer Applications,7-8,True
STU002087,Female,M.Tech,Data Science,7-8,True
STU002088,Male,B.Tech,Electronics,7-8,False
STU002089,Female,B.Tech,Mechanical,8-9,False
STU002090,Female,M.Tech,VLSI,9+,False
STU002091,Female,MBA,Finance,8-9,True
STU002092,Female,M.Tech,Data Science,7-8,False
STU002093,Male,B.Tech,Mechanical,8-9,False
STU002094,Female,B.Tech,Information Technology,8-9,True
STU002095,Male,B.Tech,Civil,8-9,True
STU002096,Male,MBA,Finance,9+,False
STU002097,Male,MBA,Operations,7-8,False
STU002098,Male,M.Tech,Computer Science,7-8,False
STU002099,Male,MBA,Marketing,7-8,True
STU002100,Male,MBA,Finance,8-9,False
STU002101,Male,MCA,Computer Applications,7-8,True
STU002102,Male,MCA,Computer Applications,7-8,False
STU002103,Male,MCA,Computer Applications,7-8,True
STU002104,Male,M.Tech,Computer Science,7-8,True
STU002105,Female,MBA,Marketing,7-8,False
STU002106,Female,M.Tech,VLSI,<7,True
STU002107,Male,MBA,Marketing,<7,True
STU002108,Male,B.Tech,Information Technology,<7,False
STU002109,Male,B.Tech,Information Technology,8-9,False
STU002110,Male,M.Tech,VLSI,9+,False
STU002111,Female,M.Tech,Computer Science,7-8,False
STU002112,Female,MCA,Computer Applications,7-8,False
STU002113,Male,B.Tech,Civil,7-8,False
STU002114,Female,B.Tech,Mechanical,7-8,False
STU002115,Male,M.Tech,VLSI,<7,True
STU002116,Female,MBA,Operations,8-9,True
STU002117,Male,B.Tech,Mechanical,7-8,True
STU002118,Female,M.Tech,VLSI,<7,False
STU002119,Male,M.Tech,Computer Science,8-9,True
STU002120,Male,MBA,Operations,7-8,False
STU002121,Male,M.Tech,Computer Science,8-9,False
STU002122,Female,M.Tech,Computer Science,8-9,True
STU002123,Female,B.Tech,Information Technology,8-9,True
STU002124,Male,MBA,Operations,9+,True
STU002125,Male,MBA,Finance,7-8,True
STU002126,Male,M.Tech,Data Science,7-8,True
STU002127,Female,M.Tech,VLSI,9+,True
STU002128,Female,B.Tech,Information Technology,<7,True
STU002129,Male,MCA,Computer Applications,<7,False
STU002130,Male,B.Tech,Mechanical,<7,False
STU002131,Male,MBA,Operations,8-9,False
STU002132,Female,MBA,Operations,<7,True
STU002133,Male,M.Tech,Data Science,9+,False
STU002134,Male,M.Tech,VLSI,7-8,False
STU002135,Male,MBA,Operations,8-9,True
STU002136,Male,M.Tech,Data Science,8-9,True
STU002137,Male,MCA,Computer Applications,<7,False
STU002138,Female,B.Tech,Information Technology,7-8,False
STU002139,Female,B.Tech,Information Technology,8-9,True
STU002140,Female,B.Tech,Electronics,7-8,False
STU002141,Male,B.Tech,Civil,8-9,False
STU002142,Male,M.Tech,VLSI,7-8,True
STU002143,Male,MCA,Computer Applications,<7,True
STU002144,Male,M.Tech,VLSI,8-9,True
STU002145,Female,M.Tech,Data Science,<7,False
STU002146,Male,B.Tech,Computer Science,8-9,True
STU002147,Male,MBA,Marketing,8-9,True
STU002148,Male,B.Tech,Civil,7-8,True
STU002149,Male,MBA,Marketing,7-8,True
STU002150,Male,MCA,Computer Applications,7-8,True
STU002151,Female,B.Tech,Electronics,8-9,True
STU002152,Male,M.Tech,Data Science,9+,False
STU002153,Male,B.Tech,Mechanical,8-9,True
STU002154,Female,B.Tech,Computer Science,7-8,False
STU002155,Female,MBA,Marketing,7-8,True
STU002156,Female,MBA,Operations,7-8,False
STU002157,Male,MCA,Computer Applications,7-8,False
STU002158,Female,B.Tech,Electronics,7-8,False
STU002159,Male,M.Tech,Computer Science,<7,True
STU002160,Male,M.Tech,VLSI,7-8,True
STU002161,Male,B.Tech,Electronics,<7,False
STU002162,Male,MBA,Marketing,7-8,True
STU002163,Female,M.Tech,VLSI,7-8,False
STU002164,Male,M.Tech,Data Science,7-8,False
STU002165,Male,MBA,Operations,8-9,True
STU002166,Male,M.Tech,Data Science,7-8,False
STU002167,Male,M.Tech,Computer Science,7-8,False
STU002168,Male,B.Tech,Civil,8-9,False
STU002169,Female,MCA,Computer Applications,<7,True
STU002170,Female,B.Tech,Electronics,8-9,True
STU002171,Female,M.Tech,Computer Science,9+,True
STU002172,Female,B.Tech,Electronics,8-9,False
STU002173,Female,MCA,Computer Applications,9+,True
STU002174,Male,MCA,Computer Applications,8-9,True
STU002175,Male,MBA,Finance,7-8,False
STU002176,Female,MCA,Computer Applications,7-8,False
STU002177,Male,B.Tech,Electronics,8-9,False
STU002178,Male,B.Tech,Information Technology,7-8,True
STU002179,Female,B.Tech,Computer Science,9+,True
STU002180,Male,B.Tech,Electronics,9+,True
STU002181,Female,M.Tech,VLSI,<7,True
STU002182,Male,B.Tech,Computer Science,8-9,False
STU002183,Female,MCA,Computer Applications,8-9,True
STU002184,Male,MCA,Computer Applications,<7,False
STU002185,Male,B.Tech,Mechanical,8-9,True
STU002186,Male,B.Tech,Civil,<7,False
STU002187,Female,MCA,Computer Applications,9+,True
STU002188,Male,MCA,Computer Applications,9+,True
STU002189,Male,B.Tech,Information Technology,<7,True
STU002190,Male,MCA,Computer Applications,7-8,True
STU002191,Male,M.Tech,Computer Science,8-9,False
STU002192,Male,MCA,Computer Applications,8-9,False
STU002193,Male,B.Tech,Electronics,8-9,False
STU002194,Male,M.Tech,Data Science,9+,False
STU002195,Female,MBA,Marketing,9+,False
STU002196,Male,B.Tech,Civil,7-8,False
STU002197,Female,M.Tech,Computer Science,8-9,False
STU002198,Male,B.Tech,Information Technology,8-9,True
STU002199,Female,M.Tech,VLSI,9+,False
STU002200,Male,MBA,Marketing,8-9,False
STU002201,Male,MCA,Computer Applications,7-8,False
STU002202,Male,MBA,Operations,8-9,True
STU002203,Female,M.Tech,Data Science,8-9,True
STU002204,Male,B.Tech,Mechanical,<7,False
STU002205,Male,MBA,Finance,<7,True
STU002206,Female,MCA,Computer Applications,8-9,False
STU002207,Female,M.Tech,Computer Science,8-9,False
STU002208,Male,MBA,Marketing,7-8,True
STU002209,Female,MCA,Computer Applications,<7,True
STU002210,Male,MBA,Finance,7-8,False
STU002211,Female,MCA,Computer Applications,7-8,False
STU002212,Male,MBA,Marketing,7-8,False
STU002213,Male,MCA,Computer Applications,8-9,False
STU002214,Male,B.Tech,Mechanical,7-8,True
STU002215,Male,MCA,Computer Applications,7-8,True
STU002216,Female,B.Tech,Electronics,8-9,False
STU002217,Female,B.Tech,Computer Science,7-8,True
STU002218,Male,MBA,Marketing,9+,True
STU002219,Male,MBA,Operations,9+,True
STU002220,Male,MBA,Finance,7-8,False
STU002221,Male,MBA,Operations,7-8,True
STU002222,Male,MCA,Computer Applications,8-9,False
STU002223,Male,MBA,Marketing,8-9,False
STU002224,Male,M.Tech,VLSI,8-9,False
STU002225,Male,MCA,Computer Applications,<7,False
STU002226,Male,M.Tech,Data Science,7-8,True
STU002227,Male,M.Tech,VLSI,8-9,False
STU002228,Male,MCA,Computer Applications,7-8,False
STU002229,Male,MBA,Operations,8-9,False
STU002230,Male,B.Tech,Information Technology,8-9,True
STU002231,Female,MCA,Computer Applications,8-9,True
STU002232,Female,MCA,Computer Applications,9+,True
STU002233,Male,B.Tech,Civil,7-8,True
STU002234,Male,M.Tech,Computer Science,<7,False
STU002235,Male,B.Tech,Electronics,<7,True
STU002236,Male,MCA,Computer Applications,7-8,False
STU002237,Male,MCA,Computer Applications,9+,True
STU002238,Male,B.Tech,Electronics,<7,False
STU002239,Male,MCA,Computer Applications,<7,False
STU002240,Male,B.Tech,Civil,8-9,False
STU002241,Male,B.Tech,Civil,<7,False
STU002242,Female,MBA,Operations,8-9,True
STU002243,Male,MBA,Finance,<7,True
STU002244,Male,MBA,Finance,8-9,True
STU002245,Female,M.Tech,VLSI,8-9,False
STU002246,Male,B.Tech,Civil,7-8,False
STU002247,Male,B.Tech,Civil,7-8,False
STU002248,Male,MCA,Computer Applications,8-9,True
STU002249,Male,B.Tech,Electronics,<7,False
STU002250,Female,B.Tech,Civil,8-9,True
STU002251,Male,MCA,Computer Applications,7-8,True
STU002252,Male,MCA,Computer Applications,9+,False
STU002253,Male,MBA,Operations,8-9,False
STU002254,Female,M.Tech,Data Science,7-8,False
STU002255,Female,M.Tech,Data Science,7-8,False
STU002256,Male,MCA,Computer Applications,7-8,False
STU002257,Male,MCA,Computer Applications,8-9,True
STU002258,Male,B.Tech,Information Technology,7-8,True
STU002259,Male,MCA,Computer Applications,7-8,False
STU002260,Male,MCA,Computer Applications,7-8,True
STU002261,Female,B.Tech,Electronics,8-9,False
STU002262,Female,M.Tech,VLSI,8-9,False
STU002263,Female,MCA,Computer Applications,7-8,False
STU002264,Female,B.Tech,Electronics,7-8,True
STU002265,Female,MBA,Marketing,<7,False
STU002266,Male,MBA,Finance,7-8,False
STU002267,Female,B.Tech,Electronics,8-9,False
STU002268,Female,MCA,Computer Applications,8-9,False
STU002269,Male,B.Tech,Information Technology,<7,False
STU002270,Male,B.Tech,Civil,7-8,False
STU002271,Male,MBA,Finance,7-8,True
STU002272,Female,B.Tech,Information Technology,8-9,False
STU002273,Male,B.Tech,Mechanical,8-9,False
STU002274,Female,MBA,Marketing,<7,False
STU002275,Male,MCA,Computer Applications,7-8,False
STU002276,Male,B.Tech,Mechanical,8-9,False
STU002277,Male,MCA,Computer Applications,9+,False
STU002278,Male,MBA,Marketing,<7,True
STU002279,Male,M.Tech,VLSI,8-9,False
STU002280,Male,M.Tech,Data Science,8-9,False
STU002281,Female,M.Tech,VLSI,<7,True
STU002282,Male,M.Tech,VLSI,7-8,True
STU002283,Male,M.Tech,VLSI,9+,True
STU002284,Male,MCA,Computer Applications,<7,False
STU002285,Male,MBA,Finance,<7,True
STU002286,Female,MBA,Marketing,7-8,False
STU002287,Male,MBA,Operations,8-9,False
STU002288,Male,B.Tech,Information Technology,<7,True
STU002289,Female,MCA,Computer Applications,8-9,False
STU002290,Male,MCA,Computer Applications,7-8,False
STU002291,Male,B.Tech,Civil,7-8,True
STU002292,Male,M.Tech,Data Science,7-8,True
STU002293,Male,M.Tech,VLSI,<7,True
STU002294,Male,M.Tech,Computer Science,7-8,False
STU002295,Female,MBA,Finance,9+,True
STU002296,Male,MCA,Computer Applications,8-9,False
STU002297,Male,MCA,Computer Applications,8-9,True
STU002298,Male,MBA,Operations,8-9,False
STU002299,Female,M.Tech,VLSI,7-8,False
STU002300,Female,MBA,Finance,8-9,True
STU002301,Male,MBA,Operations,7-8,False
STU002302,Male,MBA,Operations,7-8,False
STU002303,Male,MCA,Computer Applications,7-8,False
STU002304,Male,MBA,Operations,8-9,False
STU002305,Male,MBA,Operations,7-8,True
STU002306,Male,B.Tech,Civil,7-8,True
STU002307,Male,MCA,Computer Applications,8-9,True
STU002308,Male,M.Tech,Data Science,9+,False
STU002309,Male,B.Tech,Civil,9+,False
STU002310,Female,B.Tech,Information Technology,7-8,False
STU002311,Male,MBA,Operations,<7,False
STU002312,Female,MCA,Computer Applications,9+,False
STU002313,Male,MCA,Computer Applications,7-8,False
STU002314,Male,MBA,Finance,7-8,False
STU002315,Male,MCA,Computer Applications,9+,False
STU002316,Male,B.Tech,Information Technology,9+,True
STU002317,Female,B.Tech,Electronics,8-9,True
STU002318,Male,M.Tech,Computer Science,9+,True
STU002319,Male,MBA,Operations,<7,True
STU002320,Female,M.Tech,VLSI,8-9,False
STU002321,Female,MCA,Computer Applications,7-8,False
STU002322,Male,M.Tech,Data Science,7-8,True
STU002323,Male,MCA,Computer Applications,8-9,False
STU002324,Male,MCA,Computer Applications,7-8,False
STU002325,Male,MCA,Computer Applications,<7,True
STU002326,Male,M.Tech,VLSI,9+,False
STU002327,Female,MBA,Finance,7-8,False
STU002328,Male,MCA,Computer Applications,7-8,True
STU002329,Male,M.Tech,Data Science,7-8,True
STU002330,Male,MBA,Marketing,7-8,False
STU002331,Male,B.Tech,Information Technology,8-9,False
STU002332,Male,M.Tech,Data Science,9+,True
STU002333,Male,MCA,Computer Applications,8-9,False
STU002334,Male,M.Tech,VLSI,8-9,False
STU002335,Male,M.Tech,Computer Science,8-9,False
STU002336,Male,MCA,Computer Applications,7-8,False
STU002337,Male,MBA,Marketing,8-9,False
STU002338,Male,MCA,Computer Applications,8-9,False
STU002339,Male,B.Tech,Information Technology,9+,False
STU002340,Male,MCA,Computer Applications,7-8,False
STU002341,Male,M.Tech,Data Science,8-9,False
STU002342,Male,M.Tech,VLSI,<7,False
STU002343,Male,M.Tech,Data Science,<7,False
STU002344,Female,MCA,Computer Applications,8-9,False
STU002345,Female,MBA,Marketing,7-8,False
STU002346,Male,B.Tech,Mechanical,7-8,False
STU002347,Female,MBA,Operations,9+,False
STU002348,Male,MBA,Marketing,<7,False
STU002349,Male,MCA,Computer Applications,8-9,False
STU002350,Female,M.Tech,Computer Science,7-8,False
STU002351,Male,MCA,Computer Applications,7-8,False
STU002352,Male,MBA,Marketing,7-8,True
STU002353,Male,MCA,Computer Applications,8-9,True
STU002354,Male,B.Tech,Information Technology,7-8,True
STU002355,Male,MBA,Marketing,9+,False
STU002356,Male,M.Tech,Data Science,<7,False
STU002357,Male,MCA,Computer Applications,<7,True
STU002358,Male,B.Tech,Information Technology,7-8,True
STU002359,Male,B.Tech,Information Technology,8-9,True
STU002360,Female,B.Tech,Information Technology,7-8,False
STU002361,Male,B.Tech,Civil,9+,True
STU002362,Male,MCA,Computer Applications,<7,True
STU002363,Female,MBA,Marketing,8-9,True
STU002364,Male,B.Tech,Computer Science,7-8,True
STU002365,Male,MBA,Marketing,7-8,True
STU002366,Female,MBA,Operations,<7,True
STU002367,Male,MCA,Computer Applications,9+,False
STU002368,Male,MBA,Operations,8-9,True
STU002369,Female,B.Tech,Electronics,8-9,False
STU002370,Female,MCA,Computer Applications,8-9,False
STU002371,Male,B.Tech,Mechanical,<7,False
STU002372,Male,B.Tech,Civil,7-8,False
STU002373,Male,MBA,Marketing,7-8,True
STU002374,Male,MCA,Computer Applications,7-8,False
STU002375,Male,MBA,Marketing,7-8,True
STU002376,Male,B.Tech,Information Technology,8-9,False
STU002377,Male,MBA,Marketing,8-9,False
STU002378,Male,B.Tech,Civil,8-9,True
STU002379,Male,M.Tech,Data Science,7-8,True
STU002380,Female,B.Tech,Mechanical,8-9,False
STU002381,Male,MBA,Operations,9+,True
STU002382,Female,M.Tech,Data Science,7-8,False
STU002383,Female,MBA,Marketing,8-9,True
STU002384,Female,MBA,Marketing,8-9,False
STU002385,Male,B.Tech,Computer Science,7-8,False
STU002386,Female,MCA,Computer Applications,8-9,True
STU002387,Male,MBA,Marketing,<7,True
STU002388,Male,B.Tech,Civil,9+,False
STU002389,Male,M.Tech,Computer Science,7-8,False
STU002390,Male,B.Tech,Information Technology,8-9,True
STU002391,Male,M.Tech,VLSI,8-9,True
STU002392,Male,MCA,Computer Applications,8-9,False
STU002393,Male,MCA,Computer Applications,8-9,True
STU002394,Male,M.Tech,Data Science,7-8,False
STU002395,Female,M.Tech,Data Science,8-9,True
STU002396,Female,MCA,Computer Applications,8-9,True
STU002397,Female,M.Tech,Data Science,7-8,False
STU002398,Female,B.Tech,Civil,9+,False
STU002399,Female,B.Tech,Civil,7-8,False
STU002400,Male,B.Tech,Electronics,8-9,False
STU002401,Female,B.Tech,Civil,7-8,True
STU002402,Female,MBA,Finance,7-8,False
STU002403,Male,M.Tech,Computer Science,9+,False
STU002404,Male,M.Tech,Data Science,<7,True
STU002405,Female,MCA,Computer Applications,8-9,False
STU002406,Male,M.Tech,Computer Science,7-8,False
STU002407,Male,MBA,Operations,8-9,False
STU002408,Female,MCA,Computer Applications,8-9,False
STU002409,Female,M.Tech,Computer Science,8-9,True
STU002410,Female,M.Tech,Data Science,7-8,True
STU002411,Male,MCA,Computer Applications,7-8,True
STU002412,Female,MBA,Marketing,7-8,False
STU002413,Male,MCA,Computer Applications,8-9,False
STU002414,Male,MBA,Operations,8-9,False
STU002415,Female,MBA,Marketing,7-8,False
STU002416,Female,M.Tech,Computer Science,7-8,True
STU002417,Female,MBA,Marketing,<7,False
STU002418,Female,MCA,Computer Applications,8-9,False
STU002419,Male,MCA,Computer Applications,9+,False
STU002420,Female,B.Tech,Civil,9+,False
STU002421,Male,B.Tech,Computer Science,8-9,False
STU002422,Male,MBA,Finance,<7,False
STU002423,Male,B.Tech,Electronics,8-9,False
STU002424,Male,B.Tech,Electronics,7-8,True
STU002425,Male,MCA,Computer Applications,7-8,True
STU002426,Male,M.Tech,VLSI,<7,False
STU002427,Male,MCA,Computer Applications,8-9,True
STU002428,Female,MCA,Computer Applications,<7,False
STU002429,Female,MCA,Computer Applications,7-8,True
STU002430,Male,M.Tech,Data Science,8-9,False
STU002431,Female,B.Tech,Civil,9+,True
STU002432,Male,MCA,Computer Applications,7-8,True
STU002433,Female,MCA,Computer Applications,7-8,False
STU002434,Male,B.Tech,Computer Science,8-9,True
STU002435,Male,B.Tech,Computer Science,8-9,True
STU002436,Male,M.Tech,Data Science,7-8,True
STU002437,Male,MBA,Operations,7-8,True
STU002438,Female,MBA,Finance,8-9,False
STU002439,Female,MCA,Computer Applications,9+,False
STU002440,Male,MCA,Computer Applications,<7,True
STU002441,Female,MCA,Computer Applications,8-9,True
STU002442,Female,MCA,Computer Applications,8-9,False
STU002443,Male,B.Tech,Electronics,7-8,True
STU002444,Male,M.Tech,VLSI,8-9,False
STU002445,Male,M.Tech,Computer Science,<7,True
STU002446,Male,MCA,Computer Applications,7-8,True
STU002447,Male,MCA,Computer Applications,7-8,False
STU002448,Male,M.Tech,VLSI,8-9,True
STU002449,Male,MBA,Marketing,9+,False
STU002450,Female,B.Tech,Computer Science,8-9,True
STU002451,Female,M.Tech,Computer Science,8-9,False
STU002452,Female,MBA,Finance,8-9,True
STU002453,Male,MBA,Marketing,8-9,False
STU002454,Female,MCA,Computer Applications,<7,True
STU002455,Female,M.Tech,VLSI,<7,True
STU002456,Female,M.Tech,Data Science,<7,True
STU002457,Male,B.Tech,Civil,9+,True
STU002458,Male,B.Tech,Information Technology,8-9,True
STU002459,Female,B.Tech,Civil,7-8,True
STU002460,Female,M.Tech,VLSI,7-8,True
STU002461,Male,MCA,Computer Applications,<7,True
STU002462,Male,B.Tech,Electronics,7-8,True
STU002463,Male,B.Tech,Information Technology,7-8,False
STU002464,Male,M.Tech,Computer Science,7-8,True
STU002465,Male,B.Tech,Civil,7-8,True
STU002466,Female,B.Tech,Mechanical,7-8,False
STU002467,Male,MCA,Computer Applications,<7,True
STU002468,Male,MCA,Computer Applications,<7,True
STU002469,Female,MCA,Computer Applications,9+,True
STU002470,Female,M.Tech,VLSI,<7,True
STU002471,Male,MCA,Computer Applications,7-8,False
STU002472,Male,M.Tech,Data Science,8-9,True
STU002473,Female,MBA,Marketing,7-8,False
STU002474,Female,MBA,Finance,7-8,True
STU002475,Female,MBA,Operations,9+,True
STU002476,Female,M.Tech,Data Science,<7,True
STU002477,Male,MBA,Operations,8-9,False
STU002478,Male,MCA,Computer Applications,9+,True
STU002479,Male,M.Tech,VLSI,9+,False
STU002480,Male,M.Tech,Data Science,7-8,False
STU002481,Male,B.Tech,Information Technology,8-9,True
STU002482,Female,M.Tech,Computer Science,<7,True
STU002483,Male,B.Tech,Electronics,8-9,False
STU002484,Male,B.Tech,Mechanical,7-8,True
STU002485,Male,B.Tech,Computer Science,7-8,True
STU002486,Male,MBA,Operations,8-9,True
STU002487,Male,MBA,Finance,7-8,True
STU002488,Female,MCA,Computer Applications,7-8,False
STU002489,Male,MBA,Marketing,8-9,True
STU002490,Male,M.Tech,VLSI,9+,False
STU002491,Male,MBA,Operations,9+,False
STU002492,Male,MBA,Finance,<7,False
STU002493,Female,MCA,Computer Applications,8-9,True
STU002494,Female,MCA,Computer Applications,7-8,False
STU002495,Male,MBA,Marketing,<7,False
STU002496,Female,M.Tech,Computer Science,7-8,True
STU002497,Male,B.Tech,Electronics,<7,True
STU002498,Male,MBA,Finance,8-9,False
STU002499,Male,MCA,Computer Applications,8-9,False
STU002500,Male,M.Tech,Data Science,8-9,True
STU002501,Male,MBA,Marketing,7-8,True
STU002502,Male,B.Tech,Computer Science,<7,False
STU002503,Male,B.Tech,Civil,7-8,False
STU002504,Male,M.Tech,Data Science,9+,True
STU002505,Male,MCA,Computer Applications,8-9,True
STU002506,Male,MCA,Computer Applications,8-9,True
STU002507,Male,B.Tech,Information Technology,9+,True
STU002508,Male,B.Tech,Information Technology,<7,True
STU002509,Male,B.Tech,Information Technology,8-9,False
STU002510,Male,B.Tech,Mechanical,8-9,False
STU002511,Male,B.Tech,Mechanical,8-9,False
STU002512,Male,B.Tech,Information Technology,<7,False
STU002513,Male,B.Tech,Civil,<7,False
STU002514,Male,MCA,Computer Applications,9+,False
STU002515,Male,B.Tech,Mechanical,7-8,True
STU002516,Male,M.Tech,VLSI,7-8,False
STU002517,Male,MBA,Operations,7-8,True
STU002518,Female,MCA,Computer Applications,9+,True
STU002519,Male,MBA,Finance,8-9,False
STU002520,Male,M.Tech,Data Science,<7,False
STU002521,Male,MCA,Computer Applications,<7,False
STU002522,Female,MCA,Computer Applications,7-8,False
STU002523,Male,B.Tech,Computer Science,7-8,False
STU002524,Male,MCA,Computer Applications,7-8,False
STU002525,Female,MBA,Finance,<7,False
STU002526,Male,MCA,Computer Applications,8-9,True
STU002527,Male,MBA,Operations,7-8,True
STU002528,Female,MBA,Finance,7-8,False
STU002529,Female,MCA,Computer Applications,8-9,False
STU002530,Female,B.Tech,Electronics,7-8,True
STU002531,Male,B.Tech,Computer Science,9+,False
STU002532,Male,MCA,Computer Applications,<7,False
STU002533,Female,MCA,Computer Applications,9+,True
STU002534,Male,M.Tech,Data Science,7-8,True
STU002535,Female,B.Tech,Civil,7-8,False
STU002536,Male,B.Tech,Computer Science,9+,True
STU002537,Male,B.Tech,Electronics,7-8,False
STU002538,Male,MBA,Operations,8-9,False
STU002539,Female,M.Tech,VLSI,9+,True
STU002540,Male,MBA,Marketing,7-8,False
STU002541,Male,MCA,Computer Applications,7-8,True
STU002542,Male,MCA,Computer Applications,9+,False
STU002543,Female,B.Tech,Mechanical,8-9,True
STU002544,Male,MCA,Computer Applications,7-8,False
STU002545,Male,M.Tech,Computer Science,7-8,False
STU002546,Male,M.Tech,Data Science,8-9,False
STU002547,Male,M.Tech,Data Science,9+,False
STU002548,Female,MBA,Marketing,7-8,True
STU002549,Female,B.Tech,Civil,<7,True
STU002550,Male,M.Tech,Computer Science,8-9,True
STU002551,Female,M.Tech,VLSI,7-8,False
STU002552,Male,B.Tech,Information Technology,9+,False
STU002553,Female,MCA,Computer Applications,7-8,False
STU002554,Male,MCA,Computer Applications,7-8,True
STU002555,Male,B.Tech,Mechanical,7-8,False
STU002556,Male,M.Tech,VLSI,<7,False
STU002557,Female,M.Tech,VLSI,8-9,False
STU002558,Male,B.Tech,Information Technology,8-9,False
STU002559,Male,MCA,Computer Applications,8-9,True
STU002560,Female,MBA,Operations,9+,False
STU002561,Male,MBA,Marketing,9+,True
STU002562,Female,B.Tech,Electronics,<7,False
STU002563,Female,M.Tech,Computer Science,9+,False
STU002564,Male,M.Tech,Data Science,9+,False
STU002565,Male,B.Tech,Mechanical,7-8,False
STU002566,Female,MCA,Computer Applications,8-9,False
STU002567,Male,MCA,Computer Applications,7-8,True
STU002568,Male,MCA,Computer Applications,7-8,False
STU002569,Male,M.Tech,VLSI,<7,True
STU002570,Male,MBA,Operations,<7,False
STU002571,Female,B.Tech,Electronics,7-8,False
STU002572,Female,MCA,Computer Applications,<7,False
STU002573,Male,B.Tech,Mechanical,7-8,False
STU002574,Male,B.Tech,Electronics,9+,False
STU002575,Male,MBA,Operations,9+,True
STU002576,Male,MBA,Marketing,8-9,False
STU002577,Male,B.Tech,Mechanical,7-8,False
STU002578,Female,MBA,Operations,7-8,True
STU002579,Male,M.Tech,Data Science,7-8,True
STU002580,Female,MBA,Finance,8-9,True
STU002581,Female,MBA,Marketing,8-9,False
STU002582,Female,B.Tech,Information Technology,9+,False
STU002583,Female,MBA,Operations,<7,False
STU002584,Male,MCA,Computer Applications,9+,False
STU002585,Female,MBA,Marketing,8-9,True
STU002586,Female,MBA,Finance,9+,True
STU002587,Male,B.Tech,Civil,7-8,True
STU002588,Female,B.Tech,Electronics,<7,False
STU002589,Male,M.Tech,Data Science,7-8,False
STU002590,Female,B.Tech,Civil,8-9,True
STU002591,Male,MBA,Marketing,8-9,False
STU002592,Female,MBA,Marketing,8-9,True
STU002593,Male,MBA,Marketing,8-9,True
STU002594,Male,B.Tech,Information Technology,<7,False
STU002595,Male,B.Tech,Electronics,9+,False
STU002596,Male,M.Tech,Data Science,7-8,False
STU002597,Male,M.Tech,VLSI,8-9,False
STU002598,Male,MCA,Computer Applications,7-8,True
STU002599,Male,B.Tech,Electronics,8-9,False
STU002600,Male,MBA,Operations,7-8,False
STU002601,Female,B.Tech,Electronics,<7,False
STU002602,Male,M.Tech,VLSI,7-8,False
STU002603,Female,M.Tech,Data Science,7-8,False
STU002604,Female,B.Tech,Civil,7-8,True
STU002605,Female,M.Tech,VLSI,7-8,False
STU002606,Female,MBA,Operations,8-9,False
STU002607,Female,MBA,Marketing,<7,False
STU002608,Male,B.Tech,Mechanical,9+,True
STU002609,Male,B.Tech,Electronics,9+,False
STU002610,Female,B.Tech,Mechanical,8-9,True
STU002611,Male,M.Tech,Data Science,<7,False
STU002612,Female,MBA,Finance,8-9,False
STU002613,Female,B.Tech,Mechanical,7-8,False
STU002614,Female,MBA,Finance,7-8,True
STU002615,Male,MCA,Computer Applications,<7,True
STU002616,Female,M.Tech,Computer Science,8-9,False
STU002617,Male,M.Tech,Computer Science,9+,False
STU002618,Female,B.Tech,Electronics,7-8,True
STU002619,Female,MBA,Finance,7-8,False
STU002620,Male,MCA,Computer Applications,8-9,False
STU002621,Male,B.Tech,Computer Science,9+,True
STU002622,Male,M.Tech,Computer Science,<7,False
STU002623,Female,MBA,Marketing,7-8,True
STU002624,Male,MCA,Computer Applications,9+,False
STU002625,Male,MCA,Computer Applications,<7,False
STU002626,Male,MBA,Finance,8-9,True
STU002627,Male,MBA,Marketing,7-8,False
STU002628,Male,MCA,Computer Applications,9+,False
STU002629,Male,M.Tech,Data Science,7-8,False
STU002630,Male,MBA,Marketing,9+,False
STU002631,Male,M.Tech,Data Science,8-9,False
STU002632,Male,B.Tech,Computer Science,7-8,False
STU002633,Male,M.Tech,VLSI,7-8,False
STU002634,Male,B.Tech,Computer Science,<7,False
STU002635,Female,M.Tech,Data Science,<7,False
STU002636,Male,MBA,Marketing,9+,True
STU002637,Male,B.Tech,Civil,7-8,False
STU002638,Female,MCA,Computer Applications,<7,True
STU002639,Female,B.Tech,Computer Science,7-8,False
STU002640,Male,MCA,Computer Applications,7-8,False
STU002641,Male,B.Tech,Information Technology,8-9,True
STU002642,Male,M.Tech,VLSI,7-8,False
STU002643,Male,B.Tech,Mechanical,8-9,True
STU002644,Male,B.Tech,Electronics,9+,True
STU002645,Female,MBA,Finance,9+,False
STU002646,Female,MBA,Marketing,<7,True
STU002647,Male,B.Tech,Electronics,8-9,False
STU002648,Male,MCA,Computer Applications,7-8,False
STU002649,Male,M.Tech,Computer Science,8-9,True
STU002650,Male,MBA,Finance,9+,True
STU002651,Male,B.Tech,Civil,7-8,True
STU002652,Male,MBA,Operations,8-9,False
STU002653,Female,MBA,Marketing,7-8,False
STU002654,Male,M.Tech,Data Science,7-8,True
STU002655,Male,MCA,Computer Applications,9+,False
STU002656,Female,MCA,Computer Applications,8-9,True
STU002657,Male,M.Tech,Data Science,7-8,False
STU002658,Male,M.Tech,Computer Science,8-9,False
STU002659,Male,M.Tech,Computer Science,9+,False
STU002660,Male,MCA,Computer Applications,8-9,False
STU002661,Male,B.Tech,Electronics,7-8,False
STU002662,Male,B.Tech,Computer Science,9+,True
STU002663,Male,M.Tech,Data Science,7-8,True
STU002664,Female,MCA,Computer Applications,7-8,True
STU002665,Male,M.Tech,Computer Science,7-8,True
STU002666,Female,B.Tech,Computer Science,7-8,False
STU002667,Female,MCA,Computer Applications,8-9,False
STU002668,Female,MBA,Operations,8-9,False
STU002669,Female,MCA,Computer Applications,<7,False
STU002670,Male,B.Tech,Computer Science,7-8,False
STU002671,Male,M.Tech,Computer Science,9+,False
STU002672,Male,M.Tech,Computer Science,7-8,False
STU002673,Male,M.Tech,Computer Science,7-8,True
STU002674,Female,B.Tech,Information Technology,8-9,True
STU002675,Female,MCA,Computer Applications,9+,False
STU002676,Male,MBA,Operations,9+,False
STU002677,Male,MBA,Operations,8-9,True
STU002678,Male,B.Tech,Computer Science,7-8,False
STU002679,Male,M.Tech,VLSI,8-9,True
STU002680,Female,MBA,Marketing,9+,False
STU002681,Male,B.Tech,Computer Science,8-9,False
STU002682,Male,MBA,Marketing,7-8,False
STU002683,Male,B.Tech,Civil,8-9,True
STU002684,Female,MBA,Finance,9+,False
STU002685,Female,B.Tech,Computer Science,7-8,False
STU002686,Male,M.Tech,VLSI,7-8,False
STU002687,Female,MBA,Finance,8-9,True
STU002688,Female,B.Tech,Civil,7-8,False
STU002689,Male,M.Tech,Computer Science,8-9,False
STU002690,Male,B.Tech,Information Technology,<7,True
STU002691,Male,B.Tech,Computer Science,9+,False
STU002692,Male,MCA,Computer Applications,7-8,True
STU002693,Male,M.Tech,Computer Science,9+,False
STU002694,Female,M.Tech,Data Science,8-9,False
STU002695,Male,MBA,Operations,8-9,True
STU002696,Female,M.Tech,VLSI,8-9,False
STU002697,Female,M.Tech,Computer Science,<7,True
STU002698,Male,M.Tech,VLSI,<7,False
STU002699,Female,B.Tech,Information Technology,7-8,True
STU002700,Male,MBA,Marketing,<7,False
STU002701,Female,MBA,Operations,9+,False
STU002702,Female,MCA,Computer Applications,8-9,False
STU002703,Male,B.Tech,Electronics,9+,True
STU002704,Female,MBA,Finance,8-9,True
STU002705,Female,MCA,Computer Applications,7-8,False
STU002706,Male,B.Tech,Computer Science,<7,False
STU002707,Female,MCA,Computer Applications,<7,False
STU002708,Male,MCA,Computer Applications,<7,True
STU002709,Male,M.Tech,VLSI,7-8,False
STU002710,Female,B.Tech,Civil,9+,True
STU002711,Male,M.Tech,VLSI,7-8,False
STU002712,Male,M.Tech,Computer Science,7-8,False
STU002713,Male,M.Tech,VLSI,8-9,False
STU002714,Male,M.Tech,VLSI,7-8,False
STU002715,Female,M.Tech,VLSI,7-8,True
STU002716,Male,M.Tech,Computer Science,7-8,False
STU002717,Female,MBA,Finance,<7,True
STU002718,Male,M.Tech,Computer Science,7-8,True
STU002719,Male,B.Tech,Information Technology,7-8,True
STU002720,Female,M.Tech,Computer Science,8-9,True
STU002721,Male,M.Tech,Computer Science,<7,False
STU002722,Male,MCA,Computer Applications,9+,False
STU002723,Female,M.Tech,Computer Science,8-9,False
STU002724,Male,B.Tech,Mechanical,8-9,False
STU002725,Female,M.Tech,VLSI,7-8,True
STU002726,Male,MBA,Finance,<7,False
STU002727,Male,B.Tech,Electronics,8-9,True
STU002728,Female,B.Tech,Mechanical,7-8,False
STU002729,Female,MCA,Computer Applications,9+,False
STU002730,Female,M.Tech,Data Science,7-8,False
STU002731,Female,MCA,Computer Applications,7-8,False
STU002732,Male,M.Tech,VLSI,8-9,True
STU002733,Male,MCA,Computer Applications,7-8,False
STU002734,Male,MCA,Computer Applications,7-8,False
STU002735,Female,MCA,Computer Applications,7-8,False
STU002736,Female,MBA,Marketing,8-9,False
STU002737,Male,MCA,Computer Applications,9+,True
STU002738,Male,MBA,Operations,9+,False
STU002739,Female,MBA,Operations,7-8,True
STU002740,Male,MCA,Computer Applications,8-9,True
STU002741,Male,MBA,Operations,8-9,True
STU002742,Female,MBA,Finance,<7,False
STU002743,Female,MCA,Computer Applications,<7,True
STU002744,Female,MBA,Operations,8-9,True
STU002745,Female,MBA,Marketing,7-8,False
STU002746,Male,MBA,Operations,7-8,False
STU002747,Female,MBA,Marketing,9+,False
STU002748,Male,MBA,Marketing,7-8,True
STU002749,Female,MCA,Computer Applications,8-9,True
STU002750,Female,M.Tech,Computer Science,7-8,False
STU002751,Female,MCA,Computer Applications,7-8,False
STU002752,Female,MBA,Operations,7-8,True
STU002753,Male,MBA,Finance,7-8,False
STU002754,Male,M.Tech,Data Science,<7,True
STU002755,Male,M.Tech,VLSI,8-9,False
STU002756,Male,MCA,Computer Applications,8-9,True
STU002757,Female,MCA,Computer Applications,7-8,False
STU002758,Male,B.Tech,Mechanical,8-9,True
STU002759,Female,MCA,Computer Applications,<7,False
STU002760,Female,M.Tech,Computer Science,7-8,True
STU002761,Female,B.Tech,Civil,<7,True
STU002762,Male,B.Tech,Computer Science,7-8,False
STU002763,Female,MBA,Operations,8-9,False
STU002764,Female,M.Tech,Data Science,7-8,True
STU002765,Male,MBA,Finance,7-8,False
STU002766,Male,MBA,Finance,9+,False
STU002767,Male,MCA,Computer Applications,9+,True
STU002768,Female,B.Tech,Mechanical,8-9,True
STU002769,Male,B.Tech,Civil,9+,False
STU002770,Male,M.Tech,Computer Science,7-8,True
STU002771,Female,B.Tech,Information Technology,7-8,False
STU002772,Male,MCA,Computer Applications,8-9,False
STU002773,Male,B.Tech,Civil,7-8,True
STU002774,Male,MCA,Computer Applications,8-9,False
STU002775,Female,M.Tech,Data Science,8-9,False
STU002776,Male,MBA,Operations,8-9,False
STU002777,Female,M.Tech,Data Science,8-9,True
STU002778,Female,M.Tech,Data Science,7-8,True
STU002779,Male,MCA,Computer Applications,7-8,False
STU002780,Female,MBA,Marketing,8-9,False
STU002781,Female,MCA,Computer Applications,<7,False
STU002782,Male,B.Tech,Information Technology,8-9,False
STU002783,Female,B.Tech,Mechanical,7-8,False
STU002784,Male,M.Tech,VLSI,7-8,True
STU002785,Male,MBA,Marketing,7-8,True
STU002786,Male,M.Tech,Computer Science,8-9,True
STU002787,Male,MCA,Computer Applications,7-8,True
STU002788,Male,M.Tech,Computer Science,7-8,False
STU002789,Male,B.Tech,Information Technology,8-9,False
STU002790,Male,MBA,Finance,9+,True
STU002791,Male,MBA,Operations,8-9,True
STU002792,Female,B.Tech,Mechanical,7-8,True
STU002793,Male,MBA,Marketing,<7,True
STU002794,Male,MCA,Computer Applications,8-9,True
STU002795,Male,M.Tech,Computer Science,<7,False
STU002796,Male,MCA,Computer Applications,8-9,False
STU002797,Male,B.Tech,Electronics,8-9,False
STU002798,Female,B.Tech,Computer Science,7-8,True
STU002799,Female,MBA,Finance,8-9,True
STU002800,Male,B.Tech,Electronics,8-9,False
STU002801,Female,MCA,Computer Applications,8-9,True
STU002802,Female,MCA,Computer Applications,7-8,True
STU002803,Male,B.Tech,Information Technology,<7,True
STU002804,Male,B.Tech,Civil,7-8,True
STU002805,Male,MCA,Computer Applications,7-8,False
STU002806,Female,M.Tech,VLSI,8-9,False
STU002807,Female,MCA,Computer Applications,7-8,False
STU002808,Male,B.Tech,Computer Science,<7,False
STU002809,Male,B.Tech,Computer Science,<7,True
STU002810,Male,M.Tech,Data Science,8-9,False
STU002811,Male,MCA,Computer Applications,7-8,True
STU002812,Female,MBA,Marketing,9+,False
STU002813,Male,MCA,Computer Applications,7-8,False
STU002814,Female,M.Tech,Data Science,9+,True
STU002815,Male,B.Tech,Civil,8-9,False
STU002816,Female,M.Tech,Computer Science,<7,False
STU002817,Male,M.Tech,Data Science,7-8,True
STU002818,Male,MBA,Operations,<7,True
STU002819,Male,MBA,Operations,7-8,False
STU002820,Male,B.Tech,Computer Science,7-8,True
STU002821,Male,B.Tech,Electronics,9+,True
STU002822,Female,MBA,Marketing,7-8,False
STU002823,Male,MBA,Operations,8-9,False
STU002824,Male,MBA,Marketing,8-9,False
STU002825,Female,B.Tech,Computer Science,7-8,True
STU002826,Male,MBA,Operations,9+,False
STU002827,Female,M.Tech,Computer Science,7-8,False
STU002828,Male,M.Tech,VLSI,9+,False
STU002829,Male,B.Tech,Electronics,8-9,False
STU002830,Male,MBA,Marketing,8-9,False
STU002831,Female,MBA,Finance,7-8,True
STU002832,Female,MBA,Operations,7-8,False
STU002833,Female,MCA,Computer Applications,7-8,False
STU002834,Male,MBA,Operations,9+,False
STU002835,Male,MCA,Computer Applications,7-8,True
STU002836,Male,MCA,Computer Applications,7-8,False
STU002837,Male,M.Tech,Computer Science,8-9,True
STU002838,Male,MBA,Operations,8-9,False
STU002839,Female,M.Tech,VLSI,<7,True
STU002840,Female,B.Tech,Electronics,8-9,False
STU002841,Male,M.Tech,Computer Science,<7,False
STU002842,Male,MBA,Marketing,8-9,False
STU002843,Female,MCA,Computer Applications,8-9,False
STU002844,Male,B.Tech,Electronics,7-8,False
STU002845,Male,MBA,Marketing,9+,False
STU002846,Male,M.Tech,Computer Science,8-9,False
STU002847,Female,M.Tech,VLSI,8-9,True
STU002848,Male,MCA,Computer Applications,8-9,True
STU002849,Female,MCA,Computer Applications,7-8,True
STU002850,Female,MBA,Operations,<7,True
STU002851,Male,M.Tech,VLSI,7-8,False
STU002852,Male,M.Tech,Data Science,7-8,False
STU002853,Female,MCA,Computer Applications,8-9,True
STU002854,Male,M.Tech,VLSI,<7,True
STU002855,Male,B.Tech,Mechanical,8-9,False
STU002856,Female,M.Tech,Data Science,7-8,False
STU002857,Male,B.Tech,Information Technology,7-8,True
STU002858,Male,B.Tech,Civil,8-9,False
STU002859,Female,MBA,Finance,9+,False
STU002860,Male,MCA,Computer Applications,8-9,False
STU002861,Male,MCA,Computer Applications,7-8,False
STU002862,Male,MCA,Computer Applications,7-8,False
STU002863,Male,MCA,Computer Applications,9+,True
STU002864,Female,MCA,Computer Applications,9+,False
STU002865,Male,MCA,Computer Applications,8-9,True
STU002866,Male,MCA,Computer Applications,9+,False
STU002867,Male,MCA,Computer Applications,9+,True
STU002868,Male,B.Tech,Civil,8-9,False
STU002869,Male,M.Tech,Computer Science,7-8,True
STU002870,Male,M.Tech,Data Science,7-8,False
STU002871,Female,MBA,Operations,<7,True
STU002872,Male,B.Tech,Civil,7-8,True
STU002873,Female,M.Tech,Computer Science,7-8,False
STU002874,Male,MBA,Marketing,7-8,False
STU002875,Male,MBA,Operations,7-8,False
STU002876,Male,MBA,Finance,7-8,False
STU002877,Male,MCA,Computer Applications,8-9,False
STU002878,Female,MBA,Finance,9+,False
STU002879,Male,B.Tech,Mechanical,<7,True
STU002880,Male,MCA,Computer Applications,<7,True
STU002881,Male,MCA,Computer Applications,9+,False
STU002882,Female,B.Tech,Information Technology,<7,False
STU002883,Male,MBA,Finance,8-9,True
STU002884,Male,B.Tech,Information Technology,9+,False
STU002885,Male,MCA,Computer Applications,<7,False
STU002886,Female,B.Tech,Civil,8-9,False
STU002887,Male,B.Tech,Mechanical,9+,False
STU002888,Female,MCA,Computer Applications,8-9,False
STU002889,Male,M.Tech,Computer Science,8-9,False
STU002890,Male,MCA,Computer Applications,8-9,False
STU002891,Male,M.Tech,Computer Science,7-8,False
STU002892,Female,B.Tech,Electronics,<7,True
STU002893,Female,M.Tech,Data Science,<7,False
STU002894,Female,M.Tech,Data Science,9+,False
STU002895,Male,B.Tech,Information Technology,8-9,False
STU002896,Female,B.Tech,Information Technology,<7,False
STU002897,Male,M.Tech,VLSI,8-9,True
STU002898,Male,B.Tech,Mechanical,<7,False
STU002899,Male,B.Tech,Computer Science,8-9,False
STU002900,Male,M.Tech,Computer Science,8-9,False
STU002901,Female,M.Tech,Data Science,8-9,False
STU002902,Male,B.Tech,Information Technology,<7,True
STU002903,Male,MCA,Computer Applications,7-8,True
STU002904,Male,MBA,Marketing,7-8,False
STU002905,Male,MBA,Marketing,8-9,True
STU002906,Male,M.Tech,VLSI,7-8,False
STU002907,Male,B.Tech,Computer Science,<7,True
STU002908,Female,MBA,Finance,8-9,False
STU002909,Female,M.Tech,VLSI,7-8,False
STU002910,Male,MCA,Computer Applications,9+,True
STU002911,Female,MCA,Computer Applications,7-8,True
STU002912,Male,MCA,Computer Applications,8-9,True
STU002913,Male,B.Tech,Mechanical,9+,True
STU002914,Female,M.Tech,Data Science,8-9,False
STU002915,Female,B.Tech,Mechanical,<7,True
STU002916,Female,M.Tech,VLSI,<7,False
STU002917,Male,M.Tech,Data Science,7-8,False
STU002918,Male,MBA,Marketing,7-8,True
STU002919,Female,M.Tech,VLSI,<7,True
STU002920,Male,MCA,Computer Applications,7-8,True
STU002921,Male,B.Tech,Information Technology,7-8,True
STU002922,Male,MCA,Computer Applications,8-9,False
STU002923,Female,MCA,Computer Applications,8-9,True
STU002924,Male,MBA,Finance,7-8,False
STU002925,Male,B.Tech,Electronics,7-8,False
STU002926,Female,MBA,Marketing,7-8,False
STU002927,Male,MCA,Computer Applications,9+,False
STU002928,Female,M.Tech,Data Science,8-9,True
STU002929,Male,B.Tech,Mechanical,9+,True
STU002930,Male,MCA,Computer Applications,7-8,True
STU002931,Male,B.Tech,Computer Science,8-9,False
STU002932,Male,M.Tech,VLSI,9+,True
STU002933,Female,MCA,Computer Applications,<7,False
STU002934,Male,MCA,Computer Applications,8-9,False
STU002935,Male,M.Tech,Data Science,8-9,False
STU002936,Male,B.Tech,Electronics,8-9,False
STU002937,Male,B.Tech,Mechanical,7-8,True
STU002938,Female,MCA,Computer Applications,7-8,True
STU002939,Female,M.Tech,Data Science,7-8,False
STU002940,Male,B.Tech,Mechanical,8-9,True
STU002941,Male,MCA,Computer Applications,9+,True
STU002942,Female,MCA,Computer Applications,7-8,True
STU002943,Male,MBA,Marketing,8-9,True
STU002944,Male,B.Tech,Civil,8-9,False
STU002945,Male,M.Tech,Data Science,8-9,True
STU002946,Female,M.Tech,Data Science,8-9,False
STU002947,Male,M.Tech,Computer Science,9+,False
STU002948,Female,B.Tech,Information Technology,8-9,True
STU002949,Male,MBA,Marketing,8-9,False
STU002950,Male,MCA,Computer Applications,8-9,False
STU002951,Male,MBA,Marketing,<7,True
STU002952,Female,M.Tech,Data Science,<7,False
STU002953,Male,MBA,Finance,8-9,True
STU002954,Female,MCA,Computer Applications,7-8,False
STU002955,Female,MCA,Computer Applications,7-8,False
STU002956,Male,MCA,Computer Applications,8-9,False
STU002957,Male,B.Tech,Computer Science,9+,False
STU002958,Female,M.Tech,VLSI,7-8,True
STU002959,Male,B.Tech,Information Technology,7-8,True
STU002960,Female,MBA,Operations,7-8,False
STU002961,Male,MBA,Operations,<7,False
STU002962,Male,MBA,Finance,<7,False
STU002963,Male,MCA,Computer Applications,8-9,False
STU002964,Female,MCA,Computer Applications,8-9,True
STU002965,Male,MBA,Finance,8-9,False
STU002966,Male,B.Tech,Mechanical,9+,True
STU002967,Female,B.Tech,Civil,<7,True
STU002968,Male,M.Tech,Computer Science,8-9,True
STU002969,Male,M.Tech,Computer Science,9+,True
STU002970,Female,MBA,Finance,7-8,False
STU002971,Male,MBA,Operations,8-9,False
STU002972,Male,B.Tech,Computer Science,7-8,False
STU002973,Female,B.Tech,Mechanical,8-9,False
STU002974,Male,MCA,Computer Applications,7-8,True
STU002975,Female,M.Tech,Data Science,8-9,False
STU002976,Female,B.Tech,Civil,<7,False
STU002977,Male,MCA,Computer Applications,<7,False
STU002978,Female,M.Tech,Data Science,8-9,False
STU002979,Male,M.Tech,Computer Science,<7,True
STU002980,Male,B.Tech,Information Technology,7-8,False
STU002981,Female,MBA,Finance,7-8,True
STU002982,Male,MBA,Operations,7-8,False
STU002983,Male,B.Tech,Computer Science,<7,False
STU002984,Female,MBA,Finance,7-8,True
STU002985,Male,MCA,Computer Applications,7-8,True
STU002986,Female,MBA,Finance,7-8,True
STU002987,Male,MBA,Operations,<7,True
STU002988,Male,MBA,Operations,7-8,False
STU002989,Male,MBA,Marketing,<7,True
STU002990,Female,B.Tech,Electronics,8-9,False
STU002991,Male,MBA,Operations,8-9,False
STU002992,Male,MCA,Computer Applications,7-8,True
STU002993,Female,MBA,Marketing,<7,False
STU002994,Female,M.Tech,Computer Science,7-8,True
STU002995,Male,B.Tech,Civil,7-8,False
STU002996,Female,M.Tech,Computer Science,7-8,False
STU002997,Female,B.Tech,Mechanical,7-8,False
STU002998,Male,MCA,Computer Applications,9+,True
STU002999,Male,MCA,Computer Applications,9+,False
STU003000,Male,M.Tech,Computer Science,<7,False
STU003001,Female,MCA,Computer Applications,7-8,False
STU003002,Female,MCA,Computer Applications,<7,True
STU003003,Female,M.Tech,VLSI,8-9,True
STU003004,Female,MBA,Marketing,8-9,True
STU003005,Female,M.Tech,VLSI,8-9,True
STU003006,Female,MCA,Computer Applications,7-8,True
STU003007,Female,MCA,Computer Applications,8-9,True
STU003008,Male,B.Tech,Computer Science,<7,True
STU003009,Male,B.Tech,Mechanical,<7,False
STU003010,Male,B.Tech,Civil,8-9,True
STU003011,Female,MCA,Computer Applications,7-8,False
STU003012,Male,MBA,Operations,<7,True
STU003013,Male,M.Tech,Data Science,9+,True
STU003014,Female,MCA,Computer Applications,<7,True
STU003015,Male,B.Tech,Mechanical,<7,False
STU003016,Female,MCA,Computer Applications,<7,True
STU003017,Male,B.Tech,Computer Science,8-9,False
STU003018,Male,B.Tech,Computer Science,8-9,True
STU003019,Male,MBA,Marketing,<7,False
STU003020,Female,M.Tech,VLSI,8-9,True
STU003021,Male,MBA,Marketing,8-9,False
STU003022,Male,MCA,Computer Applications,9+,True
STU003023,Male,B.Tech,Electronics,9+,True
STU003024,Female,MBA,Operations,7-8,True
STU003025,Male,M.Tech,VLSI,<7,False
STU003026,Female,MBA,Operations,7-8,False
STU003027,Male,M.Tech,VLSI,<7,False
STU003028,Male,M.Tech,VLSI,8-9,False
STU003029,Female,B.Tech,Information Technology,9+,False
STU003030,Male,M.Tech,VLSI,7-8,False
STU003031,Female,MBA,Marketing,9+,True
STU003032,Male,MBA,Finance,7-8,False
STU003033,Female,MBA,Marketing,<7,False
STU003034,Male,B.Tech,Electronics,7-8,True
STU003035,Male,B.Tech,Mechanical,8-9,False
STU003036,Male,B.Tech,Computer Science,7-8,True
STU003037,Male,B.Tech,Mechanical,7-8,False
STU003038,Female,MCA,Computer Applications,8-9,False
STU003039,Female,M.Tech,Data Science,7-8,True
STU003040,Male,B.Tech,Electronics,7-8,False
STU003041,Female,B.Tech,Civil,8-9,True
STU003042,Male,MCA,Computer Applications,<7,False
STU003043,Female,MCA,Computer Applications,9+,False
STU003044,Male,M.Tech,Data Science,7-8,False
STU003045,Female,MBA,Marketing,7-8,False
STU003046,Female,B.Tech,Electronics,8-9,False
STU003047,Male,M.Tech,VLSI,7-8,False
STU003048,Male,B.Tech,Computer Science,9+,True
STU003049,Female,MCA,Computer Applications,7-8,False
STU003050,Female,MCA,Computer Applications,7-8,True
STU003051,Female,MCA,Computer Applications,<7,False
STU003052,Female,MBA,Marketing,9+,False
STU003053,Male,B.Tech,Electronics,7-8,False
STU003054,Male,M.Tech,VLSI,8-9,True
STU003055,Male,M.Tech,VLSI,7-8,False
STU003056,Female,MBA,Finance,9+,False
STU003057,Female,MCA,Computer Applications,9+,False
STU003058,Male,MCA,Computer Applications,8-9,True
STU003059,Male,MBA,Operations,7-8,False
STU003060,Male,M.Tech,VLSI,7-8,False
STU003061,Male,B.Tech,Computer Science,9+,True
STU003062,Male,B.Tech,Electronics,8-9,False
STU003063,Male,MBA,Marketing,7-8,False
STU003064,Male,M.Tech,Computer Science,8-9,True
STU003065,Female,M.Tech,Computer Science,<7,True
STU003066,Female,B.Tech,Mechanical,8-9,False
STU003067,Male,M.Tech,Computer Science,8-9,True
STU003068,Female,MBA,Marketing,8-9,False
STU003069,Male,B.Tech,Computer Science,8-9,False
STU003070,Male,MBA,Finance,<7,True
STU003071,Male,B.Tech,Computer Science,8-9,False
STU003072,Male,M.Tech,Data Science,<7,True
STU003073,Male,M.Tech,Data Science,<7,False
STU003074,Female,MCA,Computer Applications,7-8,False
STU003075,Male,MBA,Operations,8-9,False
STU003076,Male,M.Tech,Computer Science,9+,True
STU003077,Female,MCA,Computer Applications,9+,True
STU003078,Male,MBA,Operations,9+,True
STU003079,Female,M.Tech,Data Science,7-8,False
STU003080,Male,MBA,Marketing,7-8,False
STU003081,Female,MBA,Finance,<7,True
STU003082,Female,M.Tech,Data Science,8-9,False
STU003083,Male,MCA,Computer Applications,<7,True
STU003084,Male,MCA,Computer Applications,7-8,False
STU003085,Female,MCA,Computer Applications,9+,True
STU003086,Female,MBA,Finance,7-8,False
STU003087,Female,MCA,Computer Applications,7-8,True
STU003088,Female,MCA,Computer Applications,9+,False
STU003089,Female,MBA,Marketing,7-8,False
STU003090,Male,MCA,Computer Applications,8-9,True
STU003091,Male,M.Tech,Data Science,8-9,True
STU003092,Male,MBA,Finance,<7,False
STU003093,Male,MCA,Computer Applications,8-9,False
STU003094,Male,MBA,Finance,7-8,True
STU003095,Male,B.Tech,Civil,<7,False
STU003096,Female,MCA,Computer Applications,9+,True
STU003097,Male,B.Tech,Mechanical,7-8,False
STU003098,Male,MCA,Computer Applications,7-8,True
STU003099,Female,MCA,Computer Applications,8-9,False
STU003100,Female,MBA,Finance,7-8,True
STU003101,Female,B.Tech,Civil,7-8,True
STU003102,Female,B.Tech,Information Technology,7-8,False
STU003103,Male,MCA,Computer Applications,7-8,False
STU003104,Male,B.Tech,Computer Science,8-9,False
STU003105,Male,M.Tech,Computer Science,8-9,False
STU003106,Male,M.Tech,Computer Science,7-8,True
STU003107,Male,MBA,Operations,9+,True
STU003108,Female,B.Tech,Computer Science,7-8,True
STU003109,Male,B.Tech,Information Technology,7-8,False
STU003110,Male,MCA,Computer Applications,8-9,False
STU003111,Female,MCA,Computer Applications,7-8,False
STU003112,Male,B.Tech,Electronics,7-8,False
STU003113,Male,M.Tech,Computer Science,<7,True
STU003114,Male,MCA,Computer Applications,7-8,True
STU003115,Female,MBA,Marketing,8-9,True
STU003116,Male,M.Tech,Data Science,9+,False
STU003117,Female,B.Tech,Civil,8-9,False
STU003118,Male,B.Tech,Electronics,7-8,False
STU003119,Male,MCA,Computer Applications,7-8,False
STU003120,Male,M.Tech,Data Science,7-8,False
STU003121,Female,B.Tech,Civil,9+,False
STU003122,Female,MBA,Operations,8-9,False
STU003123,Female,M.Tech,VLSI,8-9,False
STU003124,Male,MCA,Computer Applications,8-9,True
STU003125,Male,M.Tech,VLSI,<7,False
STU003126,Male,M.Tech,VLSI,7-8,False
STU003127,Male,MBA,Operations,8-9,True
STU003128,Female,B.Tech,Computer Science,7-8,True
STU003129,Female,MBA,Finance,7-8,True
STU003130,Male,MBA,Operations,7-8,True
STU003131,Male,MCA,Computer Applications,7-8,False
STU003132,Female,MBA,Operations,7-8,False
STU003133,Female,MBA,Finance,7-8,False
STU003134,Male,M.Tech,Data Science,7-8,True
STU003135,Male,MCA,Computer Applications,<7,False
STU003136,Female,MBA,Finance,<7,True
STU003137,Female,B.Tech,Information Technology,<7,False
STU003138,Male,B.Tech,Civil,8-9,False
STU003139,Female,B.Tech,Mechanical,<7,False
STU003140,Male,MBA,Finance,9+,False
STU003141,Male,MCA,Computer Applications,<7,False
STU003142,Female,M.Tech,VLSI,7-8,True
STU003143,Male,MBA,Marketing,7-8,False
STU003144,Male,MCA,Computer Applications,8-9,False
STU003145,Male,MCA,Computer Applications,9+,False
STU003146,Male,B.Tech,Electronics,8-9,False
STU003147,Male,MBA,Finance,7-8,False
STU003148,Male,B.Tech,Civil,9+,False
STU003149,Female,B.Tech,Computer Science,<7,True
STU003150,Female,B.Tech,Mechanical,<7,False
STU003151,Female,MCA,Computer Applications,7-8,False
STU003152,Male,M.Tech,VLSI,8-9,False
STU003153,Male,B.Tech,Information Technology,7-8,True
STU003154,Male,M.Tech,VLSI,8-9,True
STU003155,Male,MCA,Computer Applications,<7,False
STU003156,Male,M.Tech,Computer Science,<7,False
STU003157,Male,M.Tech,Computer Science,7-8,False
STU003158,Male,MBA,Finance,<7,False
STU003159,Male,B.Tech,Computer Science,9+,True
STU003160,Female,M.Tech,VLSI,7-8,True
STU003161,Female,MCA,Computer Applications,7-8,False
STU003162,Male,MCA,Computer Applications,8-9,False
STU003163,Male,B.Tech,Computer Science,7-8,True
STU003164,Female,B.Tech,Information Technology,9+,False
STU003165,Male,B.Tech,Electronics,<7,True
STU003166,Male,MCA,Computer Applications,<7,False
STU003167,Female,B.Tech,Information Technology,<7,False
STU003168,Female,M.Tech,Computer Science,8-9,True
STU003169,Female,MBA,Marketing,<7,True
STU003170,Female,MCA,Computer Applications,9+,False
STU003171,Male,M.Tech,Computer Science,8-9,False
STU003172,Female,B.Tech,Mechanical,8-9,True
STU003173,Male,MBA,Finance,8-9,True
STU003174,Female,M.Tech,Computer Science,9+,False
STU003175,Female,MBA,Finance,7-8,True
STU003176,Male,M.Tech,VLSI,7-8,False
STU003177,Female,MBA,Operations,<7,False
STU003178,Female,M.Tech,Data Science,<7,False
STU003179,Female,MBA,Finance,7-8,False
STU003180,Male,MBA,Operations,7-8,False
STU003181,Male,MCA,Computer Applications,7-8,False
STU003182,Male,MBA,Operations,<7,True
STU003183,Female,B.Tech,Electronics,8-9,False
STU003184,Female,B.Tech,Information Technology,7-8,False
STU003185,Male,B.Tech,Information Technology,7-8,False
STU003186,Male,MCA,Computer Applications,<7,False
STU003187,Male,M.Tech,VLSI,9+,False
STU003188,Female,MCA,Computer Applications,8-9,False
STU003189,Male,M.Tech,VLSI,9+,False
STU003190,Male,B.Tech,Electronics,<7,False
STU003191,Male,M.Tech,VLSI,<7,False
STU003192,Male,B.Tech,Civil,8-9,False
STU003193,Male,B.Tech,Computer Science,7-8,True
STU003194,Male,MBA,Finance,7-8,True
STU003195,Female,B.Tech,Civil,7-8,False
STU003196,Male,B.Tech,Civil,7-8,False
STU003197,Male,MCA,Computer Applications,<7,False
STU003198,Male,MCA,Computer Applications,7-8,True
STU003199,Male,MBA,Finance,9+,True
STU003200,Male,M.Tech,Data Science,8-9,False
STU003201,Male,MBA,Operations,<7,True
STU003202,Female,M.Tech,Computer Science,7-8,True
STU003203,Female,M.Tech,Data Science,8-9,False
STU003204,Female,MCA,Computer Applications,<7,False
STU003205,Male,MCA,Computer Applications,7-8,True
STU003206,Female,M.Tech,Computer Science,<7,True
STU003207,Female,MCA,Computer Applications,7-8,True
STU003208,Female,M.Tech,Computer Science,7-8,True
STU003209,Male,MCA,Computer Applications,7-8,True
STU003210,Male,B.Tech,Information Technology,8-9,False
STU003211,Male,B.Tech,Electronics,7-8,True
STU003212,Male,MBA,Finance,8-9,True
STU003213,Male,B.Tech,Computer Science,7-8,True
STU003214,Female,B.Tech,Civil,<7,False
STU003215,Male,B.Tech,Information Technology,<7,False
STU003216,Male,M.Tech,Computer Science,<7,True
STU003217,Female,MBA,Marketing,7-8,True
STU003218,Male,B.Tech,Computer Science,7-8,False
STU003219,Male,MBA,Finance,9+,False
STU003220,Female,M.Tech,Data Science,8-9,False
STU003221,Female,MBA,Marketing,9+,False
STU003222,Male,M.Tech,VLSI,7-8,False
STU003223,Female,M.Tech,Computer Science,8-9,False
STU003224,Female,MBA,Operations,9+,False
STU003225,Male,M.Tech,Data Science,<7,False
STU003226,Male,MBA,Finance,<7,True
STU003227,Female,M.Tech,Computer Science,7-8,True
STU003228,Male,MBA,Finance,9+,False
STU003229,Female,MBA,Marketing,<7,True
STU003230,Female,B.Tech,Civil,<7,True
STU003231,Male,MCA,Computer Applications,<7,False
STU003232,Male,M.Tech,VLSI,9+,True
STU003233,Male,M.Tech,Data Science,<7,True
STU003234,Male,B.Tech,Mechanical,9+,True
STU003235,Male,M.Tech,Computer Science,<7,False
STU003236,Male,B.Tech,Mechanical,7-8,True
STU003237,Male,M.Tech,Computer Science,8-9,False
STU003238,Female,MBA,Marketing,9+,False
STU003239,Male,MBA,Finance,7-8,False
STU003240,Male,M.Tech,Data Science,7-8,False
STU003241,Male,B.Tech,Civil,9+,False
STU003242,Female,MBA,Marketing,9+,False
STU003243,Female,MBA,Finance,7-8,False
STU003244,Male,MCA,Computer Applications,7-8,False
STU003245,Male,B.Tech,Information Technology,7-8,True
STU003246,Male,B.Tech,Mechanical,9+,False
STU003247,Male,MBA,Operations,8-9,True
STU003248,Male,B.Tech,Information Technology,7-8,False
STU003249,Male,MBA,Operations,8-9,False
STU003250,Male,MCA,Computer Applications,7-8,True
STU003251,Male,M.Tech,Computer Science,8-9,False
STU003252,Female,MCA,Computer Applications,8-9,True
STU003253,Male,MCA,Computer Applications,8-9,False
STU003254,Male,M.Tech,Computer Science,7-8,False
STU003255,Male,M.Tech,Data Science,8-9,False
STU003256,Male,M.Tech,Computer Science,<7,True
STU003257,Male,M.Tech,VLSI,7-8,False
STU003258,Male,MCA,Computer Applications,8-9,True
STU003259,Male,M.Tech,VLSI,9+,True
STU003260,Male,MCA,Computer Applications,9+,True
STU003261,Male,M.Tech,Data Science,9+,False
STU003262,Male,MBA,Operations,7-8,False
STU003263,Male,B.Tech,Mechanical,7-8,True
STU003264,Male,M.Tech,Data Science,7-8,False
STU003265,Male,M.Tech,Computer Science,7-8,False
STU003266,Female,B.Tech,Computer Science,7-8,False
STU003267,Male,MBA,Operations,7-8,True
STU003268,Male,MCA,Computer Applications,7-8,True
STU003269,Male,MCA,Computer Applications,<7,False
STU003270,Male,M.Tech,Data Science,7-8,True
STU003271,Female,MBA,Marketing,7-8,False
STU003272,Male,MCA,Computer Applications,<7,False
STU003273,Male,B.Tech,Civil,7-8,True
STU003274,Male,MBA,Operations,9+,True
STU003275,Female,MBA,Finance,<7,False
STU003276,Male,MCA,Computer Applications,9+,False
STU003277,Male,MBA,Operations,9+,True
STU003278,Male,M.Tech,Computer Science,8-9,True
STU003279,Male,M.Tech,Data Science,8-9,False
STU003280,Male,MCA,Computer Applications,8-9,True
STU003281,Male,MCA,Computer Applications,<7,True
STU003282,Female,M.Tech,VLSI,8-9,True
STU003283,Male,MBA,Finance,8-9,False
STU003284,Male,MBA,Operations,7-8,False
STU003285,Female,MBA,Operations,8-9,True
STU003286,Male,M.Tech,Computer Science,7-8,False
STU003287,Male,M.Tech,Data Science,8-9,True
STU003288,Male,M.Tech,VLSI,8-9,False
STU003289,Male,MBA,Operations,9+,False
STU003290,Female,MCA,Computer Applications,8-9,False
STU003291,Female,M.Tech,VLSI,8-9,True
STU003292,Female,MBA,Operations,8-9,False
STU003293,Male,MBA,Operations,8-9,False
STU003294,Male,M.Tech,Data Science,8-9,True
STU003295,Male,B.Tech,Electronics,<7,True
STU003296,Female,MBA,Finance,8-9,False
STU003297,Female,M.Tech,VLSI,7-8,True
STU003298,Male,MBA,Marketing,9+,False
STU003299,Male,MBA,Finance,8-9,False
STU003300,Female,B.Tech,Computer Science,7-8,False
STU003301,Male,M.Tech,Computer Science,7-8,True
STU003302,Female,M.Tech,VLSI,7-8,False
STU003303,Male,MCA,Computer Applications,7-8,False
STU003304,Male,MBA,Marketing,9+,True
STU003305,Male,M.Tech,Computer Science,9+,True
STU003306,Female,M.Tech,VLSI,8-9,False
STU003307,Male,B.Tech,Computer Science,7-8,False
STU003308,Male,B.Tech,Computer Science,8-9,True
STU003309,Female,M.Tech,VLSI,7-8,True
STU003310,Male,B.Tech,Computer Science,8-9,False
STU003311,Female,B.Tech,Computer Science,8-9,False
STU003312,Male,B.Tech,Mechanical,7-8,True
STU003313,Female,B.Tech,Information Technology,9+,False
STU003314,Female,MBA,Marketing,7-8,False
STU003315,Female,MCA,Computer Applications,7-8,True
STU003316,Male,MCA,Computer Applications,7-8,False
STU003317,Female,MCA,Computer Applications,8-9,False
STU003318,Male,MBA,Finance,<7,False
STU003319,Male,B.Tech,Mechanical,7-8,False
STU003320,Male,B.Tech,Electronics,9+,True
STU003321,Female,B.Tech,Electronics,7-8,False
STU003322,Male,B.Tech,Information Technology,8-9,False
STU003323,Female,MCA,Computer Applications,7-8,True
STU003324,Male,M.Tech,VLSI,7-8,True
STU003325,Male,B.Tech,Mechanical,7-8,False
STU003326,Male,M.Tech,Data Science,<7,True
STU003327,Female,M.Tech,Computer Science,7-8,False
STU003328,Female,MCA,Computer Applications,7-8,False
STU003329,Male,B.Tech,Civil,7-8,True
STU003330,Male,MBA,Finance,9+,False
STU003331,Male,MCA,Computer Applications,9+,False
STU003332,Male,MBA,Operations,7-8,False
STU003333,Male,MCA,Computer Applications,7-8,False
STU003334,Male,MCA,Computer Applications,8-9,False
STU003335,Male,MCA,Computer Applications,8-9,False
STU003336,Male,MCA,Computer Applications,7-8,False
STU003337,Female,M.Tech,VLSI,<7,False
STU003338,Male,MBA,Operations,<7,True
STU003339,Female,M.Tech,Data Science,8-9,False
STU003340,Female,MCA,Computer Applications,8-9,False
STU003341,Male,B.Tech,Mechanical,8-9,False
STU003342,Male,B.Tech,Civil,9+,True
STU003343,Male,M.Tech,Computer Science,8-9,True
STU003344,Male,B.Tech,Civil,8-9,True
STU003345,Male,MBA,Finance,8-9,True
STU003346,Male,MCA,Computer Applications,7-8,False
STU003347,Female,MBA,Finance,8-9,True
STU003348,Male,MCA,Computer Applications,8-9,True
STU003349,Female,B.Tech,Information Technology,8-9,True
STU003350,Male,MCA,Computer Applications,8-9,False
STU003351,Male,M.Tech,Data Science,<7,False
STU003352,Female,B.Tech,Information Technology,<7,True
STU003353,Male,MCA,Computer Applications,7-8,False
STU003354,Female,MCA,Computer Applications,9+,True
STU003355,Male,MCA,Computer Applications,8-9,False
STU003356,Female,MBA,Finance,7-8,True
STU003357,Male,B.Tech,Electronics,7-8,True
STU003358,Male,MBA,Operations,9+,True
STU003359,Male,M.Tech,Data Science,8-9,True
STU003360,Female,M.Tech,Data Science,8-9,False
STU003361,Female,MCA,Computer Applications,8-9,False
STU003362,Male,B.Tech,Mechanical,8-9,False
STU003363,Male,MCA,Computer Applications,<7,True
STU003364,Female,MCA,Computer Applications,<7,True
STU003365,Female,M.Tech,Data Science,8-9,False
STU003366,Male,B.Tech,Civil,9+,False
STU003367,Male,MBA,Operations,<7,False
STU003368,Female,MCA,Computer Applications,<7,False
STU003369,Female,B.Tech,Information Technology,7-8,False
STU003370,Male,B.Tech,Information Technology,7-8,False
STU003371,Male,B.Tech,Computer Science,8-9,True
STU003372,Female,B.Tech,Mechanical,8-9,True
STU003373,Male,B.Tech,Mechanical,8-9,False
STU003374,Male,B.Tech,Computer Science,7-8,True
STU003375,Female,MBA,Marketing,9+,False
STU003376,Male,M.Tech,Computer Science,7-8,True
STU003377,Male,B.Tech,Electronics,9+,True
STU003378,Male,MCA,Computer Applications,8-9,True
STU003379,Female,M.Tech,Data Science,9+,False
STU003380,Male,B.Tech,Information Technology,<7,False
STU003381,Female,MBA,Finance,7-8,True
STU003382,Male,B.Tech,Information Technology,7-8,True
STU003383,Female,MCA,Computer Applications,7-8,True
STU003384,Female,B.Tech,Information Technology,8-9,True
STU003385,Female,MCA,Computer Applications,8-9,True
STU003386,Male,MBA,Operations,9+,True
STU003387,Female,M.Tech,Computer Science,8-9,True
STU003388,Male,MBA,Marketing,<7,False
STU003389,Male,MBA,Operations,<7,False
STU003390,Male,M.Tech,Data Science,7-8,False
STU003391,Male,M.Tech,VLSI,7-8,True
STU003392,Female,MBA,Marketing,<7,False
STU003393,Male,MBA,Operations,7-8,True
STU003394,Female,M.Tech,Data Science,7-8,False
STU003395,Female,MBA,Finance,<7,False
STU003396,Female,B.Tech,Electronics,7-8,False
STU003397,Male,MBA,Finance,7-8,False
STU003398,Male,M.Tech,VLSI,8-9,False
STU003399,Male,MCA,Computer Applications,8-9,True
STU003400,Male,M.Tech,Computer Science,7-8,False
STU003401,Male,MCA,Computer Applications,7-8,False
STU003402,Male,B.Tech,Computer Science,8-9,True
STU003403,Male,M.Tech,Computer Science,<7,False
STU003404,Male,MCA,Computer Applications,7-8,True
STU003405,Male,MCA,Computer Applications,8-9,True
STU003406,Male,MBA,Marketing,8-9,True
STU003407,Male,MCA,Computer Applications,8-9,False
STU003408,Female,MBA,Finance,7-8,False
STU003409,Male,MBA,Operations,8-9,True
STU003410,Female,M.Tech,VLSI,7-8,False
STU003411,Male,MCA,Computer Applications,<7,False
STU003412,Female,B.Tech,Electronics,8-9,True
STU003413,Male,B.Tech,Civil,7-8,False
STU003414,Female,M.Tech,VLSI,8-9,True
STU003415,Female,M.Tech,Computer Science,9+,True
STU003416,Male,MCA,Computer Applications,7-8,False
STU003417,Male,MBA,Operations,7-8,False
STU003418,Male,MCA,Computer Applications,8-9,False
STU003419,Male,MBA,Finance,7-8,True
STU003420,Male,B.Tech,Information Technology,7-8,True
STU003421,Male,MCA,Computer Applications,8-9,False
STU003422,Male,MCA,Computer Applications,9+,False
STU003423,Male,B.Tech,Mechanical,8-9,False
STU003424,Male,B.Tech,Mechanical,7-8,False
STU003425,Male,MCA,Computer Applications,8-9,False
STU003426,Male,M.Tech,VLSI,8-9,True
STU003427,Female,B.Tech,Computer Science,7-8,False
STU003428,Male,B.Tech,Civil,7-8,True
STU003429,Male,B.Tech,Civil,<7,False
STU003430,Female,MBA,Marketing,7-8,False
STU003431,Male,M.Tech,Data Science,7-8,False
STU003432,Male,MCA,Computer Applications,8-9,True
STU003433,Male,MBA,Finance,9+,True
STU003434,Male,MBA,Marketing,7-8,True
STU003435,Male,MBA,Marketing,7-8,True
STU003436,Female,MBA,Finance,8-9,False
STU003437,Male,B.Tech,Mechanical,8-9,True
STU003438,Male,MBA,Operations,7-8,False
STU003439,Male,B.Tech,Information Technology,9+,False
STU003440,Male,M.Tech,Data Science,8-9,False
STU003441,Male,M.Tech,Computer Science,7-8,True
STU003442,Male,M.Tech,VLSI,<7,False
STU003443,Male,M.Tech,Computer Science,8-9,False
STU003444,Male,MBA,Marketing,7-8,False
STU003445,Male,M.Tech,Data Science,8-9,True
STU003446,Male,MBA,Operations,8-9,False
STU003447,Male,B.Tech,Information Technology,7-8,False
STU003448,Male,M.Tech,Data Science,7-8,False
STU003449,Male,MBA,Operations,<7,True
STU003450,Female,MBA,Finance,<7,False
STU003451,Male,MCA,Computer Applications,9+,True
STU003452,Male,M.Tech,VLSI,<7,False
STU003453,Female,M.Tech,Data Science,9+,True
STU003454,Male,B.Tech,Electronics,8-9,False
STU003455,Male,MBA,Finance,7-8,False
STU003456,Female,MBA,Finance,<7,True
STU003457,Female,MBA,Operations,8-9,False
STU003458,Male,M.Tech,Computer Science,7-8,False
STU003459,Female,MBA,Finance,7-8,False
STU003460,Male,MCA,Computer Applications,<7,True
STU003461,Male,MBA,Finance,7-8,False
STU003462,Male,M.Tech,VLSI,7-8,True
STU003463,Male,MBA,Operations,7-8,True
STU003464,Male,MCA,Computer Applications,8-9,True
STU003465,Male,B.Tech,Mechanical,<7,False
STU003466,Female,MBA,Operations,8-9,False
STU003467,Female,B.Tech,Civil,9+,True
STU003468,Male,B.Tech,Computer Science,<7,False
STU003469,Male,M.Tech,Data Science,8-9,False
STU003470,Female,M.Tech,VLSI,8-9,False
STU003471,Female,MBA,Operations,7-8,False
STU003472,Female,B.Tech,Mechanical,7-8,True
STU003473,Male,B.Tech,Computer Science,<7,True
STU003474,Male,MCA,Computer Applications,8-9,True
STU003475,Male,B.Tech,Electronics,8-9,False
STU003476,Male,MCA,Computer Applications,8-9,True
STU003477,Female,MCA,Computer Applications,8-9,False
STU003478,Female,MBA,Operations,8-9,False
STU003479,Male,B.Tech,Mechanical,<7,True
STU003480,Male,MBA,Marketing,8-9,False
STU003481,Female,MCA,Computer Applications,9+,True
STU003482,Male,B.Tech,Computer Science,9+,False
STU003483,Female,MCA,Computer Applications,9+,False
STU003484,Male,B.Tech,Civil,8-9,True
STU003485,Male,MBA,Marketing,9+,False
STU003486,Male,M.Tech,Data Science,7-8,True
STU003487,Male,B.Tech,Mechanical,8-9,False
STU003488,Male,M.Tech,Computer Science,9+,True
STU003489,Female,B.Tech,Mechanical,8-9,True
STU003490,Male,B.Tech,Information Technology,7-8,True
STU003491,Male,M.Tech,VLSI,7-8,False
STU003492,Male,B.Tech,Information Technology,8-9,False
STU003493,Male,MBA,Finance,7-8,False
STU003494,Male,MCA,Computer Applications,9+,False
STU003495,Female,MCA,Computer Applications,7-8,False
STU003496,Female,B.Tech,Mechanical,9+,False
STU003497,Male,MBA,Finance,<7,True
STU003498,Male,B.Tech,Mechanical,<7,False
STU003499,Male,B.Tech,Mechanical,7-8,False
STU003500,Male,B.Tech,Civil,7-8,False
STU003501,Male,B.Tech,Electronics,8-9,True
STU003502,Male,MBA,Marketing,9+,True
STU003503,Female,B.Tech,Mechanical,<7,True
STU003504,Male,M.Tech,Data Science,9+,False
STU003505,Male,MBA,Operations,9+,False
STU003506,Male,MBA,Finance,8-9,True
STU003507,Female,M.Tech,Computer Science,7-8,False
STU003508,Male,B.Tech,Mechanical,7-8,True
STU003509,Female,MBA,Finance,8-9,True
STU003510,Male,M.Tech,Data Science,9+,False
STU003511,Female,B.Tech,Civil,8-9,True
STU003512,Male,M.Tech,VLSI,9+,False
STU003513,Male,M.Tech,VLSI,9+,False
STU003514,Male,MCA,Computer Applications,7-8,False
STU003515,Male,MBA,Marketing,7-8,False
STU003516,Male,MBA,Marketing,8-9,False
STU003517,Female,M.Tech,Computer Science,7-8,False
STU003518,Male,M.Tech,VLSI,9+,False
STU003519,Female,MBA,Finance,8-9,True
STU003520,Female,MCA,Computer Applications,<7,True
STU003521,Female,MCA,Computer Applications,7-8,True
STU003522,Female,B.Tech,Computer Science,8-9,True
STU003523,Male,MBA,Operations,9+,False
STU003524,Female,MCA,Computer Applications,8-9,True
STU003525,Male,B.Tech,Computer Science,7-8,False
STU003526,Male,B.Tech,Electronics,9+,False
STU003527,Female,MBA,Operations,<7,True
STU003528,Male,MBA,Marketing,8-9,True
STU003529,Female,MCA,Computer Applications,9+,False
STU003530,Male,MBA,Finance,7-8,True
STU003531,Female,M.Tech,Computer Science,<7,True
STU003532,Male,MCA,Computer Applications,9+,True
STU003533,Male,M.Tech,Computer Science,8-9,True
STU003534,Male,MBA,Operations,8-9,False
STU003535,Female,M.Tech,VLSI,<7,True
STU003536,Male,M.Tech,VLSI,8-9,False
STU003537,Female,B.Tech,Computer Science,7-8,False
STU003538,Male,MBA,Finance,<7,True
STU003539,Female,B.Tech,Computer Science,7-8,True
STU003540,Male,MCA,Computer Applications,8-9,False
STU003541,Female,MBA,Operations,<7,False
STU003542,Female,MBA,Operations,7-8,True
STU003543,Male,MCA,Computer Applications,7-8,False
STU003544,Male,B.Tech,Civil,9+,False
STU003545,Male,MCA,Computer Applications,7-8,False
STU003546,Female,MCA,Computer Applications,7-8,True
STU003547,Female,M.Tech,Computer Science,<7,True
STU003548,Female,B.Tech,Information Technology,9+,False
STU003549,Female,M.Tech,Data Science,7-8,True
STU003550,Male,B.Tech,Mechanical,9+,False
STU003551,Male,M.Tech,Data Science,7-8,True
STU003552,Male,M.Tech,VLSI,<7,True
STU003553,Male,M.Tech,Data Science,9+,True
STU003554,Male,B.Tech,Information Technology,7-8,False
STU003555,Male,B.Tech,Computer Science,8-9,True
STU003556,Female,B.Tech,Information Technology,9+,False
STU003557,Male,MCA,Computer Applications,7-8,False
STU003558,Female,MCA,Computer Applications,8-9,True
STU003559,Male,MBA,Marketing,8-9,False
STU003560,Male,B.Tech,Computer Science,8-9,True
STU003561,Male,B.Tech,Civil,9+,False
STU003562,Male,M.Tech,VLSI,8-9,False
STU003563,Female,MBA,Marketing,9+,True
STU003564,Male,B.Tech,Computer Science,7-8,True
STU003565,Male,B.Tech,Electronics,8-9,True
STU003566,Male,MBA,Finance,7-8,False
STU003567,Female,MBA,Operations,8-9,True
STU003568,Male,M.Tech,VLSI,9+,False
STU003569,Male,MBA,Finance,8-9,True
STU003570,Male,B.Tech,Civil,7-8,False
STU003571,Male,M.Tech,VLSI,7-8,False
STU003572,Male,M.Tech,Computer Science,7-8,True
STU003573,Male,MCA,Computer Applications,7-8,False
STU003574,Male,B.Tech,Civil,<7,False
STU003575,Male,M.Tech,Data Science,9+,True
STU003576,Female,B.Tech,Mechanical,8-9,True
STU003577,Male,MBA,Marketing,8-9,False
STU003578,Female,MBA,Marketing,8-9,False
STU003579,Male,B.Tech,Civil,8-9,False
STU003580,Female,M.Tech,Data Science,7-8,True
STU003581,Female,MCA,Computer Applications,7-8,True
STU003582,Male,MBA,Marketing,8-9,False
STU003583,Male,MCA,Computer Applications,7-8,True
STU003584,Female,M.Tech,VLSI,7-8,False
STU003585,Female,M.Tech,VLSI,7-8,False
STU003586,Male,MCA,Computer Applications,<7,False
STU003587,Male,MBA,Marketing,8-9,False
STU003588,Male,M.Tech,Data Science,8-9,True
STU003589,Female,B.Tech,Computer Science,7-8,True
STU003590,Male,MBA,Finance,9+,True
STU003591,Male,B.Tech,Civil,7-8,False
STU003592,Female,MBA,Finance,7-8,False
STU003593,Female,B.Tech,Mechanical,9+,True
STU003594,Female,MBA,Finance,8-9,False
STU003595,Male,M.Tech,Data Science,8-9,False
STU003596,Male,MBA,Marketing,8-9,True
STU003597,Male,MBA,Operations,<7,True
STU003598,Female,MBA,Operations,8-9,False
STU003599,Male,MCA,Computer Applications,7-8,False
STU003600,Female,MCA,Computer Applications,7-8,True
STU003601,Male,MBA,Marketing,7-8,True
STU003602,Male,MCA,Computer Applications,7-8,True
STU003603,Male,M.Tech,Computer Science,9+,True
STU003604,Male,MCA,Computer Applications,8-9,False
STU003605,Female,MCA,Computer Applications,7-8,False
STU003606,Male,B.Tech,Information Technology,8-9,True
STU003607,Male,MCA,Computer Applications,8-9,False
STU003608,Male,MBA,Finance,<7,True
STU003609,Male,M.Tech,VLSI,8-9,False
STU003610,Male,MCA,Computer Applications,7-8,False
STU003611,Female,B.Tech,Civil,8-9,False
STU003612,Female,B.Tech,Electronics,7-8,False
STU003613,Female,M.Tech,VLSI,7-8,False
STU003614,Male,MCA,Computer Applications,<7,True
STU003615,Male,MCA,Computer Applications,9+,False
STU003616,Male,B.Tech,Information Technology,7-8,True
STU003617,Male,MBA,Marketing,7-8,False
STU003618,Male,B.Tech,Computer Science,8-9,True
STU003619,Male,MCA,Computer Applications,7-8,False
STU003620,Female,B.Tech,Civil,8-9,False
STU003621,Male,MBA,Finance,9+,True
STU003622,Male,MBA,Operations,8-9,False
STU003623,Male,M.Tech,Data Science,<7,True
STU003624,Female,MCA,Computer Applications,7-8,True
STU003625,Female,M.Tech,Data Science,9+,True
STU003626,Female,MBA,Finance,8-9,True
STU003627,Male,M.Tech,Data Science,7-8,False
STU003628,Female,B.Tech,Computer Science,7-8,True
STU003629,Female,MCA,Computer Applications,9+,False
STU003630,Female,B.Tech,Mechanical,7-8,False
STU003631,Male,B.Tech,Mechanical,7-8,True
STU003632,Male,MCA,Computer Applications,<7,True
STU003633,Female,MCA,Computer Applications,7-8,False
STU003634,Male,MBA,Finance,9+,False
STU003635,Male,B.Tech,Electronics,9+,False
STU003636,Male,MCA,Computer Applications,9+,True
STU003637,Female,B.Tech,Civil,8-9,False
STU003638,Female,MBA,Finance,7-8,False
STU003639,Male,MBA,Operations,<7,True
STU003640,Female,M.Tech,Computer Science,9+,True
STU003641,Female,M.Tech,Data Science,7-8,True
STU003642,Male,M.Tech,Computer Science,9+,False
STU003643,Female,M.Tech,Computer Science,<7,False
STU003644,Female,MCA,Computer Applications,<7,False
STU003645,Male,MBA,Marketing,<7,True
STU003646,Female,MBA,Marketing,7-8,False
STU003647,Male,MBA,Operations,8-9,False
STU003648,Female,B.Tech,Mechanical,<7,False
STU003649,Male,MCA,Computer Applications,7-8,True
STU003650,Male,B.Tech,Mechanical,9+,False
STU003651,Female,M.Tech,Computer Science,7-8,False
STU003652,Male,MCA,Computer Applications,7-8,True
STU003653,Male,B.Tech,Information Technology,9+,False
STU003654,Female,M.Tech,Computer Science,7-8,False
STU003655,Male,MCA,Computer Applications,<7,True
STU003656,Female,M.Tech,Data Science,<7,True
STU003657,Female,MBA,Finance,<7,True
STU003658,Male,B.Tech,Electronics,7-8,False
STU003659,Male,B.Tech,Mechanical,7-8,True
STU003660,Female,B.Tech,Electronics,7-8,False
STU003661,Female,M.Tech,VLSI,7-8,False
STU003662,Male,M.Tech,Computer Science,9+,True
STU003663,Female,MCA,Computer Applications,9+,True
STU003664,Female,MBA,Operations,<7,True
STU003665,Male,M.Tech,Data Science,8-9,False
STU003666,Female,MBA,Operations,9+,True
STU003667,Male,MBA,Marketing,8-9,True
STU003668,Male,B.Tech,Civil,9+,False
STU003669,Female,B.Tech,Information Technology,<7,True
STU003670,Female,MBA,Finance,8-9,True
STU003671,Male,M.Tech,Data Science,8-9,False
STU003672,Female,MBA,Finance,7-8,False
STU003673,Male,MBA,Marketing,7-8,True
STU003674,Male,MBA,Operations,9+,True
STU003675,Male,MBA,Marketing,9+,False
STU003676,Female,B.Tech,Civil,7-8,False
STU003677,Female,B.Tech,Mechanical,7-8,True
STU003678,Male,B.Tech,Information Technology,7-8,False
STU003679,Female,M.Tech,Computer Science,7-8,False
STU003680,Female,M.Tech,Computer Science,<7,False
STU003681,Female,MBA,Marketing,7-8,False
STU003682,Male,MCA,Computer Applications,8-9,True
STU003683,Male,B.Tech,Electronics,8-9,False
STU003684,Male,MCA,Computer Applications,7-8,False
STU003685,Male,MCA,Computer Applications,8-9,True
STU003686,Male,M.Tech,VLSI,7-8,True
STU003687,Female,B.Tech,Information Technology,<7,False
STU003688,Male,MCA,Computer Applications,<7,True
STU003689,Male,MBA,Finance,8-9,True
STU003690,Female,MCA,Computer Applications,8-9,False
STU003691,Male,MCA,Computer Applications,<7,False
STU003692,Male,MBA,Finance,7-8,True
STU003693,Male,MCA,Computer Applications,<7,False
STU003694,Male,B.Tech,Civil,8-9,False
STU003695,Male,MBA,Marketing,8-9,False
STU003696,Female,M.Tech,Data Science,7-8,True
STU003697,Female,B.Tech,Civil,7-8,False
STU003698,Male,MCA,Computer Applications,8-9,False
STU003699,Male,M.Tech,Data Science,8-9,True
STU003700,Male,M.Tech,VLSI,9+,False
STU003701,Male,B.Tech,Mechanical,7-8,False
STU003702,Male,MBA,Operations,9+,False
STU003703,Male,M.Tech,Data Science,<7,False
STU003704,Male,MCA,Computer Applications,<7,False
STU003705,Male,M.Tech,VLSI,<7,False
STU003706,Male,M.Tech,VLSI,<7,True
STU003707,Male,B.Tech,Civil,<7,False
STU003708,Male,MBA,Operations,7-8,False
STU003709,Female,MBA,Finance,7-8,False
STU003710,Male,B.Tech,Mechanical,7-8,True
STU003711,Female,M.Tech,Data Science,7-8,False
STU003712,Male,MCA,Computer Applications,7-8,False
STU003713,Female,B.Tech,Mechanical,7-8,True
STU003714,Female,MBA,Operations,9+,False
STU003715,Female,MCA,Computer Applications,7-8,False
STU003716,Male,MBA,Finance,9+,True
STU003717,Female,M.Tech,Data Science,9+,True
STU003718,Female,MBA,Finance,8-9,False
STU003719,Female,M.Tech,Data Science,7-8,True
STU003720,Female,MBA,Operations,9+,True
STU003721,Male,B.Tech,Computer Science,9+,True
STU003722,Male,M.Tech,Computer Science,9+,False
STU003723,Male,MBA,Operations,7-8,True
STU003724,Male,MBA,Operations,7-8,True
STU003725,Male,B.Tech,Civil,7-8,False
STU003726,Male,B.Tech,Electronics,8-9,False
STU003727,Male,M.Tech,Computer Science,8-9,False
STU003728,Male,B.Tech,Computer Science,8-9,False
STU003729,Male,M.Tech,VLSI,7-8,False
STU003730,Male,MBA,Operations,7-8,False
STU003731,Male,M.Tech,Computer Science,7-8,True
STU003732,Male,B.Tech,Electronics,8-9,True
STU003733,Female,MCA,Computer Applications,8-9,True
STU003734,Male,B.Tech,Computer Science,8-9,True
STU003735,Female,MCA,Computer Applications,9+,True
STU003736,Male,MBA,Finance,<7,False
STU003737,Male,MCA,Computer Applications,7-8,True
STU003738,Male,MBA,Marketing,8-9,True
STU003739,Female,MCA,Computer Applications,7-8,True
STU003740,Male,M.Tech,Computer Science,7-8,True
STU003741,Male,B.Tech,Information Technology,7-8,False
STU003742,Male,MBA,Finance,8-9,False
STU003743,Male,B.Tech,Civil,7-8,False
STU003744,Male,MBA,Operations,7-8,True
STU003745,Female,B.Tech,Electronics,7-8,True
STU003746,Female,M.Tech,Data Science,<7,False
STU003747,Female,MCA,Computer Applications,<7,True
STU003748,Male,MCA,Computer Applications,8-9,True
STU003749,Female,B.Tech,Mechanical,7-8,False
STU003750,Female,MCA,Computer Applications,8-9,True
STU003751,Male,M.Tech,Computer Science,8-9,True
STU003752,Female,M.Tech,VLSI,7-8,False
STU003753,Male,MBA,Finance,<7,False
STU003754,Male,MCA,Computer Applications,7-8,False
STU003755,Male,B.Tech,Civil,7-8,False
STU003756,Male,M.Tech,Computer Science,<7,True
STU003757,Female,MCA,Computer Applications,7-8,False
STU003758,Male,B.Tech,Electronics,7-8,True
STU003759,Male,MCA,Computer Applications,<7,True
STU003760,Male,MCA,Computer Applications,9+,True
STU003761,Female,MCA,Computer Applications,9+,True
STU003762,Female,B.Tech,Information Technology,7-8,True
STU003763,Female,MCA,Computer Applications,8-9,True
STU003764,Female,MCA,Computer Applications,7-8,False
STU003765,Male,B.Tech,Computer Science,<7,True
STU003766,Male,MBA,Marketing,7-8,True
STU003767,Male,MCA,Computer Applications,7-8,False
STU003768,Male,MCA,Computer Applications,7-8,False
STU003769,Female,M.Tech,Computer Science,7-8,False
STU003770,Male,MBA,Finance,7-8,False
STU003771,Male,B.Tech,Civil,8-9,False
STU003772,Male,M.Tech,Data Science,7-8,False
STU003773,Male,MBA,Finance,<7,False
STU003774,Female,MBA,Marketing,7-8,True
STU003775,Male,M.Tech,VLSI,8-9,False
STU003776,Male,MBA,Operations,8-9,True
STU003777,Male,MBA,Operations,7-8,True
STU003778,Male,MCA,Computer Applications,8-9,True
STU003779,Male,M.Tech,VLSI,8-9,False
STU003780,Male,MBA,Operations,8-9,True
STU003781,Female,B.Tech,Electronics,7-8,False
STU003782,Male,M.Tech,Data Science,8-9,True
STU003783,Female,MBA,Marketing,<7,False
STU003784,Male,MCA,Computer Applications,9+,True
STU003785,Male,B.Tech,Civil,7-8,True
STU003786,Female,MBA,Operations,<7,True
STU003787,Female,B.Tech,Civil,<7,False
STU003788,Male,M.Tech,Computer Science,7-8,False
STU003789,Female,M.Tech,VLSI,7-8,False
STU003790,Male,MCA,Computer Applications,7-8,False
STU003791,Male,M.Tech,Computer Science,8-9,True
STU003792,Male,MBA,Operations,7-8,True
STU003793,Female,B.Tech,Electronics,8-9,True
STU003794,Male,M.Tech,Data Science,8-9,True
STU003795,Male,MBA,Operations,8-9,True
STU003796,Male,B.Tech,Mechanical,7-8,False
STU003797,Male,MBA,Marketing,7-8,False
STU003798,Male,MBA,Operations,7-8,True
STU003799,Male,MCA,Computer Applications,9+,False
STU003800,Female,MCA,Computer Applications,8-9,False
STU003801,Male,M.Tech,Data Science,7-8,False
STU003802,Female,B.Tech,Computer Science,7-8,False
STU003803,Male,MCA,Computer Applications,8-9,False
STU003804,Male,MCA,Computer Applications,8-9,False
STU003805,Female,B.Tech,Mechanical,9+,False
STU003806,Female,MCA,Computer Applications,<7,False
STU003807,Female,MBA,Marketing,8-9,True
STU003808,Male,M.Tech,Data Science,9+,False
STU003809,Female,M.Tech,Computer Science,7-8,False
STU003810,Female,M.Tech,Data Science,7-8,True
STU003811,Female,MCA,Computer Applications,7-8,False
STU003812,Male,B.Tech,Electronics,7-8,False
STU003813,Male,B.Tech,Electronics,8-9,True
STU003814,Male,MBA,Marketing,<7,False
STU003815,Female,M.Tech,Data Science,7-8,True
STU003816,Male,MBA,Operations,8-9,False
STU003817,Male,B.Tech,Mechanical,7-8,False
STU003818,Female,M.Tech,VLSI,<7,True
STU003819,Male,MBA,Marketing,7-8,False
STU003820,Male,M.Tech,VLSI,<7,True
STU003821,Female,M.Tech,VLSI,7-8,True
STU003822,Male,B.Tech,Mechanical,<7,False
STU003823,Male,B.Tech,Civil,7-8,False
STU003824,Male,MBA,Operations,7-8,True
STU003825,Female,B.Tech,Electronics,7-8,True
STU003826,Male,M.Tech,Data Science,7-8,True
STU003827,Female,M.Tech,Data Science,7-8,True
STU003828,Male,MCA,Computer Applications,<7,True
STU003829,Female,MCA,Computer Applications,<7,True
STU003830,Male,B.Tech,Mechanical,8-9,False
STU003831,Female,M.Tech,Computer Science,7-8,False
STU003832,Male,MBA,Marketing,8-9,False
STU003833,Male,M.Tech,Data Science,8-9,False
STU003834,Male,MCA,Computer Applications,7-8,True
STU003835,Female,MBA,Marketing,8-9,False
STU003836,Female,M.Tech,Data Science,<7,False
STU003837,Male,MCA,Computer Applications,<7,True
STU003838,Male,B.Tech,Computer Science,<7,False
STU003839,Female,M.Tech,Data Science,<7,False
STU003840,Male,MBA,Finance,9+,True
STU003841,Male,B.Tech,Information Technology,7-8,False
STU003842,Male,MCA,Computer Applications,<7,False
STU003843,Male,B.Tech,Computer Science,9+,False
STU003844,Female,MCA,Computer Applications,7-8,False
STU003845,Female,MBA,Marketing,9+,False
STU003846,Female,MCA,Computer Applications,7-8,False
STU003847,Female,MBA,Finance,8-9,False
STU003848,Male,MCA,Computer Applications,7-8,False
STU003849,Female,M.Tech,VLSI,7-8,True
STU003850,Female,M.Tech,Computer Science,8-9,False
STU003851,Male,MBA,Operations,7-8,True
STU003852,Male,B.Tech,Computer Science,9+,True
STU003853,Male,MCA,Computer Applications,8-9,True
STU003854,Female,MBA,Operations,8-9,False
STU003855,Male,B.Tech,Mechanical,8-9,False
STU003856,Male,M.Tech,Computer Science,7-8,False
STU003857,Female,B.Tech,Computer Science,<7,True
STU003858,Male,MBA,Operations,8-9,True
STU003859,Male,B.Tech,Information Technology,8-9,False
STU003860,Male,B.Tech,Mechanical,7-8,False
STU003861,Male,MBA,Operations,8-9,False
STU003862,Female,MCA,Computer Applications,7-8,False
STU003863,Female,MCA,Computer Applications,<7,False
STU003864,Male,M.Tech,Computer Science,7-8,False
STU003865,Male,MCA,Computer Applications,9+,True
STU003866,Male,MCA,Computer Applications,8-9,False
STU003867,Male,MBA,Marketing,7-8,False
STU003868,Male,M.Tech,Data Science,7-8,False
STU003869,Male,B.Tech,Computer Science,7-8,False
STU003870,Male,MBA,Marketing,<7,True
STU003871,Female,M.Tech,Computer Science,7-8,False
STU003872,Male,MBA,Finance,<7,True
STU003873,Female,M.Tech,VLSI,9+,True
STU003874,Male,M.Tech,Computer Science,8-9,False
STU003875,Male,B.Tech,Electronics,<7,False
STU003876,Female,M.Tech,Data Science,9+,False
STU003877,Female,MCA,Computer Applications,7-8,False
STU003878,Female,MCA,Computer Applications,<7,True
STU003879,Male,MCA,Computer Applications,<7,False
STU003880,Male,MCA,Computer Applications,8-9,False
STU003881,Male,MCA,Computer Applications,7-8,True
STU003882,Male,MCA,Computer Applications,7-8,True
STU003883,Female,M.Tech,Computer Science,8-9,False
STU003884,Male,MBA,Finance,7-8,False
STU003885,Male,M.Tech,Computer Science,7-8,False
STU003886,Male,MBA,Marketing,8-9,False
STU003887,Male,MCA,Computer Applications,8-9,False
STU003888,Male,MBA,Marketing,9+,False
STU003889,Male,M.Tech,VLSI,8-9,False
STU003890,Male,MBA,Finance,7-8,True
STU003891,Male,B.Tech,Civil,<7,True
STU003892,Female,B.Tech,Information Technology,8-9,True
STU003893,Female,MCA,Computer Applications,7-8,True
STU003894,Male,B.Tech,Information Technology,8-9,False
STU003895,Female,B.Tech,Computer Science,8-9,True
STU003896,Male,MBA,Finance,8-9,True
STU003897,Male,B.Tech,Computer Science,8-9,False
STU003898,Male,MCA,Computer Applications,9+,True
STU003899,Male,B.Tech,Information Technology,<7,False
STU003900,Female,M.Tech,VLSI,7-8,False
STU003901,Male,MBA,Operations,7-8,False
STU003902,Male,MCA,Computer Applications,8-9,False
STU003903,Male,B.Tech,Information Technology,7-8,False
STU003904,Female,MCA,Computer Applications,7-8,False
STU003905,Male,M.Tech,Data Science,8-9,False
STU003906,Male,MBA,Finance,7-8,True
STU003907,Male,MBA,Marketing,7-8,True
STU003908,Female,B.Tech,Electronics,<7,True
STU003909,Male,M.Tech,VLSI,8-9,True
STU003910,Male,MCA,Computer Applications,7-8,False
STU003911,Male,M.Tech,VLSI,<7,False
STU003912,Male,MCA,Computer Applications,9+,True
STU003913,Male,M.Tech,Data Science,8-9,True
STU003914,Female,B.Tech,Mechanical,8-9,False
STU003915,Male,B.Tech,Information Technology,7-8,False
STU003916,Male,B.Tech,Information Technology,7-8,False
STU003917,Male,MBA,Marketing,9+,False
STU003918,Male,B.Tech,Computer Science,<7,False
STU003919,Male,MCA,Computer Applications,8-9,False
STU003920,Male,MCA,Computer Applications,8-9,True
STU003921,Male,MBA,Operations,8-9,True
STU003922,Female,MCA,Computer Applications,<7,False
STU003923,Male,MCA,Computer Applications,7-8,True
STU003924,Female,M.Tech,Computer Science,7-8,True
STU003925,Male,B.Tech,Mechanical,8-9,False
STU003926,Female,B.Tech,Mechanical,7-8,False
STU003927,Male,M.Tech,Computer Science,8-9,False
STU003928,Male,MCA,Computer Applications,7-8,True
STU003929,Male,MBA,Operations,8-9,False
STU003930,Male,MCA,Computer Applications,7-8,True
STU003931,Female,MBA,Operations,7-8,False
STU003932,Male,M.Tech,Computer Science,<7,True
STU003933,Male,B.Tech,Mechanical,8-9,False
STU003934,Male,B.Tech,Information Technology,8-9,False
STU003935,Male,M.Tech,VLSI,8-9,True
STU003936,Male,B.Tech,Electronics,7-8,True
STU003937,Male,MBA,Operations,8-9,False
STU003938,Female,M.Tech,VLSI,7-8,False
STU003939,Male,M.Tech,Computer Science,8-9,False
STU003940,Female,MBA,Marketing,8-9,False
STU003941,Female,MCA,Computer Applications,7-8,False
STU003942,Male,B.Tech,Computer Science,8-9,False
STU003943,Female,B.Tech,Computer Science,9+,False
STU003944,Female,MBA,Finance,7-8,True
STU003945,Male,B.Tech,Information Technology,8-9,True
STU003946,Female,MBA,Marketing,7-8,True
STU003947,Female,MBA,Operations,8-9,True
STU003948,Female,MBA,Finance,8-9,True
STU003949,Male,MBA,Marketing,8-9,True
STU003950,Male,M.Tech,Data Science,8-9,False
STU003951,Male,B.Tech,Mechanical,<7,True
STU003952,Male,MCA,Computer Applications,7-8,False
STU003953,Male,MCA,Computer Applications,7-8,True
STU003954,Male,MCA,Computer Applications,9+,True
STU003955,Male,MBA,Operations,7-8,False
STU003956,Female,MBA,Finance,<7,True
STU003957,Male,MCA,Computer Applications,7-8,True
STU003958,Male,MBA,Finance,8-9,True
STU003959,Male,MCA,Computer Applications,7-8,False
STU003960,Male,M.Tech,Data Science,9+,True
STU003961,Female,B.Tech,Civil,8-9,False
STU003962,Male,M.Tech,VLSI,7-8,True
STU003963,Female,MCA,Computer Applications,9+,True
STU003964,Male,M.Tech,VLSI,7-8,True
STU003965,Female,B.Tech,Electronics,7-8,False
STU003966,Male,MCA,Computer Applications,8-9,True
STU003967,Female,B.Tech,Mechanical,7-8,True
STU003968,Female,B.Tech,Computer Science,<7,True
STU003969,Male,MCA,Computer Applications,8-9,False
STU003970,Male,B.Tech,Information Technology,<7,False
STU003971,Female,MBA,Marketing,8-9,True
STU003972,Male,M.Tech,Computer Science,8-9,False
STU003973,Female,MBA,Finance,8-9,True
STU003974,Female,B.Tech,Computer Science,7-8,False
STU003975,Male,M.Tech,VLSI,<7,False
STU003976,Female,B.Tech,Computer Science,8-9,False
STU003977,Male,MBA,Marketing,9+,False
STU003978,Male,MCA,Computer Applications,<7,True
STU003979,Female,MCA,Computer Applications,9+,True
STU003980,Male,MBA,Operations,<7,False
STU003981,Female,B.Tech,Mechanical,7-8,False
STU003982,Female,MBA,Operations,7-8,False
STU003983,Male,MCA,Computer Applications,8-9,False
STU003984,Male,MCA,Computer Applications,9+,False
STU003985,Male,MBA,Finance,7-8,True
STU003986,Female,MCA,Computer Applications,8-9,False
STU003987,Female,MBA,Finance,8-9,False
STU003988,Male,B.Tech,Information Technology,7-8,True
STU003989,Male,MCA,Computer Applications,9+,False
STU003990,Male,M.Tech,VLSI,7-8,True
STU003991,Male,MBA,Finance,7-8,False
STU003992,Female,MBA,Marketing,9+,False
STU003993,Male,MBA,Marketing,8-9,False
STU003994,Female,M.Tech,Computer Science,7-8,False
STU003995,Male,B.Tech,Mechanical,7-8,True
STU003996,Male,MBA,Marketing,7-8,True
STU003997,Female,MBA,Marketing,<7,True
STU003998,Female,M.Tech,VLSI,9+,True
STU003999,Female,B.Tech,Mechanical,9+,True
STU004000,Male,M.Tech,VLSI,8-9,False
STU004001,Female,M.Tech,Data Science,<7,False
STU004002,Male,MBA,Marketing,9+,False
STU004003,Male,M.Tech,VLSI,9+,False
STU004004,Female,MBA,Operations,9+,False
STU004005,Male,MCA,Computer Applications,9+,False
STU004006,Female,B.Tech,Information Technology,8-9,True
STU004007,Male,M.Tech,Computer Science,9+,False
STU004008,Female,MBA,Operations,7-8,False
STU004009,Female,MCA,Computer Applications,<7,True
STU004010,Male,M.Tech,VLSI,8-9,False
STU004011,Female,MBA,Marketing,8-9,False
STU004012,Male,B.Tech,Civil,7-8,False
STU004013,Female,MCA,Computer Applications,7-8,False
STU004014,Male,M.Tech,Data Science,7-8,True
STU004015,Female,M.Tech,Data Science,7-8,True
STU004016,Female,B.Tech,Computer Science,<7,True
STU004017,Male,B.Tech,Mechanical,7-8,False
STU004018,Female,MCA,Computer Applications,9+,True
STU004019,Male,MCA,Computer Applications,9+,True
STU004020,Male,B.Tech,Electronics,7-8,True
STU004021,Female,M.Tech,Computer Science,8-9,True
STU004022,Male,B.Tech,Civil,7-8,False
STU004023,Male,MCA,Computer Applications,8-9,True
STU004024,Female,MCA,Computer Applications,<7,True
STU004025,Female,MBA,Marketing,7-8,False
STU004026,Male,MBA,Operations,8-9,False
STU004027,Male,M.Tech,Computer Science,7-8,False
STU004028,Male,M.Tech,Data Science,7-8,True
STU004029,Female,B.Tech,Electronics,<7,True
STU004030,Male,MBA,Finance,7-8,True
STU004031,Male,MCA,Computer Applications,9+,False
STU004032,Male,B.Tech,Mechanical,7-8,True
STU004033,Female,B.Tech,Civil,8-9,True
STU004034,Female,MBA,Operations,9+,False
STU004035,Male,B.Tech,Information Technology,7-8,False
STU004036,Male,M.Tech,VLSI,7-8,True
STU004037,Male,B.Tech,Civil,<7,False
STU004038,Male,MCA,Computer Applications,9+,True
STU004039,Male,MCA,Computer Applications,8-9,False
STU004040,Female,B.Tech,Information Technology,8-9,False
STU004041,Male,M.Tech,VLSI,<7,True
STU004042,Female,B.Tech,Mechanical,8-9,True
STU004043,Male,MBA,Finance,<7,False
STU004044,Male,M.Tech,Data Science,7-8,True
STU004045,Male,MBA,Operations,7-8,False
STU004046,Male,MBA,Operations,7-8,False
STU004047,Female,MCA,Computer Applications,7-8,False
STU004048,Male,MBA,Finance,9+,True
STU004049,Male,M.Tech,Data Science,8-9,False
STU004050,Male,M.Tech,Data Science,<7,True
STU004051,Male,B.Tech,Civil,7-8,False
STU004052,Male,M.Tech,VLSI,7-8,False
STU004053,Female,B.Tech,Civil,<7,False
STU004054,Female,MBA,Operations,8-9,False
STU004055,Male,MBA,Finance,9+,True
STU004056,Male,M.Tech,Computer Science,7-8,False
STU004057,Female,MBA,Marketing,7-8,False
STU004058,Female,B.Tech,Computer Science,9+,False
STU004059,Female,MBA,Marketing,9+,True
STU004060,Male,M.Tech,Data Science,7-8,True
STU004061,Male,M.Tech,Computer Science,9+,True
STU004062,Male,MCA,Computer Applications,9+,False
STU004063,Male,MCA,Computer Applications,<7,True
STU004064,Male,M.Tech,VLSI,8-9,True
STU004065,Female,MCA,Computer Applications,<7,False
STU004066,Male,MBA,Operations,7-8,False
STU004067,Male,MBA,Marketing,8-9,False
STU004068,Female,M.Tech,Data Science,8-9,False
STU004069,Male,M.Tech,Data Science,7-8,True
STU004070,Female,MBA,Operations,7-8,True
STU004071,Male,MBA,Operations,<7,True
STU004072,Male,B.Tech,Mechanical,7-8,False
STU004073,Male,M.Tech,Computer Science,8-9,True
STU004074,Female,B.Tech,Civil,<7,False
STU004075,Male,B.Tech,Information Technology,8-9,False
STU004076,Female,B.Tech,Mechanical,<7,False
STU004077,Male,MBA,Marketing,7-8,False
STU004078,Female,MBA,Finance,<7,False
STU004079,Male,MCA,Computer Applications,7-8,False
STU004080,Male,MBA,Marketing,7-8,False
STU004081,Male,MCA,Computer Applications,<7,True
STU004082,Male,M.Tech,VLSI,8-9,False
STU004083,Male,MCA,Computer Applications,<7,True
STU004084,Female,MBA,Finance,8-9,True
STU004085,Male,MCA,Computer Applications,9+,False
STU004086,Male,B.Tech,Computer Science,7-8,False
STU004087,Male,B.Tech,Civil,7-8,False
STU004088,Female,M.Tech,Data Science,9+,True
STU004089,Female,B.Tech,Mechanical,7-8,False
STU004090,Male,MCA,Computer Applications,<7,True
STU004091,Female,B.Tech,Civil,8-9,True
STU004092,Female,B.Tech,Electronics,8-9,True
STU004093,Male,MCA,Computer Applications,8-9,False
STU004094,Male,MBA,Finance,8-9,True
STU004095,Female,MCA,Computer Applications,<7,True
STU004096,Female,M.Tech,Computer Science,8-9,False
STU004097,Male,MBA,Finance,7-8,False
STU004098,Male,B.Tech,Civil,8-9,True
STU004099,Male,B.Tech,Computer Science,8-9,True
STU004100,Male,MBA,Operations,7-8,True
STU004101,Male,MBA,Operations,<7,False
STU004102,Male,MBA,Marketing,7-8,False
STU004103,Female,B.Tech,Information Technology,7-8,True
STU004104,Female,B.Tech,Mechanical,7-8,True
STU004105,Female,B.Tech,Civil,7-8,False
STU004106,Female,MBA,Marketing,7-8,True
STU004107,Male,M.Tech,Data Science,7-8,True
STU004108,Female,MBA,Finance,8-9,False
STU004109,Male,MCA,Computer Applications,7-8,False
STU004110,Male,B.Tech,Information Technology,9+,False
STU004111,Female,M.Tech,Computer Science,<7,True
STU004112,Female,M.Tech,VLSI,8-9,False
STU004113,Male,B.Tech,Computer Science,9+,False
STU004114,Female,MBA,Operations,7-8,True
STU004115,Male,MCA,Computer Applications,7-8,False
STU004116,Female,B.Tech,Civil,8-9,False
STU004117,Male,M.Tech,VLSI,7-8,False
STU004118,Female,B.Tech,Mechanical,9+,False
STU004119,Male,MCA,Computer Applications,7-8,False
STU004120,Female,MBA,Marketing,7-8,True
STU004121,Male,B.Tech,Information Technology,<7,False
STU004122,Male,MCA,Computer Applications,8-9,False
STU004123,Female,MBA,Finance,9+,False
STU004124,Female,MBA,Marketing,8-9,True
STU004125,Male,MBA,Operations,8-9,False
STU004126,Male,M.Tech,Data Science,7-8,False
STU004127,Male,M.Tech,Computer Science,9+,True
STU004128,Male,MCA,Computer Applications,8-9,False
STU004129,Male,B.Tech,Mechanical,9+,True
STU004130,Female,B.Tech,Electronics,7-8,False
STU004131,Female,B.Tech,Electronics,8-9,True
STU004132,Male,B.Tech,Computer Science,<7,True
STU004133,Female,B.Tech,Information Technology,9+,True
STU004134,Male,B.Tech,Information Technology,7-8,True
STU004135,Female,MBA,Operations,8-9,False
STU004136,Male,B.Tech,Computer Science,8-9,True
STU004137,Female,B.Tech,Information Technology,7-8,False
STU004138,Female,MCA,Computer Applications,7-8,True
STU004139,Female,MCA,Computer Applications,9+,False
STU004140,Male,MCA,Computer Applications,8-9,True
STU004141,Female,B.Tech,Computer Science,7-8,False
STU004142,Female,MBA,Operations,9+,False
STU004143,Female,MBA,Marketing,<7,True
STU004144,Male,M.Tech,Computer Science,9+,True
STU004145,Female,MCA,Computer Applications,7-8,False
STU004146,Male,MBA,Operations,7-8,False
STU004147,Female,B.Tech,Civil,7-8,False
STU004148,Male,MCA,Computer Applications,7-8,False
STU004149,Male,B.Tech,Information Technology,7-8,False
STU004150,Male,MCA,Computer Applications,9+,False
STU004151,Male,M.Tech,Data Science,9+,False
STU004152,Male,MBA,Finance,7-8,True
STU004153,Male,MCA,Computer Applications,7-8,True
STU004154,Male,MBA,Operations,8-9,True
STU004155,Male,M.Tech,Data Science,8-9,True
STU004156,Male,MCA,Computer Applications,7-8,True
STU004157,Male,B.Tech,Information Technology,7-8,False
STU004158,Male,MCA,Computer Applications,9+,False
STU004159,Female,M.Tech,Computer Science,7-8,False
STU004160,Female,MCA,Computer Applications,8-9,False
STU004161,Male,MCA,Computer Applications,8-9,True
STU004162,Male,B.Tech,Information Technology,7-8,False
STU004163,Male,B.Tech,Civil,7-8,True
STU004164,Male,MBA,Operations,7-8,False
STU004165,Female,B.Tech,Electronics,8-9,False
STU004166,Male,MCA,Computer Applications,<7,False
STU004167,Male,MCA,Computer Applications,7-8,True
STU004168,Female,M.Tech,VLSI,8-9,True
STU004169,Female,MCA,Computer Applications,8-9,False
STU004170,Male,M.Tech,VLSI,9+,True
STU004171,Male,M.Tech,Data Science,7-8,False
STU004172,Male,MCA,Computer Applications,8-9,False
STU004173,Male,M.Tech,Data Science,7-8,False
STU004174,Male,B.Tech,Computer Science,7-8,True
STU004175,Female,MBA,Finance,<7,True
STU004176,Female,MCA,Computer Applications,<7,True
STU004177,Female,B.Tech,Mechanical,7-8,False
STU004178,Male,MCA,Computer Applications,7-8,True
STU004179,Male,B.Tech,Information Technology,8-9,False
STU004180,Male,MBA,Operations,8-9,True
STU004181,Male,MBA,Finance,7-8,False
STU004182,Male,B.Tech,Civil,7-8,False
STU004183,Male,M.Tech,Computer Science,7-8,False
STU004184,Male,MBA,Marketing,<7,False
STU004185,Male,M.Tech,VLSI,7-8,True
STU004186,Female,MBA,Marketing,9+,False
STU004187,Male,M.Tech,VLSI,7-8,True
STU004188,Male,M.Tech,VLSI,7-8,True
STU004189,Female,MBA,Finance,8-9,True
STU004190,Male,B.Tech,Information Technology,<7,True
STU004191,Male,B.Tech,Mechanical,9+,True
STU004192,Female,M.Tech,Computer Science,<7,False
STU004193,Male,B.Tech,Mechanical,7-8,False
STU004194,Male,MBA,Marketing,<7,True
STU004195,Male,M.Tech,Data Science,7-8,False
STU004196,Male,MBA,Marketing,7-8,False
STU004197,Male,M.Tech,Data Science,<7,False
STU004198,Male,MCA,Computer Applications,8-9,False
STU004199,Male,MCA,Computer Applications,7-8,True
STU004200,Female,MBA,Finance,9+,True
STU004201,Male,MBA,Marketing,<7,False
STU004202,Male,MCA,Computer Applications,7-8,False
STU004203,Female,B.Tech,Mechanical,9+,False
STU004204,Male,M.Tech,Data Science,9+,False
STU004205,Male,MCA,Computer Applications,7-8,True
STU004206,Female,B.Tech,Computer Science,<7,True
STU004207,Female,MBA,Operations,9+,False
STU004208,Female,B.Tech,Computer Science,9+,True
STU004209,Male,MBA,Finance,9+,True
STU004210,Female,MBA,Finance,8-9,False
STU004211,Female,MCA,Computer Applications,7-8,True
STU004212,Male,MBA,Marketing,<7,True
STU004213,Male,MBA,Marketing,<7,False
STU004214,Male,MBA,Operations,8-9,True
STU004215,Male,MCA,Computer Applications,9+,False
STU004216,Male,M.Tech,VLSI,8-9,True
STU004217,Male,MCA,Computer Applications,7-8,True
STU004218,Female,MBA,Operations,7-8,False
STU004219,Male,B.Tech,Electronics,9+,False
STU004220,Female,MBA,Operations,9+,True
STU004221,Female,MCA,Computer Applications,9+,False
STU004222,Female,M.Tech,VLSI,7-8,False
STU004223,Male,B.Tech,Mechanical,7-8,False
STU004224,Male,M.Tech,Data Science,<7,False
STU004225,Female,MBA,Finance,9+,False
STU004226,Female,M.Tech,VLSI,8-9,False
STU004227,Female,MBA,Marketing,<7,True
STU004228,Female,B.Tech,Electronics,9+,False
STU004229,Female,MCA,Computer Applications,7-8,False
STU004230,Female,M.Tech,Data Science,8-9,True
STU004231,Female,B.Tech,Civil,9+,True
STU004232,Male,M.Tech,Data Science,7-8,False
STU004233,Female,MCA,Computer Applications,<7,False
STU004234,Male,MCA,Computer Applications,<7,True
STU004235,Male,B.Tech,Civil,9+,True
STU004236,Male,MBA,Marketing,7-8,True
STU004237,Male,MBA,Operations,8-9,False
STU004238,Male,MCA,Computer Applications,7-8,False
STU004239,Male,MBA,Operations,7-8,True
STU004240,Female,B.Tech,Civil,7-8,True
STU004241,Male,B.Tech,Civil,7-8,True
STU004242,Male,B.Tech,Information Technology,8-9,True
STU004243,Male,M.Tech,VLSI,7-8,True
STU004244,Male,M.Tech,Computer Science,<7,False
STU004245,Male,MBA,Marketing,8-9,True
STU004246,Female,MCA,Computer Applications,<7,True
STU004247,Male,MBA,Finance,8-9,False
STU004248,Female,MBA,Finance,8-9,False
STU004249,Male,B.Tech,Electronics,7-8,False
STU004250,Male,MBA,Marketing,<7,True
STU004251,Male,B.Tech,Electronics,8-9,False
STU004252,Female,M.Tech,VLSI,8-9,True
STU004253,Male,M.Tech,Data Science,8-9,False
STU004254,Male,M.Tech,VLSI,<7,False
STU004255,Male,MBA,Operations,9+,False
STU004256,Female,MBA,Finance,9+,True
STU004257,Male,MBA,Marketing,8-9,True
STU004258,Female,B.Tech,Civil,<7,False
STU004259,Female,B.Tech,Civil,8-9,False
STU004260,Female,MBA,Finance,8-9,True
STU004261,Female,M.Tech,Computer Science,7-8,True
STU004262,Male,MBA,Operations,8-9,False
STU004263,Female,MCA,Computer Applications,<7,False
STU004264,Male,M.Tech,Data Science,<7,False
STU004265,Male,MCA,Computer Applications,<7,False
STU004266,Male,M.Tech,VLSI,7-8,True
STU004267,Female,MBA,Marketing,8-9,True
STU004268,Female,MBA,Finance,9+,True
STU004269,Female,MCA,Computer Applications,8-9,True
STU004270,Female,MCA,Computer Applications,7-8,True
STU004271,Male,M.Tech,Computer Science,8-9,False
STU004272,Male,B.Tech,Electronics,8-9,True
STU004273,Female,MCA,Computer Applications,8-9,False
STU004274,Female,B.Tech,Mechanical,7-8,False
STU004275,Male,MCA,Computer Applications,<7,False
STU004276,Male,MBA,Marketing,7-8,True
STU004277,Male,B.Tech,Mechanical,7-8,True
STU004278,Male,MCA,Computer Applications,9+,True
STU004279,Female,B.Tech,Information Technology,9+,True
STU004280,Female,B.Tech,Electronics,7-8,False
STU004281,Female,MCA,Computer Applications,<7,False
STU004282,Male,MBA,Operations,9+,True
STU004283,Male,MCA,Computer Applications,7-8,False
STU004284,Female,MBA,Marketing,8-9,False
STU004285,Male,MCA,Computer Applications,<7,True
STU004286,Female,MCA,Computer Applications,7-8,False
STU004287,Female,MBA,Marketing,<7,False
STU004288,Female,B.Tech,Civil,9+,False
STU004289,Male,B.Tech,Information Technology,<7,False
STU004290,Male,MBA,Operations,9+,True
STU004291,Male,M.Tech,VLSI,7-8,False
STU004292,Female,MBA,Marketing,7-8,True
STU004293,Female,MBA,Finance,7-8,False
STU004294,Male,B.Tech,Mechanical,<7,False
STU004295,Male,M.Tech,Data Science,8-9,False
STU004296,Female,B.Tech,Electronics,7-8,False
STU004297,Male,MCA,Computer Applications,9+,True
STU004298,Female,MBA,Finance,7-8,False
STU004299,Male,B.Tech,Computer Science,7-8,True
STU004300,Male,MBA,Operations,7-8,False
STU004301,Female,MCA,Computer Applications,8-9,True
STU004302,Male,M.Tech,VLSI,<7,True
STU004303,Female,M.Tech,VLSI,7-8,False
STU004304,Female,MCA,Computer Applications,8-9,False
STU004305,Female,M.Tech,Computer Science,7-8,False
STU004306,Male,MCA,Computer Applications,7-8,False
STU004307,Female,MBA,Finance,7-8,True
STU004308,Male,MBA,Operations,7-8,False
STU004309,Male,B.Tech,Civil,7-8,False
STU004310,Male,MBA,Marketing,8-9,False
STU004311,Male,M.Tech,VLSI,8-9,False
STU004312,Male,MCA,Computer Applications,<7,False
STU004313,Female,B.Tech,Civil,7-8,False
STU004314,Male,M.Tech,VLSI,7-8,False
STU004315,Male,B.Tech,Information Technology,8-9,False
STU004316,Male,MCA,Computer Applications,9+,True
STU004317,Male,MBA,Finance,7-8,True
STU004318,Male,M.Tech,Computer Science,9+,False
STU004319,Male,MCA,Computer Applications,8-9,True
STU004320,Male,MCA,Computer Applications,8-9,False
STU004321,Male,MBA,Marketing,<7,False
STU004322,Female,M.Tech,Data Science,7-8,True
STU004323,Male,MCA,Computer Applications,7-8,False
STU004324,Male,MBA,Finance,8-9,True
STU004325,Male,MCA,Computer Applications,8-9,False
STU004326,Male,B.Tech,Computer Science,9+,False
STU004327,Male,MCA,Computer Applications,7-8,False
STU004328,Male,MBA,Operations,7-8,True
STU004329,Male,M.Tech,VLSI,<7,False
STU004330,Female,B.Tech,Mechanical,8-9,False
STU004331,Male,M.Tech,VLSI,7-8,True
STU004332,Female,MBA,Finance,7-8,False
STU004333,Male,MCA,Computer Applications,8-9,False
STU004334,Male,MCA,Computer Applications,8-9,True
STU004335,Male,M.Tech,Data Science,<7,False
STU004336,Male,M.Tech,Data Science,<7,True
STU004337,Female,B.Tech,Information Technology,7-8,False
STU004338,Female,B.Tech,Civil,<7,True
STU004339,Male,B.Tech,Computer Science,8-9,True
STU004340,Female,M.Tech,Computer Science,7-8,False
STU004341,Female,MBA,Operations,7-8,True
STU004342,Male,B.Tech,Information Technology,8-9,False
STU004343,Female,M.Tech,Computer Science,7-8,False
STU004344,Male,MCA,Computer Applications,7-8,False
STU004345,Male,M.Tech,Data Science,8-9,True
STU004346,Male,B.Tech,Mechanical,9+,True
STU004347,Male,B.Tech,Computer Science,7-8,True
STU004348,Male,M.Tech,VLSI,9+,True
STU004349,Female,MBA,Operations,8-9,False
STU004350,Male,B.Tech,Mechanical,8-9,False
STU004351,Male,M.Tech,VLSI,8-9,True
STU004352,Female,MBA,Finance,<7,True
STU004353,Female,M.Tech,VLSI,7-8,False
STU004354,Female,M.Tech,Computer Science,8-9,False
STU004355,Male,MCA,Computer Applications,<7,True
STU004356,Male,M.Tech,Data Science,7-8,False
STU004357,Male,MCA,Computer Applications,8-9,False
STU004358,Male,MBA,Marketing,7-8,False
STU004359,Male,MCA,Computer Applications,9+,False
STU004360,Female,MCA,Computer Applications,7-8,True
STU004361,Male,M.Tech,Computer Science,<7,False
STU004362,Male,MBA,Operations,7-8,False
STU004363,Male,MCA,Computer Applications,7-8,True
STU004364,Male,MBA,Marketing,<7,False
STU004365,Male,MCA,Computer Applications,<7,True
STU004366,Male,MBA,Operations,8-9,False
STU004367,Male,MBA,Finance,<7,True
STU004368,Male,B.Tech,Information Technology,8-9,True
STU004369,Male,MCA,Computer Applications,9+,False
STU004370,Male,M.Tech,Computer Science,<7,False
STU004371,Female,M.Tech,Data Science,9+,False
STU004372,Male,MBA,Finance,7-8,False
STU004373,Male,M.Tech,Computer Science,9+,False
STU004374,Male,B.Tech,Electronics,8-9,True
STU004375,Female,MBA,Marketing,9+,False
STU004376,Female,MBA,Operations,7-8,True
STU004377,Female,B.Tech,Information Technology,7-8,True
STU004378,Male,MCA,Computer Applications,9+,False
STU004379,Male,MCA,Computer Applications,9+,True
STU004380,Male,MCA,Computer Applications,7-8,False
STU004381,Male,MCA,Computer Applications,7-8,False
STU004382,Female,B.Tech,Electronics,9+,False
STU004383,Female,B.Tech,Civil,7-8,True
STU004384,Female,MCA,Computer Applications,7-8,False
STU004385,Male,B.Tech,Civil,<7,False
STU004386,Female,MCA,Computer Applications,7-8,True
STU004387,Male,MCA,Computer Applications,9+,True
STU004388,Male,MCA,Computer Applications,8-9,True
STU004389,Female,M.Tech,VLSI,7-8,False
STU004390,Female,MCA,Computer Applications,7-8,False
STU004391,Female,B.Tech,Electronics,9+,True
STU004392,Male,M.Tech,VLSI,9+,False
STU004393,Male,MBA,Operations,<7,False
STU004394,Male,M.Tech,VLSI,<7,False
STU004395,Male,MBA,Operations,9+,False
STU004396,Male,MBA,Marketing,8-9,False
STU004397,Male,MBA,Finance,8-9,False
STU004398,Male,MBA,Finance,8-9,False
STU004399,Male,MBA,Marketing,7-8,True
STU004400,Female,B.Tech,Information Technology,<7,True
STU004401,Female,B.Tech,Computer Science,8-9,False
STU004402,Male,M.Tech,Computer Science,7-8,True
STU004403,Male,M.Tech,VLSI,<7,False
STU004404,Male,B.Tech,Information Technology,7-8,True
STU004405,Male,M.Tech,Data Science,9+,False
STU004406,Male,MCA,Computer Applications,8-9,False
STU004407,Male,M.Tech,VLSI,7-8,True
STU004408,Female,B.Tech,Computer Science,7-8,False
STU004409,Male,B.Tech,Computer Science,7-8,False
STU004410,Female,M.Tech,VLSI,8-9,False
STU004411,Female,M.Tech,VLSI,9+,True
STU004412,Male,MBA,Marketing,8-9,False
STU004413,Male,MBA,Operations,7-8,False
STU004414,Male,MCA,Computer Applications,9+,True
STU004415,Female,B.Tech,Computer Science,<7,True
STU004416,Female,MBA,Finance,9+,False
STU004417,Male,M.Tech,Data Science,7-8,False
STU004418,Male,MCA,Computer Applications,7-8,True
STU004419,Male,MBA,Operations,7-8,False
STU004420,Female,MCA,Computer Applications,9+,True
STU004421,Male,B.Tech,Information Technology,7-8,False
STU004422,Male,MCA,Computer Applications,<7,False
STU004423,Female,B.Tech,Information Technology,7-8,False
STU004424,Male,MCA,Computer Applications,8-9,True
STU004425,Male,M.Tech,VLSI,8-9,False
STU004426,Female,MCA,Computer Applications,7-8,False
STU004427,Male,MBA,Marketing,9+,True
STU004428,Female,MBA,Operations,8-9,False
STU004429,Female,B.Tech,Mechanical,<7,False
STU004430,Male,B.Tech,Information Technology,9+,False
STU004431,Female,M.Tech,VLSI,8-9,False
STU004432,Male,M.Tech,Computer Science,9+,True
STU004433,Male,MBA,Operations,<7,False
STU004434,Male,MCA,Computer Applications,9+,False
STU004435,Male,M.Tech,VLSI,9+,False
STU004436,Male,B.Tech,Electronics,9+,False
STU004437,Male,B.Tech,Electronics,9+,False
STU004438,Male,B.Tech,Civil,7-8,True
STU004439,Female,MCA,Computer Applications,7-8,False
STU004440,Female,MBA,Marketing,9+,True
STU004441,Male,MCA,Computer Applications,<7,False
STU004442,Male,B.Tech,Electronics,7-8,False
STU004443,Male,M.Tech,VLSI,7-8,True
STU004444,Female,MCA,Computer Applications,9+,False
STU004445,Female,M.Tech,VLSI,7-8,False
STU004446,Male,MCA,Computer Applications,7-8,False
STU004447,Male,MCA,Computer Applications,9+,False
STU004448,Female,MCA,Computer Applications,7-8,True
STU004449,Male,MBA,Finance,8-9,False
STU004450,Male,M.Tech,VLSI,8-9,False
STU004451,Male,M.Tech,Data Science,9+,False
STU004452,Male,M.Tech,Data Science,7-8,True
STU004453,Male,M.Tech,VLSI,7-8,True
STU004454,Male,MBA,Operations,8-9,False
STU004455,Male,MBA,Marketing,7-8,True
STU004456,Female,MCA,Computer Applications,7-8,False
STU004457,Male,MBA,Marketing,7-8,False
STU004458,Female,B.Tech,Electronics,7-8,True
STU004459,Male,MBA,Finance,7-8,False
STU004460,Male,MBA,Finance,8-9,False
STU004461,Female,MBA,Finance,7-8,True
STU004462,Female,B.Tech,Information Technology,7-8,False
STU004463,Female,MCA,Computer Applications,8-9,True
STU004464,Female,B.Tech,Mechanical,7-8,True
STU004465,Male,B.Tech,Information Technology,8-9,False
STU004466,Male,MBA,Marketing,8-9,True
STU004467,Male,MCA,Computer Applications,8-9,False
STU004468,Female,MCA,Computer Applications,7-8,True
STU004469,Male,B.Tech,Computer Science,7-8,True
STU004470,Male,M.Tech,Computer Science,9+,True
STU004471,Male,B.Tech,Civil,8-9,False
STU004472,Male,MBA,Operations,7-8,False
STU004473,Male,B.Tech,Civil,7-8,False
STU004474,Male,M.Tech,VLSI,<7,False
STU004475,Male,M.Tech,Data Science,8-9,False
STU004476,Female,M.Tech,Data Science,7-8,True
STU004477,Male,MCA,Computer Applications,7-8,True
STU004478,Male,MCA,Computer Applications,7-8,False
STU004479,Female,MBA,Finance,<7,False
STU004480,Female,M.Tech,Data Science,8-9,True
STU004481,Male,MCA,Computer Applications,8-9,True
STU004482,Male,M.Tech,Computer Science,<7,False
STU004483,Male,MBA,Marketing,9+,False
STU004484,Male,M.Tech,Computer Science,8-9,True
STU004485,Male,MBA,Marketing,8-9,False
STU004486,Female,MCA,Computer Applications,8-9,True
STU004487,Male,MCA,Computer Applications,<7,False
STU004488,Male,MBA,Operations,7-8,False
STU004489,Male,B.Tech,Mechanical,8-9,True
STU004490,Female,MBA,Finance,8-9,False
STU004491,Male,M.Tech,Data Science,7-8,True
STU004492,Male,MCA,Computer Applications,8-9,False
STU004493,Male,MBA,Finance,7-8,False
STU004494,Female,MBA,Operations,7-8,False
STU004495,Male,MBA,Marketing,9+,False
STU004496,Male,MCA,Computer Applications,<7,False
STU004497,Male,MCA,Computer Applications,9+,False
STU004498,Male,M.Tech,Computer Science,<7,True
STU004499,Male,MCA,Computer Applications,8-9,True
STU004500,Male,MBA,Operations,<7,True
STU004501,Female,MBA,Marketing,<7,False
STU004502,Male,MCA,Computer Applications,7-8,True
STU004503,Male,M.Tech,VLSI,8-9,True
STU004504,Male,B.Tech,Civil,7-8,False
STU004505,Male,M.Tech,Data Science,<7,True
STU004506,Female,MCA,Computer Applications,7-8,True
STU004507,Male,B.Tech,Civil,<7,False
STU004508,Male,MCA,Computer Applications,<7,True
STU004509,Male,B.Tech,Computer Science,9+,False
STU004510,Male,MCA,Computer Applications,<7,True
STU004511,Female,MBA,Marketing,7-8,True
STU004512,Female,M.Tech,Data Science,<7,False
STU004513,Male,MBA,Operations,<7,True
STU004514,Male,MCA,Computer Applications,<7,False
STU004515,Female,M.Tech,Data Science,9+,True
STU004516,Male,M.Tech,Computer Science,7-8,False
STU004517,Female,MCA,Computer Applications,7-8,True
STU004518,Male,M.Tech,Data Science,<7,False
STU004519,Male,B.Tech,Computer Science,<7,True
STU004520,Female,MBA,Operations,<7,True
STU004521,Female,MBA,Finance,8-9,True
STU004522,Female,MBA,Operations,7-8,False
STU004523,Male,MCA,Computer Applications,8-9,True
STU004524,Male,MBA,Finance,<7,True
STU004525,Female,M.Tech,Data Science,8-9,True
STU004526,Male,MBA,Operations,8-9,False
STU004527,Male,MBA,Finance,<7,False
STU004528,Female,B.Tech,Computer Science,7-8,True
STU004529,Male,B.Tech,Electronics,9+,True
STU004530,Female,MBA,Finance,9+,True
STU004531,Male,M.Tech,Computer Science,9+,False
STU004532,Male,MCA,Computer Applications,<7,False
STU004533,Female,B.Tech,Mechanical,7-8,True
STU004534,Male,B.Tech,Civil,7-8,False
STU004535,Male,M.Tech,Computer Science,<7,False
STU004536,Male,MCA,Computer Applications,8-9,True
STU004537,Male,MBA,Finance,8-9,False
STU004538,Female,M.Tech,Computer Science,8-9,True
STU004539,Female,MBA,Finance,8-9,False
STU004540,Female,MCA,Computer Applications,7-8,False
STU004541,Female,MCA,Computer Applications,7-8,True
STU004542,Male,MBA,Marketing,8-9,False
STU004543,Male,B.Tech,Civil,<7,True
STU004544,Female,MBA,Operations,7-8,False
STU004545,Female,MBA,Finance,8-9,True
STU004546,Male,MCA,Computer Applications,7-8,True
STU004547,Male,MCA,Computer Applications,8-9,True
STU004548,Female,B.Tech,Civil,9+,False
STU004549,Male,B.Tech,Civil,<7,False
STU004550,Male,M.Tech,Computer Science,7-8,False
STU004551,Female,MCA,Computer Applications,9+,True
STU004552,Female,M.Tech,Data Science,7-8,True
STU004553,Male,MBA,Operations,<7,False
STU004554,Female,B.Tech,Electronics,8-9,False
STU004555,Female,M.Tech,Data Science,7-8,False
STU004556,Male,M.Tech,VLSI,8-9,True
STU004557,Male,B.Tech,Information Technology,<7,False
STU004558,Male,MCA,Computer Applications,8-9,False
STU004559,Male,MBA,Finance,7-8,True
STU004560,Male,B.Tech,Computer Science,7-8,True
STU004561,Female,MBA,Marketing,7-8,False
STU004562,Female,MBA,Marketing,9+,True
STU004563,Male,M.Tech,Computer Science,7-8,True
STU004564,Male,MCA,Computer Applications,8-9,False
STU004565,Female,M.Tech,VLSI,8-9,False
STU004566,Female,MCA,Computer Applications,<7,False
STU004567,Female,M.Tech,VLSI,8-9,False
STU004568,Male,M.Tech,VLSI,<7,True
STU004569,Male,B.Tech,Civil,7-8,False
STU004570,Male,B.Tech,Information Technology,8-9,False
STU004571,Female,MCA,Computer Applications,7-8,True
STU004572,Male,B.Tech,Information Technology,9+,True
STU004573,Female,M.Tech,VLSI,7-8,False
STU004574,Male,B.Tech,Mechanical,8-9,False
STU004575,Female,MCA,Computer Applications,7-8,False
STU004576,Male,MBA,Marketing,7-8,True
STU004577,Male,MBA,Finance,8-9,False
STU004578,Female,B.Tech,Mechanical,7-8,True
STU004579,Male,MCA,Computer Applications,7-8,True
STU004580,Male,B.Tech,Computer Science,7-8,True
STU004581,Female,MCA,Computer Applications,7-8,True
STU004582,Male,M.Tech,VLSI,<7,True
STU004583,Male,MBA,Finance,7-8,True
STU004584,Male,B.Tech,Computer Science,8-9,True
STU004585,Male,B.Tech,Computer Science,7-8,False
STU004586,Male,B.Tech,Mechanical,9+,True
STU004587,Male,MBA,Marketing,9+,True
STU004588,Male,B.Tech,Computer Science,8-9,False
STU004589,Male,MBA,Finance,7-8,True
STU004590,Male,MCA,Computer Applications,7-8,True
STU004591,Female,B.Tech,Mechanical,8-9,False
STU004592,Male,B.Tech,Mechanical,9+,True
STU004593,Female,B.Tech,Mechanical,8-9,True
STU004594,Male,M.Tech,Data Science,9+,True
STU004595,Male,MCA,Computer Applications,<7,True
STU004596,Female,M.Tech,Computer Science,9+,False
STU004597,Female,B.Tech,Electronics,9+,False
STU004598,Male,M.Tech,VLSI,7-8,True
STU004599,Male,MBA,Finance,9+,True
STU004600,Male,M.Tech,Computer Science,7-8,True
STU004601,Female,MBA,Marketing,9+,True
STU004602,Male,MBA,Marketing,7-8,True
STU004603,Female,B.Tech,Information Technology,8-9,True
STU004604,Female,M.Tech,Computer Science,9+,False
STU004605,Female,MCA,Computer Applications,7-8,False
STU004606,Male,B.Tech,Electronics,7-8,False
STU004607,Male,B.Tech,Information Technology,8-9,False
STU004608,Female,MCA,Computer Applications,9+,False
STU004609,Male,MBA,Marketing,7-8,False
STU004610,Female,MCA,Computer Applications,<7,False
STU004611,Male,M.Tech,VLSI,8-9,False
STU004612,Male,B.Tech,Mechanical,9+,True
STU004613,Male,B.Tech,Electronics,9+,False
STU004614,Male,MBA,Marketing,7-8,False
STU004615,Female,B.Tech,Electronics,8-9,False
STU004616,Female,B.Tech,Civil,8-9,False
STU004617,Male,M.Tech,Data Science,7-8,False
STU004618,Male,MBA,Operations,<7,False
STU004619,Male,MBA,Operations,<7,False
STU004620,Male,MCA,Computer Applications,8-9,True
STU004621,Female,B.Tech,Information Technology,<7,False
STU004622,Male,MCA,Computer Applications,9+,False
STU004623,Male,B.Tech,Mechanical,8-9,True
STU004624,Male,MCA,Computer Applications,7-8,False
STU004625,Male,MBA,Marketing,7-8,False
STU004626,Male,MBA,Marketing,7-8,True
STU004627,Female,B.Tech,Mechanical,<7,True
STU004628,Female,MBA,Operations,8-9,False
STU004629,Female,B.Tech,Electronics,<7,False
STU004630,Female,B.Tech,Electronics,8-9,True
STU004631,Female,MCA,Computer Applications,9+,True
STU004632,Female,MCA,Computer Applications,7-8,False
STU004633,Male,MBA,Finance,8-9,False
STU004634,Male,M.Tech,Computer Science,<7,False
STU004635,Male,M.Tech,VLSI,8-9,True
STU004636,Male,M.Tech,Computer Science,7-8,False
STU004637,Male,MCA,Computer Applications,<7,True
STU004638,Male,MBA,Operations,9+,False
STU004639,Female,B.Tech,Civil,8-9,False
STU004640,Female,MCA,Computer Applications,7-8,False
STU004641,Female,MCA,Computer Applications,7-8,True
STU004642,Female,B.Tech,Civil,9+,True
STU004643,Female,B.Tech,Mechanical,8-9,True
STU004644,Female,M.Tech,VLSI,8-9,False
STU004645,Female,MCA,Computer Applications,<7,True
STU004646,Female,MBA,Finance,8-9,True
STU004647,Female,M.Tech,Computer Science,9+,True
STU004648,Male,M.Tech,VLSI,9+,True
STU004649,Male,B.Tech,Electronics,7-8,False
STU004650,Male,MCA,Computer Applications,8-9,True
STU004651,Male,MBA,Operations,8-9,True
STU004652,Female,M.Tech,VLSI,7-8,True
STU004653,Male,MCA,Computer Applications,<7,False
STU004654,Male,MBA,Operations,7-8,False
STU004655,Female,MCA,Computer Applications,8-9,True
STU004656,Male,MBA,Finance,7-8,False
STU004657,Female,B.Tech,Information Technology,7-8,False
STU004658,Male,MBA,Marketing,<7,True
STU004659,Male,MBA,Operations,<7,False
STU004660,Female,MCA,Computer Applications,7-8,True
STU004661,Female,MCA,Computer Applications,7-8,True
STU004662,Male,MCA,Computer Applications,7-8,False
STU004663,Male,MBA,Marketing,7-8,False
STU004664,Male,B.Tech,Electronics,<7,False
STU004665,Male,MBA,Marketing,7-8,True
STU004666,Female,MBA,Operations,7-8,True
STU004667,Male,M.Tech,Computer Science,8-9,True
STU004668,Male,M.Tech,Computer Science,8-9,True
STU004669,Male,B.Tech,Computer Science,7-8,True
STU004670,Male,MBA,Finance,8-9,False
STU004671,Female,MCA,Computer Applications,<7,True
STU004672,Female,B.Tech,Civil,<7,False
STU004673,Female,MCA,Computer Applications,7-8,False
STU004674,Female,MCA,Computer Applications,8-9,False
STU004675,Male,MBA,Finance,7-8,False
STU004676,Male,M.Tech,Computer Science,7-8,False
STU004677,Male,MCA,Computer Applications,8-9,False
STU004678,Male,B.Tech,Computer Science,7-8,False
STU004679,Female,M.Tech,Computer Science,8-9,True
STU004680,Male,B.Tech,Civil,7-8,False
STU004681,Male,MBA,Finance,7-8,False
STU004682,Male,MCA,Computer Applications,7-8,False
STU004683,Female,M.Tech,Data Science,7-8,True
STU004684,Male,B.Tech,Computer Science,8-9,False
STU004685,Male,M.Tech,Computer Science,9+,True
STU004686,Male,MCA,Computer Applications,7-8,False
STU004687,Male,B.Tech,Computer Science,7-8,False
STU004688,Male,MBA,Operations,7-8,False
STU004689,Male,M.Tech,VLSI,7-8,False
STU004690,Female,MCA,Computer Applications,<7,True
STU004691,Male,M.Tech,VLSI,7-8,False
STU004692,Female,M.Tech,Data Science,<7,False
STU004693,Female,B.Tech,Electronics,8-9,True
STU004694,Male,B.Tech,Electronics,9+,False
STU004695,Female,B.Tech,Mechanical,7-8,False
STU004696,Male,M.Tech,Computer Science,7-8,False
STU004697,Male,B.Tech,Civil,9+,False
STU004698,Female,MCA,Computer Applications,7-8,True
STU004699,Male,M.Tech,VLSI,8-9,False
STU004700,Female,MBA,Finance,9+,True
STU004701,Male,M.Tech,Data Science,<7,True
STU004702,Male,M.Tech,Data Science,7-8,False
STU004703,Male,MBA,Marketing,7-8,True
STU004704,Male,MCA,Computer Applications,9+,False
STU004705,Female,MCA,Computer Applications,7-8,False
STU004706,Male,M.Tech,Computer Science,<7,False
STU004707,Male,MCA,Computer Applications,8-9,False
STU004708,Female,M.Tech,Data Science,7-8,False
STU004709,Male,B.Tech,Civil,8-9,False
STU004710,Male,M.Tech,Computer Science,7-8,False
STU004711,Male,B.Tech,Civil,<7,True
STU004712,Male,M.Tech,Data Science,7-8,True
STU004713,Male,B.Tech,Information Technology,<7,True
STU004714,Male,MCA,Computer Applications,7-8,False
STU004715,Female,MCA,Computer Applications,8-9,True
STU004716,Male,M.Tech,VLSI,7-8,False
STU004717,Male,MBA,Finance,7-8,False
STU004718,Female,M.Tech,Computer Science,8-9,False
STU004719,Female,M.Tech,Computer Science,<7,False
STU004720,Female,MCA,Computer Applications,7-8,False
STU004721,Female,MCA,Computer Applications,8-9,True
STU004722,Male,M.Tech,VLSI,<7,False
STU004723,Male,MBA,Operations,8-9,False
STU004724,Male,MCA,Computer Applications,7-8,False
STU004725,Male,B.Tech,Civil,9+,True
STU004726,Female,B.Tech,Computer Science,7-8,False
STU004727,Female,MBA,Operations,<7,False
STU004728,Female,MBA,Marketing,8-9,True
STU004729,Male,M.Tech,VLSI,8-9,True
STU004730,Female,MCA,Computer Applications,8-9,False
STU004731,Male,M.Tech,Computer Science,9+,True
STU004732,Male,MBA,Finance,<7,True
STU004733,Male,M.Tech,Computer Science,<7,False
STU004734,Male,MCA,Computer Applications,7-8,False
STU004735,Female,MCA,Computer Applications,7-8,False
STU004736,Male,M.Tech,VLSI,<7,False
STU004737,Female,B.Tech,Civil,9+,True
STU004738,Male,MCA,Computer Applications,7-8,False
STU004739,Male,M.Tech,VLSI,<7,False
STU004740,Male,MCA,Computer Applications,9+,False
STU004741,Male,B.Tech,Information Technology,<7,False
STU004742,Male,MBA,Marketing,9+,False
STU004743,Female,MCA,Computer Applications,8-9,False
STU004744,Male,M.Tech,Computer Science,7-8,False
STU004745,Female,MBA,Operations,<7,False
STU004746,Female,M.Tech,Computer Science,7-8,False
STU004747,Male,MCA,Computer Applications,<7,True
STU004748,Male,MBA,Marketing,9+,False
STU004749,Male,MBA,Marketing,7-8,True
STU004750,Male,MCA,Computer Applications,7-8,False
STU004751,Female,M.Tech,VLSI,7-8,False
STU004752,Male,B.Tech,Mechanical,<7,False
STU004753,Male,M.Tech,VLSI,8-9,True
STU004754,Male,MBA,Finance,8-9,False
STU004755,Male,MBA,Marketing,<7,False
STU004756,Male,M.Tech,VLSI,7-8,True
STU004757,Female,MBA,Finance,7-8,True
STU004758,Male,M.Tech,Data Science,8-9,True
STU004759,Male,M.Tech,Data Science,8-9,True
STU004760,Female,B.Tech,Information Technology,9+,True
STU004761,Female,M.Tech,Computer Science,7-8,False
STU004762,Male,B.Tech,Information Technology,<7,False
STU004763,Male,B.Tech,Mechanical,7-8,True
STU004764,Female,MBA,Operations,7-8,False
STU004765,Female,MCA,Computer Applications,<7,False
STU004766,Male,B.Tech,Civil,7-8,False
STU004767,Female,MCA,Computer Applications,8-9,True
STU004768,Male,MCA,Computer Applications,7-8,True
STU004769,Male,M.Tech,VLSI,9+,True
STU004770,Female,M.Tech,Computer Science,9+,True
STU004771,Male,MBA,Operations,<7,False
STU004772,Male,B.Tech,Electronics,8-9,False
STU004773,Male,M.Tech,Computer Science,<7,True
STU004774,Female,MBA,Finance,9+,False
STU004775,Male,M.Tech,Computer Science,8-9,False
STU004776,Male,MCA,Computer Applications,9+,True
STU004777,Female,M.Tech,Computer Science,8-9,False
STU004778,Female,B.Tech,Computer Science,8-9,False
STU004779,Female,B.Tech,Civil,7-8,False
STU004780,Male,MBA,Finance,8-9,False
STU004781,Female,B.Tech,Electronics,7-8,True
STU004782,Female,B.Tech,Electronics,8-9,True
STU004783,Female,MBA,Marketing,7-8,True
STU004784,Male,B.Tech,Civil,7-8,True
STU004785,Male,MBA,Marketing,7-8,True
STU004786,Female,MCA,Computer Applications,7-8,False
STU004787,Male,B.Tech,Mechanical,9+,False
STU004788,Male,MBA,Marketing,7-8,True
STU004789,Female,MCA,Computer Applications,<7,False
STU004790,Male,MCA,Computer Applications,7-8,False
STU004791,Female,B.Tech,Information Technology,8-9,False
STU004792,Male,MBA,Finance,7-8,False
STU004793,Male,MCA,Computer Applications,<7,False
STU004794,Male,B.Tech,Computer Science,7-8,False
STU004795,Male,MCA,Computer Applications,8-9,True
STU004796,Male,M.Tech,VLSI,7-8,False
STU004797,Male,MCA,Computer Applications,8-9,False
STU004798,Male,MCA,Computer Applications,7-8,False
STU004799,Female,MBA,Marketing,7-8,False
STU004800,Male,B.Tech,Mechanical,8-9,False
STU004801,Female,MBA,Operations,8-9,False
STU004802,Male,MBA,Finance,8-9,False
STU004803,Male,MCA,Computer Applications,7-8,True
STU004804,Male,M.Tech,VLSI,8-9,True
STU004805,Female,MCA,Computer Applications,<7,False
STU004806,Male,B.Tech,Mechanical,9+,False
STU004807,Male,MCA,Computer Applications,9+,True
STU004808,Male,M.Tech,VLSI,8-9,False
STU004809,Male,M.Tech,Computer Science,9+,False
STU004810,Female,MCA,Computer Applications,7-8,False
STU004811,Male,MBA,Operations,<7,True
STU004812,Male,M.Tech,Data Science,9+,True
STU004813,Male,MBA,Operations,8-9,True
STU004814,Male,B.Tech,Computer Science,7-8,False
STU004815,Male,M.Tech,Computer Science,7-8,False
STU004816,Male,B.Tech,Mechanical,7-8,True
STU004817,Female,MCA,Computer Applications,7-8,False
STU004818,Male,M.Tech,VLSI,8-9,False
STU004819,Female,MBA,Operations,8-9,False
STU004820,Male,MBA,Marketing,8-9,False
STU004821,Male,MBA,Operations,8-9,False
STU004822,Female,MBA,Marketing,7-8,False
STU004823,Female,MBA,Marketing,7-8,False
STU004824,Male,MCA,Computer Applications,7-8,False
STU004825,Female,B.Tech,Civil,7-8,False
STU004826,Female,MBA,Marketing,8-9,False
STU004827,Male,MCA,Computer Applications,7-8,False
STU004828,Male,B.Tech,Computer Science,8-9,True
STU004829,Male,MBA,Operations,8-9,False
STU004830,Female,B.Tech,Civil,8-9,False
STU004831,Male,B.Tech,Computer Science,9+,False
STU004832,Female,MCA,Computer Applications,7-8,True
STU004833,Male,MBA,Marketing,8-9,False
STU004834,Male,MBA,Marketing,7-8,False
STU004835,Female,MBA,Operations,7-8,False
STU004836,Male,M.Tech,Computer Science,<7,False
STU004837,Female,M.Tech,VLSI,8-9,True
STU004838,Female,M.Tech,Data Science,7-8,True
STU004839,Female,MBA,Finance,8-9,False
STU004840,Male,MCA,Computer Applications,7-8,False
STU004841,Male,MBA,Marketing,7-8,False
STU004842,Female,B.Tech,Information Technology,9+,True
STU004843,Male,MCA,Computer Applications,8-9,False
STU004844,Female,M.Tech,Computer Science,8-9,True
STU004845,Female,MCA,Computer Applications,7-8,False
STU004846,Female,B.Tech,Mechanical,7-8,False
STU004847,Female,MCA,Computer Applications,7-8,True
STU004848,Female,B.Tech,Computer Science,7-8,False
STU004849,Male,M.Tech,Computer Science,9+,False
STU004850,Female,MCA,Computer Applications,9+,True
STU004851,Male,M.Tech,Data Science,7-8,True
STU004852,Female,M.Tech,Data Science,7-8,False
STU004853,Female,MCA,Computer Applications,7-8,True
STU004854,Male,MCA,Computer Applications,7-8,False
STU004855,Male,M.Tech,VLSI,<7,True
STU004856,Female,B.Tech,Civil,8-9,False
STU004857,Female,MBA,Marketing,7-8,True
STU004858,Female,MBA,Operations,9+,False
STU004859,Female,M.Tech,Data Science,8-9,True
STU004860,Female,MBA,Marketing,9+,False
STU004861,Male,M.Tech,Computer Science,8-9,False
STU004862,Male,MBA,Finance,8-9,True
STU004863,Female,MCA,Computer Applications,7-8,True
STU004864,Female,MBA,Operations,<7,False
STU004865,Female,B.Tech,Electronics,8-9,True
STU004866,Female,MBA,Marketing,7-8,True
STU004867,Male,B.Tech,Electronics,8-9,False
STU004868,Male,MCA,Computer Applications,7-8,False
STU004869,Male,M.Tech,Computer Science,7-8,False
STU004870,Male,M.Tech,Computer Science,<7,True
STU004871,Male,B.Tech,Information Technology,7-8,False
STU004872,Male,M.Tech,Computer Science,8-9,True
STU004873,Male,MBA,Finance,9+,True
STU004874,Male,M.Tech,Data Science,7-8,False
STU004875,Male,MCA,Computer Applications,<7,True
STU004876,Male,MBA,Operations,8-9,True
STU004877,Male,MCA,Computer Applications,7-8,True
STU004878,Female,B.Tech,Mechanical,8-9,False
STU004879,Male,M.Tech,Data Science,<7,True
STU004880,Male,M.Tech,VLSI,7-8,False
STU004881,Female,B.Tech,Mechanical,7-8,True
STU004882,Male,MCA,Computer Applications,7-8,True
STU004883,Male,M.Tech,Data Science,7-8,False
STU004884,Female,MCA,Computer Applications,8-9,True
STU004885,Male,MCA,Computer Applications,7-8,True
STU004886,Male,MBA,Operations,8-9,False
STU004887,Male,M.Tech,Computer Science,9+,False
STU004888,Male,B.Tech,Civil,7-8,True
STU004889,Male,MBA,Finance,<7,True
STU004890,Male,M.Tech,Computer Science,7-8,False
STU004891,Male,MBA,Operations,<7,False
STU004892,Female,B.Tech,Electronics,8-9,False
STU004893,Male,MCA,Computer Applications,7-8,True
STU004894,Male,B.Tech,Electronics,7-8,False
STU004895,Male,M.Tech,VLSI,8-9,False
STU004896,Female,MCA,Computer Applications,9+,False
STU004897,Female,MCA,Computer Applications,8-9,False
STU004898,Female,MCA,Computer Applications,7-8,False
STU004899,Male,M.Tech,Computer Science,7-8,True
STU004900,Female,B.Tech,Information Technology,<7,True
STU004901,Male,MCA,Computer Applications,7-8,True
STU004902,Male,M.Tech,Data Science,8-9,True
STU004903,Male,B.Tech,Computer Science,7-8,True
STU004904,Female,M.Tech,Computer Science,8-9,True
STU004905,Female,MCA,Computer Applications,8-9,True
STU004906,Male,MBA,Marketing,7-8,True
STU004907,Male,B.Tech,Computer Science,7-8,True
STU004908,Female,M.Tech,Data Science,8-9,False
STU004909,Female,MCA,Computer Applications,8-9,True
STU004910,Female,M.Tech,VLSI,7-8,True
STU004911,Female,MCA,Computer Applications,7-8,True
STU004912,Female,MBA,Marketing,8-9,True
STU004913,Male,MBA,Marketing,<7,False
STU004914,Female,MBA,Finance,8-9,False
STU004915,Female,B.Tech,Computer Science,8-9,True
STU004916,Female,B.Tech,Computer Science,9+,True
STU004917,Male,MBA,Operations,8-9,False
STU004918,Female,MCA,Computer Applications,7-8,False
STU004919,Male,M.Tech,Computer Science,9+,False
STU004920,Female,M.Tech,VLSI,7-8,False
STU004921,Female,B.Tech,Information Technology,9+,False
STU004922,Male,MBA,Marketing,9+,True
STU004923,Male,M.Tech,VLSI,9+,False
STU004924,Female,MCA,Computer Applications,<7,True
STU004925,Male,MCA,Computer Applications,8-9,True
STU004926,Male,M.Tech,Data Science,8-9,False
STU004927,Female,B.Tech,Electronics,<7,True
STU004928,Male,MCA,Computer Applications,7-8,True
STU004929,Female,MBA,Finance,8-9,False
STU004930,Male,MCA,Computer Applications,7-8,False
STU004931,Male,MCA,Computer Applications,8-9,False
STU004932,Male,M.Tech,VLSI,8-9,False
STU004933,Male,B.Tech,Computer Science,<7,False
STU004934,Female,B.Tech,Civil,9+,False
STU004935,Male,MCA,Computer Applications,7-8,True
STU004936,Male,M.Tech,VLSI,<7,False
STU004937,Male,B.Tech,Mechanical,7-8,True
STU004938,Female,MBA,Marketing,8-9,False
STU004939,Female,B.Tech,Civil,8-9,False
STU004940,Male,B.Tech,Electronics,9+,False
STU004941,Female,M.Tech,Computer Science,9+,True
STU004942,Male,B.Tech,Mechanical,9+,False
STU004943,Female,B.Tech,Electronics,8-9,False
STU004944,Female,MCA,Computer Applications,<7,True
STU004945,Male,MBA,Finance,7-8,False
STU004946,Male,M.Tech,Computer Science,8-9,False
STU004947,Male,MBA,Finance,7-8,False
STU004948,Female,MBA,Operations,8-9,False
STU004949,Male,B.Tech,Information Technology,9+,True
STU004950,Female,M.Tech,Data Science,<7,False
STU004951,Male,M.Tech,VLSI,<7,True
STU004952,Male,MBA,Operations,8-9,True
STU004953,Male,MCA,Computer Applications,<7,True
STU004954,Male,MCA,Computer Applications,7-8,False
STU004955,Male,MBA,Marketing,7-8,False
STU004956,Male,MCA,Computer Applications,7-8,False
STU004957,Female,B.Tech,Civil,7-8,False
STU004958,Male,M.Tech,Data Science,7-8,True
STU004959,Male,MBA,Operations,8-9,True
STU004960,Male,MBA,Marketing,8-9,True
STU004961,Female,B.Tech,Civil,7-8,False
STU004962,Male,B.Tech,Civil,<7,True
STU004963,Female,B.Tech,Civil,<7,True
STU004964,Male,B.Tech,Mechanical,7-8,True
STU004965,Female,M.Tech,Computer Science,9+,False
STU004966,Male,B.Tech,Mechanical,9+,True
STU004967,Female,M.Tech,Data Science,9+,True
STU004968,Male,MBA,Finance,8-9,False
STU004969,Male,MBA,Operations,7-8,False
STU004970,Female,M.Tech,Data Science,7-8,False
STU004971,Male,B.Tech,Mechanical,<7,True
STU004972,Female,M.Tech,Data Science,<7,False
STU004973,Female,MBA,Operations,7-8,True
STU004974,Male,MBA,Operations,7-8,False
STU004975,Female,B.Tech,Information Technology,7-8,True
STU004976,Male,MBA,Finance,8-9,False
STU004977,Male,M.Tech,Data Science,8-9,False
STU004978,Male,B.Tech,Information Technology,7-8,False
STU004979,Male,MBA,Operations,<7,True
STU004980,Male,MCA,Computer Applications,7-8,False
STU004981,Male,B.Tech,Information Technology,9+,False
STU004982,Female,MBA,Marketing,<7,True
STU004983,Male,MCA,Computer Applications,8-9,True
STU004984,Male,MBA,Finance,<7,True
STU004985,Female,M.Tech,VLSI,8-9,False
STU004986,Female,MBA,Operations,<7,False
STU004987,Male,MCA,Computer Applications,8-9,False
STU004988,Male,M.Tech,Data Science,<7,False
STU004989,Female,MCA,Computer Applications,7-8,True
STU004990,Male,B.Tech,Computer Science,7-8,True
STU004991,Male,MBA,Operations,8-9,True
STU004992,Male,MBA,Finance,<7,True
STU004993,Male,B.Tech,Mechanical,7-8,False
STU004994,Male,MBA,Operations,9+,False
STU004995,Female,M.Tech,Computer Science,<7,False
STU004996,Female,MBA,Operations,<7,False
STU004997,Male,MBA,Finance,8-9,False
STU004998,Male,MBA,Marketing,7-8,False
STU004999,Male,MCA,Computer Applications,8-9,True
STU005000,Male,M.Tech,Computer Science,8-9,True
STU005001,Female,MBA,Finance,7-8,False
STU005002,Female,B.Tech,Computer Science,7-8,True
STU005003,Female,MBA,Finance,7-8,False
STU005004,Male,B.Tech,Mechanical,9+,True
STU005005,Female,MCA,Computer Applications,7-8,True
STU005006,Male,MBA,Operations,7-8,True
STU005007,Male,B.Tech,Information Technology,7-8,True
STU005008,Female,MCA,Computer Applications,7-8,False
STU005009,Female,MBA,Finance,7-8,True
STU005010,Male,M.Tech,Data Science,9+,False
STU005011,Female,MBA,Operations,7-8,False
STU005012,Male,MCA,Computer Applications,<7,False
STU005013,Male,B.Tech,Civil,8-9,False
STU005014,Male,MBA,Finance,7-8,False
STU005015,Male,MCA,Computer Applications,<7,True
STU005016,Male,B.Tech,Mechanical,<7,True
STU005017,Male,MCA,Computer Applications,7-8,False
STU005018,Male,M.Tech,Data Science,<7,True
STU005019,Male,MCA,Computer Applications,8-9,False
STU005020,Male,M.Tech,VLSI,9+,True
STU005021,Male,B.Tech,Computer Science,<7,True
STU005022,Male,M.Tech,VLSI,<7,False
STU005023,Female,M.Tech,Computer Science,7-8,False
STU005024,Male,MCA,Computer Applications,7-8,False
STU005025,Male,MBA,Marketing,7-8,True
STU005026,Male,MBA,Marketing,8-9,False
STU005027,Male,M.Tech,Computer Science,7-8,True
STU005028,Female,B.Tech,Information Technology,8-9,True
STU005029,Female,MBA,Operations,<7,True
STU005030,Male,MCA,Computer Applications,9+,False
STU005031,Male,M.Tech,VLSI,7-8,True
STU005032,Male,MBA,Finance,7-8,False
STU005033,Female,B.Tech,Mechanical,8-9,False
STU005034,Female,MBA,Operations,9+,True
STU005035,Male,B.Tech,Electronics,7-8,True
STU005036,Male,M.Tech,Data Science,<7,False
STU005037,Male,MCA,Computer Applications,9+,False
STU005038,Male,MBA,Operations,8-9,True
STU005039,Male,B.Tech,Computer Science,7-8,False
STU005040,Male,MBA,Finance,<7,False
STU005041,Male,MCA,Computer Applications,9+,True
STU005042,Female,MCA,Computer Applications,8-9,False
STU005043,Male,MCA,Computer Applications,8-9,True
STU005044,Female,MBA,Finance,8-9,False
STU005045,Male,B.Tech,Civil,9+,True
STU005046,Male,M.Tech,Computer Science,8-9,True
STU005047,Male,B.Tech,Civil,7-8,True
STU005048,Male,B.Tech,Electronics,7-8,False
STU005049,Male,B.Tech,Electronics,<7,True
STU005050,Male,B.Tech,Electronics,8-9,False
STU005051,Male,MCA,Computer Applications,7-8,False
STU005052,Female,MCA,Computer Applications,8-9,False
STU005053,Male,MBA,Operations,9+,True
STU005054,Male,MCA,Computer Applications,<7,False
STU005055,Male,MCA,Computer Applications,7-8,True
STU005056,Male,MCA,Computer Applications,8-9,False
STU005057,Female,M.Tech,Computer Science,7-8,False
STU005058,Female,MBA,Operations,9+,False
STU005059,Female,M.Tech,VLSI,8-9,False
STU005060,Male,B.Tech,Mechanical,7-8,True
STU005061,Female,MBA,Marketing,7-8,False
STU005062,Female,MBA,Marketing,8-9,True
STU005063,Female,MCA,Computer Applications,<7,True
STU005064,Male,MCA,Computer Applications,<7,True
STU005065,Male,M.Tech,Data Science,7-8,True
STU005066,Female,MBA,Finance,7-8,False
STU005067,Male,M.Tech,Data Science,<7,False
STU005068,Male,B.Tech,Computer Science,7-8,False
STU005069,Female,B.Tech,Mechanical,7-8,False
STU005070,Male,MBA,Finance,8-9,True
STU005071,Male,B.Tech,Electronics,<7,False
STU005072,Male,B.Tech,Electronics,7-8,True
STU005073,Male,B.Tech,Civil,8-9,True
STU005074,Male,M.Tech,Computer Science,7-8,False
STU005075,Male,MCA,Computer Applications,7-8,True
STU005076,Male,MBA,Operations,<7,True
STU005077,Female,MBA,Marketing,7-8,True
STU005078,Male,MBA,Operations,<7,True
STU005079,Female,MCA,Computer Applications,8-9,False
STU005080,Male,M.Tech,VLSI,8-9,False
STU005081,Female,M.Tech,Data Science,<7,False
STU005082,Female,B.Tech,Computer Science,7-8,True
STU005083,Male,M.Tech,VLSI,8-9,False
STU005084,Female,MCA,Computer Applications,8-9,True
STU005085,Male,B.Tech,Electronics,8-9,False
STU005086,Male,MBA,Marketing,<7,False
STU005087,Male,MCA,Computer Applications,7-8,False
STU005088,Male,MBA,Operations,8-9,False
STU005089,Male,MCA,Computer Applications,<7,False
STU005090,Female,M.Tech,Computer Science,<7,False
STU005091,Male,MCA,Computer Applications,9+,True
STU005092,Male,B.Tech,Computer Science,8-9,True
STU005093,Male,B.Tech,Mechanical,8-9,True
STU005094,Female,M.Tech,VLSI,7-8,True
STU005095,Male,MBA,Marketing,<7,False
STU005096,Male,M.Tech,Data Science,8-9,False
STU005097,Female,M.Tech,Computer Science,8-9,True
STU005098,Female,B.Tech,Information Technology,7-8,False
STU005099,Male,MCA,Computer Applications,<7,False
STU005100,Male,M.Tech,Data Science,9+,False
STU005101,Female,B.Tech,Civil,8-9,False
STU005102,Female,M.Tech,VLSI,<7,False
STU005103,Male,M.Tech,Data Science,<7,True
STU005104,Male,M.Tech,Computer Science,7-8,True
STU005105,Male,B.Tech,Computer Science,9+,True
STU005106,Female,MBA,Finance,<7,False
STU005107,Male,M.Tech,Computer Science,7-8,True
STU005108,Female,MCA,Computer Applications,7-8,True
STU005109,Male,M.Tech,Data Science,<7,False
STU005110,Male,MCA,Computer Applications,8-9,False
STU005111,Female,M.Tech,VLSI,7-8,False
STU005112,Male,M.Tech,Data Science,<7,True
STU005113,Male,B.Tech,Mechanical,7-8,True
STU005114,Male,B.Tech,Electronics,9+,False
STU005115,Male,B.Tech,Information Technology,8-9,True
STU005116,Female,B.Tech,Mechanical,7-8,False
STU005117,Female,B.Tech,Mechanical,7-8,False
STU005118,Male,M.Tech,VLSI,7-8,True
STU005119,Male,MCA,Computer Applications,7-8,False
STU005120,Male,MBA,Marketing,<7,False
STU005121,Male,B.Tech,Computer Science,8-9,False
STU005122,Female,M.Tech,VLSI,8-9,False
STU005123,Male,B.Tech,Computer Science,8-9,False
STU005124,Male,M.Tech,Data Science,8-9,True
STU005125,Female,MCA,Computer Applications,7-8,False
STU005126,Male,MBA,Marketing,<7,False
STU005127,Female,B.Tech,Civil,<7,False
STU005128,Male,M.Tech,VLSI,8-9,True
STU005129,Male,MBA,Operations,8-9,True
STU005130,Male,M.Tech,VLSI,8-9,True
STU005131,Female,M.Tech,Computer Science,8-9,False
STU005132,Male,MCA,Computer Applications,7-8,True
STU005133,Male,MBA,Marketing,7-8,True
STU005134,Female,B.Tech,Information Technology,8-9,False
STU005135,Male,M.Tech,Data Science,8-9,False
STU005136,Male,MBA,Operations,8-9,True
STU005137,Male,B.Tech,Civil,8-9,True
STU005138,Male,MBA,Finance,9+,True
STU005139,Male,MBA,Operations,8-9,False
STU005140,Male,B.Tech,Information Technology,8-9,True
STU005141,Male,M.Tech,Computer Science,8-9,True
STU005142,Male,B.Tech,Information Technology,<7,False
STU005143,Male,M.Tech,Data Science,9+,False
STU005144,Male,M.Tech,Data Science,<7,True
STU005145,Female,MBA,Marketing,7-8,False
STU005146,Female,B.Tech,Computer Science,<7,False
STU005147,Female,MBA,Finance,7-8,True
STU005148,Male,MBA,Finance,<7,False
STU005149,Male,MCA,Computer Applications,7-8,False
STU005150,Male,B.Tech,Electronics,9+,True
STU005151,Male,M.Tech,Computer Science,7-8,False
STU005152,Male,M.Tech,Data Science,7-8,True
STU005153,Female,M.Tech,Data Science,7-8,True
STU005154,Female,B.Tech,Electronics,7-8,False
STU005155,Female,MCA,Computer Applications,7-8,False
STU005156,Male,MCA,Computer Applications,9+,True
STU005157,Female,B.Tech,Mechanical,<7,True
STU005158,Male,B.Tech,Civil,7-8,False
STU005159,Male,M.Tech,VLSI,7-8,False
STU005160,Male,M.Tech,Data Science,8-9,False
STU005161,Male,B.Tech,Civil,<7,False
STU005162,Male,B.Tech,Electronics,<7,True
STU005163,Male,MBA,Finance,7-8,True
STU005164,Male,MBA,Finance,7-8,False
STU005165,Female,M.Tech,Data Science,8-9,False
STU005166,Male,MBA,Operations,<7,True
STU005167,Female,MCA,Computer Applications,7-8,False
STU005168,Male,B.Tech,Civil,8-9,True
STU005169,Male,B.Tech,Civil,8-9,True
STU005170,Male,MBA,Marketing,7-8,False
STU005171,Male,MCA,Computer Applications,7-8,False
STU005172,Female,MBA,Finance,7-8,True
STU005173,Female,MCA,Computer Applications,8-9,True
STU005174,Male,B.Tech,Civil,8-9,False
STU005175,Male,M.Tech,Data Science,8-9,False
STU005176,Male,M.Tech,Data Science,9+,True
STU005177,Female,MBA,Marketing,<7,True
STU005178,Male,B.Tech,Mechanical,7-8,False
STU005179,Male,MBA,Marketing,7-8,False
STU005180,Male,M.Tech,Computer Science,8-9,False
STU005181,Male,B.Tech,Computer Science,7-8,False
STU005182,Female,B.Tech,Computer Science,7-8,True
STU005183,Male,M.Tech,VLSI,7-8,False
STU005184,Male,B.Tech,Civil,8-9,False
STU005185,Male,MBA,Operations,7-8,False
STU005186,Male,MBA,Finance,7-8,True
STU005187,Male,MCA,Computer Applications,7-8,False
STU005188,Male,B.Tech,Mechanical,8-9,True
STU005189,Male,B.Tech,Mechanical,8-9,False
STU005190,Male,M.Tech,VLSI,7-8,False
STU005191,Female,MCA,Computer Applications,8-9,False
STU005192,Male,MCA,Computer Applications,8-9,True
STU005193,Male,B.Tech,Information Technology,8-9,True
STU005194,Male,MCA,Computer Applications,7-8,False
STU005195,Male,MCA,Computer Applications,8-9,False
STU005196,Female,B.Tech,Civil,8-9,False
STU005197,Female,MCA,Computer Applications,8-9,True
STU005198,Male,MBA,Operations,<7,True
STU005199,Male,B.Tech,Mechanical,8-9,True
STU005200,Male,M.Tech,VLSI,8-9,False
STU005201,Female,MBA,Marketing,<7,False
STU005202,Female,B.Tech,Electronics,8-9,True
STU005203,Female,M.Tech,Computer Science,<7,False
STU005204,Male,MCA,Computer Applications,7-8,True
STU005205,Male,B.Tech,Computer Science,<7,False
STU005206,Male,MCA,Computer Applications,<7,False
STU005207,Male,M.Tech,Data Science,8-9,True
STU005208,Male,B.Tech,Mechanical,<7,True
STU005209,Male,MBA,Operations,7-8,True
STU005210,Female,B.Tech,Electronics,8-9,True
STU005211,Male,M.Tech,Data Science,8-9,False
STU005212,Male,MBA,Finance,8-9,False
STU005213,Male,M.Tech,VLSI,<7,True
STU005214,Male,M.Tech,Data Science,7-8,True
STU005215,Female,MBA,Operations,7-8,True
STU005216,Male,MBA,Marketing,8-9,True
STU005217,Male,B.Tech,Electronics,7-8,False
STU005218,Female,MCA,Computer Applications,7-8,False
STU005219,Male,MBA,Finance,<7,True
STU005220,Female,M.Tech,VLSI,8-9,True
STU005221,Male,MCA,Computer Applications,<7,True
STU005222,Male,MBA,Marketing,7-8,False
STU005223,Male,M.Tech,Computer Science,8-9,False
STU005224,Female,M.Tech,Computer Science,8-9,False
STU005225,Male,M.Tech,VLSI,7-8,True
STU005226,Male,MBA,Finance,7-8,True
STU005227,Male,MCA,Computer Applications,8-9,False
STU005228,Male,M.Tech,VLSI,7-8,False
STU005229,Male,M.Tech,VLSI,9+,False
STU005230,Female,B.Tech,Computer Science,9+,False
STU005231,Male,B.Tech,Electronics,<7,False
STU005232,Male,B.Tech,Civil,7-8,False
STU005233,Female,MBA,Finance,7-8,False
STU005234,Male,M.Tech,VLSI,<7,True
STU005235,Male,MCA,Computer Applications,8-9,False
STU005236,Male,M.Tech,Computer Science,7-8,False
STU005237,Male,B.Tech,Mechanical,9+,False
STU005238,Female,MBA,Finance,9+,False
STU005239,Female,B.Tech,Electronics,8-9,False
STU005240,Male,MBA,Finance,7-8,False
STU005241,Female,MBA,Operations,8-9,False
STU005242,Male,B.Tech,Computer Science,8-9,False
STU005243,Male,B.Tech,Electronics,8-9,False
STU005244,Male,MBA,Finance,8-9,False
STU005245,Female,M.Tech,Computer Science,8-9,False
STU005246,Female,B.Tech,Computer Science,9+,False
STU005247,Male,MCA,Computer Applications,8-9,False
STU005248,Male,MBA,Finance,<7,False
STU005249,Male,M.Tech,Computer Science,9+,False
STU005250,Female,B.Tech,Computer Science,8-9,False
STU005251,Male,M.Tech,Computer Science,7-8,False
STU005252,Male,MBA,Marketing,7-8,True
STU005253,Male,MCA,Computer Applications,7-8,True
STU005254,Female,MCA,Computer Applications,7-8,True
STU005255,Male,MBA,Finance,8-9,True
STU005256,Male,MCA,Computer Applications,8-9,True
STU005257,Male,M.Tech,VLSI,9+,True
STU005258,Female,M.Tech,VLSI,7-8,False
STU005259,Male,B.Tech,Mechanical,8-9,False
STU005260,Male,M.Tech,Computer Science,7-8,True
STU005261,Male,B.Tech,Civil,7-8,False
STU005262,Female,MBA,Marketing,8-9,False
STU005263,Male,B.Tech,Civil,7-8,False
STU005264,Male,M.Tech,Computer Science,7-8,True
STU005265,Female,M.Tech,Data Science,<7,False
STU005266,Male,B.Tech,Information Technology,<7,False
STU005267,Female,MBA,Marketing,<7,True
STU005268,Female,MBA,Operations,9+,False
STU005269,Female,B.Tech,Mechanical,9+,True
STU005270,Female,MBA,Operations,7-8,False
STU005271,Female,B.Tech,Information Technology,8-9,True
STU005272,Female,M.Tech,Computer Science,9+,True
STU005273,Male,MBA,Marketing,8-9,False
STU005274,Female,MCA,Computer Applications,8-9,True
STU005275,Male,MBA,Finance,8-9,False
STU005276,Female,MBA,Marketing,<7,True
STU005277,Female,MCA,Computer Applications,8-9,False
STU005278,Female,B.Tech,Mechanical,7-8,True
STU005279,Female,M.Tech,VLSI,8-9,False
STU005280,Male,M.Tech,Data Science,7-8,False
STU005281,Male,MCA,Computer Applications,7-8,True
STU005282,Female,M.Tech,Computer Science,<7,False
STU005283,Female,M.Tech,VLSI,<7,True
STU005284,Male,MBA,Marketing,7-8,False
STU005285,Male,B.Tech,Electronics,8-9,True
STU005286,Male,MCA,Computer Applications,8-9,False
STU005287,Female,M.Tech,Data Science,9+,False
STU005288,Male,MBA,Marketing,<7,False
STU005289,Male,MBA,Finance,7-8,False
STU005290,Male,MCA,Computer Applications,8-9,False
STU005291,Male,B.Tech,Electronics,8-9,True
STU005292,Male,B.Tech,Electronics,7-8,True
STU005293,Male,MBA,Operations,8-9,True
STU005294,Female,MCA,Computer Applications,7-8,False
STU005295,Male,B.Tech,Information Technology,9+,False
STU005296,Male,M.Tech,VLSI,7-8,True
STU005297,Female,MBA,Finance,8-9,False
STU005298,Male,M.Tech,Computer Science,7-8,False
STU005299,Male,MBA,Operations,8-9,True
STU005300,Female,B.Tech,Information Technology,<7,False
STU005301,Male,B.Tech,Civil,9+,True
STU005302,Female,M.Tech,Computer Science,7-8,False
STU005303,Male,MBA,Finance,8-9,True
STU005304,Female,B.Tech,Civil,8-9,True
STU005305,Male,MBA,Operations,<7,False
STU005306,Male,B.Tech,Information Technology,8-9,False
STU005307,Female,B.Tech,Civil,7-8,False
STU005308,Male,B.Tech,Civil,<7,True
STU005309,Female,M.Tech,Data Science,9+,True
STU005310,Female,MBA,Finance,<7,True
STU005311,Male,MBA,Operations,8-9,False
STU005312,Male,B.Tech,Information Technology,7-8,True
STU005313,Female,MCA,Computer Applications,7-8,False
STU005314,Female,MCA,Computer Applications,8-9,False
STU005315,Male,B.Tech,Computer Science,7-8,True
STU005316,Female,M.Tech,VLSI,<7,True
STU005317,Male,MBA,Operations,7-8,False
STU005318,Male,MCA,Computer Applications,7-8,False
STU005319,Female,MBA,Marketing,7-8,True
STU005320,Male,MCA,Computer Applications,8-9,False
STU005321,Male,MCA,Computer Applications,7-8,True
STU005322,Male,M.Tech,Data Science,7-8,False
STU005323,Male,M.Tech,Computer Science,<7,False
STU005324,Male,B.Tech,Mechanical,<7,True
STU005325,Female,MCA,Computer Applications,9+,True
STU005326,Female,B.Tech,Information Technology,7-8,False
STU005327,Female,M.Tech,Data Science,<7,False
STU005328,Male,MBA,Finance,7-8,True
STU005329,Female,B.Tech,Mechanical,<7,True
STU005330,Male,M.Tech,Data Science,8-9,True
STU005331,Female,MBA,Finance,8-9,True
STU005332,Female,MCA,Computer Applications,7-8,False
STU005333,Female,M.Tech,VLSI,8-9,False
STU005334,Male,MCA,Computer Applications,8-9,True
STU005335,Female,MCA,Computer Applications,<7,False
STU005336,Female,MBA,Operations,7-8,True
STU005337,Female,MBA,Marketing,8-9,False
STU005338,Female,B.Tech,Computer Science,7-8,True
STU005339,Female,MBA,Operations,7-8,False
STU005340,Female,M.Tech,Data Science,8-9,False
STU005341,Male,MBA,Marketing,8-9,True
STU005342,Female,MCA,Computer Applications,7-8,True
STU005343,Male,B.Tech,Information Technology,7-8,False
STU005344,Male,B.Tech,Electronics,8-9,True
STU005345,Female,M.Tech,VLSI,7-8,False
STU005346,Male,MCA,Computer Applications,<7,False
STU005347,Male,M.Tech,VLSI,<7,True
STU005348,Male,B.Tech,Civil,8-9,False
STU005349,Male,MCA,Computer Applications,7-8,True
STU005350,Female,B.Tech,Civil,9+,False
STU005351,Male,M.Tech,Data Science,8-9,True
STU005352,Female,MCA,Computer Applications,<7,False
STU005353,Female,MBA,Finance,7-8,False
STU005354,Female,M.Tech,Data Science,7-8,False
STU005355,Male,MBA,Marketing,7-8,False
STU005356,Male,MCA,Computer Applications,7-8,True
STU005357,Male,MCA,Computer Applications,<7,True
STU005358,Male,MCA,Computer Applications,<7,True
STU005359,Male,MBA,Marketing,8-9,False
STU005360,Male,MBA,Operations,<7,True
STU005361,Male,M.Tech,Computer Science,7-8,True
STU005362,Male,MCA,Computer Applications,<7,True
STU005363,Female,B.Tech,Information Technology,8-9,False
STU005364,Male,M.Tech,Data Science,<7,False
STU005365,Male,B.Tech,Information Technology,7-8,True
STU005366,Male,MBA,Marketing,8-9,False
STU005367,Male,MBA,Operations,9+,True
STU005368,Male,B.Tech,Computer Science,9+,True
STU005369,Male,B.Tech,Civil,9+,False
STU005370,Male,M.Tech,Computer Science,7-8,False
STU005371,Male,MCA,Computer Applications,8-9,False
STU005372,Male,M.Tech,Computer Science,<7,True
STU005373,Male,B.Tech,Mechanical,<7,True
STU005374,Male,B.Tech,Electronics,<7,False
STU005375,Female,MBA,Operations,7-8,True
STU005376,Female,B.Tech,Computer Science,8-9,True
STU005377,Male,MCA,Computer Applications,7-8,False
STU005378,Male,MCA,Computer Applications,7-8,False
STU005379,Female,B.Tech,Electronics,<7,False
STU005380,Female,M.Tech,Computer Science,9+,False
STU005381,Male,MCA,Computer Applications,<7,False
STU005382,Female,M.Tech,Data Science,7-8,True
STU005383,Male,B.Tech,Mechanical,<7,True
STU005384,Female,MBA,Operations,8-9,True
STU005385,Male,B.Tech,Information Technology,7-8,True
STU005386,Female,B.Tech,Mechanical,9+,False
STU005387,Male,MCA,Computer Applications,7-8,False
STU005388,Male,B.Tech,Civil,<7,False
STU005389,Male,MBA,Operations,8-9,False
STU005390,Male,MCA,Computer Applications,<7,False
STU005391,Male,M.Tech,Computer Science,7-8,False
STU005392,Male,MBA,Marketing,7-8,False
STU005393,Male,M.Tech,Computer Science,8-9,False
STU005394,Female,M.Tech,Data Science,7-8,True
STU005395,Male,M.Tech,Computer Science,8-9,False
STU005396,Female,M.Tech,Computer Science,9+,True
STU005397,Male,M.Tech,VLSI,8-9,False
STU005398,Male,M.Tech,Computer Science,8-9,False
STU005399,Female,MCA,Computer Applications,7-8,False
STU005400,Male,M.Tech,VLSI,9+,False
STU005401,Female,M.Tech,Data Science,9+,True
STU005402,Male,M.Tech,VLSI,9+,False
STU005403,Male,M.Tech,VLSI,7-8,False
STU005404,Female,MCA,Computer Applications,7-8,True
STU005405,Male,MCA,Computer Applications,8-9,True
STU005406,Male,MCA,Computer Applications,7-8,False
STU005407,Male,B.Tech,Information Technology,9+,False
STU005408,Female,M.Tech,Data Science,7-8,False
STU005409,Female,MBA,Marketing,7-8,True
STU005410,Male,B.Tech,Mechanical,7-8,False
STU005411,Female,MCA,Computer Applications,7-8,False
STU005412,Male,MCA,Computer Applications,9+,True
STU005413,Male,M.Tech,Data Science,8-9,True
STU005414,Male,B.Tech,Information Technology,9+,False
STU005415,Male,MBA,Finance,8-9,True
STU005416,Male,MBA,Operations,7-8,True
STU005417,Male,M.Tech,Computer Science,<7,True
STU005418,Female,MCA,Computer Applications,7-8,True
STU005419,Female,B.Tech,Computer Science,<7,True
STU005420,Male,MBA,Operations,8-9,True
STU005421,Female,MCA,Computer Applications,8-9,False
STU005422,Male,M.Tech,Computer Science,<7,True
STU005423,Male,MCA,Computer Applications,9+,False
STU005424,Male,MBA,Finance,7-8,True
STU005425,Female,M.Tech,VLSI,9+,False
STU005426,Female,MCA,Computer Applications,8-9,False
STU005427,Male,M.Tech,Data Science,7-8,True
STU005428,Female,MCA,Computer Applications,7-8,False
STU005429,Male,M.Tech,Computer Science,8-9,True
STU005430,Female,MCA,Computer Applications,7-8,True
STU005431,Male,MCA,Computer Applications,7-8,True
STU005432,Male,M.Tech,Computer Science,8-9,True
STU005433,Male,M.Tech,VLSI,<7,False
STU005434,Male,M.Tech,VLSI,7-8,False
STU005435,Female,MBA,Operations,9+,False
STU005436,Female,B.Tech,Information Technology,9+,True
STU005437,Male,MCA,Computer Applications,7-8,False
STU005438,Male,MBA,Operations,7-8,True
STU005439,Female,MBA,Marketing,7-8,True
STU005440,Male,MBA,Marketing,8-9,True
STU005441,Male,M.Tech,Computer Science,7-8,True
STU005442,Male,MCA,Computer Applications,9+,True
STU005443,Female,MBA,Marketing,7-8,False
STU005444,Male,MCA,Computer Applications,8-9,True
STU005445,Male,B.Tech,Civil,8-9,False
STU005446,Male,MBA,Marketing,7-8,False
STU005447,Female,MBA,Operations,8-9,False
STU005448,Female,MCA,Computer Applications,8-9,False
STU005449,Female,B.Tech,Mechanical,8-9,False
STU005450,Female,MCA,Computer Applications,7-8,False
STU005451,Male,M.Tech,Computer Science,8-9,False
STU005452,Male,MBA,Marketing,8-9,True
STU005453,Male,MBA,Marketing,9+,True
STU005454,Female,MBA,Marketing,8-9,False
STU005455,Male,M.Tech,VLSI,7-8,True
STU005456,Male,MBA,Marketing,9+,False
STU005457,Female,M.Tech,Data Science,9+,False
STU005458,Male,M.Tech,Computer Science,<7,False
STU005459,Male,M.Tech,Data Science,<7,False
STU005460,Male,MBA,Marketing,7-8,True
STU005461,Male,MBA,Marketing,9+,True
STU005462,Female,MBA,Operations,7-8,False
STU005463,Male,MCA,Computer Applications,7-8,False
STU005464,Male,MCA,Computer Applications,7-8,False
STU005465,Male,M.Tech,Data Science,9+,True
STU005466,Male,MBA,Marketing,8-9,False
STU005467,Male,M.Tech,Computer Science,8-9,True
STU005468,Female,MBA,Marketing,8-9,False
STU005469,Male,MBA,Operations,7-8,True
STU005470,Male,B.Tech,Computer Science,9+,False
STU005471,Male,MCA,Computer Applications,<7,True
STU005472,Male,MCA,Computer Applications,7-8,False
STU005473,Male,MBA,Operations,9+,True
STU005474,Male,MCA,Computer Applications,8-9,False
STU005475,Male,B.Tech,Electronics,7-8,True
STU005476,Male,B.Tech,Information Technology,8-9,False
STU005477,Male,MBA,Operations,7-8,False
STU005478,Male,B.Tech,Computer Science,8-9,True
STU005479,Female,MCA,Computer Applications,<7,True
STU005480,Male,B.Tech,Electronics,9+,False
STU005481,Male,B.Tech,Electronics,7-8,False
STU005482,Male,B.Tech,Mechanical,7-8,True
STU005483,Female,MCA,Computer Applications,7-8,False
STU005484,Male,M.Tech,Computer Science,9+,False
STU005485,Male,B.Tech,Computer Science,7-8,True
STU005486,Female,MBA,Marketing,8-9,True
STU005487,Male,MBA,Finance,8-9,True
STU005488,Male,MCA,Computer Applications,<7,True
STU005489,Male,MBA,Operations,9+,True
STU005490,Female,MBA,Finance,7-8,True
STU005491,Female,MBA,Operations,<7,False
STU005492,Male,B.Tech,Civil,8-9,False
STU005493,Female,MCA,Computer Applications,7-8,False
STU005494,Female,MBA,Marketing,<7,True
STU005495,Male,MCA,Computer Applications,9+,False
STU005496,Male,MBA,Operations,8-9,False
STU005497,Male,B.Tech,Computer Science,8-9,False
STU005498,Female,B.Tech,Computer Science,9+,False
STU005499,Female,B.Tech,Mechanical,9+,False
STU005500,Male,MCA,Computer Applications,8-9,False
STU005501,Female,B.Tech,Mechanical,9+,False
STU005502,Male,M.Tech,Data Science,8-9,True
STU005503,Female,M.Tech,VLSI,7-8,False
STU005504,Male,B.Tech,Civil,7-8,False
STU005505,Male,MCA,Computer Applications,7-8,False
STU005506,Male,M.Tech,Data Science,7-8,False
STU005507,Female,B.Tech,Mechanical,7-8,False
STU005508,Female,MBA,Operations,7-8,False
STU005509,Female,M.Tech,Data Science,8-9,False
STU005510,Male,M.Tech,Data Science,9+,False
STU005511,Male,MCA,Computer Applications,9+,True
STU005512,Male,MBA,Finance,8-9,False
STU005513,Female,B.Tech,Mechanical,<7,False
STU005514,Male,M.Tech,Data Science,7-8,True
STU005515,Female,M.Tech,Data Science,8-9,True
STU005516,Male,B.Tech,Computer Science,7-8,True
STU005517,Male,M.Tech,VLSI,9+,True
STU005518,Female,MBA,Finance,8-9,False
STU005519,Male,M.Tech,Data Science,8-9,True
STU005520,Male,B.Tech,Electronics,8-9,False
STU005521,Male,B.Tech,Mechanical,8-9,True
STU005522,Female,MBA,Operations,8-9,False
STU005523,Male,M.Tech,Computer Science,9+,False
STU005524,Male,B.Tech,Computer Science,9+,False
STU005525,Female,M.Tech,Computer Science,7-8,False
STU005526,Male,M.Tech,VLSI,7-8,False
STU005527,Male,MCA,Computer Applications,<7,True
STU005528,Male,B.Tech,Information Technology,8-9,False
STU005529,Male,MBA,Marketing,<7,False
STU005530,Male,M.Tech,VLSI,9+,False
STU005531,Male,MCA,Computer Applications,8-9,False
STU005532,Male,B.Tech,Civil,9+,False
STU005533,Male,M.Tech,Data Science,8-9,False
STU005534,Male,M.Tech,Data Science,<7,False
STU005535,Male,MBA,Operations,9+,True
STU005536,Male,MCA,Computer Applications,9+,False
STU005537,Male,B.Tech,Mechanical,8-9,False
STU005538,Male,MCA,Computer Applications,7-8,False
STU005539,Male,MBA,Marketing,8-9,True
STU005540,Male,MBA,Finance,8-9,False
STU005541,Male,M.Tech,Data Science,7-8,False
STU005542,Female,B.Tech,Civil,8-9,False
STU005543,Male,MCA,Computer Applications,7-8,True
STU005544,Male,MBA,Finance,9+,True
STU005545,Female,MBA,Marketing,7-8,False
STU005546,Female,MBA,Marketing,7-8,False
STU005547,Female,MCA,Computer Applications,9+,False
STU005548,Male,MBA,Marketing,<7,False
STU005549,Male,MCA,Computer Applications,7-8,True
STU005550,Male,B.Tech,Information Technology,8-9,False
STU005551,Male,M.Tech,VLSI,9+,False
STU005552,Female,MBA,Operations,<7,False
STU005553,Female,MBA,Finance,7-8,False
STU005554,Male,B.Tech,Computer Science,7-8,False
STU005555,Male,M.Tech,Data Science,7-8,True
STU005556,Female,MBA,Marketing,8-9,False
STU005557,Male,B.Tech,Computer Science,7-8,True
STU005558,Male,MCA,Computer Applications,<7,False
STU005559,Male,MBA,Marketing,<7,False
STU005560,Male,M.Tech,Computer Science,7-8,False
STU005561,Male,B.Tech,Mechanical,<7,True
STU005562,Female,MBA,Operations,<7,True
STU005563,Male,MBA,Marketing,7-8,False
STU005564,Male,MCA,Computer Applications,8-9,False
STU005565,Male,MBA,Marketing,9+,True
STU005566,Female,M.Tech,Computer Science,8-9,False
STU005567,Female,MCA,Computer Applications,9+,True
STU005568,Male,M.Tech,Computer Science,8-9,False
STU005569,Male,B.Tech,Electronics,8-9,True
STU005570,Male,MCA,Computer Applications,8-9,True
STU005571,Male,MBA,Operations,8-9,False
STU005572,Male,MBA,Finance,<7,True
STU005573,Male,MCA,Computer Applications,9+,False
STU005574,Male,B.Tech,Civil,8-9,True
STU005575,Female,MBA,Operations,8-9,True
STU005576,Male,B.Tech,Civil,8-9,False
STU005577,Female,MBA,Operations,7-8,True
STU005578,Male,M.Tech,Data Science,8-9,False
STU005579,Female,M.Tech,VLSI,8-9,True
STU005580,Male,MBA,Marketing,7-8,False
STU005581,Male,MCA,Computer Applications,9+,False
STU005582,Male,M.Tech,Data Science,8-9,True
STU005583,Male,MBA,Operations,8-9,True
STU005584,Male,MCA,Computer Applications,<7,True
STU005585,Male,B.Tech,Computer Science,8-9,True
STU005586,Female,MBA,Operations,8-9,False
STU005587,Male,B.Tech,Information Technology,7-8,True
STU005588,Male,MCA,Computer Applications,7-8,False
STU005589,Male,B.Tech,Computer Science,8-9,True
STU005590,Female,M.Tech,VLSI,8-9,True
STU005591,Female,MCA,Computer Applications,7-8,True
STU005592,Female,MBA,Marketing,7-8,True
STU005593,Female,B.Tech,Electronics,7-8,True
STU005594,Male,MBA,Operations,9+,False
STU005595,Female,MCA,Computer Applications,7-8,False
STU005596,Female,B.Tech,Civil,7-8,False
STU005597,Male,MBA,Operations,7-8,False
STU005598,Female,M.Tech,Computer Science,8-9,True
STU005599,Male,MCA,Computer Applications,9+,False
STU005600,Female,B.Tech,Computer Science,7-8,True
STU005601,Male,M.Tech,VLSI,9+,False
STU005602,Male,MCA,Computer Applications,<7,False
STU005603,Female,B.Tech,Computer Science,8-9,False
STU005604,Female,MCA,Computer Applications,7-8,False
STU005605,Male,M.Tech,Computer Science,7-8,True
STU005606,Female,M.Tech,VLSI,8-9,False
STU005607,Male,M.Tech,Data Science,9+,False
STU005608,Male,M.Tech,Data Science,<7,False
STU005609,Male,M.Tech,VLSI,8-9,False
STU005610,Male,MBA,Finance,8-9,True
STU005611,Female,MBA,Operations,8-9,True
STU005612,Female,MCA,Computer Applications,8-9,False
STU005613,Male,MBA,Marketing,<7,False
STU005614,Male,MBA,Operations,7-8,True
STU005615,Male,B.Tech,Computer Science,7-8,False
STU005616,Male,M.Tech,VLSI,7-8,False
STU005617,Female,MCA,Computer Applications,8-9,False
STU005618,Female,B.Tech,Computer Science,<7,False
STU005619,Male,MBA,Operations,7-8,True
STU005620,Female,M.Tech,Computer Science,<7,False
STU005621,Male,MBA,Marketing,7-8,True
STU005622,Male,B.Tech,Computer Science,<7,False
STU005623,Female,MCA,Computer Applications,8-9,True
STU005624,Female,M.Tech,Computer Science,8-9,False
STU005625,Female,M.Tech,Data Science,8-9,False
STU005626,Male,MCA,Computer Applications,<7,True
STU005627,Male,MBA,Marketing,8-9,True
STU005628,Male,MCA,Computer Applications,8-9,True
STU005629,Male,MBA,Operations,<7,True
STU005630,Female,MCA,Computer Applications,7-8,False
STU005631,Female,MBA,Finance,9+,False
STU005632,Female,MBA,Operations,7-8,True
STU005633,Male,MCA,Computer Applications,7-8,False
STU005634,Female,MBA,Finance,9+,True
STU005635,Female,MBA,Operations,<7,False
STU005636,Male,M.Tech,Computer Science,9+,False
STU005637,Female,MCA,Computer Applications,7-8,True
STU005638,Female,M.Tech,Data Science,7-8,False
STU005639,Male,B.Tech,Mechanical,9+,True
STU005640,Female,MBA,Marketing,<7,False
STU005641,Male,MCA,Computer Applications,9+,True
STU005642,Male,M.Tech,Data Science,7-8,True
STU005643,Male,MBA,Marketing,9+,False
STU005644,Female,MBA,Marketing,7-8,True
STU005645,Male,B.Tech,Electronics,7-8,False
STU005646,Female,M.Tech,Data Science,7-8,False
STU005647,Male,B.Tech,Civil,8-9,False
STU005648,Female,MBA,Marketing,9+,False
STU005649,Male,MCA,Computer Applications,7-8,True
STU005650,Male,MBA,Operations,7-8,False
STU005651,Male,MBA,Marketing,7-8,False
STU005652,Female,MCA,Computer Applications,8-9,True
STU005653,Male,M.Tech,VLSI,9+,False
STU005654,Male,MCA,Computer Applications,8-9,False
STU005655,Female,M.Tech,VLSI,7-8,True
STU005656,Female,B.Tech,Mechanical,8-9,False
STU005657,Male,M.Tech,Data Science,9+,False
STU005658,Female,MCA,Computer Applications,7-8,True
STU005659,Female,M.Tech,VLSI,<7,False
STU005660,Male,M.Tech,Computer Science,8-9,False
STU005661,Male,M.Tech,VLSI,7-8,True
STU005662,Male,M.Tech,Computer Science,9+,False
STU005663,Male,M.Tech,Computer Science,<7,False
STU005664,Male,MBA,Marketing,8-9,False
STU005665,Male,M.Tech,Data Science,<7,True
STU005666,Female,MCA,Computer Applications,<7,False
STU005667,Male,B.Tech,Mechanical,9+,False
STU005668,Male,MBA,Marketing,7-8,False
STU005669,Male,B.Tech,Civil,8-9,False
STU005670,Male,MBA,Operations,<7,False
STU005671,Male,M.Tech,VLSI,9+,True
STU005672,Male,MCA,Computer Applications,7-8,False
STU005673,Female,M.Tech,VLSI,9+,False
STU005674,Female,B.Tech,Mechanical,<7,False
STU005675,Male,MBA,Marketing,8-9,True
STU005676,Male,MBA,Operations,9+,False
STU005677,Male,B.Tech,Computer Science,8-9,True
STU005678,Male,MCA,Computer Applications,8-9,True
STU005679,Male,MCA,Computer Applications,8-9,True
STU005680,Male,M.Tech,Data Science,9+,True
STU005681,Female,M.Tech,VLSI,<7,False
STU005682,Female,MBA,Marketing,7-8,True
STU005683,Male,MBA,Operations,9+,False
STU005684,Female,B.Tech,Electronics,7-8,False
STU005685,Male,MCA,Computer Applications,7-8,True
STU005686,Male,M.Tech,Data Science,9+,False
STU005687,Female,M.Tech,VLSI,8-9,False
STU005688,Female,MCA,Computer Applications,<7,True
STU005689,Female,M.Tech,Data Science,7-8,False
STU005690,Female,M.Tech,Data Science,8-9,True
STU005691,Male,M.Tech,Data Science,7-8,True
STU005692,Male,B.Tech,Information Technology,<7,False
STU005693,Male,M.Tech,VLSI,7-8,False
STU005694,Male,MCA,Computer Applications,8-9,True
STU005695,Male,M.Tech,VLSI,7-8,True
STU005696,Male,MBA,Finance,<7,False
STU005697,Female,MBA,Operations,8-9,False
STU005698,Male,M.Tech,VLSI,7-8,False
STU005699,Male,M.Tech,VLSI,<7,True
STU005700,Female,M.Tech,Data Science,7-8,True
STU005701,Female,M.Tech,Data Science,8-9,False
STU005702,Female,MBA,Marketing,8-9,True
STU005703,Male,B.Tech,Computer Science,7-8,True
STU005704,Female,B.Tech,Electronics,7-8,True
STU005705,Male,B.Tech,Civil,<7,True
STU005706,Male,MCA,Computer Applications,9+,False
STU005707,Male,MCA,Computer Applications,8-9,True
STU005708,Male,M.Tech,Computer Science,8-9,True
STU005709,Male,B.Tech,Mechanical,<7,False
STU005710,Female,B.Tech,Computer Science,7-8,True
STU005711,Female,B.Tech,Information Technology,7-8,False
STU005712,Male,M.Tech,VLSI,8-9,True
STU005713,Male,M.Tech,Computer Science,7-8,False
STU005714,Male,M.Tech,Computer Science,8-9,False
STU005715,Male,M.Tech,Data Science,8-9,True
STU005716,Male,MCA,Computer Applications,8-9,False
STU005717,Male,M.Tech,Data Science,8-9,True
STU005718,Male,B.Tech,Electronics,9+,True
STU005719,Male,B.Tech,Mechanical,7-8,True
STU005720,Male,MBA,Marketing,8-9,False
STU005721,Male,MCA,Computer Applications,7-8,False
STU005722,Male,M.Tech,VLSI,8-9,True
STU005723,Male,MCA,Computer Applications,9+,True
STU005724,Male,MCA,Computer Applications,<7,False
STU005725,Male,MCA,Computer Applications,8-9,False
STU005726,Male,MCA,Computer Applications,7-8,False
STU005727,Male,M.Tech,VLSI,7-8,True
STU005728,Male,MBA,Marketing,<7,True
STU005729,Female,MCA,Computer Applications,9+,True
STU005730,Male,MBA,Finance,7-8,False
STU005731,Male,M.Tech,VLSI,9+,False
STU005732,Male,M.Tech,Computer Science,8-9,True
STU005733,Male,MCA,Computer Applications,<7,False
STU005734,Female,MCA,Computer Applications,<7,True
STU005735,Male,M.Tech,Computer Science,8-9,False
STU005736,Male,MBA,Operations,9+,True
STU005737,Female,B.Tech,Mechanical,<7,True
STU005738,Male,MCA,Computer Applications,8-9,False
STU005739,Male,MCA,Computer Applications,7-8,False
STU005740,Female,MCA,Computer Applications,9+,False
STU005741,Male,MCA,Computer Applications,7-8,False
STU005742,Female,MCA,Computer Applications,9+,True
STU005743,Female,M.Tech,Data Science,9+,True
STU005744,Female,MBA,Finance,8-9,False
STU005745,Male,MCA,Computer Applications,9+,False
STU005746,Male,B.Tech,Electronics,7-8,False
STU005747,Male,MCA,Computer Applications,7-8,True
STU005748,Male,M.Tech,Data Science,7-8,False
STU005749,Male,MCA,Computer Applications,8-9,False
STU005750,Female,MCA,Computer Applications,9+,False
STU005751,Female,B.Tech,Information Technology,8-9,False
STU005752,Female,MCA,Computer Applications,7-8,True
STU005753,Male,MBA,Finance,9+,True
STU005754,Male,MCA,Computer Applications,8-9,True
STU005755,Female,MBA,Operations,7-8,True
STU005756,Male,MBA,Finance,8-9,True
STU005757,Male,MBA,Operations,8-9,False
STU005758,Male,MCA,Computer Applications,7-8,True
STU005759,Female,M.Tech,Data Science,<7,False
STU005760,Male,MBA,Operations,9+,False
STU005761,Female,M.Tech,VLSI,7-8,True
STU005762,Male,MBA,Finance,7-8,False
STU005763,Female,M.Tech,Computer Science,7-8,True
STU005764,Female,MCA,Computer Applications,7-8,False
STU005765,Male,MCA,Computer Applications,8-9,True
STU005766,Female,MCA,Computer Applications,8-9,False
STU005767,Male,MBA,Finance,9+,True
STU005768,Female,MCA,Computer Applications,8-9,False
STU005769,Male,MBA,Operations,<7,False
STU005770,Male,M.Tech,Data Science,8-9,True
STU005771,Male,MCA,Computer Applications,7-8,False
STU005772,Female,B.Tech,Electronics,9+,True
STU005773,Male,MCA,Computer Applications,7-8,False
STU005774,Female,MBA,Marketing,8-9,False
STU005775,Male,MBA,Finance,9+,False
STU005776,Female,M.Tech,VLSI,8-9,False
STU005777,Male,MBA,Finance,9+,False
STU005778,Male,MBA,Marketing,7-8,False
STU005779,Female,M.Tech,Data Science,<7,True
STU005780,Female,MBA,Marketing,8-9,True
STU005781,Female,MBA,Operations,7-8,True
STU005782,Male,B.Tech,Mechanical,7-8,False
STU005783,Male,MBA,Operations,<7,True
STU005784,Female,MCA,Computer Applications,8-9,False
STU005785,Female,MBA,Operations,7-8,False
STU005786,Female,MBA,Marketing,<7,False
STU005787,Female,MCA,Computer Applications,<7,True
STU005788,Male,M.Tech,VLSI,7-8,True
STU005789,Male,B.Tech,Information Technology,7-8,False
STU005790,Male,B.Tech,Computer Science,7-8,False
STU005791,Female,MBA,Operations,8-9,False
STU005792,Male,B.Tech,Information Technology,9+,True
STU005793,Male,B.Tech,Mechanical,8-9,True
STU005794,Male,MBA,Marketing,7-8,False
STU005795,Male,B.Tech,Civil,8-9,False
STU005796,Male,B.Tech,Electronics,<7,False
STU005797,Female,MCA,Computer Applications,7-8,False
STU005798,Female,MBA,Operations,7-8,True
STU005799,Male,B.Tech,Information Technology,8-9,True
STU005800,Female,MCA,Computer Applications,<7,True
STU005801,Female,MCA,Computer Applications,7-8,False
STU005802,Male,B.Tech,Mechanical,7-8,True
STU005803,Male,MCA,Computer Applications,7-8,True
STU005804,Male,M.Tech,Data Science,<7,False
STU005805,Male,MCA,Computer Applications,8-9,False
STU005806,Female,MCA,Computer Applications,9+,True
STU005807,Female,MCA,Computer Applications,9+,True
STU005808,Male,MBA,Operations,8-9,False
STU005809,Male,MBA,Operations,7-8,False
STU005810,Female,M.Tech,Data Science,<7,False
STU005811,Male,B.Tech,Computer Science,7-8,True
STU005812,Male,MCA,Computer Applications,8-9,True
STU005813,Male,MCA,Computer Applications,8-9,True
STU005814,Male,MBA,Finance,<7,True
STU005815,Female,B.Tech,Civil,8-9,False
STU005816,Male,M.Tech,Computer Science,<7,False
STU005817,Male,MCA,Computer Applications,7-8,False
STU005818,Female,M.Tech,Computer Science,<7,True
STU005819,Male,M.Tech,Data Science,7-8,False
STU005820,Male,MCA,Computer Applications,7-8,True
STU005821,Male,B.Tech,Mechanical,9+,False
STU005822,Male,MCA,Computer Applications,8-9,False
STU005823,Male,MBA,Marketing,8-9,False
STU005824,Male,B.Tech,Civil,9+,True
STU005825,Male,M.Tech,Data Science,8-9,True
STU005826,Male,MBA,Marketing,7-8,False
STU005827,Male,MCA,Computer Applications,<7,False
STU005828,Female,B.Tech,Civil,7-8,False
STU005829,Male,MBA,Operations,8-9,False
STU005830,Male,B.Tech,Mechanical,8-9,False
STU005831,Female,MCA,Computer Applications,7-8,False
STU005832,Female,B.Tech,Information Technology,7-8,False
STU005833,Female,M.Tech,Computer Science,<7,False
STU005834,Female,B.Tech,Civil,7-8,False
STU005835,Male,B.Tech,Civil,<7,True
STU005836,Female,B.Tech,Information Technology,7-8,False
STU005837,Female,MCA,Computer Applications,7-8,False
STU005838,Female,M.Tech,Data Science,9+,False
STU005839,Male,MCA,Computer Applications,8-9,False
STU005840,Female,B.Tech,Civil,7-8,True
STU005841,Male,M.Tech,Computer Science,9+,False
STU005842,Male,MBA,Marketing,8-9,True
STU005843,Male,MCA,Computer Applications,8-9,False
STU005844,Male,MCA,Computer Applications,<7,False
STU005845,Male,B.Tech,Civil,9+,False
STU005846,Male,MBA,Marketing,8-9,True
STU005847,Female,MCA,Computer Applications,8-9,True
STU005848,Female,MCA,Computer Applications,8-9,True
STU005849,Male,B.Tech,Information Technology,7-8,True
STU005850,Female,MBA,Finance,8-9,False
STU005851,Male,M.Tech,Data Science,7-8,False
STU005852,Male,MCA,Computer Applications,8-9,True
STU005853,Male,MBA,Operations,7-8,False
STU005854,Male,MCA,Computer Applications,8-9,False
STU005855,Female,MBA,Operations,9+,False
STU005856,Female,MCA,Computer Applications,7-8,False
STU005857,Male,MBA,Finance,<7,False
STU005858,Female,M.Tech,Data Science,7-8,False
STU005859,Female,MBA,Finance,7-8,True
STU005860,Male,MCA,Computer Applications,8-9,False
STU005861,Female,B.Tech,Information Technology,7-8,True
STU005862,Male,B.Tech,Electronics,9+,False
STU005863,Male,MCA,Computer Applications,8-9,True
STU005864,Female,B.Tech,Electronics,7-8,True
STU005865,Male,B.Tech,Information Technology,7-8,False
STU005866,Female,M.Tech,VLSI,<7,False
STU005867,Female,MCA,Computer Applications,7-8,False
STU005868,Male,MCA,Computer Applications,8-9,False
STU005869,Female,B.Tech,Civil,9+,False
STU005870,Female,MCA,Computer Applications,8-9,False
STU005871,Male,MBA,Operations,7-8,False
STU005872,Female,B.Tech,Civil,9+,True
STU005873,Female,M.Tech,Computer Science,8-9,True
STU005874,Male,M.Tech,Computer Science,8-9,True
STU005875,Female,MBA,Marketing,7-8,True
STU005876,Male,MCA,Computer Applications,7-8,False
STU005877,Male,M.Tech,Data Science,<7,True
STU005878,Female,M.Tech,Computer Science,9+,True
STU005879,Female,B.Tech,Computer Science,7-8,True
STU005880,Male,B.Tech,Information Technology,7-8,True
STU005881,Male,M.Tech,Data Science,8-9,False
STU005882,Female,MCA,Computer Applications,7-8,False
STU005883,Female,B.Tech,Electronics,8-9,False
STU005884,Male,M.Tech,VLSI,<7,True
STU005885,Male,B.Tech,Mechanical,8-9,True
STU005886,Male,M.Tech,VLSI,<7,True
STU005887,Male,B.Tech,Civil,8-9,False
STU005888,Female,MBA,Operations,9+,True
STU005889,Male,MBA,Operations,7-8,False
STU005890,Female,MCA,Computer Applications,8-9,False
STU005891,Male,M.Tech,Computer Science,7-8,False
STU005892,Male,M.Tech,VLSI,7-8,True
STU005893,Male,MCA,Computer Applications,8-9,False
STU005894,Female,MCA,Computer Applications,7-8,True
STU005895,Male,MBA,Operations,7-8,False
STU005896,Male,MBA,Finance,8-9,True
STU005897,Male,MBA,Operations,<7,True
STU005898,Female,MCA,Computer Applications,7-8,True
STU005899,Male,B.Tech,Information Technology,7-8,True
STU005900,Female,MBA,Marketing,8-9,True
STU005901,Male,MCA,Computer Applications,8-9,False
STU005902,Male,MBA,Marketing,7-8,False
STU005903,Male,B.Tech,Civil,7-8,False
STU005904,Female,B.Tech,Electronics,<7,False
STU005905,Female,MCA,Computer Applications,9+,False
STU005906,Male,MBA,Operations,8-9,True
STU005907,Male,MCA,Computer Applications,<7,True
STU005908,Male,MCA,Computer Applications,<7,True
STU005909,Male,B.Tech,Civil,8-9,False
STU005910,Male,MCA,Computer Applications,8-9,True
STU005911,Male,MBA,Finance,7-8,False
STU005912,Female,MBA,Marketing,7-8,False
STU005913,Male,MCA,Computer Applications,<7,True
STU005914,Male,M.Tech,Data Science,7-8,False
STU005915,Male,MBA,Finance,<7,False
STU005916,Male,MCA,Computer Applications,7-8,False
STU005917,Female,MCA,Computer Applications,8-9,False
STU005918,Male,MCA,Computer Applications,9+,False
STU005919,Male,M.Tech,VLSI,8-9,True
STU005920,Female,M.Tech,VLSI,9+,False
STU005921,Male,M.Tech,VLSI,7-8,True
STU005922,Male,MBA,Operations,9+,False
STU005923,Male,B.Tech,Mechanical,7-8,False
STU005924,Female,MBA,Finance,7-8,False
STU005925,Male,M.Tech,Data Science,7-8,True
STU005926,Female,B.Tech,Computer Science,8-9,False
STU005927,Male,MCA,Computer Applications,7-8,False
STU005928,Male,MCA,Computer Applications,<7,True
STU005929,Male,M.Tech,VLSI,8-9,True
STU005930,Male,MCA,Computer Applications,7-8,True
STU005931,Female,M.Tech,Computer Science,8-9,False
STU005932,Female,MCA,Computer Applications,7-8,True
STU005933,Female,MBA,Operations,8-9,False
STU005934,Male,MCA,Computer Applications,7-8,True
STU005935,Female,B.Tech,Electronics,7-8,False
STU005936,Female,B.Tech,Computer Science,9+,False
STU005937,Male,MBA,Finance,7-8,True
STU005938,Male,M.Tech,Data Science,9+,False
STU005939,Female,MCA,Computer Applications,9+,False
STU005940,Male,MCA,Computer Applications,9+,False
STU005941,Male,M.Tech,Computer Science,7-8,True
STU005942,Male,B.Tech,Information Technology,9+,True
STU005943,Female,M.Tech,Data Science,<7,False
STU005944,Female,MCA,Computer Applications,9+,False
STU005945,Female,MCA,Computer Applications,7-8,False
STU005946,Male,B.Tech,Information Technology,8-9,False
STU005947,Male,B.Tech,Electronics,8-9,False
STU005948,Female,MBA,Marketing,7-8,False
STU005949,Male,MBA,Operations,7-8,False
STU005950,Male,MBA,Operations,9+,False
STU005951,Male,MBA,Marketing,<7,False
STU005952,Male,MCA,Computer Applications,7-8,True
STU005953,Female,B.Tech,Computer Science,7-8,False
STU005954,Male,M.Tech,Computer Science,7-8,False
STU005955,Female,M.Tech,Computer Science,7-8,True
STU005956,Male,M.Tech,VLSI,7-8,False
STU005957,Male,MCA,Computer Applications,9+,False
STU005958,Male,B.Tech,Mechanical,8-9,False
STU005959,Female,M.Tech,Data Science,8-9,True
STU005960,Female,B.Tech,Civil,7-8,False
STU005961,Female,MBA,Marketing,7-8,True
STU005962,Male,B.Tech,Information Technology,7-8,True
STU005963,Male,MBA,Finance,8-9,True
STU005964,Male,MCA,Computer Applications,7-8,False
STU005965,Female,M.Tech,Data Science,7-8,False
STU005966,Male,MCA,Computer Applications,8-9,True
STU005967,Male,MCA,Computer Applications,8-9,True
STU005968,Male,MBA,Operations,7-8,True
STU005969,Female,B.Tech,Computer Science,8-9,False
STU005970,Male,MCA,Computer Applications,8-9,True
STU005971,Male,MBA,Finance,7-8,False
STU005972,Female,MBA,Finance,8-9,True
STU005973,Male,B.Tech,Information Technology,<7,False
STU005974,Male,B.Tech,Electronics,8-9,True
STU005975,Female,B.Tech,Mechanical,7-8,False
STU005976,Male,MCA,Computer Applications,8-9,True
STU005977,Male,MBA,Operations,8-9,False
STU005978,Male,MCA,Computer Applications,7-8,True
STU005979,Male,MBA,Marketing,9+,False
STU005980,Male,MBA,Operations,7-8,False
STU005981,Female,B.Tech,Electronics,8-9,True
STU005982,Male,M.Tech,VLSI,9+,False
STU005983,Female,MBA,Operations,9+,True
STU005984,Male,M.Tech,Computer Science,8-9,False
STU005985,Female,M.Tech,VLSI,8-9,True
STU005986,Female,MBA,Finance,7-8,False
STU005987,Male,M.Tech,Data Science,7-8,True
STU005988,Male,MBA,Marketing,8-9,True
STU005989,Male,MCA,Computer Applications,<7,False
STU005990,Male,B.Tech,Computer Science,7-8,False
STU005991,Female,MCA,Computer Applications,7-8,True
STU005992,Male,B.Tech,Civil,8-9,True
STU005993,Male,B.Tech,Computer Science,8-9,False
STU005994,Male,MCA,Computer Applications,<7,True
STU005995,Male,MBA,Marketing,7-8,False
STU005996,Female,B.Tech,Electronics,8-9,False
STU005997,Female,MCA,Computer Applications,7-8,True
STU005998,Male,M.Tech,Computer Science,<7,True
STU005999,Male,MBA,Finance,9+,False
STU006000,Male,M.Tech,Computer Science,<7,False
STU006001,Male,MCA,Computer Applications,7-8,False
STU006002,Male,M.Tech,Computer Science,7-8,False
STU006003,Female,MBA,Marketing,7-8,False
STU006004,Male,MBA,Operations,7-8,False
STU006005,Male,MBA,Marketing,7-8,False
STU006006,Male,M.Tech,Data Science,8-9,True
STU006007,Female,B.Tech,Civil,7-8,True
STU006008,Male,MBA,Finance,7-8,False
STU006009,Male,B.Tech,Electronics,7-8,False
STU006010,Male,MCA,Computer Applications,9+,True
STU006011,Female,MBA,Operations,<7,True
STU006012,Male,MBA,Marketing,7-8,False
STU006013,Male,MCA,Computer Applications,<7,False
STU006014,Female,MBA,Finance,7-8,True
STU006015,Male,M.Tech,Data Science,7-8,True
STU006016,Male,B.Tech,Mechanical,7-8,True
STU006017,Male,MBA,Marketing,9+,False
STU006018,Male,MBA,Finance,8-9,True
STU006019,Female,MBA,Finance,8-9,False
STU006020,Male,MCA,Computer Applications,8-9,True
STU006021,Male,B.Tech,Civil,<7,False
STU006022,Male,M.Tech,VLSI,8-9,False
STU006023,Male,M.Tech,Computer Science,<7,False
STU006024,Male,MBA,Marketing,7-8,True
STU006025,Female,M.Tech,Data Science,9+,True
STU006026,Male,MBA,Operations,7-8,False
STU006027,Male,M.Tech,VLSI,8-9,False
STU006028,Male,B.Tech,Civil,7-8,False
STU006029,Male,M.Tech,VLSI,7-8,False
STU006030,Male,B.Tech,Computer Science,9+,False
STU006031,Male,MCA,Computer Applications,<7,True
STU006032,Male,MBA,Operations,7-8,False
STU006033,Female,M.Tech,Computer Science,7-8,False
STU006034,Male,B.Tech,Information Technology,8-9,True
STU006035,Male,B.Tech,Civil,7-8,False
STU006036,Male,M.Tech,VLSI,<7,False
STU006037,Male,MCA,Computer Applications,7-8,True
STU006038,Male,MCA,Computer Applications,<7,True
STU006039,Male,MCA,Computer Applications,8-9,False
STU006040,Male,MCA,Computer Applications,7-8,False
STU006041,Male,B.Tech,Computer Science,9+,False
STU006042,Male,MCA,Computer Applications,7-8,False
STU006043,Male,M.Tech,VLSI,8-9,True
STU006044,Female,MBA,Operations,8-9,False
STU006045,Male,MCA,Computer Applications,9+,False
STU006046,Male,B.Tech,Mechanical,9+,False
STU006047,Female,B.Tech,Electronics,8-9,True
STU006048,Male,MCA,Computer Applications,<7,False
STU006049,Male,MBA,Marketing,<7,True
STU006050,Male,M.Tech,VLSI,8-9,False
STU006051,Male,B.Tech,Information Technology,7-8,False
STU006052,Female,B.Tech,Electronics,<7,False
STU006053,Female,B.Tech,Information Technology,8-9,False
STU006054,Male,MBA,Operations,7-8,False
STU006055,Male,M.Tech,VLSI,8-9,True
STU006056,Female,B.Tech,Civil,7-8,False
STU006057,Male,MBA,Finance,7-8,False
STU006058,Female,MCA,Computer Applications,8-9,True
STU006059,Male,M.Tech,Computer Science,9+,True
STU006060,Female,B.Tech,Civil,8-9,False
STU006061,Male,MCA,Computer Applications,8-9,False
STU006062,Male,MCA,Computer Applications,7-8,False
STU006063,Male,MBA,Finance,8-9,False
STU006064,Female,MCA,Computer Applications,8-9,False
STU006065,Male,MCA,Computer Applications,8-9,False
STU006066,Male,M.Tech,VLSI,7-8,True
STU006067,Male,B.Tech,Civil,8-9,False
STU006068,Female,B.Tech,Civil,8-9,True
STU006069,Male,MCA,Computer Applications,8-9,True
STU006070,Female,MBA,Operations,7-8,False
STU006071,Female,MCA,Computer Applications,<7,False
STU006072,Female,MCA,Computer Applications,7-8,False
STU006073,Male,MBA,Finance,8-9,True
STU006074,Male,MBA,Finance,8-9,True
STU006075,Female,MCA,Computer Applications,9+,False
STU006076,Male,MBA,Marketing,8-9,True
STU006077,Male,M.Tech,VLSI,7-8,False
STU006078,Male,B.Tech,Civil,8-9,True
STU006079,Male,M.Tech,VLSI,9+,True
STU006080,Male,M.Tech,Data Science,8-9,False
STU006081,Female,MBA,Finance,9+,False
STU006082,Female,MBA,Finance,8-9,False
STU006083,Male,MCA,Computer Applications,7-8,False
STU006084,Female,MCA,Computer Applications,8-9,False
STU006085,Male,MBA,Finance,8-9,False
STU006086,Male,M.Tech,VLSI,<7,False
STU006087,Female,MBA,Operations,<7,False
STU006088,Male,B.Tech,Mechanical,7-8,False
STU006089,Female,M.Tech,Computer Science,8-9,False
STU006090,Female,M.Tech,Data Science,<7,False
STU006091,Female,MBA,Marketing,8-9,True
STU006092,Male,MBA,Operations,7-8,False
STU006093,Male,M.Tech,VLSI,8-9,True
STU006094,Female,B.Tech,Electronics,9+,False
STU006095,Male,B.Tech,Information Technology,7-8,False
STU006096,Male,B.Tech,Electronics,8-9,True
STU006097,Male,M.Tech,VLSI,7-8,True
STU006098,Female,MBA,Marketing,8-9,True
STU006099,Female,B.Tech,Electronics,9+,False
STU006100,Male,MCA,Computer Applications,8-9,False
STU006101,Male,MBA,Finance,7-8,True
STU006102,Male,MCA,Computer Applications,8-9,False
STU006103,Female,MCA,Computer Applications,8-9,False
STU006104,Male,B.Tech,Information Technology,7-8,False
STU006105,Male,M.Tech,Computer Science,7-8,True
STU006106,Male,M.Tech,VLSI,8-9,False
STU006107,Male,MCA,Computer Applications,7-8,False
STU006108,Male,M.Tech,VLSI,<7,False
STU006109,Female,B.Tech,Electronics,8-9,False
STU006110,Male,MCA,Computer Applications,7-8,True
STU006111,Female,MCA,Computer Applications,7-8,True
STU006112,Female,MCA,Computer Applications,7-8,False
STU006113,Male,MBA,Operations,7-8,True
STU006114,Male,MCA,Computer Applications,7-8,True
STU006115,Male,MBA,Finance,<7,True
STU006116,Female,MBA,Marketing,7-8,False
STU006117,Male,B.Tech,Civil,8-9,True
STU006118,Male,MBA,Marketing,8-9,True
STU006119,Male,M.Tech,Data Science,7-8,True
STU006120,Male,MBA,Finance,9+,False
STU006121,Male,M.Tech,VLSI,7-8,True
STU006122,Male,M.Tech,Data Science,9+,False
STU006123,Male,MCA,Computer Applications,7-8,False
STU006124,Male,MBA,Operations,8-9,True
STU006125,Female,B.Tech,Information Technology,<7,True
STU006126,Male,B.Tech,Information Technology,<7,True
STU006127,Male,B.Tech,Civil,7-8,True
STU006128,Male,MCA,Computer Applications,8-9,True
STU006129,Female,MBA,Finance,8-9,False
STU006130,Male,MBA,Finance,9+,True
STU006131,Male,M.Tech,VLSI,7-8,True
STU006132,Female,M.Tech,Computer Science,7-8,False
STU006133,Male,MCA,Computer Applications,7-8,True
STU006134,Female,M.Tech,VLSI,7-8,False
STU006135,Male,M.Tech,VLSI,7-8,False
STU006136,Male,B.Tech,Information Technology,8-9,False
STU006137,Female,MCA,Computer Applications,8-9,False
STU006138,Male,MBA,Operations,8-9,False
STU006139,Female,MCA,Computer Applications,8-9,False
STU006140,Female,B.Tech,Computer Science,7-8,True
STU006141,Male,M.Tech,Data Science,8-9,False
STU006142,Male,B.Tech,Mechanical,9+,True
STU006143,Male,MCA,Computer Applications,7-8,True
STU006144,Male,B.Tech,Computer Science,9+,False
STU006145,Female,MCA,Computer Applications,7-8,False
STU006146,Male,M.Tech,Data Science,8-9,False
STU006147,Male,M.Tech,Computer Science,<7,False
STU006148,Male,B.Tech,Computer Science,8-9,False
STU006149,Male,MBA,Operations,7-8,False
STU006150,Male,M.Tech,Computer Science,7-8,False
STU006151,Male,M.Tech,Data Science,8-9,False
STU006152,Male,MCA,Computer Applications,8-9,True
STU006153,Female,MCA,Computer Applications,8-9,True
STU006154,Male,MCA,Computer Applications,7-8,False
STU006155,Male,MCA,Computer Applications,9+,True
STU006156,Male,MBA,Finance,8-9,True
STU006157,Male,B.Tech,Civil,9+,True
STU006158,Male,MBA,Marketing,7-8,False
STU006159,Male,MCA,Computer Applications,7-8,True
STU006160,Female,B.Tech,Electronics,8-9,False
STU006161,Male,B.Tech,Electronics,7-8,True
STU006162,Male,B.Tech,Electronics,7-8,True
STU006163,Female,MCA,Computer Applications,<7,False
STU006164,Male,MBA,Operations,9+,False
STU006165,Female,MBA,Finance,8-9,True
STU006166,Female,B.Tech,Electronics,8-9,False
STU006167,Male,MBA,Marketing,<7,False
STU006168,Male,B.Tech,Electronics,9+,False
STU006169,Male,M.Tech,Data Science,8-9,True
STU006170,Male,MCA,Computer Applications,8-9,True
STU006171,Male,M.Tech,Computer Science,<7,False
STU006172,Male,M.Tech,Data Science,9+,False
STU006173,Male,MCA,Computer Applications,8-9,True
STU006174,Female,M.Tech,Computer Science,7-8,False
STU006175,Female,M.Tech,Data Science,9+,False
STU006176,Female,M.Tech,Data Science,<7,False
STU006177,Male,MCA,Computer Applications,8-9,False
STU006178,Male,M.Tech,Data Science,<7,True
STU006179,Male,MCA,Computer Applications,9+,False
STU006180,Male,MBA,Finance,<7,False
STU006181,Female,MBA,Finance,8-9,False
STU006182,Male,MBA,Operations,7-8,True
STU006183,Male,B.Tech,Mechanical,7-8,False
STU006184,Male,B.Tech,Electronics,7-8,False
STU006185,Male,MBA,Marketing,9+,False
STU006186,Male,B.Tech,Civil,<7,True
STU006187,Male,M.Tech,Data Science,8-9,False
STU006188,Male,MCA,Computer Applications,<7,False
STU006189,Male,MBA,Finance,<7,False
STU006190,Male,MBA,Operations,<7,False
STU006191,Male,MCA,Computer Applications,7-8,False
STU006192,Female,MBA,Finance,8-9,True
STU006193,Male,MCA,Computer Applications,9+,True
STU006194,Female,M.Tech,Data Science,7-8,True
STU006195,Female,M.Tech,Data Science,7-8,False
STU006196,Male,B.Tech,Information Technology,7-8,False
STU006197,Female,MCA,Computer Applications,9+,True
STU006198,Male,MBA,Marketing,7-8,False
STU006199,Male,MBA,Operations,7-8,True
STU006200,Male,M.Tech,VLSI,8-9,False
STU006201,Male,M.Tech,Computer Science,7-8,False
STU006202,Male,M.Tech,Data Science,8-9,True
STU006203,Male,B.Tech,Computer Science,8-9,True
STU006204,Male,M.Tech,VLSI,8-9,True
STU006205,Male,MCA,Computer Applications,<7,True
STU006206,Female,MCA,Computer Applications,<7,True
STU006207,Female,M.Tech,Computer Science,<7,True
STU006208,Male,M.Tech,Computer Science,7-8,False
STU006209,Male,B.Tech,Computer Science,<7,False
STU006210,Female,B.Tech,Civil,<7,True
STU006211,Female,M.Tech,VLSI,9+,True
STU006212,Female,M.Tech,Computer Science,<7,False
STU006213,Male,MBA,Operations,7-8,False
STU006214,Female,B.Tech,Electronics,<7,False
STU006215,Male,MBA,Marketing,<7,True
STU006216,Female,MBA,Marketing,7-8,True
STU006217,Male,MCA,Computer Applications,8-9,False
STU006218,Male,M.Tech,Computer Science,7-8,True
STU006219,Male,MBA,Marketing,7-8,False
STU006220,Male,MCA,Computer Applications,9+,True
STU006221,Male,MCA,Computer Applications,9+,False
STU006222,Female,B.Tech,Civil,8-9,True
STU006223,Male,B.Tech,Information Technology,7-8,False
STU006224,Male,B.Tech,Information Technology,<7,True
STU006225,Female,M.Tech,Data Science,7-8,False
STU006226,Male,MBA,Marketing,<7,False
STU006227,Female,M.Tech,Computer Science,8-9,False
STU006228,Female,B.Tech,Civil,9+,True
STU006229,Male,MCA,Computer Applications,9+,False
STU006230,Male,MCA,Computer Applications,7-8,True
STU006231,Male,MBA,Operations,8-9,True
STU006232,Female,MCA,Computer Applications,8-9,False
STU006233,Female,MCA,Computer Applications,8-9,False
STU006234,Male,B.Tech,Information Technology,9+,False
STU006235,Male,MBA,Marketing,7-8,False
STU006236,Female,MBA,Operations,7-8,True
STU006237,Male,MCA,Computer Applications,<7,False
STU006238,Female,MCA,Computer Applications,7-8,False
STU006239,Male,M.Tech,Computer Science,7-8,False
STU006240,Female,M.Tech,VLSI,<7,False
STU006241,Male,MCA,Computer Applications,8-9,True
STU006242,Male,MBA,Operations,8-9,False
STU006243,Female,MCA,Computer Applications,8-9,False
STU006244,Male,M.Tech,VLSI,<7,True
STU006245,Male,MCA,Computer Applications,9+,False
STU006246,Male,B.Tech,Information Technology,7-8,True
STU006247,Male,B.Tech,Computer Science,8-9,False
STU006248,Male,B.Tech,Civil,<7,True
STU006249,Male,MCA,Computer Applications,9+,True
STU006250,Male,M.Tech,Data Science,7-8,True
STU006251,Male,M.Tech,Computer Science,9+,False
STU006252,Male,MBA,Operations,8-9,True
STU006253,Female,MBA,Finance,<7,False
STU006254,Female,B.Tech,Civil,7-8,False
STU006255,Female,M.Tech,Computer Science,9+,True
STU006256,Male,B.Tech,Electronics,7-8,True
STU006257,Female,MBA,Operations,<7,True
STU006258,Male,MCA,Computer Applications,7-8,True
STU006259,Female,B.Tech,Computer Science,<7,True
STU006260,Female,MCA,Computer Applications,9+,True
STU006261,Male,MBA,Operations,<7,False
STU006262,Female,MCA,Computer Applications,8-9,True
STU006263,Male,MBA,Marketing,7-8,True
STU006264,Male,M.Tech,Computer Science,<7,True
STU006265,Male,MCA,Computer Applications,9+,False
STU006266,Male,M.Tech,VLSI,8-9,False
STU006267,Female,MBA,Marketing,8-9,False
STU006268,Male,MCA,Computer Applications,<7,True
STU006269,Male,MBA,Marketing,<7,False
STU006270,Male,M.Tech,VLSI,9+,True
STU006271,Female,B.Tech,Computer Science,9+,False
STU006272,Male,B.Tech,Civil,8-9,False
STU006273,Female,B.Tech,Information Technology,9+,False
STU006274,Male,MBA,Marketing,7-8,False
STU006275,Male,M.Tech,Data Science,9+,False
STU006276,Female,MCA,Computer Applications,7-8,False
STU006277,Male,MBA,Finance,7-8,True
STU006278,Male,B.Tech,Information Technology,7-8,False
STU006279,Male,M.Tech,Data Science,8-9,False
STU006280,Male,MBA,Operations,8-9,True
STU006281,Female,B.Tech,Civil,8-9,True
STU006282,Female,B.Tech,Computer Science,8-9,True
STU006283,Male,B.Tech,Mechanical,8-9,False
STU006284,Female,MBA,Marketing,8-9,False
STU006285,Female,M.Tech,VLSI,<7,False
STU006286,Male,MCA,Computer Applications,8-9,True
STU006287,Male,M.Tech,VLSI,8-9,False
STU006288,Male,B.Tech,Information Technology,8-9,False
STU006289,Male,M.Tech,Data Science,<7,False
STU006290,Male,M.Tech,Data Science,7-8,False
STU006291,Female,MBA,Finance,8-9,False
STU006292,Male,B.Tech,Mechanical,8-9,False
STU006293,Female,M.Tech,VLSI,<7,True
STU006294,Male,MCA,Computer Applications,8-9,True
STU006295,Male,MCA,Computer Applications,7-8,True
STU006296,Female,M.Tech,Computer Science,7-8,False
STU006297,Male,MBA,Marketing,7-8,False
STU006298,Male,M.Tech,Data Science,7-8,False
STU006299,Male,MBA,Finance,<7,False
STU006300,Male,MBA,Marketing,<7,True
STU006301,Female,B.Tech,Electronics,7-8,True
STU006302,Female,MCA,Computer Applications,9+,True
STU006303,Male,M.Tech,VLSI,<7,False
STU006304,Male,M.Tech,Computer Science,8-9,False
STU006305,Male,B.Tech,Computer Science,7-8,True
STU006306,Female,MCA,Computer Applications,7-8,True
STU006307,Male,B.Tech,Information Technology,7-8,False
STU006308,Male,MBA,Operations,<7,False
STU006309,Female,MBA,Operations,7-8,True
STU006310,Female,B.Tech,Information Technology,8-9,True
STU006311,Male,MCA,Computer Applications,8-9,True
STU006312,Female,B.Tech,Civil,7-8,False
STU006313,Male,M.Tech,Computer Science,9+,True
STU006314,Female,MCA,Computer Applications,7-8,True
STU006315,Male,M.Tech,Computer Science,7-8,True
STU006316,Female,MBA,Finance,7-8,False
STU006317,Male,MBA,Finance,8-9,True
STU006318,Male,MCA,Computer Applications,9+,True
STU006319,Female,M.Tech,Computer Science,7-8,False
STU006320,Male,MCA,Computer Applications,8-9,False
STU006321,Female,MBA,Finance,7-8,False
STU006322,Male,MBA,Finance,8-9,False
STU006323,Male,MCA,Computer Applications,8-9,False
STU006324,Male,MCA,Computer Applications,9+,False
STU006325,Male,MCA,Computer Applications,7-8,False
STU006326,Male,MBA,Marketing,7-8,True
STU006327,Male,M.Tech,Data Science,8-9,False
STU006328,Female,M.Tech,Data Science,<7,True
STU006329,Male,M.Tech,VLSI,8-9,False
STU006330,Male,M.Tech,Data Science,8-9,False
STU006331,Male,MBA,Marketing,8-9,False
STU006332,Male,MCA,Computer Applications,7-8,False
STU006333,Male,M.Tech,VLSI,7-8,False
STU006334,Female,M.Tech,VLSI,7-8,False
STU006335,Female,MCA,Computer Applications,8-9,True
STU006336,Female,MCA,Computer Applications,7-8,False
STU006337,Female,MCA,Computer Applications,<7,False
STU006338,Female,M.Tech,Data Science,7-8,False
STU006339,Male,MCA,Computer Applications,7-8,True
STU006340,Male,B.Tech,Computer Science,8-9,False
STU006341,Female,MCA,Computer Applications,7-8,True
STU006342,Male,MCA,Computer Applications,7-8,False
STU006343,Male,M.Tech,VLSI,8-9,False
STU006344,Female,MBA,Operations,<7,False
STU006345,Male,MCA,Computer Applications,8-9,True
STU006346,Male,MBA,Finance,<7,False
STU006347,Male,MCA,Computer Applications,9+,False
STU006348,Female,M.Tech,VLSI,8-9,True
STU006349,Male,MCA,Computer Applications,7-8,True
STU006350,Male,MCA,Computer Applications,<7,False
STU006351,Male,M.Tech,Data Science,<7,True
STU006352,Male,MCA,Computer Applications,7-8,False
STU006353,Male,MBA,Operations,7-8,False
STU006354,Male,MCA,Computer Applications,8-9,True
STU006355,Female,B.Tech,Electronics,8-9,False
STU006356,Female,B.Tech,Civil,7-8,True
STU006357,Male,MBA,Marketing,8-9,False
STU006358,Female,B.Tech,Information Technology,<7,False
STU006359,Female,B.Tech,Electronics,8-9,False
STU006360,Female,M.Tech,VLSI,9+,True
STU006361,Female,MCA,Computer Applications,8-9,True
STU006362,Male,M.Tech,Data Science,7-8,False
STU006363,Male,B.Tech,Electronics,7-8,False
STU006364,Female,M.Tech,Computer Science,<7,False
STU006365,Male,B.Tech,Mechanical,7-8,True
STU006366,Female,MBA,Finance,8-9,False
STU006367,Male,B.Tech,Computer Science,8-9,False
STU006368,Female,M.Tech,VLSI,9+,False
STU006369,Female,B.Tech,Computer Science,8-9,True
STU006370,Female,MBA,Marketing,7-8,False
STU006371,Male,MCA,Computer Applications,8-9,False
STU006372,Male,M.Tech,VLSI,7-8,False
STU006373,Female,B.Tech,Mechanical,<7,True
STU006374,Female,M.Tech,Computer Science,7-8,False
STU006375,Female,M.Tech,Data Science,8-9,False
STU006376,Female,MCA,Computer Applications,<7,False
STU006377,Female,MBA,Finance,8-9,True
STU006378,Female,M.Tech,Computer Science,9+,False
STU006379,Female,MBA,Operations,<7,False
STU006380,Male,MCA,Computer Applications,7-8,True
STU006381,Female,B.Tech,Electronics,8-9,False
STU006382,Male,MCA,Computer Applications,8-9,True
STU006383,Female,MBA,Finance,7-8,False
STU006384,Female,MBA,Finance,7-8,True
STU006385,Female,M.Tech,Data Science,8-9,True
STU006386,Female,M.Tech,Computer Science,7-8,False
STU006387,Male,MBA,Finance,8-9,False
STU006388,Female,MBA,Marketing,7-8,False
STU006389,Male,MCA,Computer Applications,7-8,True
STU006390,Female,B.Tech,Mechanical,9+,False
STU006391,Female,MCA,Computer Applications,8-9,True
STU006392,Male,B.Tech,Civil,7-8,True
STU006393,Male,MCA,Computer Applications,<7,False
STU006394,Male,MBA,Finance,7-8,False
STU006395,Female,MCA,Computer Applications,7-8,True
STU006396,Male,MCA,Computer Applications,7-8,False
STU006397,Male,MBA,Finance,8-9,True
STU006398,Male,MBA,Finance,9+,False
STU006399,Female,B.Tech,Information Technology,8-9,False
STU006400,Male,MCA,Computer Applications,<7,True
STU006401,Male,MCA,Computer Applications,<7,True
STU006402,Female,MCA,Computer Applications,<7,False
STU006403,Male,B.Tech,Mechanical,7-8,False
STU006404,Male,MCA,Computer Applications,7-8,True
STU006405,Female,MBA,Operations,9+,False
STU006406,Male,M.Tech,Computer Science,9+,False
STU006407,Male,MBA,Operations,<7,True
STU006408,Male,MCA,Computer Applications,7-8,False
STU006409,Male,M.Tech,VLSI,8-9,False
STU006410,Male,MCA,Computer Applications,8-9,False
STU006411,Male,B.Tech,Civil,<7,True
STU006412,Female,MBA,Marketing,8-9,False
STU006413,Male,M.Tech,Computer Science,<7,False
STU006414,Female,M.Tech,VLSI,8-9,False
STU006415,Female,MCA,Computer Applications,7-8,False
STU006416,Male,MCA,Computer Applications,8-9,False
STU006417,Male,MCA,Computer Applications,8-9,True
STU006418,Female,MCA,Computer Applications,8-9,True
STU006419,Female,M.Tech,Data Science,7-8,False
STU006420,Male,MBA,Finance,7-8,False
STU006421,Female,B.Tech,Mechanical,7-8,True
STU006422,Male,B.Tech,Civil,7-8,False
STU006423,Male,B.Tech,Information Technology,9+,False
STU006424,Male,MBA,Finance,<7,False
STU006425,Female,MCA,Computer Applications,8-9,False
STU006426,Female,MCA,Computer Applications,8-9,True
STU006427,Male,B.Tech,Mechanical,7-8,False
STU006428,Male,MBA,Operations,7-8,False
STU006429,Female,B.Tech,Mechanical,7-8,True
STU006430,Female,MCA,Computer Applications,8-9,False
STU006431,Male,MCA,Computer Applications,7-8,False
STU006432,Male,B.Tech,Computer Science,<7,True
STU006433,Male,B.Tech,Information Technology,7-8,False
STU006434,Male,MCA,Computer Applications,7-8,False
STU006435,Male,MBA,Marketing,8-9,False
STU006436,Female,M.Tech,VLSI,8-9,False
STU006437,Male,MBA,Operations,7-8,False
STU006438,Male,M.Tech,VLSI,8-9,False
STU006439,Male,MBA,Finance,9+,False
STU006440,Female,MCA,Computer Applications,<7,True
STU006441,Male,M.Tech,VLSI,7-8,True
STU006442,Male,MCA,Computer Applications,8-9,False
STU006443,Male,MBA,Marketing,<7,False
STU006444,Male,M.Tech,VLSI,8-9,False
STU006445,Male,MCA,Computer Applications,7-8,True
STU006446,Male,M.Tech,Computer Science,9+,False
STU006447,Male,B.Tech,Civil,8-9,False
STU006448,Male,MBA,Finance,9+,False
STU006449,Male,MCA,Computer Applications,8-9,False
STU006450,Female,MCA,Computer Applications,9+,False
STU006451,Female,MCA,Computer Applications,8-9,False
STU006452,Female,B.Tech,Civil,8-9,True
STU006453,Female,MCA,Computer Applications,7-8,True
STU006454,Female,MBA,Marketing,9+,True
STU006455,Female,MBA,Finance,7-8,True
STU006456,Male,MBA,Marketing,<7,False
STU006457,Female,MCA,Computer Applications,7-8,True
STU006458,Male,MCA,Computer Applications,7-8,True
STU006459,Male,M.Tech,Computer Science,7-8,True
STU006460,Male,MCA,Computer Applications,8-9,True
STU006461,Male,MCA,Computer Applications,9+,False
STU006462,Male,MCA,Computer Applications,8-9,True
STU006463,Male,B.Tech,Civil,8-9,True
STU006464,Male,M.Tech,VLSI,7-8,False
STU006465,Male,MBA,Finance,<7,True
STU006466,Female,MBA,Finance,<7,False
STU006467,Female,MBA,Operations,8-9,True
STU006468,Female,M.Tech,VLSI,8-9,False
STU006469,Male,M.Tech,VLSI,7-8,False
STU006470,Female,MCA,Computer Applications,<7,False
STU006471,Male,B.Tech,Information Technology,8-9,True
STU006472,Female,B.Tech,Computer Science,8-9,True
STU006473,Male,MBA,Finance,7-8,True
STU006474,Male,MBA,Marketing,8-9,True
STU006475,Female,MBA,Operations,9+,False
STU006476,Female,B.Tech,Computer Science,8-9,True
STU006477,Female,MBA,Marketing,7-8,False
STU006478,Male,B.Tech,Electronics,<7,False
STU006479,Male,MBA,Marketing,7-8,False
STU006480,Male,M.Tech,VLSI,<7,True
STU006481,Male,MBA,Finance,8-9,False
STU006482,Female,M.Tech,Computer Science,<7,True
STU006483,Male,M.Tech,VLSI,8-9,False
STU006484,Female,MCA,Computer Applications,7-8,False
STU006485,Female,MBA,Marketing,7-8,False
STU006486,Male,M.Tech,Computer Science,<7,True
STU006487,Female,M.Tech,Computer Science,7-8,False
STU006488,Male,MBA,Marketing,8-9,True
STU006489,Male,B.Tech,Civil,8-9,False
STU006490,Female,B.Tech,Civil,7-8,False
STU006491,Male,MBA,Operations,9+,True
STU006492,Male,B.Tech,Electronics,9+,False
STU006493,Male,M.Tech,Data Science,7-8,False
STU006494,Female,M.Tech,VLSI,8-9,False
STU006495,Female,MCA,Computer Applications,8-9,True
STU006496,Male,M.Tech,Computer Science,7-8,False
STU006497,Male,M.Tech,Data Science,<7,True
STU006498,Female,B.Tech,Civil,8-9,False
STU006499,Male,MCA,Computer Applications,<7,True
STU006500,Male,M.Tech,Computer Science,7-8,False
STU006501,Male,MCA,Computer Applications,9+,True
STU006502,Male,MCA,Computer Applications,7-8,False
STU006503,Female,B.Tech,Information Technology,<7,True
STU006504,Male,B.Tech,Computer Science,9+,False
STU006505,Male,B.Tech,Electronics,<7,False
STU006506,Female,M.Tech,Computer Science,7-8,False
STU006507,Male,MCA,Computer Applications,8-9,True
STU006508,Male,MBA,Operations,9+,False
STU006509,Male,B.Tech,Computer Science,9+,False
STU006510,Male,M.Tech,Computer Science,8-9,True
STU006511,Male,MCA,Computer Applications,7-8,False
STU006512,Female,B.Tech,Information Technology,8-9,True
STU006513,Female,MCA,Computer Applications,7-8,False
STU006514,Female,MBA,Finance,7-8,False
STU006515,Male,B.Tech,Electronics,7-8,True
STU006516,Female,MBA,Marketing,8-9,False
STU006517,Female,B.Tech,Electronics,7-8,False
STU006518,Male,M.Tech,Data Science,7-8,False
STU006519,Male,MCA,Computer Applications,<7,False
STU006520,Female,MBA,Finance,7-8,True
STU006521,Male,B.Tech,Electronics,7-8,False
STU006522,Female,MBA,Marketing,7-8,True
STU006523,Female,B.Tech,Computer Science,8-9,True
STU006524,Male,M.Tech,Computer Science,7-8,True
STU006525,Female,MBA,Finance,7-8,False
STU006526,Male,MBA,Operations,8-9,False
STU006527,Male,B.Tech,Mechanical,<7,False
STU006528,Female,MBA,Marketing,<7,False
STU006529,Female,MBA,Operations,8-9,False
STU006530,Female,MCA,Computer Applications,<7,False
STU006531,Female,B.Tech,Computer Science,<7,True
STU006532,Female,B.Tech,Information Technology,8-9,False
STU006533,Male,M.Tech,Computer Science,8-9,True
STU006534,Male,MBA,Marketing,9+,False
STU006535,Male,MCA,Computer Applications,7-8,False
STU006536,Female,MBA,Finance,7-8,False
STU006537,Female,B.Tech,Mechanical,8-9,False
STU006538,Female,MBA,Marketing,9+,True
STU006539,Male,MCA,Computer Applications,7-8,True
STU006540,Female,MBA,Operations,9+,False
STU006541,Male,MBA,Finance,7-8,True
STU006542,Female,MCA,Computer Applications,7-8,True
STU006543,Female,MCA,Computer Applications,<7,True
STU006544,Female,B.Tech,Civil,9+,True
STU006545,Male,B.Tech,Computer Science,<7,True
STU006546,Male,MBA,Marketing,9+,True
STU006547,Female,MCA,Computer Applications,7-8,False
STU006548,Female,B.Tech,Information Technology,7-8,False
STU006549,Male,MCA,Computer Applications,<7,False
STU006550,Female,B.Tech,Computer Science,9+,False
STU006551,Male,MBA,Operations,9+,False
STU006552,Male,MBA,Finance,<7,False
STU006553,Male,MCA,Computer Applications,8-9,False
STU006554,Female,MBA,Finance,7-8,False
STU006555,Male,B.Tech,Computer Science,8-9,True
STU006556,Male,B.Tech,Computer Science,7-8,False
STU006557,Male,M.Tech,VLSI,7-8,True
STU006558,Male,B.Tech,Electronics,8-9,False
STU006559,Male,MCA,Computer Applications,8-9,True
STU006560,Female,MBA,Operations,<7,True
STU006561,Male,M.Tech,Computer Science,7-8,False
STU006562,Female,B.Tech,Electronics,8-9,False
STU006563,Male,B.Tech,Information Technology,7-8,False
STU006564,Male,MCA,Computer Applications,8-9,False
STU006565,Male,MCA,Computer Applications,7-8,False
STU006566,Male,MBA,Finance,7-8,False
STU006567,Female,MBA,Finance,7-8,True
STU006568,Male,B.Tech,Mechanical,7-8,False
STU006569,Female,B.Tech,Computer Science,<7,False
STU006570,Male,M.Tech,VLSI,9+,True
STU006571,Female,M.Tech,VLSI,<7,False
STU006572,Male,B.Tech,Electronics,7-8,False
STU006573,Male,MBA,Finance,8-9,False
STU006574,Male,MBA,Marketing,8-9,False
STU006575,Female,MCA,Computer Applications,<7,False
STU006576,Female,M.Tech,Computer Science,8-9,False
STU006577,Female,MCA,Computer Applications,<7,True
STU006578,Male,MCA,Computer Applications,7-8,False
STU006579,Male,B.Tech,Computer Science,8-9,True
STU006580,Male,B.Tech,Mechanical,7-8,False
STU006581,Female,B.Tech,Information Technology,8-9,True
STU006582,Female,M.Tech,VLSI,8-9,False
STU006583,Female,M.Tech,Data Science,8-9,False
STU006584,Male,B.Tech,Civil,8-9,False
STU006585,Female,M.Tech,VLSI,9+,False
STU006586,Male,B.Tech,Civil,8-9,True
STU006587,Male,M.Tech,Data Science,7-8,False
STU006588,Male,MBA,Operations,8-9,False
STU006589,Male,B.Tech,Computer Science,8-9,False
STU006590,Female,MBA,Operations,8-9,False
STU006591,Male,B.Tech,Mechanical,<7,False
STU006592,Male,B.Tech,Mechanical,9+,False
STU006593,Male,MBA,Finance,8-9,False
STU006594,Male,MBA,Operations,7-8,False
STU006595,Male,MBA,Finance,8-9,False
STU006596,Female,MBA,Finance,<7,False
STU006597,Female,MCA,Computer Applications,7-8,False
STU006598,Female,B.Tech,Mechanical,8-9,False
STU006599,Male,B.Tech,Computer Science,9+,False
STU006600,Male,B.Tech,Mechanical,<7,False
STU006601,Male,MBA,Operations,8-9,False
STU006602,Male,MCA,Computer Applications,8-9,False
STU006603,Female,B.Tech,Information Technology,8-9,False
STU006604,Female,MBA,Marketing,8-9,False
STU006605,Female,B.Tech,Mechanical,<7,False
STU006606,Male,B.Tech,Civil,8-9,True
STU006607,Female,MCA,Computer Applications,7-8,False
STU006608,Male,M.Tech,VLSI,<7,False
STU006609,Male,MBA,Finance,8-9,True
STU006610,Female,MCA,Computer Applications,7-8,True
STU006611,Male,M.Tech,VLSI,9+,True
STU006612,Male,B.Tech,Electronics,9+,True
STU006613,Male,B.Tech,Electronics,9+,True
STU006614,Female,MCA,Computer Applications,7-8,False
STU006615,Female,B.Tech,Information Technology,7-8,False
STU006616,Female,MCA,Computer Applications,<7,True
STU006617,Male,B.Tech,Computer Science,7-8,False
STU006618,Male,MBA,Marketing,7-8,False
STU006619,Male,MCA,Computer Applications,8-9,True
STU006620,Male,MCA,Computer Applications,7-8,True
STU006621,Male,MCA,Computer Applications,7-8,False
STU006622,Male,B.Tech,Civil,7-8,False
STU006623,Male,B.Tech,Mechanical,7-8,False
STU006624,Female,MCA,Computer Applications,8-9,False
STU006625,Female,MCA,Computer Applications,7-8,False
STU006626,Female,MCA,Computer Applications,8-9,True
STU006627,Female,M.Tech,VLSI,8-9,False
STU006628,Male,B.Tech,Information Technology,7-8,False
STU006629,Male,M.Tech,VLSI,<7,False
STU006630,Male,B.Tech,Computer Science,8-9,False
STU006631,Female,M.Tech,VLSI,9+,True
STU006632,Male,B.Tech,Electronics,7-8,True
STU006633,Male,M.Tech,Data Science,7-8,False
STU006634,Female,MCA,Computer Applications,<7,False
STU006635,Male,M.Tech,VLSI,<7,True
STU006636,Male,MCA,Computer Applications,8-9,False
STU006637,Male,M.Tech,VLSI,<7,True
STU006638,Female,M.Tech,VLSI,7-8,False
STU006639,Male,MBA,Operations,7-8,False
STU006640,Female,M.Tech,Data Science,7-8,True
STU006641,Male,M.Tech,Data Science,<7,True
STU006642,Male,MBA,Finance,8-9,False
STU006643,Female,M.Tech,VLSI,9+,False
STU006644,Female,MCA,Computer Applications,7-8,False
STU006645,Male,MBA,Marketing,7-8,False
STU006646,Male,B.Tech,Mechanical,9+,False
STU006647,Female,M.Tech,Computer Science,<7,True
STU006648,Male,MCA,Computer Applications,9+,False
STU006649,Female,B.Tech,Computer Science,7-8,False
STU006650,Male,MCA,Computer Applications,9+,False
STU006651,Male,MCA,Computer Applications,8-9,False
STU006652,Male,M.Tech,VLSI,7-8,True
STU006653,Male,MBA,Marketing,<7,True
STU006654,Male,MCA,Computer Applications,8-9,True
STU006655,Male,M.Tech,Computer Science,7-8,False
STU006656,Female,MBA,Finance,7-8,False
STU006657,Male,MBA,Marketing,<7,True
STU006658,Female,MBA,Operations,8-9,True
STU006659,Male,MCA,Computer Applications,9+,True
STU006660,Male,B.Tech,Information Technology,7-8,True
STU006661,Male,M.Tech,Computer Science,7-8,False
STU006662,Male,MCA,Computer Applications,8-9,False
STU006663,Female,M.Tech,VLSI,7-8,False
STU006664,Male,MBA,Marketing,7-8,True
STU006665,Male,B.Tech,Computer Science,<7,False
STU006666,Female,MCA,Computer Applications,7-8,True
STU006667,Female,B.Tech,Mechanical,9+,False
STU006668,Male,MCA,Computer Applications,8-9,False
STU006669,Male,M.Tech,Data Science,7-8,False
STU006670,Female,MCA,Computer Applications,7-8,True
STU006671,Female,MBA,Finance,8-9,True
STU006672,Female,MCA,Computer Applications,<7,True
STU006673,Female,MBA,Finance,<7,True
STU006674,Female,M.Tech,Computer Science,7-8,False
STU006675,Female,B.Tech,Electronics,7-8,False
STU006676,Female,MCA,Computer Applications,7-8,False
STU006677,Male,MBA,Operations,9+,False
STU006678,Male,MCA,Computer Applications,7-8,False
STU006679,Female,MCA,Computer Applications,8-9,False
STU006680,Male,B.Tech,Information Technology,7-8,False
STU006681,Female,MCA,Computer Applications,7-8,True
STU006682,Male,B.Tech,Civil,7-8,True
STU006683,Male,M.Tech,VLSI,8-9,False
STU006684,Male,M.Tech,VLSI,8-9,True
STU006685,Male,B.Tech,Computer Science,7-8,True
STU006686,Female,M.Tech,Data Science,7-8,True
STU006687,Female,B.Tech,Information Technology,7-8,True
STU006688,Male,MBA,Finance,7-8,True
STU006689,Female,MBA,Marketing,7-8,False
STU006690,Male,M.Tech,Data Science,<7,False
STU006691,Male,M.Tech,Computer Science,<7,True
STU006692,Male,B.Tech,Computer Science,8-9,False
STU006693,Male,MBA,Marketing,<7,False
STU006694,Male,B.Tech,Civil,7-8,False
STU006695,Male,B.Tech,Civil,7-8,True
STU006696,Male,MBA,Finance,9+,True
STU006697,Male,MBA,Finance,9+,False
STU006698,Female,B.Tech,Mechanical,<7,False
STU006699,Male,MBA,Operations,7-8,False
STU006700,Female,M.Tech,Data Science,7-8,False
STU006701,Female,B.Tech,Electronics,8-9,True
STU006702,Male,M.Tech,Data Science,<7,False
STU006703,Male,MCA,Computer Applications,7-8,False
STU006704,Male,M.Tech,Computer Science,9+,False
STU006705,Male,MBA,Operations,9+,False
STU006706,Female,MBA,Finance,7-8,True
STU006707,Female,M.Tech,Computer Science,8-9,False
STU006708,Female,MCA,Computer Applications,8-9,False
STU006709,Male,B.Tech,Electronics,7-8,True
STU006710,Female,MBA,Operations,8-9,True
STU006711,Female,B.Tech,Mechanical,9+,False
STU006712,Male,MCA,Computer Applications,7-8,True
STU006713,Male,B.Tech,Computer Science,7-8,False
STU006714,Male,B.Tech,Civil,9+,False
STU006715,Male,M.Tech,Computer Science,7-8,False
STU006716,Male,MCA,Computer Applications,7-8,True
STU006717,Male,B.Tech,Computer Science,8-9,True
STU006718,Male,M.Tech,Computer Science,7-8,False
STU006719,Male,MBA,Operations,8-9,False
STU006720,Male,B.Tech,Mechanical,8-9,False
STU006721,Male,MBA,Finance,7-8,True
STU006722,Female,MCA,Computer Applications,7-8,False
STU006723,Male,MCA,Computer Applications,8-9,False
STU006724,Female,B.Tech,Computer Science,8-9,False
STU006725,Female,MCA,Computer Applications,9+,False
STU006726,Male,MBA,Operations,7-8,False
STU006727,Female,M.Tech,Data Science,7-8,True
STU006728,Female,MCA,Computer Applications,7-8,True
STU006729,Male,B.Tech,Electronics,8-9,False
STU006730,Female,MCA,Computer Applications,8-9,False
STU006731,Female,MBA,Operations,7-8,False
STU006732,Male,B.Tech,Electronics,7-8,True
STU006733,Male,B.Tech,Mechanical,7-8,False
STU006734,Female,M.Tech,VLSI,8-9,True
STU006735,Male,MBA,Marketing,8-9,True
STU006736,Male,B.Tech,Mechanical,7-8,True
STU006737,Male,B.Tech,Electronics,8-9,False
STU006738,Male,M.Tech,VLSI,8-9,False
STU006739,Female,B.Tech,Civil,8-9,False
STU006740,Female,B.Tech,Electronics,7-8,False
STU006741,Female,B.Tech,Computer Science,7-8,False
STU006742,Male,MCA,Computer Applications,8-9,False
STU006743,Female,M.Tech,Computer Science,8-9,False
STU006744,Male,MCA,Computer Applications,8-9,False
STU006745,Male,M.Tech,VLSI,8-9,True
STU006746,Male,MBA,Finance,<7,True
STU006747,Male,MCA,Computer Applications,7-8,True
STU006748,Female,B.Tech,Civil,8-9,True
STU006749,Male,B.Tech,Electronics,7-8,True
STU006750,Female,B.Tech,Computer Science,<7,False
STU006751,Female,B.Tech,Electronics,9+,True
STU006752,Male,B.Tech,Mechanical,7-8,False
STU006753,Female,MBA,Finance,8-9,False
STU006754,Female,B.Tech,Computer Science,7-8,True
STU006755,Male,MCA,Computer Applications,7-8,True
STU006756,Female,MBA,Marketing,<7,True
STU006757,Male,M.Tech,Data Science,7-8,True
STU006758,Female,M.Tech,Computer Science,<7,True
STU006759,Female,MCA,Computer Applications,8-9,True
STU006760,Male,M.Tech,Data Science,8-9,True
STU006761,Female,M.Tech,Computer Science,7-8,True
STU006762,Female,M.Tech,VLSI,8-9,True
STU006763,Male,B.Tech,Civil,7-8,False
STU006764,Male,MBA,Operations,7-8,True
STU006765,Male,MBA,Finance,8-9,False
STU006766,Female,B.Tech,Computer Science,8-9,True
STU006767,Male,M.Tech,VLSI,9+,True
STU006768,Female,B.Tech,Civil,7-8,True
STU006769,Female,B.Tech,Electronics,7-8,True
STU006770,Male,MBA,Finance,<7,False
STU006771,Male,M.Tech,VLSI,8-9,False
STU006772,Male,MCA,Computer Applications,7-8,True
STU006773,Male,MCA,Computer Applications,8-9,True
STU006774,Female,B.Tech,Computer Science,8-9,True
STU006775,Male,B.Tech,Electronics,8-9,True
STU006776,Female,MBA,Operations,7-8,True
STU006777,Female,M.Tech,Computer Science,7-8,True
STU006778,Female,MCA,Computer Applications,8-9,False
STU006779,Male,B.Tech,Civil,7-8,False
STU006780,Male,M.Tech,Data Science,7-8,False
STU006781,Male,MCA,Computer Applications,9+,True
STU006782,Male,B.Tech,Electronics,9+,False
STU006783,Male,MCA,Computer Applications,<7,True
STU006784,Female,MBA,Marketing,9+,True
STU006785,Male,M.Tech,Computer Science,8-9,False
STU006786,Male,M.Tech,Computer Science,<7,False
STU006787,Male,B.Tech,Mechanical,9+,True
STU006788,Male,B.Tech,Electronics,<7,True
STU006789,Male,MBA,Marketing,<7,False
STU006790,Male,B.Tech,Mechanical,7-8,False
STU006791,Male,MBA,Marketing,7-8,False
STU006792,Male,MCA,Computer Applications,7-8,False
STU006793,Female,MCA,Computer Applications,8-9,False
STU006794,Female,B.Tech,Computer Science,9+,True
STU006795,Male,MCA,Computer Applications,8-9,False
STU006796,Male,MCA,Computer Applications,7-8,False
STU006797,Female,MCA,Computer Applications,7-8,True
STU006798,Female,MBA,Marketing,8-9,True
STU006799,Female,M.Tech,VLSI,7-8,False
STU006800,Male,MCA,Computer Applications,7-8,False
STU006801,Male,MCA,Computer Applications,8-9,False
STU006802,Female,MCA,Computer Applications,<7,True
STU006803,Male,M.Tech,VLSI,7-8,True
STU006804,Female,M.Tech,Data Science,8-9,True
STU006805,Male,M.Tech,Computer Science,7-8,False
STU006806,Male,M.Tech,VLSI,9+,True
STU006807,Female,B.Tech,Civil,8-9,False
STU006808,Male,MBA,Finance,<7,True
STU006809,Female,MCA,Computer Applications,7-8,False
STU006810,Male,M.Tech,Data Science,8-9,False
STU006811,Male,B.Tech,Civil,7-8,True
STU006812,Female,MCA,Computer Applications,<7,False
STU006813,Male,MCA,Computer Applications,8-9,True
STU006814,Male,B.Tech,Computer Science,<7,True
STU006815,Male,MBA,Marketing,8-9,True
STU006816,Male,MBA,Marketing,<7,True
STU006817,Male,MCA,Computer Applications,7-8,False
STU006818,Male,MBA,Operations,7-8,True
STU006819,Male,MBA,Marketing,8-9,False
STU006820,Female,MBA,Finance,8-9,False
STU006821,Male,MCA,Computer Applications,7-8,False
STU006822,Male,M.Tech,VLSI,8-9,False
STU006823,Male,B.Tech,Civil,8-9,True
STU006824,Female,M.Tech,VLSI,7-8,False
STU006825,Male,MCA,Computer Applications,<7,True
STU006826,Male,M.Tech,Computer Science,<7,True
STU006827,Male,M.Tech,Data Science,8-9,False
STU006828,Female,M.Tech,Data Science,7-8,True
STU006829,Female,B.Tech,Electronics,7-8,True
STU006830,Male,MCA,Computer Applications,7-8,False
STU006831,Male,MBA,Operations,<7,True
STU006832,Male,MBA,Operations,8-9,False
STU006833,Female,MCA,Computer Applications,<7,True
STU006834,Male,MBA,Finance,9+,True
STU006835,Male,MBA,Marketing,8-9,False
STU006836,Male,B.Tech,Electronics,8-9,False
STU006837,Male,B.Tech,Electronics,7-8,True
STU006838,Female,MCA,Computer Applications,9+,True
STU006839,Male,B.Tech,Mechanical,8-9,True
STU006840,Female,MCA,Computer Applications,8-9,True
STU006841,Male,MBA,Marketing,7-8,False
STU006842,Male,M.Tech,Data Science,8-9,False
STU006843,Male,MCA,Computer Applications,8-9,True
STU006844,Male,MBA,Marketing,7-8,False
STU006845,Female,MBA,Operations,<7,True
STU006846,Male,M.Tech,Data Science,<7,False
STU006847,Male,MBA,Finance,7-8,True
STU006848,Male,MCA,Computer Applications,7-8,False
STU006849,Male,MBA,Finance,7-8,False
STU006850,Female,MCA,Computer Applications,9+,False
STU006851,Male,MBA,Marketing,8-9,True
STU006852,Male,MCA,Computer Applications,<7,True
STU006853,Female,MCA,Computer Applications,9+,True
STU006854,Male,M.Tech,VLSI,8-9,False
STU006855,Male,MCA,Computer Applications,<7,False
STU006856,Female,M.Tech,Computer Science,7-8,False
STU006857,Male,MBA,Finance,7-8,False
STU006858,Male,M.Tech,Data Science,7-8,False
STU006859,Female,MCA,Computer Applications,8-9,False
STU006860,Male,MBA,Operations,7-8,False
STU006861,Male,B.Tech,Computer Science,8-9,False
STU006862,Male,MCA,Computer Applications,7-8,True
STU006863,Male,MCA,Computer Applications,8-9,False
STU006864,Male,B.Tech,Mechanical,7-8,False
STU006865,Female,MCA,Computer Applications,8-9,False
STU006866,Female,B.Tech,Civil,9+,False
STU006867,Male,M.Tech,VLSI,<7,True
STU006868,Male,B.Tech,Mechanical,8-9,False
STU006869,Male,MBA,Finance,8-9,True
STU006870,Male,M.Tech,VLSI,7-8,True
STU006871,Male,MBA,Finance,9+,True
STU006872,Female,B.Tech,Computer Science,8-9,False
STU006873,Female,MCA,Computer Applications,<7,True
STU006874,Male,B.Tech,Civil,7-8,False
STU006875,Male,B.Tech,Computer Science,8-9,True
STU006876,Male,MCA,Computer Applications,7-8,True
STU006877,Female,MCA,Computer Applications,7-8,True
STU006878,Female,B.Tech,Civil,7-8,False
STU006879,Female,MCA,Computer Applications,7-8,True
STU006880,Female,B.Tech,Mechanical,7-8,False
STU006881,Male,M.Tech,Data Science,8-9,True
STU006882,Female,MBA,Finance,<7,False
STU006883,Male,MBA,Operations,7-8,True
STU006884,Male,B.Tech,Information Technology,7-8,False
STU006885,Male,M.Tech,Data Science,9+,False
STU006886,Female,MBA,Finance,7-8,False
STU006887,Female,M.Tech,Computer Science,7-8,False
STU006888,Male,B.Tech,Mechanical,8-9,False
STU006889,Female,MCA,Computer Applications,8-9,True
STU006890,Male,MBA,Operations,<7,False
STU006891,Male,B.Tech,Information Technology,<7,False
STU006892,Male,M.Tech,Data Science,8-9,False
STU006893,Male,MCA,Computer Applications,7-8,True
STU006894,Female,MCA,Computer Applications,<7,True
STU006895,Female,B.Tech,Electronics,7-8,False
STU006896,Male,MCA,Computer Applications,8-9,False
STU006897,Female,MCA,Computer Applications,<7,True
STU006898,Male,M.Tech,VLSI,9+,True
STU006899,Male,B.Tech,Electronics,<7,True
STU006900,Male,MBA,Operations,8-9,False
STU006901,Female,MCA,Computer Applications,8-9,False
STU006902,Male,M.Tech,Data Science,9+,True
STU006903,Male,MCA,Computer Applications,8-9,False
STU006904,Male,MCA,Computer Applications,9+,False
STU006905,Male,MBA,Marketing,7-8,True
STU006906,Male,MCA,Computer Applications,7-8,True
STU006907,Male,MCA,Computer Applications,7-8,False
STU006908,Male,M.Tech,Computer Science,7-8,False
STU006909,Female,B.Tech,Computer Science,7-8,False
STU006910,Male,B.Tech,Information Technology,<7,False
STU006911,Female,MCA,Computer Applications,7-8,True
STU006912,Male,M.Tech,Computer Science,8-9,True
STU006913,Male,MCA,Computer Applications,<7,False
STU006914,Male,MCA,Computer Applications,7-8,False
STU006915,Male,MCA,Computer Applications,9+,False
STU006916,Female,M.Tech,VLSI,9+,True
STU006917,Female,B.Tech,Information Technology,8-9,False
STU006918,Male,B.Tech,Civil,8-9,True
STU006919,Female,MBA,Finance,<7,False
STU006920,Male,B.Tech,Electronics,7-8,False
STU006921,Female,M.Tech,Computer Science,<7,False
STU006922,Male,MCA,Computer Applications,9+,True
STU006923,Male,MCA,Computer Applications,9+,False
STU006924,Female,M.Tech,Data Science,<7,True
STU006925,Female,M.Tech,Data Science,9+,True
STU006926,Female,B.Tech,Civil,8-9,True
STU006927,Male,M.Tech,VLSI,7-8,False
STU006928,Female,MCA,Computer Applications,8-9,False
STU006929,Female,MBA,Finance,7-8,True
STU006930,Female,MCA,Computer Applications,7-8,False
STU006931,Male,MBA,Finance,7-8,False
STU006932,Female,MBA,Marketing,<7,False
STU006933,Male,MBA,Operations,7-8,True
STU006934,Female,M.Tech,VLSI,<7,False
STU006935,Male,MCA,Computer Applications,<7,True
STU006936,Male,B.Tech,Civil,<7,False
STU006937,Male,MCA,Computer Applications,7-8,True
STU006938,Female,M.Tech,Data Science,8-9,True
STU006939,Female,MBA,Marketing,7-8,False
STU006940,Male,B.Tech,Information Technology,7-8,True
STU006941,Male,M.Tech,VLSI,<7,False
STU006942,Male,B.Tech,Civil,9+,True
STU006943,Male,MBA,Marketing,<7,False
STU006944,Male,M.Tech,VLSI,<7,True
STU006945,Male,MBA,Finance,8-9,False
STU006946,Male,M.Tech,Computer Science,7-8,False
STU006947,Female,MCA,Computer Applications,<7,True
STU006948,Male,MCA,Computer Applications,7-8,False
STU006949,Male,M.Tech,Data Science,9+,True
STU006950,Female,M.Tech,Computer Science,7-8,False
STU006951,Male,MBA,Finance,<7,False
STU006952,Male,M.Tech,Data Science,8-9,True
STU006953,Female,MBA,Operations,8-9,True
STU006954,Male,MCA,Computer Applications,9+,True
STU006955,Female,M.Tech,VLSI,<7,True
STU006956,Male,MBA,Finance,8-9,True
STU006957,Male,M.Tech,VLSI,8-9,False
STU006958,Male,B.Tech,Mechanical,8-9,False
STU006959,Female,MCA,Computer Applications,7-8,False
STU006960,Female,MBA,Finance,8-9,True
STU006961,Male,MCA,Computer Applications,7-8,False
STU006962,Female,M.Tech,Computer Science,8-9,False
STU006963,Male,B.Tech,Computer Science,8-9,False
STU006964,Female,B.Tech,Information Technology,8-9,False
STU006965,Male,MCA,Computer Applications,7-8,False
STU006966,Male,MBA,Marketing,7-8,False
STU006967,Male,MBA,Marketing,8-9,False
STU006968,Male,M.Tech,Data Science,<7,False
STU006969,Male,MCA,Computer Applications,8-9,False
STU006970,Female,M.Tech,VLSI,<7,False
STU006971,Female,MCA,Computer Applications,8-9,True
STU006972,Female,MCA,Computer Applications,9+,True
STU006973,Male,MCA,Computer Applications,8-9,False
STU006974,Male,MCA,Computer Applications,7-8,False
STU006975,Female,B.Tech,Mechanical,9+,False
STU006976,Female,B.Tech,Information Technology,7-8,True
STU006977,Female,M.Tech,VLSI,<7,False
STU006978,Male,MBA,Finance,9+,False
STU006979,Male,B.Tech,Information Technology,8-9,False
STU006980,Female,MBA,Operations,7-8,False
STU006981,Male,M.Tech,VLSI,<7,True
STU006982,Female,MBA,Marketing,<7,True
STU006983,Male,MCA,Computer Applications,7-8,True
STU006984,Male,B.Tech,Computer Science,7-8,True
STU006985,Male,B.Tech,Computer Science,<7,False
STU006986,Male,M.Tech,VLSI,7-8,False
STU006987,Male,B.Tech,Computer Science,8-9,True
STU006988,Male,B.Tech,Electronics,7-8,True
STU006989,Female,B.Tech,Information Technology,7-8,True
STU006990,Male,MCA,Computer Applications,9+,True
STU006991,Male,MBA,Marketing,<7,False
STU006992,Male,M.Tech,Data Science,7-8,False
STU006993,Female,B.Tech,Mechanical,7-8,False
STU006994,Female,MBA,Finance,7-8,True
STU006995,Female,MBA,Marketing,7-8,False
STU006996,Female,M.Tech,Data Science,9+,False
STU006997,Female,MBA,Operations,<7,False
STU006998,Female,MCA,Computer Applications,7-8,True
STU006999,Male,B.Tech,Electronics,9+,False
STU007000,Male,MBA,Finance,8-9,True
STU007001,Male,B.Tech,Electronics,8-9,False
STU007002,Male,M.Tech,Computer Science,7-8,True
STU007003,Male,MCA,Computer Applications,8-9,True
STU007004,Female,B.Tech,Information Technology,7-8,False
STU007005,Male,M.Tech,Computer Science,8-9,True
STU007006,Male,MBA,Marketing,8-9,True
STU007007,Female,MCA,Computer Applications,7-8,True
STU007008,Male,MBA,Operations,7-8,True
STU007009,Male,B.Tech,Information Technology,7-8,True
STU007010,Male,MBA,Finance,7-8,False
STU007011,Female,M.Tech,Data Science,7-8,False
STU007012,Male,B.Tech,Computer Science,7-8,False
STU007013,Male,B.Tech,Electronics,<7,True
STU007014,Female,MBA,Finance,8-9,True
STU007015,Male,M.Tech,Data Science,8-9,False
STU007016,Female,MBA,Finance,8-9,False
STU007017,Male,MCA,Computer Applications,8-9,True
STU007018,Male,B.Tech,Civil,7-8,True
STU007019,Male,MCA,Computer Applications,8-9,False
STU007020,Male,MBA,Finance,7-8,False
STU007021,Male,MBA,Finance,7-8,True
STU007022,Male,M.Tech,Computer Science,8-9,True
STU007023,Female,B.Tech,Electronics,7-8,False
STU007024,Female,MCA,Computer Applications,7-8,True
STU007025,Female,B.Tech,Information Technology,8-9,False
STU007026,Male,MBA,Finance,7-8,False
STU007027,Female,M.Tech,Computer Science,7-8,False
STU007028,Female,M.Tech,VLSI,7-8,True
STU007029,Female,M.Tech,Data Science,8-9,False
STU007030,Male,M.Tech,VLSI,8-9,False
STU007031,Female,MCA,Computer Applications,<7,False
STU007032,Male,MCA,Computer Applications,7-8,True
STU007033,Male,B.Tech,Mechanical,7-8,False
STU007034,Male,MBA,Operations,7-8,False
STU007035,Male,B.Tech,Information Technology,7-8,False
STU007036,Female,MBA,Operations,8-9,True
STU007037,Male,M.Tech,Computer Science,<7,False
STU007038,Male,MCA,Computer Applications,<7,False
STU007039,Male,B.Tech,Civil,7-8,True
STU007040,Male,B.Tech,Computer Science,9+,False
STU007041,Female,B.Tech,Computer Science,8-9,False
STU007042,Female,B.Tech,Electronics,8-9,True
STU007043,Male,MBA,Marketing,7-8,False
STU007044,Female,B.Tech,Mechanical,<7,False
STU007045,Female,MBA,Marketing,<7,False
STU007046,Female,MCA,Computer Applications,7-8,False
STU007047,Male,MBA,Marketing,8-9,False
STU007048,Female,MBA,Marketing,<7,True
STU007049,Male,MCA,Computer Applications,7-8,True
STU007050,Male,MCA,Computer Applications,7-8,True
STU007051,Female,MCA,Computer Applications,7-8,True
STU007052,Female,MCA,Computer Applications,7-8,False
STU007053,Male,MCA,Computer Applications,8-9,False
STU007054,Female,B.Tech,Information Technology,<7,True
STU007055,Male,B.Tech,Electronics,8-9,True
STU007056,Female,B.Tech,Mechanical,<7,False
STU007057,Male,M.Tech,Computer Science,8-9,False
STU007058,Male,B.Tech,Electronics,7-8,True
STU007059,Male,M.Tech,Computer Science,7-8,False
STU007060,Female,M.Tech,Computer Science,7-8,True
STU007061,Female,B.Tech,Information Technology,7-8,True
STU007062,Male,MCA,Computer Applications,7-8,False
STU007063,Male,B.Tech,Information Technology,7-8,True
STU007064,Female,MCA,Computer Applications,7-8,False
STU007065,Female,MBA,Marketing,8-9,True
STU007066,Female,B.Tech,Computer Science,7-8,True
STU007067,Male,M.Tech,Computer Science,7-8,True
STU007068,Male,MBA,Marketing,<7,True
STU007069,Female,M.Tech,VLSI,8-9,True
STU007070,Male,MBA,Operations,<7,True
STU007071,Male,B.Tech,Electronics,8-9,False
STU007072,Male,MBA,Finance,8-9,True
STU007073,Female,MCA,Computer Applications,<7,False
STU007074,Male,M.Tech,Data Science,8-9,True
STU007075,Female,MBA,Operations,8-9,False
STU007076,Male,B.Tech,Electronics,9+,True
STU007077,Female,MBA,Marketing,7-8,False
STU007078,Male,B.Tech,Mechanical,7-8,True
STU007079,Female,B.Tech,Computer Science,8-9,False
STU007080,Male,B.Tech,Computer Science,7-8,False
STU007081,Female,M.Tech,Data Science,8-9,True
STU007082,Male,B.Tech,Information Technology,8-9,True
STU007083,Female,MCA,Computer Applications,7-8,False
STU007084,Male,MCA,Computer Applications,7-8,False
STU007085,Male,M.Tech,VLSI,8-9,False
STU007086,Female,M.Tech,Computer Science,<7,False
STU007087,Male,B.Tech,Civil,<7,True
STU007088,Female,MCA,Computer Applications,<7,False
STU007089,Female,M.Tech,Computer Science,7-8,False
STU007090,Male,MBA,Operations,<7,True
STU007091,Male,MBA,Marketing,9+,True
STU007092,Male,M.Tech,Computer Science,8-9,True
STU007093,Female,B.Tech,Electronics,8-9,True
STU007094,Female,MBA,Marketing,<7,False
STU007095,Male,B.Tech,Information Technology,7-8,False
STU007096,Female,MCA,Computer Applications,7-8,True
STU007097,Female,B.Tech,Civil,9+,False
STU007098,Male,MCA,Computer Applications,7-8,False
STU007099,Male,MBA,Finance,9+,False
STU007100,Male,MBA,Marketing,9+,True
STU007101,Female,MBA,Finance,8-9,True
STU007102,Male,B.Tech,Mechanical,7-8,False
STU007103,Male,M.Tech,VLSI,8-9,False
STU007104,Male,M.Tech,VLSI,<7,False
STU007105,Male,MBA,Operations,8-9,True
STU007106,Female,MCA,Computer Applications,8-9,False
STU007107,Female,M.Tech,Data Science,7-8,True
STU007108,Female,MBA,Marketing,8-9,True
STU007109,Male,MCA,Computer Applications,<7,False
STU007110,Male,M.Tech,Data Science,8-9,False
STU007111,Female,M.Tech,Computer Science,7-8,True
STU007112,Male,B.Tech,Mechanical,8-9,True
STU007113,Male,M.Tech,Data Science,<7,False
STU007114,Female,MCA,Computer Applications,7-8,False
STU007115,Female,M.Tech,Data Science,8-9,False
STU007116,Female,MBA,Operations,7-8,True
STU007117,Female,MCA,Computer Applications,7-8,True
STU007118,Female,MCA,Computer Applications,9+,True
STU007119,Female,B.Tech,Electronics,7-8,True
STU007120,Male,MBA,Marketing,7-8,False
STU007121,Male,B.Tech,Electronics,7-8,True
STU007122,Female,M.Tech,Data Science,<7,False
STU007123,Female,M.Tech,VLSI,7-8,False
STU007124,Male,MBA,Operations,8-9,False
STU007125,Female,B.Tech,Civil,7-8,False
STU007126,Female,MCA,Computer Applications,7-8,False
STU007127,Female,B.Tech,Electronics,9+,False
STU007128,Male,M.Tech,VLSI,8-9,True
STU007129,Female,B.Tech,Electronics,8-9,True
STU007130,Male,M.Tech,VLSI,<7,True
STU007131,Male,M.Tech,Data Science,7-8,True
STU007132,Male,M.Tech,Computer Science,9+,False
STU007133,Female,MCA,Computer Applications,7-8,False
STU007134,Male,B.Tech,Electronics,7-8,True
STU007135,Male,B.Tech,Civil,7-8,True
STU007136,Female,B.Tech,Mechanical,7-8,False
STU007137,Female,MCA,Computer Applications,8-9,False
STU007138,Female,B.Tech,Civil,<7,True
STU007139,Female,MCA,Computer Applications,7-8,False
STU007140,Female,MBA,Finance,8-9,False
STU007141,Male,MCA,Computer Applications,8-9,True
STU007142,Male,MBA,Marketing,8-9,True
STU007143,Male,B.Tech,Information Technology,7-8,True
STU007144,Male,B.Tech,Information Technology,9+,False
STU007145,Male,M.Tech,Data Science,7-8,True
STU007146,Female,B.Tech,Mechanical,<7,False
STU007147,Male,MCA,Computer Applications,8-9,True
STU007148,Male,MCA,Computer Applications,8-9,False
STU007149,Male,B.Tech,Civil,7-8,False
STU007150,Female,MCA,Computer Applications,<7,False
STU007151,Female,M.Tech,Data Science,7-8,False
STU007152,Male,MCA,Computer Applications,7-8,True
STU007153,Male,MCA,Computer Applications,7-8,False
STU007154,Female,MBA,Operations,8-9,True
STU007155,Female,MCA,Computer Applications,7-8,False
STU007156,Male,MCA,Computer Applications,9+,False
STU007157,Male,MCA,Computer Applications,9+,False
STU007158,Female,MCA,Computer Applications,<7,False
STU007159,Female,B.Tech,Computer Science,9+,False
STU007160,Female,MCA,Computer Applications,7-8,True
STU007161,Female,MCA,Computer Applications,8-9,True
STU007162,Female,MCA,Computer Applications,8-9,True
STU007163,Male,B.Tech,Civil,7-8,True
STU007164,Male,B.Tech,Civil,8-9,False
STU007165,Female,M.Tech,Data Science,7-8,True
STU007166,Male,B.Tech,Civil,7-8,False
STU007167,Female,M.Tech,Data Science,9+,True
STU007168,Female,B.Tech,Electronics,8-9,False
STU007169,Male,MBA,Marketing,<7,False
STU007170,Female,MBA,Finance,8-9,False
STU007171,Male,MCA,Computer Applications,7-8,True
STU007172,Male,MCA,Computer Applications,<7,False
STU007173,Male,MBA,Marketing,9+,False
STU007174,Male,MBA,Marketing,7-8,True
STU007175,Male,M.Tech,Computer Science,9+,False
STU007176,Female,B.Tech,Mechanical,7-8,True
STU007177,Female,B.Tech,Mechanical,7-8,False
STU007178,Male,B.Tech,Mechanical,7-8,False
STU007179,Male,MBA,Operations,7-8,False
STU007180,Male,MBA,Marketing,<7,False
STU007181,Male,B.Tech,Electronics,7-8,True
STU007182,Female,M.Tech,VLSI,7-8,False
STU007183,Male,MBA,Marketing,8-9,False
STU007184,Female,B.Tech,Electronics,<7,False
STU007185,Male,M.Tech,Computer Science,7-8,False
STU007186,Female,B.Tech,Mechanical,<7,False
STU007187,Male,M.Tech,Data Science,<7,False
STU007188,Male,M.Tech,Computer Science,8-9,True
STU007189,Male,MBA,Operations,8-9,False
STU007190,Female,M.Tech,Computer Science,<7,False
STU007191,Male,M.Tech,VLSI,7-8,True
STU007192,Male,MCA,Computer Applications,<7,False
STU007193,Female,MBA,Marketing,<7,True
STU007194,Male,M.Tech,Computer Science,9+,False
STU007195,Male,B.Tech,Mechanical,<7,False
STU007196,Female,MBA,Finance,8-9,True
STU007197,Male,MCA,Computer Applications,7-8,False
STU007198,Male,MCA,Computer Applications,9+,False
STU007199,Male,MCA,Computer Applications,7-8,False
STU007200,Male,B.Tech,Computer Science,<7,True
STU007201,Male,M.Tech,Computer Science,8-9,False
STU007202,Male,MCA,Computer Applications,8-9,False
STU007203,Female,MBA,Operations,8-9,False
STU007204,Male,MCA,Computer Applications,8-9,True
STU007205,Female,M.Tech,VLSI,8-9,False
STU007206,Male,MBA,Operations,7-8,False
STU007207,Male,B.Tech,Electronics,7-8,True
STU007208,Male,MCA,Computer Applications,7-8,False
STU007209,Male,MBA,Finance,8-9,False
STU007210,Male,B.Tech,Information Technology,7-8,False
STU007211,Male,MCA,Computer Applications,8-9,False
STU007212,Male,MBA,Marketing,7-8,False
STU007213,Male,M.Tech,Data Science,7-8,True
STU007214,Male,MBA,Finance,7-8,True
STU007215,Male,M.Tech,VLSI,<7,False
STU007216,Male,MBA,Marketing,8-9,False
STU007217,Male,MCA,Computer Applications,7-8,False
STU007218,Male,MCA,Computer Applications,8-9,True
STU007219,Female,M.Tech,Computer Science,9+,True
STU007220,Male,M.Tech,Computer Science,8-9,False
STU007221,Female,MCA,Computer Applications,7-8,False
STU007222,Male,MCA,Computer Applications,7-8,True
STU007223,Female,MCA,Computer Applications,<7,True
STU007224,Male,MCA,Computer Applications,7-8,False
STU007225,Male,MBA,Marketing,7-8,True
STU007226,Female,B.Tech,Electronics,7-8,False
STU007227,Female,B.Tech,Civil,7-8,False
STU007228,Male,MCA,Computer Applications,8-9,False
STU007229,Male,B.Tech,Information Technology,8-9,False
STU007230,Male,B.Tech,Information Technology,8-9,True
STU007231,Male,MCA,Computer Applications,8-9,False
STU007232,Male,M.Tech,VLSI,7-8,False
STU007233,Male,MBA,Finance,8-9,False
STU007234,Male,M.Tech,Data Science,8-9,False
STU007235,Male,M.Tech,Data Science,8-9,False
STU007236,Male,MCA,Computer Applications,7-8,False
STU007237,Female,MBA,Marketing,9+,False
STU007238,Female,M.Tech,Data Science,<7,True
STU007239,Male,B.Tech,Information Technology,7-8,False
STU007240,Female,B.Tech,Mechanical,9+,False
STU007241,Male,MCA,Computer Applications,<7,False
STU007242,Male,MBA,Marketing,<7,False
STU007243,Male,B.Tech,Mechanical,8-9,False
STU007244,Male,B.Tech,Computer Science,8-9,False
STU007245,Male,MBA,Finance,9+,False
STU007246,Female,B.Tech,Information Technology,<7,False
STU007247,Male,MBA,Marketing,<7,True
STU007248,Male,M.Tech,VLSI,8-9,True
STU007249,Male,MCA,Computer Applications,7-8,True
STU007250,Female,B.Tech,Civil,8-9,False
STU007251,Male,M.Tech,VLSI,<7,False
STU007252,Male,MCA,Computer Applications,8-9,False
STU007253,Male,MBA,Marketing,8-9,True
STU007254,Female,MBA,Finance,7-8,True
STU007255,Male,MCA,Computer Applications,8-9,False
STU007256,Male,MBA,Operations,<7,True
STU007257,Female,B.Tech,Computer Science,<7,False
STU007258,Female,MBA,Marketing,<7,True
STU007259,Male,M.Tech,Computer Science,9+,False
STU007260,Female,MCA,Computer Applications,8-9,False
STU007261,Male,MBA,Finance,8-9,True
STU007262,Female,B.Tech,Information Technology,<7,True
STU007263,Male,B.Tech,Civil,7-8,True
STU007264,Female,MCA,Computer Applications,7-8,False
STU007265,Female,M.Tech,Computer Science,<7,False
STU007266,Female,M.Tech,Data Science,<7,True
STU007267,Male,B.Tech,Electronics,8-9,False
STU007268,Female,MCA,Computer Applications,7-8,False
STU007269,Male,B.Tech,Information Technology,<7,False
STU007270,Male,MCA,Computer Applications,8-9,True
STU007271,Female,M.Tech,Computer Science,7-8,False
STU007272,Male,MCA,Computer Applications,8-9,True
STU007273,Female,B.Tech,Information Technology,7-8,False
STU007274,Male,M.Tech,Computer Science,<7,True
STU007275,Female,MCA,Computer Applications,<7,True
STU007276,Female,B.Tech,Computer Science,<7,True
STU007277,Male,MCA,Computer Applications,8-9,False
STU007278,Male,B.Tech,Civil,7-8,False
STU007279,Male,MBA,Finance,7-8,True
STU007280,Female,B.Tech,Mechanical,8-9,False
STU007281,Female,MBA,Marketing,9+,True
STU007282,Male,B.Tech,Civil,7-8,False
STU007283,Female,B.Tech,Mechanical,8-9,True
STU007284,Male,MCA,Computer Applications,9+,False
STU007285,Female,MBA,Marketing,<7,True
STU007286,Male,MBA,Finance,7-8,False
STU007287,Male,MCA,Computer Applications,8-9,False
STU007288,Male,M.Tech,VLSI,<7,False
STU007289,Female,MCA,Computer Applications,7-8,False
STU007290,Male,B.Tech,Mechanical,9+,False
STU007291,Female,MCA,Computer Applications,8-9,False
STU007292,Male,MCA,Computer Applications,<7,False
STU007293,Male,B.Tech,Electronics,9+,True
STU007294,Female,MCA,Computer Applications,9+,True
STU007295,Male,MBA,Operations,7-8,False
STU007296,Male,M.Tech,Computer Science,7-8,False
STU007297,Male,M.Tech,VLSI,7-8,True
STU007298,Male,B.Tech,Electronics,8-9,False
STU007299,Male,B.Tech,Computer Science,8-9,False
STU007300,Female,M.Tech,VLSI,9+,False
STU007301,Male,M.Tech,Data Science,7-8,False
STU007302,Female,MBA,Marketing,7-8,False
STU007303,Male,MCA,Computer Applications,<7,False
STU007304,Male,MCA,Computer Applications,8-9,False
STU007305,Male,MBA,Finance,8-9,True
STU007306,Male,MBA,Operations,<7,False
STU007307,Female,B.Tech,Computer Science,9+,True
STU007308,Male,B.Tech,Civil,9+,False
STU007309,Female,MBA,Operations,<7,False
STU007310,Male,MBA,Finance,9+,False
STU007311,Male,M.Tech,Computer Science,<7,True
STU007312,Male,B.Tech,Mechanical,8-9,True
STU007313,Female,B.Tech,Electronics,8-9,False
STU007314,Female,MBA,Marketing,8-9,False
STU007315,Male,MCA,Computer Applications,8-9,False
STU007316,Female,MCA,Computer Applications,7-8,False
STU007317,Female,MCA,Computer Applications,7-8,True
STU007318,Male,MBA,Finance,<7,True
STU007319,Male,MBA,Finance,8-9,False
STU007320,Male,M.Tech,VLSI,8-9,True
STU007321,Female,B.Tech,Mechanical,8-9,True
STU007322,Male,MCA,Computer Applications,9+,False
STU007323,Female,MBA,Finance,8-9,True
STU007324,Male,MBA,Marketing,7-8,False
STU007325,Female,MBA,Finance,7-8,True
STU007326,Male,MBA,Marketing,<7,True
STU007327,Male,B.Tech,Electronics,<7,False
STU007328,Male,MCA,Computer Applications,8-9,True
STU007329,Male,MCA,Computer Applications,<7,True
STU007330,Female,MBA,Marketing,<7,True
STU007331,Male,M.Tech,Computer Science,8-9,True
STU007332,Male,B.Tech,Information Technology,<7,True
STU007333,Female,M.Tech,VLSI,7-8,False
STU007334,Female,MCA,Computer Applications,8-9,False
STU007335,Male,MBA,Finance,7-8,False
STU007336,Female,MBA,Marketing,8-9,False
STU007337,Male,B.Tech,Civil,8-9,True
STU007338,Female,MCA,Computer Applications,8-9,True
STU007339,Male,B.Tech,Electronics,8-9,False
STU007340,Male,MBA,Marketing,7-8,True
STU007341,Male,MCA,Computer Applications,8-9,False
STU007342,Male,MBA,Operations,7-8,False
STU007343,Male,MCA,Computer Applications,8-9,False
STU007344,Male,MBA,Finance,7-8,False
STU007345,Male,MCA,Computer Applications,<7,True
STU007346,Male,MCA,Computer Applications,9+,False
STU007347,Female,MBA,Marketing,9+,True
STU007348,Female,B.Tech,Civil,8-9,True
STU007349,Female,M.Tech,Computer Science,7-8,False
STU007350,Male,MCA,Computer Applications,<7,False
STU007351,Male,B.Tech,Information Technology,7-8,True
STU007352,Female,MCA,Computer Applications,9+,True
STU007353,Male,MCA,Computer Applications,9+,False
STU007354,Male,MBA,Marketing,9+,False
STU007355,Male,MCA,Computer Applications,7-8,False
STU007356,Female,MCA,Computer Applications,7-8,False
STU007357,Male,MCA,Computer Applications,7-8,False
STU007358,Female,M.Tech,Data Science,8-9,False
STU007359,Male,MCA,Computer Applications,8-9,True
STU007360,Female,MBA,Finance,7-8,True
STU007361,Male,MBA,Operations,<7,False
STU007362,Male,M.Tech,Data Science,<7,True
STU007363,Male,MBA,Finance,7-8,True
STU007364,Female,MCA,Computer Applications,8-9,True
STU007365,Female,M.Tech,VLSI,7-8,False
STU007366,Female,MBA,Marketing,8-9,True
STU007367,Female,MCA,Computer Applications,9+,False
STU007368,Female,MCA,Computer Applications,8-9,False
STU007369,Male,B.Tech,Computer Science,<7,True
STU007370,Male,MCA,Computer Applications,<7,False
STU007371,Male,B.Tech,Information Technology,9+,False
STU007372,Female,MCA,Computer Applications,7-8,True
STU007373,Female,M.Tech,Data Science,8-9,False
STU007374,Male,B.Tech,Mechanical,8-9,False
STU007375,Male,M.Tech,Computer Science,8-9,False
STU007376,Male,M.Tech,VLSI,<7,False
STU007377,Female,M.Tech,Data Science,7-8,False
STU007378,Male,B.Tech,Mechanical,<7,False
STU007379,Female,MCA,Computer Applications,<7,False
STU007380,Male,MCA,Computer Applications,9+,True
STU007381,Male,MCA,Computer Applications,9+,True
STU007382,Male,MBA,Finance,<7,True
STU007383,Female,MCA,Computer Applications,7-8,False
STU007384,Male,M.Tech,Data Science,9+,True
STU007385,Female,M.Tech,Data Science,7-8,True
STU007386,Female,MBA,Finance,9+,False
STU007387,Male,M.Tech,Data Science,7-8,True
STU007388,Female,MCA,Computer Applications,8-9,True
STU007389,Male,MBA,Operations,9+,False
STU007390,Male,MBA,Finance,<7,False
STU007391,Male,MCA,Computer Applications,8-9,False
STU007392,Male,MCA,Computer Applications,9+,True
STU007393,Female,MCA,Computer Applications,9+,False
STU007394,Male,M.Tech,Computer Science,9+,False
STU007395,Male,MCA,Computer Applications,<7,True
STU007396,Male,MCA,Computer Applications,7-8,False
STU007397,Female,MCA,Computer Applications,8-9,True
STU007398,Female,MCA,Computer Applications,9+,False
STU007399,Male,M.Tech,Computer Science,7-8,True
STU007400,Female,MBA,Finance,9+,True
STU007401,Male,M.Tech,VLSI,8-9,False
STU007402,Male,M.Tech,Computer Science,7-8,False
STU007403,Female,B.Tech,Civil,8-9,False
STU007404,Male,B.Tech,Information Technology,8-9,True
STU007405,Female,MCA,Computer Applications,<7,False
STU007406,Female,B.Tech,Information Technology,7-8,True
STU007407,Male,MBA,Operations,8-9,False
STU007408,Male,MBA,Finance,8-9,False
STU007409,Male,M.Tech,Data Science,<7,False
STU007410,Female,MBA,Marketing,9+,True
STU007411,Male,MBA,Operations,8-9,False
STU007412,Male,M.Tech,Computer Science,7-8,True
STU007413,Female,M.Tech,Data Science,8-9,True
STU007414,Male,M.Tech,VLSI,8-9,True
STU007415,Female,MCA,Computer Applications,8-9,True
STU007416,Female,MCA,Computer Applications,7-8,False
STU007417,Female,MBA,Operations,<7,True
STU007418,Male,B.Tech,Information Technology,9+,False
STU007419,Female,MCA,Computer Applications,<7,True
STU007420,Female,MCA,Computer Applications,8-9,False
STU007421,Male,MBA,Finance,7-8,True
STU007422,Male,MCA,Computer Applications,8-9,True
STU007423,Male,MBA,Marketing,7-8,False
STU007424,Female,MCA,Computer Applications,<7,False
STU007425,Male,M.Tech,Data Science,<7,True
STU007426,Female,MBA,Operations,7-8,True
STU007427,Female,B.Tech,Computer Science,8-9,False
STU007428,Female,MCA,Computer Applications,8-9,False
STU007429,Male,B.Tech,Computer Science,8-9,False
STU007430,Male,M.Tech,Computer Science,8-9,False
STU007431,Male,MBA,Operations,7-8,False
STU007432,Female,MCA,Computer Applications,7-8,False
STU007433,Female,MBA,Operations,7-8,True
STU007434,Female,M.Tech,Computer Science,7-8,False
STU007435,Male,MCA,Computer Applications,7-8,False
STU007436,Male,MBA,Finance,7-8,True
STU007437,Male,M.Tech,Computer Science,8-9,True
STU007438,Female,M.Tech,Computer Science,7-8,True
STU007439,Male,MCA,Computer Applications,<7,False
STU007440,Male,MBA,Finance,8-9,True
STU007441,Male,B.Tech,Mechanical,<7,True
STU007442,Female,M.Tech,VLSI,7-8,False
STU007443,Male,B.Tech,Mechanical,7-8,True
STU007444,Male,MCA,Computer Applications,9+,False
STU007445,Male,MCA,Computer Applications,8-9,False
STU007446,Male,MBA,Marketing,8-9,False
STU007447,Male,B.Tech,Mechanical,<7,True
STU007448,Male,B.Tech,Information Technology,8-9,False
STU007449,Male,M.Tech,Data Science,7-8,True
STU007450,Female,M.Tech,VLSI,8-9,False
STU007451,Male,M.Tech,Computer Science,<7,False
STU007452,Female,M.Tech,VLSI,7-8,False
STU007453,Female,M.Tech,Computer Science,7-8,False
STU007454,Female,B.Tech,Electronics,7-8,True
STU007455,Male,M.Tech,Computer Science,9+,True
STU007456,Male,MCA,Computer Applications,7-8,False
STU007457,Male,M.Tech,Computer Science,8-9,True
STU007458,Male,M.Tech,VLSI,8-9,False
STU007459,Female,B.Tech,Civil,9+,False
STU007460,Male,MCA,Computer Applications,9+,True
STU007461,Male,B.Tech,Computer Science,7-8,False
STU007462,Male,M.Tech,Data Science,8-9,False
STU007463,Male,B.Tech,Mechanical,<7,False
STU007464,Male,B.Tech,Mechanical,9+,True
STU007465,Female,MBA,Operations,<7,False
STU007466,Female,B.Tech,Electronics,8-9,False
STU007467,Female,MBA,Finance,8-9,False
STU007468,Male,B.Tech,Electronics,8-9,False
STU007469,Female,B.Tech,Computer Science,8-9,False
STU007470,Male,M.Tech,Data Science,<7,True
STU007471,Male,MBA,Finance,<7,False
STU007472,Male,MCA,Computer Applications,8-9,False
STU007473,Female,B.Tech,Information Technology,8-9,True
STU007474,Male,MCA,Computer Applications,7-8,True
STU007475,Female,M.Tech,Computer Science,<7,False
STU007476,Female,MCA,Computer Applications,7-8,False
STU007477,Male,MCA,Computer Applications,7-8,True
STU007478,Male,MCA,Computer Applications,8-9,False
STU007479,Male,M.Tech,Data Science,8-9,True
STU007480,Male,M.Tech,Computer Science,8-9,False
STU007481,Male,MBA,Finance,8-9,True
STU007482,Male,M.Tech,Data Science,7-8,False
STU007483,Female,B.Tech,Computer Science,8-9,False
STU007484,Female,MBA,Marketing,7-8,False
STU007485,Female,M.Tech,Computer Science,8-9,False
STU007486,Male,MBA,Finance,8-9,False
STU007487,Male,B.Tech,Information Technology,<7,True
STU007488,Male,M.Tech,Data Science,9+,True
STU007489,Female,B.Tech,Civil,<7,False
STU007490,Male,MBA,Operations,7-8,False
STU007491,Male,MCA,Computer Applications,8-9,False
STU007492,Female,B.Tech,Electronics,7-8,False
STU007493,Female,B.Tech,Mechanical,8-9,False
STU007494,Male,MBA,Finance,7-8,True
STU007495,Male,MCA,Computer Applications,<7,True
STU007496,Male,MBA,Marketing,7-8,True
STU007497,Male,B.Tech,Civil,7-8,False
STU007498,Male,MBA,Marketing,7-8,True
STU007499,Female,B.Tech,Mechanical,7-8,False
STU007500,Female,MBA,Operations,7-8,True
STU007501,Male,MCA,Computer Applications,<7,True
STU007502,Female,MBA,Operations,7-8,True
STU007503,Male,MBA,Finance,8-9,False
STU007504,Female,M.Tech,Computer Science,7-8,True
STU007505,Male,MBA,Marketing,7-8,False
STU007506,Male,M.Tech,Computer Science,9+,False
STU007507,Female,MBA,Finance,7-8,True
STU007508,Female,MCA,Computer Applications,8-9,False
STU007509,Female,MBA,Finance,8-9,False
STU007510,Male,MBA,Finance,<7,True
STU007511,Male,MCA,Computer Applications,8-9,False
STU007512,Female,MCA,Computer Applications,8-9,False
STU007513,Male,B.Tech,Civil,7-8,True
STU007514,Female,MCA,Computer Applications,<7,False
STU007515,Female,MBA,Operations,7-8,True
STU007516,Female,MBA,Marketing,7-8,False
STU007517,Male,M.Tech,VLSI,7-8,False
STU007518,Male,MCA,Computer Applications,8-9,True
STU007519,Female,B.Tech,Civil,9+,False
STU007520,Male,MCA,Computer Applications,9+,True
STU007521,Female,MBA,Finance,<7,False
STU007522,Female,MBA,Finance,<7,False
STU007523,Female,MCA,Computer Applications,7-8,False
STU007524,Male,M.Tech,Computer Science,8-9,False
STU007525,Female,MCA,Computer Applications,7-8,False
STU007526,Male,B.Tech,Civil,9+,True
STU007527,Female,M.Tech,VLSI,7-8,False
STU007528,Male,MBA,Finance,7-8,False
STU007529,Female,B.Tech,Computer Science,8-9,False
STU007530,Male,B.Tech,Information Technology,8-9,True
STU007531,Female,MBA,Operations,9+,True
STU007532,Female,M.Tech,VLSI,<7,True
STU007533,Male,M.Tech,Data Science,7-8,True
STU007534,Female,B.Tech,Information Technology,7-8,False
STU007535,Male,M.Tech,Computer Science,7-8,True
STU007536,Female,M.Tech,VLSI,7-8,False
STU007537,Male,B.Tech,Information Technology,7-8,False
STU007538,Female,MBA,Operations,7-8,True
STU007539,Male,M.Tech,VLSI,7-8,False
STU007540,Female,MCA,Computer Applications,7-8,True
STU007541,Female,M.Tech,VLSI,9+,False
STU007542,Female,M.Tech,Computer Science,9+,False
STU007543,Male,MCA,Computer Applications,7-8,False
STU007544,Male,M.Tech,Data Science,7-8,True
STU007545,Female,B.Tech,Information Technology,8-9,False
STU007546,Female,B.Tech,Civil,9+,False
STU007547,Female,M.Tech,Computer Science,7-8,True
STU007548,Male,M.Tech,Data Science,9+,False
STU007549,Male,B.Tech,Electronics,7-8,False
STU007550,Male,B.Tech,Electronics,7-8,False
STU007551,Male,MCA,Computer Applications,8-9,True
STU007552,Female,M.Tech,Data Science,7-8,False
STU007553,Female,MBA,Operations,8-9,False
STU007554,Female,M.Tech,Data Science,<7,True
STU007555,Male,MCA,Computer Applications,9+,False
STU007556,Male,B.Tech,Civil,8-9,False
STU007557,Male,B.Tech,Electronics,8-9,False
STU007558,Female,B.Tech,Civil,<7,True
STU007559,Male,M.Tech,VLSI,8-9,False
STU007560,Male,MBA,Operations,8-9,False
STU007561,Male,MBA,Operations,8-9,True
STU007562,Male,MCA,Computer Applications,8-9,False
STU007563,Male,MBA,Operations,8-9,False
STU007564,Female,B.Tech,Mechanical,<7,False
STU007565,Female,MCA,Computer Applications,7-8,False
STU007566,Male,MCA,Computer Applications,7-8,True
STU007567,Male,MBA,Marketing,8-9,False
STU007568,Male,MCA,Computer Applications,8-9,True
STU007569,Female,M.Tech,Computer Science,8-9,False
STU007570,Female,M.Tech,Data Science,8-9,False
STU007571,Male,M.Tech,VLSI,7-8,False
STU007572,Male,MCA,Computer Applications,<7,True
STU007573,Female,MCA,Computer Applications,<7,True
STU007574,Male,B.Tech,Civil,7-8,True
STU007575,Male,M.Tech,Data Science,8-9,False
STU007576,Female,MBA,Marketing,8-9,True
STU007577,Male,MBA,Finance,7-8,True
STU007578,Male,MBA,Marketing,8-9,False
STU007579,Male,B.Tech,Electronics,<7,False
STU007580,Male,MCA,Computer Applications,7-8,True
STU007581,Male,MCA,Computer Applications,7-8,False
STU007582,Male,B.Tech,Information Technology,7-8,True
STU007583,Male,M.Tech,Data Science,<7,True
STU007584,Male,MCA,Computer Applications,7-8,True
STU007585,Male,B.Tech,Civil,7-8,False
STU007586,Male,B.Tech,Information Technology,8-9,False
STU007587,Female,MBA,Finance,<7,False
STU007588,Female,B.Tech,Computer Science,<7,False
STU007589,Female,M.Tech,VLSI,7-8,False
STU007590,Female,M.Tech,Data Science,8-9,True
STU007591,Male,MBA,Finance,7-8,False
STU007592,Male,MCA,Computer Applications,8-9,True
STU007593,Female,B.Tech,Mechanical,7-8,True
STU007594,Male,MBA,Operations,9+,False
STU007595,Male,B.Tech,Mechanical,7-8,True
STU007596,Male,B.Tech,Electronics,9+,True
STU007597,Male,MCA,Computer Applications,<7,False
STU007598,Male,M.Tech,VLSI,7-8,True
STU007599,Male,MCA,Computer Applications,9+,False
STU007600,Female,MBA,Finance,9+,False
STU007601,Female,MCA,Computer Applications,<7,False
STU007602,Male,B.Tech,Information Technology,9+,False
STU007603,Male,MCA,Computer Applications,<7,True
STU007604,Male,B.Tech,Civil,7-8,False
STU007605,Female,MBA,Marketing,7-8,False
STU007606,Male,MCA,Computer Applications,7-8,True
STU007607,Female,B.Tech,Electronics,8-9,False
STU007608,Male,B.Tech,Information Technology,8-9,False
STU007609,Female,MCA,Computer Applications,8-9,False
STU007610,Female,MCA,Computer Applications,7-8,True
STU007611,Female,MBA,Operations,9+,False
STU007612,Male,B.Tech,Electronics,7-8,True
STU007613,Male,B.Tech,Electronics,8-9,False
STU007614,Male,M.Tech,Computer Science,8-9,True
STU007615,Male,M.Tech,Computer Science,8-9,True
STU007616,Female,B.Tech,Electronics,7-8,False
STU007617,Male,B.Tech,Information Technology,9+,True
STU007618,Female,MCA,Computer Applications,8-9,False
STU007619,Female,MCA,Computer Applications,7-8,False
STU007620,Male,M.Tech,VLSI,8-9,False
STU007621,Male,B.Tech,Information Technology,<7,False
STU007622,Female,MBA,Operations,7-8,True
STU007623,Male,MCA,Computer Applications,<7,False
STU007624,Female,M.Tech,Computer Science,<7,True
STU007625,Male,M.Tech,Data Science,7-8,False
STU007626,Male,MCA,Computer Applications,7-8,False
STU007627,Female,B.Tech,Civil,7-8,True
STU007628,Male,MBA,Marketing,7-8,False
STU007629,Female,B.Tech,Information Technology,7-8,False
STU007630,Male,MBA,Marketing,7-8,False
STU007631,Male,MBA,Finance,8-9,False
STU007632,Male,M.Tech,VLSI,8-9,False
STU007633,Male,M.Tech,VLSI,7-8,True
STU007634,Female,MCA,Computer Applications,8-9,True
STU007635,Male,B.Tech,Civil,<7,False
STU007636,Male,MBA,Marketing,7-8,False
STU007637,Male,MCA,Computer Applications,7-8,True
STU007638,Female,B.Tech,Computer Science,7-8,True
STU007639,Male,B.Tech,Information Technology,7-8,False
STU007640,Female,M.Tech,Data Science,7-8,False
STU007641,Male,MBA,Operations,9+,False
STU007642,Female,M.Tech,Computer Science,<7,False
STU007643,Female,M.Tech,Computer Science,9+,False
STU007644,Female,B.Tech,Mechanical,7-8,False
STU007645,Female,MCA,Computer Applications,9+,True
STU007646,Male,MBA,Finance,9+,True
STU007647,Male,MBA,Marketing,9+,False
STU007648,Male,MCA,Computer Applications,8-9,False
STU007649,Female,MCA,Computer Applications,7-8,False
STU007650,Female,MBA,Operations,9+,True
STU007651,Male,B.Tech,Civil,9+,False
STU007652,Male,B.Tech,Electronics,9+,True
STU007653,Male,B.Tech,Information Technology,8-9,False
STU007654,Male,MBA,Marketing,<7,False
STU007655,Female,B.Tech,Information Technology,<7,True
STU007656,Male,MCA,Computer Applications,7-8,False
STU007657,Male,M.Tech,Data Science,9+,False
STU007658,Female,M.Tech,VLSI,8-9,True
STU007659,Female,M.Tech,VLSI,7-8,False
STU007660,Male,B.Tech,Mechanical,<7,True
STU007661,Female,B.Tech,Electronics,9+,False
STU007662,Male,M.Tech,VLSI,<7,True
STU007663,Male,M.Tech,Computer Science,8-9,True
STU007664,Male,B.Tech,Computer Science,8-9,False
STU007665,Male,MCA,Computer Applications,7-8,False
STU007666,Male,MBA,Marketing,7-8,False
STU007667,Female,MCA,Computer Applications,7-8,False
STU007668,Female,MCA,Computer Applications,9+,True
STU007669,Male,B.Tech,Information Technology,7-8,True
STU007670,Female,MCA,Computer Applications,8-9,False
STU007671,Male,M.Tech,VLSI,9+,True
STU007672,Male,M.Tech,VLSI,7-8,False
STU007673,Male,MBA,Finance,7-8,True
STU007674,Male,M.Tech,Computer Science,<7,False
STU007675,Male,B.Tech,Computer Science,7-8,False
STU007676,Male,MCA,Computer Applications,9+,False
STU007677,Male,MBA,Finance,8-9,False
STU007678,Male,MBA,Finance,<7,False
STU007679,Male,MBA,Marketing,8-9,True
STU007680,Female,M.Tech,Computer Science,7-8,False
STU007681,Female,MBA,Operations,8-9,True
STU007682,Male,MBA,Operations,9+,False
STU007683,Female,MCA,Computer Applications,9+,True
STU007684,Male,MBA,Marketing,<7,True
STU007685,Male,MBA,Marketing,9+,False
STU007686,Male,MCA,Computer Applications,9+,False
STU007687,Male,MCA,Computer Applications,<7,True
STU007688,Male,MCA,Computer Applications,7-8,False
STU007689,Male,B.Tech,Electronics,8-9,False
STU007690,Male,B.Tech,Information Technology,<7,True
STU007691,Male,M.Tech,Computer Science,7-8,True
STU007692,Female,MBA,Marketing,7-8,False
STU007693,Female,B.Tech,Computer Science,7-8,True
STU007694,Male,MBA,Marketing,7-8,False
STU007695,Female,MCA,Computer Applications,8-9,False
STU007696,Male,MBA,Operations,9+,False
STU007697,Male,MCA,Computer Applications,8-9,True
STU007698,Female,MBA,Operations,9+,False
STU007699,Male,B.Tech,Computer Science,7-8,True
STU007700,Male,B.Tech,Information Technology,7-8,False
STU007701,Female,B.Tech,Computer Science,7-8,False
STU007702,Male,MCA,Computer Applications,<7,False
STU007703,Male,M.Tech,VLSI,9+,False
STU007704,Male,MCA,Computer Applications,<7,False
STU007705,Female,MCA,Computer Applications,9+,False
STU007706,Female,MBA,Marketing,7-8,False
STU007707,Female,B.Tech,Mechanical,9+,False
STU007708,Male,MCA,Computer Applications,7-8,True
STU007709,Female,B.Tech,Civil,8-9,False
STU007710,Male,M.Tech,Computer Science,<7,True
STU007711,Male,MCA,Computer Applications,7-8,False
STU007712,Male,MBA,Operations,9+,True
STU007713,Female,M.Tech,Data Science,7-8,True
STU007714,Male,MBA,Operations,8-9,False
STU007715,Male,B.Tech,Mechanical,7-8,True
STU007716,Female,B.Tech,Computer Science,8-9,False
STU007717,Female,B.Tech,Information Technology,8-9,False
STU007718,Male,M.Tech,Computer Science,8-9,False
STU007719,Male,MCA,Computer Applications,<7,True
STU007720,Male,B.Tech,Electronics,7-8,True
STU007721,Male,B.Tech,Computer Science,7-8,True
STU007722,Female,M.Tech,Computer Science,7-8,True
STU007723,Male,B.Tech,Electronics,9+,False
STU007724,Male,MCA,Computer Applications,8-9,True
STU007725,Female,M.Tech,Data Science,8-9,False
STU007726,Male,MBA,Finance,7-8,False
STU007727,Male,B.Tech,Civil,7-8,False
STU007728,Female,MBA,Marketing,<7,False
STU007729,Male,MCA,Computer Applications,8-9,False
STU007730,Female,B.Tech,Mechanical,7-8,True
STU007731,Male,B.Tech,Mechanical,7-8,False
STU007732,Male,M.Tech,Computer Science,7-8,False
STU007733,Male,M.Tech,Computer Science,9+,False
STU007734,Male,MBA,Operations,8-9,True
STU007735,Female,MCA,Computer Applications,9+,True
STU007736,Female,MBA,Marketing,8-9,False
STU007737,Male,M.Tech,Computer Science,8-9,True
STU007738,Male,M.Tech,VLSI,7-8,False
STU007739,Female,MCA,Computer Applications,7-8,True
STU007740,Male,MBA,Operations,7-8,True
STU007741,Male,MBA,Finance,7-8,False
STU007742,Male,M.Tech,Computer Science,8-9,False
STU007743,Male,MCA,Computer Applications,7-8,False
STU007744,Male,MBA,Marketing,7-8,False
STU007745,Female,MCA,Computer Applications,8-9,True
STU007746,Male,B.Tech,Civil,9+,False
STU007747,Male,MCA,Computer Applications,9+,True
STU007748,Female,M.Tech,Computer Science,7-8,True
STU007749,Male,B.Tech,Information Technology,8-9,True
STU007750,Male,MBA,Operations,9+,False
STU007751,Female,B.Tech,Information Technology,7-8,False
STU007752,Male,M.Tech,Data Science,7-8,True
STU007753,Male,M.Tech,VLSI,8-9,True
STU007754,Female,B.Tech,Electronics,9+,False
STU007755,Male,MBA,Finance,<7,True
STU007756,Male,MCA,Computer Applications,<7,False
STU007757,Male,MCA,Computer Applications,7-8,False
STU007758,Male,MBA,Operations,8-9,False
STU007759,Male,MBA,Marketing,8-9,False
STU007760,Male,MBA,Finance,8-9,True
STU007761,Male,M.Tech,Computer Science,9+,True
STU007762,Male,M.Tech,Data Science,7-8,False
STU007763,Male,B.Tech,Mechanical,8-9,False
STU007764,Male,B.Tech,Mechanical,9+,True
STU007765,Male,MBA,Marketing,8-9,True
STU007766,Male,MCA,Computer Applications,7-8,True
STU007767,Female,B.Tech,Electronics,8-9,True
STU007768,Male,B.Tech,Information Technology,8-9,True
STU007769,Male,MBA,Finance,7-8,False
STU007770,Male,MCA,Computer Applications,<7,True
STU007771,Male,B.Tech,Electronics,8-9,False
STU007772,Male,MBA,Marketing,7-8,False
STU007773,Male,B.Tech,Mechanical,<7,False
STU007774,Female,M.Tech,Data Science,7-8,True
STU007775,Male,B.Tech,Information Technology,8-9,True
STU007776,Male,MBA,Marketing,7-8,True
STU007777,Male,M.Tech,Computer Science,8-9,True
STU007778,Male,M.Tech,Computer Science,<7,False
STU007779,Male,M.Tech,VLSI,<7,False
STU007780,Female,MCA,Computer Applications,9+,True
STU007781,Male,B.Tech,Civil,7-8,True
STU007782,Male,M.Tech,Computer Science,7-8,True
STU007783,Male,MBA,Finance,8-9,True
STU007784,Male,MCA,Computer Applications,8-9,True
STU007785,Male,MBA,Finance,8-9,True
STU007786,Female,M.Tech,Data Science,7-8,True
STU007787,Female,MCA,Computer Applications,8-9,False
STU007788,Male,MCA,Computer Applications,<7,False
STU007789,Male,MBA,Finance,8-9,True
STU007790,Female,MBA,Operations,7-8,False
STU007791,Male,MCA,Computer Applications,8-9,True
STU007792,Male,B.Tech,Electronics,7-8,True
STU007793,Male,M.Tech,VLSI,7-8,False
STU007794,Female,M.Tech,Data Science,7-8,False
STU007795,Male,MBA,Marketing,8-9,False
STU007796,Female,MCA,Computer Applications,8-9,False
STU007797,Male,M.Tech,Computer Science,7-8,False
STU007798,Female,MBA,Marketing,7-8,False
STU007799,Female,MBA,Marketing,8-9,False
STU007800,Male,B.Tech,Electronics,<7,False
