student_code,university_code,company_code,role_title,channel_name,date_key,is_placed,ctc_lpa,interview_rounds,offers_received,days_to_offer
STU000001,UNI030,CMP045,Frontend Engineer,Job Portal,20230115,1,23.42,4,2,76.0
STU000002,UNI026,CMP070,Cloud Engineer,On-Campus,20230415,1,53.49,5,1,72.0
STU000003,UNI026,CMP074,Frontend Engineer,Referral,20220915,1,33.33,5,2,77.0
STU000004,UNI012,CMP019,Data Analyst,Referral,20230415,1,13.1,3,2,88.0
STU000005,UNI021,CMP063,Cloud Engineer,Direct Application,20230115,1,27.12,2,1,30.0
STU000006,UNI002,CMP031,Frontend Engineer,Job Portal,20221115,1,8.22,2,2,77.0
STU000007,UNI017,,,Recruitment Agency,20230415,0,,0,0,
STU000008,UNI029,,,On-Campus,20220915,0,,2,0,
STU000009,UNI013,CMP050,Frontend Engineer,Recruitment Agency,20221215,1,9.69,2,2,59.0
STU000010,UNI005,,,Job Portal,20230115,0,,0,0,
STU000011,UNI021,CMP077,Frontend Engineer,Recruitment Agency,20221115,1,21.91,5,2,60.0
STU000012,UNI015,CMP010,Backend Engineer,Job Portal,20220915,1,13.39,3,1,34.0
STU000013,UNI014,CMP063,QA Engineer,Referral,20230415,1,20.3,1,1,28.0
STU000014,UNI008,CMP013,Software Engineer,Referral,20230115,1,30.58,4,2,47.0
STU000015,UNI007,,,On-Campus,20230315,0,,0,0,
STU000016,UNI006,CMP018,Operations Associate,Job Portal,20220815,1,22.04,4,1,83.0
STU000017,UNI018,,,Job Portal,20230215,0,,0,0,
STU000018,UNI005,CMP050,Business Analyst,Direct Application,20220915,1,14.29,4,1,20.0
STU000019,UNI007,,,Job Portal,20230115,0,,1,0,
STU000020,UNI017,,,Direct Application,20230215,0,,2,0,
STU000021,UNI016,CMP070,QA Engineer,Referral,20221215,1,14.93,1,2,69.0
STU000022,UNI005,CMP062,Systems Engineer,On-Campus,20230415,1,12.35,4,1,48.0
STU000023,UNI005,CMP041,Business Analyst,Referral,20230315,1,16.52,2,1,62.0
STU000024,UNI007,,,On-Campus,20220815,0,,2,0,
STU000025,UNI020,CMP075,QA Engineer,Recruitment Agency,20221115,1,25.27,3,2,58.0
STU000026,UNI015,CMP028,Data Scientist,Job Portal,20220815,1,34.53,3,2,31.0
STU000027,UNI006,,,Recruitment Agency,20221215,0,,2,0,
STU000028,UNI009,,,Job Portal,20230215,0,,2,0,
STU000029,UNI020,CMP024,Software Engineer,Direct Application,20230215,1,41.85,4,2,30.0
STU000030,UNI028,,,Referral,20220815,0,,1,0,
STU000031,UNI024,,,Direct Application,20221015,0,,1,0,
STU000032,UNI001,,,Job Portal,20221015,0,,0,0,
STU000033,UNI013,CMP044,Operations Associate,Recruitment Agency,20230115,1,14.33,1,1,17.0
STU000034,UNI018,CMP009,ML Engineer,Job Portal,20230415,1,29.33,1,1,46.0
STU000035,UNI013,CMP027,Operations Associate,Direct Application,20230115,1,17.91,2,1,83.0
STU000036,UNI001,,,Job Portal,20230115,0,,2,0,
STU000037,UNI008,CMP026,Design Engineer,On-Campus,20230115,1,17.95,3,1,76.0
STU000038,UNI010,CMP040,ML Engineer,Direct Application,20230215,1,19.28,3,1,31.0
STU000039,UNI015,CMP074,Product Analyst,Job Portal,20221015,1,31.51,4,1,35.0
STU000040,UNI005,CMP008,Consultant,On-Campus,20220815,1,32.95,3,3,28.0
STU000041,UNI028,,,Recruitment Agency,20230315,0,,0,0,
STU000042,UNI019,CMP057,Frontend Engineer,Direct Application,20220815,1,35.62,4,1,65.0
STU000043,UNI021,CMP032,Backend Engineer,Direct Application,20220815,1,21.26,5,1,37.0
STU000044,UNI020,CMP049,Frontend Engineer,Direct Application,20230115,1,29.29,5,1,52.0
STU000045,UNI029,CMP055,Product Analyst,Recruitment Agency,20220915,1,23.21,2,1,48.0
STU000046,UNI027,,,Direct Application,20230415,0,,1,0,
STU000047,UNI014,,,Direct Application,20221215,0,,0,0,
STU000048,UNI007,,,Recruitment Agency,20221115,0,,1,0,
STU000049,UNI018,CMP062,Backend Engineer,On-Campus,20220915,1,10.48,1,1,58.0
STU000050,UNI027,CMP001,Product Analyst,On-Campus,20221215,1,8.46,5,1,34.0
STU000051,UNI023,CMP076,Data Scientist,Referral,20230415,1,11.72,3,1,14.0
STU000052,UNI008,CMP009,Cloud Engineer,Recruitment Agency,20221015,1,27.29,4,1,40.0
STU000053,UNI008,,,On-Campus,20221015,0,,1,0,
STU000054,UNI027,,,Referral,20220915,0,,0,0,
STU000055,UNI024,CMP015,Design Engineer,Direct Application,20221115,1,17.25,3,1,83.0
STU000056,UNI001,CMP053,Frontend Engineer,On-Campus,20221215,1,8.6,5,1,12.0
STU000057,UNI024,,,Referral,20230415,0,,2,0,
STU000058,UNI001,,,Recruitment Agency,20220915,0,,1,0,
STU000059,UNI012,CMP050,Design Engineer,Referral,20230115,1,7.1,2,1,31.0
STU000060,UNI030,CMP072,Consultant,Recruitment Agency,20221115,1,18.62,4,1,68.0
STU000061,UNI013,CMP071,Data Scientist,On-Campus,20230115,1,18.89,1,1,31.0
STU000062,UNI021,,,Direct Application,20230215,0,,0,0,
STU000063,UNI010,CMP071,Design Engineer,Referral,20230215,1,22.95,5,1,36.0
STU000064,UNI025,,,Direct Application,20221015,0,,2,0,
STU000065,UNI004,,,Job Portal,20221115,0,,1,0,
STU000066,UNI009,,,Direct Application,20220915,0,,2,0,
STU000067,UNI008,CMP034,Business Analyst,Recruitment Agency,20220815,1,19.88,3,2,16.0
STU000068,UNI022,,,Referral,20221215,0,,0,0,
STU000069,UNI030,CMP015,Business Analyst,On-Campus,20230415,1,22.33,1,2,41.0
STU000070,UNI010,CMP027,Frontend Engineer,Referral,20220915,1,20.02,3,1,72.0
STU000071,UNI025,CMP034,ML Engineer,Job Portal,20221215,1,21.85,4,1,64.0
STU000072,UNI023,CMP080,QA Engineer,On-Campus,20230215,1,6.67,4,3,26.0
STU000073,UNI015,CMP003,Product Analyst,Referral,20221215,1,17.42,1,3,40.0
STU000074,UNI023,CMP017,Consultant,Job Portal,20220815,1,19.49,3,1,24.0
STU000075,UNI010,CMP069,Frontend Engineer,Referral,20230115,1,8.75,4,3,16.0
STU000076,UNI002,,,Recruitment Agency,20220915,0,,2,0,
STU000077,UNI014,CMP079,Data Scientist,Job Portal,20230315,1,22.78,4,1,35.0
STU000078,UNI007,CMP051,ML Engineer,On-Campus,20230315,1,36.92,2,1,35.0
STU000079,UNI030,CMP046,Cloud Engineer,Referral,20230315,1,49.64,1,1,88.0
STU000080,UNI028,,,On-Campus,20220915,0,,2,0,
STU000081,UNI008,CMP046,Software Engineer,Job Portal,20230315,1,21.89,5,3,59.0
STU000082,UNI029,,,Job Portal,20221215,0,,2,0,
STU000083,UNI019,,,Job Portal,20220815,0,,0,0,
STU000084,UNI022,CMP054,Backend Engineer,Direct Application,20230115,1,12.5,3,1,23.0
STU000085,UNI015,CMP053,Design Engineer,On-Campus,20230115,1,19.56,2,1,69.0
STU000086,UNI017,,,Direct Application,20230415,0,,0,0,
STU000087,UNI022,,,Direct Application,20221015,0,,0,0,
STU000088,UNI024,,,Referral,20220915,0,,2,0,
STU000089,UNI019,,,Referral,20221215,0,,0,0,
STU000090,UNI030,CMP058,Backend Engineer,Referral,20221115,1,28.75,4,2,40.0
STU000091,UNI016,CMP012,Consultant,Referral,20220915,1,30.27,5,3,16.0
STU000092,UNI003,CMP050,Data Scientist,Referral,20230215,1,23.76,4,1,69.0
STU000093,UNI029,CMP080,Backend Engineer,On-Campus,20221015,1,12.45,4,1,11.0
STU000094,UNI018,,,Recruitment Agency,20220815,0,,2,0,
STU000095,UNI024,CMP054,Operations Associate,Job Portal,20230315,1,15.13,2,1,18.0
STU000096,UNI012,,,Recruitment Agency,20230315,0,,0,0,
STU000097,UNI009,CMP029,Cloud Engineer,Referral,20230215,1,12.4,3,1,49.0
STU000098,UNI008,CMP015,Frontend Engineer,Job Portal,20230315,1,29.36,3,1,39.0
STU000099,UNI004,,,Job Portal,20230215,0,,1,0,
STU000100,UNI020,CMP061,Backend Engineer,Direct Application,20230415,1,31.05,1,1,24.0
STU000101,UNI024,CMP066,Financial Analyst,On-Campus,20221015,1,13.56,5,2,12.0
STU000102,UNI026,CMP024,Systems Engineer,Direct Application,20221015,1,28.0,5,3,71.0
STU000103,UNI026,CMP042,Systems Engineer,Referral,20230415,1,13.0,1,3,93.0
STU000104,UNI005,CMP038,Backend Engineer,Job Portal,20221115,1,19.32,4,3,31.0
STU000105,UNI004,CMP003,Backend Engineer,On-Campus,20221015,1,8.57,1,2,27.0
STU000106,UNI016,,,Direct Application,20220915,0,,2,0,
STU000107,UNI004,,,Job Portal,20230115,0,,0,0,
STU000108,UNI013,,,Referral,20230415,0,,2,0,
STU000109,UNI024,,,Recruitment Agency,20220815,0,,2,0,
STU000110,UNI025,CMP048,Business Analyst,Recruitment Agency,20221215,1,27.24,5,1,25.0
STU000111,UNI011,,,Job Portal,20220915,0,,1,0,
STU000112,UNI015,CMP029,Cloud Engineer,Direct Application,20221115,1,23.32,2,1,42.0
STU000113,UNI001,CMP005,Financial Analyst,Direct Application,20221215,1,17.23,2,4,79.0
STU000114,UNI006,CMP043,QA Engineer,On-Campus,20230415,1,14.29,3,1,21.0
STU000115,UNI015,CMP077,Systems Engineer,Recruitment Agency,20221015,1,23.24,5,1,93.0
STU000116,UNI018,,,On-Campus,20230115,0,,1,0,
STU000117,UNI021,CMP067,Cloud Engineer,Job Portal,20220815,1,25.4,2,1,91.0
STU000118,UNI016,CMP045,Product Analyst,Recruitment Agency,20221215,1,17.84,5,1,69.0
STU000119,UNI001,,,Job Portal,20230115,0,,0,0,
STU000120,UNI013,,,On-Campus,20230215,0,,2,0,
STU000121,UNI007,CMP028,Financial Analyst,Recruitment Agency,20230415,1,26.89,5,4,91.0
STU000122,UNI009,,,Job Portal,20230115,0,,2,0,
STU000123,UNI011,,,Direct Application,20221215,0,,2,0,
STU000124,UNI017,CMP074,Consultant,Direct Application,20221015,1,24.36,1,1,55.0
STU000125,UNI006,,,Direct Application,20230115,0,,2,0,
STU000126,UNI029,CMP029,Product Analyst,Job Portal,20220815,1,6.74,1,1,16.0
STU000127,UNI026,CMP015,Frontend Engineer,Recruitment Agency,20220815,1,31.85,4,2,13.0
STU000128,UNI003,,,Recruitment Agency,20230115,0,,2,0,
STU000129,UNI003,,,Job Portal,20221015,0,,0,0,
STU000130,UNI012,CMP069,Financial Analyst,On-Campus,20230415,1,7.92,4,1,93.0
STU000131,UNI017,CMP023,Product Analyst,On-Campus,20220915,1,22.27,2,1,84.0
STU000132,UNI021,CMP036,Systems Engineer,On-Campus,20220915,1,14.97,4,1,16.0
STU000133,UNI013,CMP048,Frontend Engineer,Referral,20220915,1,18.01,2,2,8.0
STU000134,UNI030,,,Recruitment Agency,20230215,0,,0,0,
STU000135,UNI011,,,Job Portal,20220815,0,,2,0,
STU000136,UNI016,CMP008,Consultant,Job Portal,20220815,1,18.97,1,2,31.0
STU000137,UNI013,CMP033,ML Engineer,Referral,20220915,1,32.44,2,1,64.0
STU000138,UNI011,CMP045,Backend Engineer,Job Portal,20221115,1,13.6,2,2,53.0
STU000139,UNI005,CMP021,Software Engineer,Referral,20220815,1,18.19,1,1,35.0
STU000140,UNI003,CMP075,Data Scientist,Referral,20230415,1,50.34,4,3,12.0
STU000141,UNI028,,,Referral,20230115,0,,2,0,
STU000142,UNI024,CMP036,Business Analyst,Recruitment Agency,20230115,1,26.88,4,1,35.0
STU000143,UNI023,CMP034,Product Analyst,Job Portal,20221215,1,20.9,2,2,30.0
STU000144,UNI005,,,Referral,20220815,0,,0,0,
STU000145,UNI003,CMP021,Data Scientist,Referral,20230415,1,19.33,3,2,34.0
STU000146,UNI027,CMP027,ML Engineer,Job Portal,20230415,1,31.67,3,1,17.0
STU000147,UNI020,CMP069,Data Scientist,Direct Application,20230215,1,20.42,2,2,28.0
STU000148,UNI011,,,Referral,20230415,0,,2,0,
STU000149,UNI024,CMP003,Backend Engineer,Direct Application,20221215,1,9.85,4,2,15.0
STU000150,UNI017,,,On-Campus,20220915,0,,0,0,
STU000151,UNI007,CMP047,Financial Analyst,Referral,20221015,1,24.82,2,1,91.0
STU000152,UNI022,CMP042,Consultant,Direct Application,20230315,1,9.59,4,1,37.0
STU000153,UNI005,CMP033,Cloud Engineer,On-Campus,20220815,1,52.39,5,2,58.0
STU000154,UNI005,CMP046,Financial Analyst,Direct Application,20230115,1,26.26,5,2,82.0
STU000155,UNI022,,,Job Portal,20230315,0,,2,0,
STU000156,UNI013,CMP024,Product Analyst,Job Portal,20220915,1,14.68,5,1,37.0
STU000157,UNI016,,,Direct Application,20221115,0,,0,0,
STU000158,UNI019,CMP024,Cloud Engineer,Job Portal,20220915,1,34.57,5,2,56.0
STU000159,UNI001,CMP018,Cloud Engineer,Job Portal,20220915,1,33.89,4,2,86.0
STU000160,UNI030,CMP069,Operations Associate,Referral,20221015,1,11.4,1,2,12.0
STU000161,UNI025,CMP054,Business Analyst,Recruitment Agency,20220915,1,22.78,5,1,57.0
STU000162,UNI002,,,Job Portal,20221015,0,,2,0,
STU000163,UNI024,,,Job Portal,20221215,0,,2,0,
STU000164,UNI010,,,Job Portal,20221015,0,,1,0,
STU000165,UNI022,CMP016,Frontend Engineer,Direct Application,20221115,1,19.53,5,2,74.0
STU000166,UNI025,,,On-Campus,20221115,0,,2,0,
STU000167,UNI027,,,Recruitment Agency,20221215,0,,2,0,
STU000168,UNI029,,,Recruitment Agency,20230415,0,,2,0,
STU000169,UNI014,CMP074,Consultant,Referral,20230315,1,27.83,2,2,29.0
STU000170,UNI019,,,On-Campus,20230415,0,,0,0,
STU000171,UNI012,,,Job Portal,20221115,0,,1,0,
STU000172,UNI006,CMP044,Systems Engineer,On-Campus,20230115,1,22.34,1,1,35.0
STU000173,UNI012,,,Referral,20220815,0,,1,0,
STU000174,UNI025,CMP023,QA Engineer,Direct Application,20220915,1,16.7,1,1,14.0
STU000175,UNI013,,,Recruitment Agency,20221215,0,,0,0,
STU000176,UNI012,,,Direct Application,20221215,0,,0,0,
STU000177,UNI004,,,Recruitment Agency,20221215,0,,1,0,
STU000178,UNI010,,,Referral,20230315,0,,1,0,
STU000179,UNI027,,,Direct Application,20221115,0,,1,0,
STU000180,UNI002,,,Referral,20220915,0,,1,0,
STU000181,UNI008,CMP070,Data Analyst,Referral,20221015,1,22.68,2,2,78.0
STU000182,UNI012,CMP068,Systems Engineer,Job Portal,20221015,1,18.02,4,1,57.0
STU000183,UNI012,CMP038,Cloud Engineer,Recruitment Agency,20220915,1,10.78,2,1,28.0
STU000184,UNI023,,,Referral,20221215,0,,2,0,
STU000185,UNI006,,,Direct Application,20220815,0,,1,0,
STU000186,UNI022,,,Referral,20221015,0,,2,0,
STU000187,UNI030,,,Direct Application,20221015,0,,1,0,
STU000188,UNI001,,,Recruitment Agency,20221115,0,,2,0,
STU000189,UNI024,CMP045,Data Scientist,Recruitment Agency,20221015,1,26.9,3,1,25.0
STU000190,UNI023,CMP019,Software Engineer,Referral,20230415,1,22.09,3,1,64.0
STU000191,UNI023,,,Job Portal,20230415,0,,0,0,
STU000192,UNI026,,,Direct Application,20230115,0,,1,0,
STU000193,UNI020,,,Job Portal,20220915,0,,1,0,
STU000194,UNI010,,,Recruitment Agency,20230215,0,,0,0,
STU000195,UNI014,,,Direct Application,20230215,0,,2,0,
STU000196,UNI011,CMP046,Systems Engineer,Recruitment Agency,20220915,1,18.44,1,1,16.0
STU000197,UNI028,,,Referral,20220815,0,,1,0,
STU000198,UNI008,,,Direct Application,20230215,0,,2,0,
STU000199,UNI011,CMP036,Cloud Engineer,Recruitment Agency,20221215,1,24.33,4,1,40.0
STU000200,UNI019,,,Job Portal,20230415,0,,1,0,
STU000201,UNI006,CMP010,QA Engineer,Job Portal,20230315,1,6.83,3,1,28.0
STU000202,UNI028,CMP008,Data Scientist,Referral,20220915,1,23.76,1,1,19.0
STU000203,UNI027,CMP070,Financial Analyst,Recruitment Agency,20220815,1,20.77,3,1,42.0
STU000204,UNI028,CMP066,Data Analyst,On-Campus,20230215,1,8.41,5,1,60.0
STU000205,UNI002,CMP074,Consultant,Referral,20230215,1,20.21,5,2,18.0
STU000206,UNI025,,,On-Campus,20230115,0,,2,0,
STU000207,UNI028,CMP001,Data Scientist,Recruitment Agency,20221215,1,7.42,1,1,29.0
STU000208,UNI028,,,Referral,20221015,0,,0,0,
STU000209,UNI008,,,Recruitment Agency,20230215,0,,0,0,
STU000210,UNI019,CMP044,Operations Associate,Referral,20230415,1,25.64,1,2,48.0
STU000211,UNI025,CMP060,Backend Engineer,Referral,20221015,1,17.28,2,1,32.0
STU000212,UNI010,CMP047,Data Scientist,Direct Application,20230215,1,23.62,2,1,41.0
STU000213,UNI009,CMP019,Frontend Engineer,Direct Application,20221115,1,20.34,2,1,72.0
STU000214,UNI007,CMP066,Financial Analyst,Recruitment Agency,20221015,1,11.16,4,1,27.0
STU000215,UNI018,CMP015,Frontend Engineer,Job Portal,20230115,1,15.15,1,2,60.0
STU000216,UNI003,,,Referral,20221215,0,,0,0,
STU000217,UNI028,,,Job Portal,20221115,0,,2,0,
STU000218,UNI004,,,On-Campus,20220915,0,,0,0,
STU000219,UNI002,CMP002,Design Engineer,Job Portal,20221015,1,6.87,2,1,74.0
STU000220,UNI021,CMP016,Systems Engineer,Referral,20220815,1,21.3,2,1,86.0
STU000221,UNI017,,,On-Campus,20220815,0,,1,0,
STU000222,UNI001,,,On-Campus,20220815,0,,2,0,
STU000223,UNI005,CMP039,Data Scientist,Referral,20221115,1,22.68,1,2,11.0
STU000224,UNI022,,,Job Portal,20220815,0,,1,0,
STU000225,UNI021,CMP003,Product Analyst,On-Campus,20230315,1,15.18,5,2,57.0
STU000226,UNI009,,,Referral,20230115,0,,1,0,
STU000227,UNI003,,,Direct Application,20230415,0,,2,0,
STU000228,UNI013,,,Recruitment Agency,20221115,0,,2,0,
STU000229,UNI018,CMP044,QA Engineer,Direct Application,20221015,1,14.65,4,1,32.0
STU000230,UNI020,CMP036,Design Engineer,Referral,20220815,1,29.49,2,2,18.0
STU000231,UNI004,,,Job Portal,20221215,0,,1,0,
STU000232,UNI013,,,Job Portal,20220915,0,,0,0,
STU000233,UNI001,CMP062,ML Engineer,Recruitment Agency,20230415,1,9.62,1,1,35.0
STU000234,UNI029,,,Recruitment Agency,20220815,0,,1,0,
STU000235,UNI005,CMP039,Software Engineer,On-Campus,20221015,1,17.63,5,3,12.0
STU000236,UNI007,,,Job Portal,20221115,0,,0,0,
STU000237,UNI015,CMP057,Frontend Engineer,Recruitment Agency,20230315,1,31.58,1,1,28.0
STU000238,UNI014,CMP066,ML Engineer,Referral,20230215,1,14.52,5,1,75.0
STU000239,UNI010,CMP045,Design Engineer,On-Campus,20230115,1,11.33,4,1,36.0
STU000240,UNI018,,,Recruitment Agency,20220815,0,,0,0,
STU000241,UNI011,CMP070,Product Analyst,Job Portal,20220915,1,15.76,2,1,92.0
STU000242,UNI020,CMP006,Product Analyst,Recruitment Agency,20230315,1,44.38,4,1,64.0
STU000243,UNI030,,,Job Portal,20230215,0,,0,0,
STU000244,UNI002,CMP055,Backend Engineer,On-Campus,20221115,1,25.72,5,1,46.0
STU000245,UNI010,,,On-Campus,20220815,0,,0,0,
STU000246,UNI011,CMP003,Software Engineer,On-Campus,20230215,1,8.97,5,2,48.0
STU000247,UNI024,CMP064,Design Engineer,On-Campus,20230115,1,16.32,3,1,14.0
STU000248,UNI026,CMP040,Data Scientist,Job Portal,20230115,1,35.76,3,1,82.0
STU000249,UNI028,,,Job Portal,20221115,0,,2,0,
STU000250,UNI019,,,Referral,20230415,0,,2,0,
STU000251,UNI028,CMP031,Cloud Engineer,On-Campus,20230115,1,8.83,1,1,21.0
STU000252,UNI019,,,Recruitment Agency,20230215,0,,1,0,
STU000253,UNI017,CMP020,QA Engineer,Job Portal,20221215,1,21.97,5,1,54.0
STU000254,UNI028,,,On-Campus,20230415,0,,0,0,
STU000255,UNI025,CMP025,Operations Associate,Direct Application,20221015,1,20.57,1,1,74.0
STU000256,UNI019,CMP060,Cloud Engineer,Direct Application,20230315,1,22.43,2,4,66.0
STU000257,UNI009,CMP049,Frontend Engineer,Recruitment Agency,20220815,1,31.57,2,1,45.0
STU000258,UNI011,,,Referral,20221015,0,,1,0,
STU000259,UNI021,,,On-Campus,20220915,0,,1,0,
STU000260,UNI018,,,Job Portal,20221215,0,,1,0,
STU000261,UNI020,CMP032,Data Scientist,On-Campus,20221015,1,51.62,4,1,34.0
STU000262,UNI027,,,On-Campus,20221215,0,,2,0,
STU000263,UNI008,CMP029,QA Engineer,Referral,20230315,1,11.92,1,1,71.0
STU000264,UNI001,,,Job Portal,20230115,0,,1,0,
STU000265,UNI011,CMP024,Consultant,On-Campus,20221015,1,13.32,5,1,67.0
STU000266,UNI017,,,On-Campus,20220915,0,,2,0,
STU000267,UNI029,,,Referral,20230215,0,,1,0,
STU000268,UNI015,,,Recruitment Agency,20230315,0,,1,0,
STU000269,UNI008,CMP059,Design Engineer,Job Portal,20230115,1,15.75,2,1,9.0
STU000270,UNI026,CMP017,QA Engineer,Job Portal,20230115,1,16.83,3,1,30.0
STU000271,UNI009,CMP005,Business Analyst,Direct Application,20230315,1,16.82,3,1,68.0
STU000272,UNI019,CMP042,Systems Engineer,Recruitment Agency,20221115,1,17.8,3,2,64.0
STU000273,UNI015,CMP022,Software Engineer,Referral,20220915,1,45.66,1,2,84.0
STU000274,UNI017,,,On-Campus,20221015,0,,1,0,
STU000275,UNI024,CMP065,Design Engineer,Referral,20221215,1,12.84,4,1,73.0
STU000276,UNI024,,,On-Campus,20230115,0,,1,0,
STU000277,UNI022,,,Direct Application,20221115,0,,0,0,
STU000278,UNI007,,,On-Campus,20221215,0,,0,0,
STU000279,UNI011,CMP068,Data Analyst,On-Campus,20230115,1,15.54,1,2,78.0
STU000280,UNI013,,,Referral,20230415,0,,0,0,
STU000281,UNI026,CMP074,Design Engineer,Direct Application,20230315,1,23.96,1,1,39.0
STU000282,UNI016,CMP070,Data Scientist,Direct Application,20230315,1,28.49,3,1,26.0
STU000283,UNI026,,,Referral,20230115,0,,0,0,
STU000284,UNI005,CMP036,ML Engineer,Recruitment Agency,20220815,1,32.58,4,2,25.0
STU000285,UNI027,,,On-Campus,20221115,0,,2,0,
STU000286,UNI022,CMP043,Backend Engineer,Recruitment Agency,20220815,1,19.65,4,1,13.0
STU000287,UNI005,CMP053,Frontend Engineer,Job Portal,20220815,1,10.11,3,1,45.0
STU000288,UNI007,CMP001,Data Analyst,Job Portal,20221115,1,8.08,1,1,30.0
STU000289,UNI011,CMP013,Data Analyst,Direct Application,20221115,1,17.55,5,1,46.0
STU000290,UNI029,,,Recruitment Agency,20221015,0,,2,0,
STU000291,UNI014,,,Recruitment Agency,20220915,0,,1,0,
STU000292,UNI025,CMP061,Systems Engineer,Referral,20221215,1,12.0,2,1,39.0
STU000293,UNI003,,,Direct Application,20220915,0,,0,0,
STU000294,UNI010,,,Recruitment Agency,20230215,0,,0,0,
STU000295,UNI004,,,Direct Application,20220915,0,,1,0,
STU000296,UNI013,CMP037,Frontend Engineer,On-Campus,20230415,1,7.15,1,1,61.0
STU000297,UNI005,CMP026,Data Analyst,On-Campus,20220915,1,21.47,2,1,86.0
STU000298,UNI021,,,Recruitment Agency,20230415,0,,2,0,
STU000299,UNI019,CMP077,Consultant,Recruitment Agency,20230215,1,28.94,1,3,44.0
STU000300,UNI005,,,Job Portal,20230115,0,,1,0,
STU000301,UNI001,,,On-Campus,20230315,0,,1,0,
STU000302,UNI003,CMP073,Software Engineer,Referral,20221115,1,38.43,1,2,63.0
STU000303,UNI001,,,On-Campus,20221015,0,,2,0,
STU000304,UNI008,,,Recruitment Agency,20220915,0,,2,0,
STU000305,UNI024,CMP006,Design Engineer,Recruitment Agency,20220915,1,20.95,5,1,17.0
STU000306,UNI003,,,On-Campus,20230315,0,,0,0,
STU000307,UNI023,,,Recruitment Agency,20221015,0,,1,0,
STU000308,UNI002,,,On-Campus,20221015,0,,2,0,
STU000309,UNI015,CMP015,Design Engineer,On-Campus,20230315,1,25.66,3,1,40.0
STU000310,UNI025,,,Direct Application,20230315,0,,1,0,
STU000311,UNI022,CMP013,Frontend Engineer,Recruitment Agency,20230315,1,14.82,3,1,58.0
STU000312,UNI029,,,Recruitment Agency,20221215,0,,1,0,
STU000313,UNI024,CMP041,Business Analyst,Recruitment Agency,20230315,1,11.59,5,1,86.0
STU000314,UNI028,CMP048,Product Analyst,Referral,20230215,1,28.11,4,1,8.0
STU000315,UNI007,,,Job Portal,20221015,0,,0,0,
STU000316,UNI024,CMP048,QA Engineer,Direct Application,20230315,1,19.81,3,1,63.0
STU000317,UNI029,CMP047,QA Engineer,Referral,20220815,1,22.2,1,1,46.0
STU000318,UNI025,,,Job Portal,20230415,0,,1,0,
STU000319,UNI010,,,Direct Application,20230115,0,,1,0,
STU000320,UNI004,CMP007,Frontend Engineer,On-Campus,20221015,1,15.49,3,1,16.0
STU000321,UNI026,,,On-Campus,20230115,0,,0,0,
STU000322,UNI016,,,Job Portal,20230215,0,,2,0,
STU000323,UNI024,,,Recruitment Agency,20221215,0,,1,0,
STU000324,UNI012,CMP076,Cloud Engineer,Recruitment Agency,20230215,1,8.8,3,1,54.0
STU000325,UNI006,CMP060,Consultant,Direct Application,20230415,1,10.52,3,1,31.0
STU000326,UNI010,CMP059,Software Engineer,Recruitment Agency,20221115,1,17.04,5,1,66.0
STU000327,UNI018,CMP070,Frontend Engineer,Referral,20221015,1,27.21,1,1,89.0
STU000328,UNI015,,,Job Portal,20230415,0,,2,0,
STU000329,UNI024,CMP080,Product Analyst,On-Campus,20220915,1,13.74,5,1,46.0
STU000330,UNI001,CMP031,Cloud Engineer,Job Portal,20221115,1,8.99,2,1,27.0
STU000331,UNI010,,,Recruitment Agency,20220815,0,,2,0,
STU000332,UNI026,,,Direct Application,20221015,0,,1,0,
STU000333,UNI010,CMP074,Software Engineer,On-Campus,20230115,1,18.59,1,2,18.0
STU000334,UNI022,,,Job Portal,20230215,0,,2,0,
STU000335,UNI024,,,Direct Application,20221015,0,,0,0,
STU000336,UNI005,,,Direct Application,20230115,0,,2,0,
STU000337,UNI005,CMP055,Systems Engineer,Direct Application,20220815,1,34.66,4,3,83.0
STU000338,UNI015,CMP027,Software Engineer,Recruitment Agency,20230415,1,34.08,5,1,82.0
STU000339,UNI027,CMP026,Consultant,On-Campus,20230315,1,16.33,5,2,86.0
STU000340,UNI016,CMP036,Financial Analyst,Recruitment Agency,20220915,1,22.01,5,1,26.0
STU000341,UNI017,,,On-Campus,20220915,0,,0,0,
STU000342,UNI023,,,Job Portal,20221115,0,,2,0,
STU000343,UNI004,CMP047,Backend Engineer,Job Portal,20221115,1,17.98,5,1,10.0
STU000344,UNI026,,,Recruitment Agency,20230215,0,,2,0,
STU000345,UNI029,CMP069,Cloud Engineer,Recruitment Agency,20221115,1,15.59,1,1,49.0
STU000346,UNI008,CMP007,Product Analyst,Recruitment Agency,20230315,1,27.35,1,2,24.0
STU000347,UNI026,CMP049,Cloud Engineer,Job Portal,20230415,1,56.43,1,1,34.0
STU000348,UNI013,CMP028,Backend Engineer,Referral,20230215,1,24.63,4,1,53.0
STU000349,UNI014,CMP066,Operations Associate,Referral,20221215,1,13.41,3,1,82.0
STU000350,UNI016,CMP044,Systems Engineer,Job Portal,20230115,1,14.5,4,1,50.0
STU000351,UNI013,,,Recruitment Agency,20230415,0,,1,0,
STU000352,UNI030,CMP002,Cloud Engineer,Direct Application,20230315,1,20.25,1,2,25.0
STU000353,UNI013,CMP047,Frontend Engineer,Job Portal,20221115,1,18.83,5,1,54.0
STU000354,UNI028,CMP015,Design Engineer,Recruitment Agency,20230315,1,12.58,1,1,36.0
STU000355,UNI021,CMP052,Data Scientist,Direct Application,20220915,1,35.31,3,1,13.0
STU000356,UNI025,CMP065,Product Analyst,Recruitment Agency,20230115,1,7.96,5,1,42.0
STU000357,UNI008,CMP024,Consultant,Job Portal,20230215,1,19.62,2,2,16.0
STU000358,UNI021,CMP056,Data Analyst,Referral,20230215,1,42.93,5,1,22.0
STU000359,UNI027,CMP064,Backend Engineer,Job Portal,20220915,1,16.15,3,1,17.0
STU000360,UNI021,CMP016,ML Engineer,Recruitment Agency,20221015,1,29.95,2,1,63.0
STU000361,UNI005,CMP048,Financial Analyst,Referral,20221015,1,26.44,5,1,93.0
STU000362,UNI019,CMP013,Software Engineer,Referral,20230215,1,52.67,4,1,61.0
STU000363,UNI018,CMP017,Cloud Engineer,On-Campus,20221215,1,19.15,3,2,7.0
STU000364,UNI011,CMP080,ML Engineer,Referral,20221015,1,12.59,4,1,67.0
STU000365,UNI020,,,Recruitment Agency,20230215,0,,0,0,
STU000366,UNI002,,,Job Portal,20221215,0,,2,0,
STU000367,UNI015,CMP001,QA Engineer,Recruitment Agency,20220815,1,14.04,2,1,20.0
STU000368,UNI006,CMP079,QA Engineer,Referral,20230115,1,24.1,1,1,55.0
STU000369,UNI022,CMP074,Data Scientist,Recruitment Agency,20220915,1,20.59,3,1,93.0
STU000370,UNI019,,,Job Portal,20221115,0,,1,0,
STU000371,UNI011,CMP033,Software Engineer,Direct Application,20230315,1,17.81,4,1,9.0
STU000372,UNI027,,,Direct Application,20221115,0,,0,0,
STU000373,UNI013,,,Recruitment Agency,20230415,0,,0,0,
STU000374,UNI013,CMP036,Backend Engineer,Recruitment Agency,20230115,1,19.3,2,1,49.0
STU000375,UNI011,,,Direct Application,20221015,0,,0,0,
STU000376,UNI017,,,On-Campus,20230415,0,,2,0,
STU000377,UNI009,CMP043,Consultant,On-Campus,20220815,1,17.36,3,1,51.0
STU000378,UNI011,CMP060,Frontend Engineer,Direct Application,20230115,1,7.32,1,1,17.0
STU000379,UNI026,CMP014,Systems Engineer,Recruitment Agency,20230115,1,13.08,5,1,94.0
STU000380,UNI008,,,Recruitment Agency,20220815,0,,0,0,
STU000381,UNI003,CMP020,ML Engineer,Recruitment Agency,20230415,1,53.68,1,1,11.0
STU000382,UNI001,,,Referral,20221115,0,,1,0,
STU000383,UNI019,CMP073,Data Analyst,Referral,20220915,1,36.25,3,1,10.0
STU000384,UNI025,,,Direct Application,20221115,0,,0,0,
STU000385,UNI018,,,Recruitment Agency,20221015,0,,0,0,
STU000386,UNI015,CMP075,Systems Engineer,Job Portal,20221115,1,23.52,1,1,22.0
STU000387,UNI024,,,Recruitment Agency,20221215,0,,2,0,
STU000388,UNI023,CMP050,Cloud Engineer,Job Portal,20220815,1,10.23,2,1,44.0
STU000389,UNI030,,,Referral,20220815,0,,1,0,
STU000390,UNI023,CMP049,Data Analyst,On-Campus,20230415,1,20.74,4,1,65.0
STU000391,UNI009,CMP031,Backend Engineer,Recruitment Agency,20230315,1,10.48,4,1,75.0
STU000392,UNI028,CMP068,Frontend Engineer,Referral,20230315,1,22.6,5,2,59.0
STU000393,UNI018,CMP065,Systems Engineer,On-Campus,20220915,1,7.81,4,1,79.0
STU000394,UNI030,CMP042,Systems Engineer,Referral,20221015,1,16.05,2,1,73.0
STU000395,UNI007,CMP027,Software Engineer,Job Portal,20220915,1,28.1,5,2,88.0
STU000396,UNI028,CMP065,Financial Analyst,On-Campus,20230115,1,9.76,3,1,13.0
STU000397,UNI004,CMP059,Consultant,Job Portal,20221015,1,17.8,3,1,8.0
STU000398,UNI020,CMP026,QA Engineer,On-Campus,20220815,1,19.27,4,1,60.0
STU000399,UNI029,CMP080,Cloud Engineer,Referral,20230115,1,17.96,4,2,43.0
STU000400,UNI019,CMP078,Data Scientist,Referral,20230415,1,29.33,3,2,38.0
STU000401,UNI001,,,Job Portal,20230215,0,,0,0,
STU000402,UNI011,CMP020,Data Analyst,Direct Application,20221015,1,17.01,3,2,81.0
STU000403,UNI025,CMP001,Backend Engineer,Referral,20230215,1,17.07,5,1,12.0
STU000404,UNI010,,,On-Campus,20221015,0,,0,0,
STU000405,UNI008,,,Direct Application,20230415,0,,2,0,
STU000406,UNI005,CMP001,Backend Engineer,Recruitment Agency,20221215,1,18.99,5,1,59.0
STU000407,UNI010,CMP050,Business Analyst,Recruitment Agency,20230415,1,5.98,1,1,57.0
STU000408,UNI016,,,Job Portal,20220815,0,,0,0,
STU000409,UNI015,CMP051,Operations Associate,Job Portal,20221115,1,22.94,2,1,34.0
STU000410,UNI017,CMP025,Data Analyst,Recruitment Agency,20230115,1,15.75,1,1,69.0
STU000411,UNI015,,,Job Portal,20230315,0,,0,0,
STU000412,UNI024,CMP029,ML Engineer,On-Campus,20220915,1,10.36,3,1,8.0
STU000413,UNI009,,,On-Campus,20230215,0,,2,0,
STU000414,UNI030,CMP047,Data Scientist,Direct Application,20230415,1,41.35,5,1,74.0
STU000415,UNI004,CMP047,Operations Associate,Job Portal,20230315,1,12.14,5,2,75.0
STU000416,UNI002,CMP042,QA Engineer,Direct Application,20230215,1,6.81,5,2,75.0
STU000417,UNI027,,,Recruitment Agency,20220915,0,,2,0,
STU000418,UNI023,CMP020,Systems Engineer,Direct Application,20230215,1,13.79,4,1,89.0
STU000419,UNI029,CMP026,Financial Analyst,Referral,20230215,1,24.85,1,2,37.0
STU000420,UNI028,,,Job Portal,20230315,0,,2,0,
STU000421,UNI005,CMP030,Systems Engineer,Referral,20220815,1,31.55,1,2,73.0
STU000422,UNI025,,,On-Campus,20230115,0,,1,0,
STU000423,UNI020,,,Recruitment Agency,20230115,0,,2,0,
STU000424,UNI022,,,Direct Application,20221215,0,,2,0,
STU000425,UNI015,,,Recruitment Agency,20221015,0,,2,0,
STU000426,UNI015,CMP064,ML Engineer,On-Campus,20221215,1,32.21,5,1,48.0
STU000427,UNI003,,,Referral,20230215,0,,2,0,
STU000428,UNI027,CMP004,Financial Analyst,On-Campus,20221115,1,6.6,2,1,79.0
STU000429,UNI015,CMP014,Backend Engineer,On-Campus,20220815,1,16.46,3,1,76.0
STU000430,UNI022,CMP010,Design Engineer,Job Portal,20220915,1,6.68,3,2,68.0
STU000431,UNI005,CMP011,Systems Engineer,Recruitment Agency,20230215,1,13.26,3,2,47.0
STU000432,UNI022,,,Recruitment Agency,20230115,0,,2,0,
STU000433,UNI008,CMP020,Consultant,Direct Application,20220815,1,18.22,3,2,30.0
STU000434,UNI006,CMP004,Product Analyst,Recruitment Agency,20230315,1,8.4,5,1,50.0
STU000435,UNI005,,,Recruitment Agency,20221015,0,,1,0,
STU000436,UNI012,CMP013,Software Engineer,Job Portal,20230315,1,25.96,3,1,40.0
STU000437,UNI017,CMP008,ML Engineer,Recruitment Agency,20230415,1,30.14,3,1,61.0
STU000438,UNI020,CMP051,Consultant,Direct Application,20220915,1,32.91,4,4,84.0
STU000439,UNI004,CMP004,Business Analyst,Job Portal,20230415,1,8.8,1,1,79.0
STU000440,UNI013,,,Recruitment Agency,20221215,0,,1,0,
STU000441,UNI003,CMP030,Software Engineer,On-Campus,20230315,1,30.73,1,1,91.0
STU000442,UNI027,CMP003,Frontend Engineer,Referral,20230415,1,8.41,5,2,22.0
STU000443,UNI001,CMP003,Systems Engineer,Job Portal,20221215,1,6.47,1,1,40.0
STU000444,UNI005,,,Recruitment Agency,20221115,0,,0,0,
STU000445,UNI004,CMP006,Cloud Engineer,Job Portal,20221015,1,20.29,2,1,22.0
STU000446,UNI011,CMP023,Data Scientist,On-Campus,20220815,1,21.89,1,1,46.0
STU000447,UNI021,,,On-Campus,20230215,0,,0,0,
STU000448,UNI023,CMP017,Backend Engineer,On-Campus,20221115,1,21.36,3,2,63.0
STU000449,UNI019,CMP063,Business Analyst,Referral,20221115,1,28.29,5,1,41.0
STU000450,UNI025,,,On-Campus,20221015,0,,0,0,
STU000451,UNI026,CMP079,Business Analyst,On-Campus,20221115,1,33.56,5,1,19.0
STU000452,UNI026,CMP028,Systems Engineer,Direct Application,20221015,1,33.87,1,1,82.0
STU000453,UNI015,CMP036,ML Engineer,Direct Application,20221215,1,37.39,1,2,44.0
STU000454,UNI002,CMP014,QA Engineer,Recruitment Agency,20230415,1,6.78,2,1,79.0
STU000455,UNI004,,,Job Portal,20230215,0,,1,0,
STU000456,UNI012,CMP050,Consultant,On-Campus,20220815,1,7.16,1,1,47.0
STU000457,UNI003,,,Direct Application,20221215,0,,2,0,
STU000458,UNI028,CMP062,Data Scientist,On-Campus,20230315,1,11.41,5,1,13.0
STU000459,UNI021,CMP012,Systems Engineer,Referral,20230315,1,13.57,3,1,71.0
STU000460,UNI026,CMP037,Business Analyst,Recruitment Agency,20230115,1,12.04,5,1,56.0
STU000461,UNI011,CMP071,Financial Analyst,On-Campus,20230315,1,15.51,5,1,80.0
STU000462,UNI015,CMP019,Data Analyst,Direct Application,20230315,1,29.87,3,1,63.0
STU000463,UNI007,CMP035,Cloud Engineer,Job Portal,20230215,1,31.07,1,1,93.0
STU000464,UNI010,,,Job Portal,20220915,0,,2,0,
STU000465,UNI005,CMP037,Financial Analyst,On-Campus,20230215,1,12.81,2,1,88.0
STU000466,UNI005,,,On-Campus,20221115,0,,1,0,
STU000467,UNI024,CMP048,Business Analyst,On-Campus,20221215,1,22.09,1,2,72.0
STU000468,UNI015,CMP001,Systems Engineer,On-Campus,20220915,1,10.98,4,2,15.0
STU000469,UNI022,,,Referral,20221115,0,,0,0,
STU000470,UNI026,CMP010,Software Engineer,Direct Application,20230115,1,25.62,5,2,83.0
STU000471,UNI024,,,Direct Application,20221115,0,,0,0,
STU000472,UNI020,CMP030,Data Analyst,Direct Application,20220915,1,24.23,4,1,58.0
STU000473,UNI027,,,Recruitment Agency,20230115,0,,2,0,
STU000474,UNI028,CMP028,Frontend Engineer,Referral,20220815,1,17.65,3,1,46.0
STU000475,UNI016,CMP074,Systems Engineer,On-Campus,20220915,1,17.96,1,2,80.0
STU000476,UNI028,CMP037,Product Analyst,On-Campus,20220915,1,6.12,4,1,61.0
STU000477,UNI023,,,Referral,20230115,0,,0,0,
STU000478,UNI014,,,Recruitment Agency,20221015,0,,0,0,
STU000479,UNI011,CMP056,Business Analyst,Referral,20230215,1,15.78,1,1,41.0
STU000480,UNI017,,,On-Campus,20220815,0,,0,0,
STU000481,UNI017,,,On-Campus,20230215,0,,0,0,
STU000482,UNI010,CMP035,Financial Analyst,Direct Application,20220815,1,18.94,4,1,66.0
STU000483,UNI019,CMP064,Software Engineer,Direct Application,20221015,1,30.85,1,1,13.0
STU000484,UNI009,CMP042,Operations Associate,Direct Application,20221015,1,7.37,5,2,81.0
STU000485,UNI029,CMP026,Financial Analyst,Recruitment Agency,20221015,1,18.64,1,1,85.0
STU000486,UNI015,CMP039,Consultant,Direct Application,20221215,1,17.94,3,1,17.0
STU000487,UNI015,CMP040,Business Analyst,Job Portal,20230415,1,20.97,1,2,62.0
STU000488,UNI002,CMP031,ML Engineer,Direct Application,20220815,1,10.5,1,1,57.0
STU000489,UNI020,CMP074,Consultant,Job Portal,20220815,1,27.71,4,1,91.0
STU000490,UNI003,CMP003,Cloud Engineer,On-Campus,20230215,1,22.99,5,1,30.0
STU000491,UNI018,,,On-Campus,20230315,0,,0,0,
STU000492,UNI012,CMP005,Consultant,On-Campus,20221215,1,18.45,2,1,14.0
STU000493,UNI016,CMP053,Consultant,Referral,20221115,1,9.63,4,1,49.0
STU000494,UNI013,,,Referral,20230215,0,,2,0,
STU000495,UNI013,,,Recruitment Agency,20221115,0,,0,0,
STU000496,UNI024,CMP003,Cloud Engineer,On-Campus,20221215,1,15.75,1,1,29.0
STU000497,UNI024,,,Referral,20230115,0,,2,0,
STU000498,UNI022,CMP047,Data Analyst,Recruitment Agency,20220815,1,17.59,5,1,77.0
STU000499,UNI008,CMP038,Product Analyst,Direct Application,20230415,1,10.16,2,1,35.0
STU000500,UNI014,CMP078,Software Engineer,Direct Application,20221015,1,13.44,4,1,73.0
STU000501,UNI007,CMP063,Product Analyst,Direct Application,20230115,1,15.33,4,1,27.0
STU000502,UNI019,CMP057,Consultant,Direct Application,20221115,1,39.87,4,2,11.0
STU000503,UNI030,,,Recruitment Agency,20230115,0,,2,0,
STU000504,UNI017,CMP062,Cloud Engineer,Job Portal,20221215,1,10.73,4,1,30.0
STU000505,UNI009,,,Job Portal,20221115,0,,1,0,
STU000506,UNI021,,,Job Portal,20230415,0,,1,0,
STU000507,UNI022,,,Direct Application,20220815,0,,2,0,
STU000508,UNI019,CMP065,Software Engineer,Direct Application,20221015,1,18.3,1,1,75.0
STU000509,UNI024,,,Job Portal,20230215,0,,1,0,
STU000510,UNI018,CMP044,Backend Engineer,On-Campus,20220815,1,30.47,5,3,88.0
STU000511,UNI015,CMP049,Data Analyst,Recruitment Agency,20230115,1,26.85,2,3,42.0
STU000512,UNI003,CMP079,Design Engineer,Referral,20221015,1,36.52,2,2,45.0
STU000513,UNI006,,,On-Campus,20221215,0,,2,0,
STU000514,UNI011,,,Recruitment Agency,20221115,0,,1,0,
STU000515,UNI025,,,Direct Application,20230315,0,,0,0,
STU000516,UNI029,CMP046,Consultant,Recruitment Agency,20230215,1,23.25,5,1,29.0
STU000517,UNI025,CMP012,Operations Associate,On-Campus,20221115,1,14.24,2,1,64.0
STU000518,UNI023,CMP037,QA Engineer,On-Campus,20230315,1,6.75,2,1,69.0
STU000519,UNI025,,,Job Portal,20220915,0,,1,0,
STU000520,UNI011,,,On-Campus,20230215,0,,2,0,
STU000521,UNI025,CMP014,Consultant,On-Campus,20220915,1,12.73,4,1,22.0
STU000522,UNI016,,,On-Campus,20220815,0,,2,0,
STU000523,UNI028,CMP080,Data Analyst,Referral,20221115,1,12.91,2,2,61.0
STU000524,UNI004,,,Referral,20221115,0,,2,0,
STU000525,UNI019,CMP063,Design Engineer,Job Portal,20230415,1,20.11,2,1,25.0
STU000526,UNI014,CMP016,Cloud Engineer,Job Portal,20230315,1,26.09,5,1,49.0
STU000527,UNI012,,,Recruitment Agency,20230315,0,,0,0,
STU000528,UNI027,,,Job Portal,20221215,0,,2,0,
STU000529,UNI017,,,Referral,20220815,0,,2,0,
STU000530,UNI017,CMP022,QA Engineer,Referral,20230115,1,25.06,5,1,48.0
STU000531,UNI023,,,On-Campus,20230415,0,,2,0,
STU000532,UNI004,,,On-Campus,20230315,0,,1,0,
STU000533,UNI030,,,Referral,20221215,0,,2,0,
STU000534,UNI015,CMP045,Data Scientist,Recruitment Agency,20220915,1,53.91,3,2,65.0
STU000535,UNI010,,,Direct Application,20230215,0,,1,0,
STU000536,UNI013,CMP075,Operations Associate,Job Portal,20221115,1,13.91,4,1,62.0
STU000537,UNI027,CMP007,Software Engineer,Recruitment Agency,20221215,1,18.66,1,1,36.0
STU000538,UNI020,CMP067,Cloud Engineer,Job Portal,20220915,1,42.93,5,1,65.0
STU000539,UNI005,,,Job Portal,20221115,0,,0,0,
STU000540,UNI002,CMP017,Software Engineer,Job Portal,20220815,1,14.84,2,1,60.0
STU000541,UNI030,CMP002,Design Engineer,Recruitment Agency,20221215,1,12.97,3,3,17.0
STU000542,UNI027,,,On-Campus,20221015,0,,1,0,
STU000543,UNI006,,,Direct Application,20230315,0,,1,0,
STU000544,UNI005,,,On-Campus,20221115,0,,2,0,
STU000545,UNI023,CMP048,Product Analyst,Recruitment Agency,20230115,1,16.87,3,1,51.0
STU000546,UNI022,,,On-Campus,20230115,0,,1,0,
STU000547,UNI029,,,Referral,20230115,0,,1,0,
STU000548,UNI011,CMP073,Product Analyst,Job Portal,20221115,1,16.39,1,1,8.0
STU000549,UNI006,CMP058,Product Analyst,On-Campus,20230415,1,26.08,4,1,38.0
STU000550,UNI029,,,Recruitment Agency,20221215,0,,1,0,
STU000551,UNI022,CMP029,Software Engineer,Job Portal,20221215,1,7.19,4,1,16.0
STU000552,UNI023,,,Referral,20220815,0,,0,0,
STU000553,UNI007,CMP043,Data Scientist,Direct Application,20221215,1,20.88,4,1,26.0
STU000554,UNI020,,,Direct Application,20220815,0,,0,0,
STU000555,UNI004,,,Job Portal,20221115,0,,2,0,
STU000556,UNI004,,,Direct Application,20230115,0,,0,0,
STU000557,UNI022,CMP031,Software Engineer,Referral,20230415,1,12.14,1,2,78.0
STU000558,UNI007,,,Direct Application,20220815,0,,2,0,
STU000559,UNI002,CMP072,Business Analyst,Job Portal,20230315,1,10.27,2,2,72.0
STU000560,UNI014,CMP068,Product Analyst,On-Campus,20221115,1,15.63,3,2,39.0
STU000561,UNI003,CMP031,Design Engineer,Direct Application,20221115,1,10.85,2,1,74.0
STU000562,UNI007,CMP056,Design Engineer,Recruitment Agency,20221115,1,23.88,1,2,77.0
STU000563,UNI029,,,Job Portal,20230415,0,,1,0,
STU000564,UNI030,,,Recruitment Agency,20230315,0,,1,0,
STU000565,UNI012,,,Direct Application,20221015,0,,0,0,
STU000566,UNI010,,,On-Campus,20221215,0,,0,0,
STU000567,UNI013,CMP063,Systems Engineer,Job Portal,20221115,1,17.42,3,1,45.0
STU000568,UNI013,CMP022,Operations Associate,Direct Application,20221115,1,15.5,3,1,71.0
STU000569,UNI001,,,On-Campus,20220915,0,,2,0,
STU000570,UNI021,CMP073,Consultant,Job Portal,20220915,1,20.49,4,2,31.0
STU000571,UNI015,CMP008,Cloud Engineer,On-Campus,20221015,1,34.5,3,2,69.0
STU000572,UNI003,,,Referral,20221115,0,,2,0,
STU000573,UNI026,,,Direct Application,20220915,0,,0,0,
STU000574,UNI023,CMP056,Product Analyst,Direct Application,20220915,1,24.47,2,1,76.0
STU000575,UNI004,,,Job Portal,20221115,0,,1,0,
STU000576,UNI011,,,Direct Application,20221015,0,,1,0,
STU000577,UNI007,,,Recruitment Agency,20221115,0,,0,0,
STU000578,UNI013,CMP071,Business Analyst,Recruitment Agency,20230415,1,15.05,3,1,25.0
STU000579,UNI002,,,Job Portal,20221015,0,,0,0,
STU000580,UNI009,CMP060,Cloud Engineer,Direct Application,20220815,1,15.62,5,1,29.0
STU000581,UNI026,,,Job Portal,20220915,0,,0,0,
STU000582,UNI014,CMP057,Product Analyst,Referral,20221015,1,28.05,1,1,13.0
STU000583,UNI023,,,Recruitment Agency,20230415,0,,1,0,
STU000584,UNI006,CMP035,Operations Associate,Direct Application,20230415,1,17.48,5,2,13.0
STU000585,UNI026,CMP063,Backend Engineer,Referral,20230215,1,33.79,1,2,71.0
STU000586,UNI028,CMP049,QA Engineer,Recruitment Agency,20230115,1,15.47,4,1,19.0
STU000587,UNI025,CMP058,Software Engineer,Referral,20230115,1,28.22,4,1,67.0
STU000588,UNI012,,,Recruitment Agency,20220915,0,,2,0,
STU000589,UNI020,CMP028,Frontend Engineer,Referral,20230315,1,43.64,3,1,77.0
STU000590,UNI024,,,On-Campus,20230115,0,,0,0,
STU000591,UNI021,,,On-Campus,20230215,0,,1,0,
STU000592,UNI006,,,Recruitment Agency,20221215,0,,0,0,
STU000593,UNI029,CMP070,Cloud Engineer,Job Portal,20230215,1,27.6,3,2,88.0
STU000594,UNI024,,,Recruitment Agency,20230415,0,,2,0,
STU000595,UNI023,,,Direct Application,20220815,0,,1,0,
STU000596,UNI005,CMP011,Data Analyst,Job Portal,20230315,1,15.17,3,1,93.0
STU000597,UNI020,,,Recruitment Agency,20230115,0,,2,0,
STU000598,UNI029,,,Recruitment Agency,20220815,0,,1,0,
STU000599,UNI002,CMP037,Cloud Engineer,Referral,20230415,1,8.4,4,1,38.0
STU000600,UNI019,CMP064,ML Engineer,Direct Application,20220915,1,31.18,2,1,89.0
STU000601,UNI029,,,Direct Application,20221115,0,,0,0,
STU000602,UNI025,CMP014,Data Scientist,On-Campus,20220815,1,12.57,2,1,19.0
STU000603,UNI025,,,On-Campus,20221015,0,,2,0,
STU000604,UNI008,CMP025,Data Analyst,Recruitment Agency,20221115,1,21.78,2,1,23.0
STU000605,UNI017,CMP077,Cloud Engineer,Recruitment Agency,20221215,1,29.58,3,2,62.0
STU000606,UNI028,CMP002,Frontend Engineer,Direct Application,20221015,1,7.05,1,1,92.0
STU000607,UNI023,CMP065,Design Engineer,Recruitment Agency,20230315,1,7.82,1,1,21.0
STU000608,UNI001,,,Recruitment Agency,20230415,0,,0,0,
STU000609,UNI004,,,Direct Application,20220915,0,,2,0,
STU000610,UNI009,CMP032,Backend Engineer,Direct Application,20221215,1,20.99,4,1,28.0
STU000611,UNI020,CMP047,Design Engineer,Recruitment Agency,20230315,1,39.35,5,2,65.0
STU000612,UNI012,CMP032,Backend Engineer,Job Portal,20221115,1,29.95,4,1,7.0
STU000613,UNI014,CMP032,Design Engineer,Job Portal,20220915,1,18.81,4,1,39.0
STU000614,UNI004,CMP029,Operations Associate,On-Campus,20221015,1,7.7,5,1,75.0
STU000615,UNI029,CMP008,Financial Analyst,Recruitment Agency,20230315,1,28.96,1,1,25.0
STU000616,UNI017,CMP001,Software Engineer,Referral,20230115,1,11.9,5,1,43.0
STU000617,UNI027,,,Job Portal,20221115,0,,2,0,
STU000618,UNI004,CMP021,Financial Analyst,Job Portal,20221215,1,9.92,3,1,80.0
STU000619,UNI010,,,Job Portal,20221115,0,,0,0,
STU000620,UNI014,,,Recruitment Agency,20221215,0,,2,0,
STU000621,UNI024,CMP024,Systems Engineer,Recruitment Agency,20230415,1,17.08,5,2,12.0
STU000622,UNI003,,,On-Campus,20221115,0,,1,0,
STU000623,UNI008,,,Job Portal,20230315,0,,1,0,
STU000624,UNI024,CMP038,Business Analyst,Recruitment Agency,20230215,1,10.34,5,1,30.0
STU000625,UNI030,,,Job Portal,20230115,0,,1,0,
STU000626,UNI020,CMP061,ML Engineer,On-Campus,20221115,1,32.64,3,2,12.0
STU000627,UNI009,,,Direct Application,20230215,0,,2,0,
STU000628,UNI016,CMP001,Operations Associate,Referral,20220915,1,8.01,4,1,37.0
STU000629,UNI009,CMP024,Design Engineer,Referral,20221015,1,25.91,2,2,38.0
STU000630,UNI005,CMP073,Frontend Engineer,Recruitment Agency,20221015,1,35.06,5,1,92.0
STU000631,UNI030,,,Referral,20221115,0,,1,0,
STU000632,UNI011,,,Recruitment Agency,20221215,0,,0,0,
STU000633,UNI028,CMP054,Operations Associate,On-Campus,20221015,1,10.35,3,1,66.0
STU000634,UNI001,CMP043,QA Engineer,On-Campus,20221115,1,16.25,2,1,26.0
STU000635,UNI003,CMP017,Data Scientist,On-Campus,20221115,1,39.08,5,1,29.0
STU000636,UNI005,CMP067,Frontend Engineer,Direct Application,20230115,1,36.39,4,2,79.0
STU000637,UNI026,CMP060,ML Engineer,Job Portal,20220815,1,24.15,3,1,25.0
STU000638,UNI010,CMP076,QA Engineer,Referral,20230115,1,9.17,5,1,94.0
STU000639,UNI011,,,Job Portal,20230215,0,,0,0,
STU000640,UNI003,CMP066,Cloud Engineer,Job Portal,20230215,1,25.35,4,2,21.0
STU000641,UNI001,,,Recruitment Agency,20220815,0,,0,0,
STU000642,UNI005,CMP028,Product Analyst,Referral,20221215,1,27.08,3,1,41.0
STU000643,UNI024,CMP037,QA Engineer,Job Portal,20220815,1,6.59,3,1,90.0
STU000644,UNI011,,,Direct Application,20230215,0,,2,0,
STU000645,UNI011,CMP059,Business Analyst,Recruitment Agency,20220915,1,16.34,4,2,84.0
STU000646,UNI008,CMP013,Financial Analyst,Direct Application,20230115,1,16.51,2,1,50.0
STU000647,UNI023,,,Referral,20230315,0,,1,0,
STU000648,UNI005,CMP069,QA Engineer,Referral,20230115,1,13.89,5,1,33.0
STU000649,UNI013,CMP003,Cloud Engineer,Referral,20230315,1,10.91,5,2,52.0
STU000650,UNI026,,,On-Campus,20221115,0,,2,0,
STU000651,UNI027,,,Recruitment Agency,20230415,0,,1,0,
STU000652,UNI003,,,Referral,20230215,0,,0,0,
STU000653,UNI006,CMP062,Cloud Engineer,On-Campus,20230115,1,9.42,5,1,33.0
STU000654,UNI027,,,Recruitment Agency,20221115,0,,0,0,
STU000655,UNI003,,,Job Portal,20230115,0,,0,0,
STU000656,UNI001,,,On-Campus,20230215,0,,0,0,
STU000657,UNI029,,,Recruitment Agency,20230315,0,,2,0,
STU000658,UNI016,CMP020,Consultant,Recruitment Agency,20230115,1,22.74,5,2,42.0
STU000659,UNI003,CMP063,Business Analyst,Referral,20221215,1,33.14,2,1,61.0
STU000660,UNI015,CMP043,Design Engineer,Direct Application,20230115,1,30.36,5,1,30.0
STU000661,UNI023,CMP024,Software Engineer,Recruitment Agency,20221015,1,18.53,3,1,28.0
STU000662,UNI030,CMP074,Cloud Engineer,Recruitment Agency,20230215,1,45.51,1,1,87.0
STU000663,UNI022,,,Recruitment Agency,20230415,0,,2,0,
STU000664,UNI016,CMP030,Software Engineer,Direct Application,20230315,1,13.69,1,2,50.0
STU000665,UNI015,CMP036,QA Engineer,On-Campus,20230215,1,28.32,2,3,94.0
STU000666,UNI019,CMP051,Backend Engineer,Referral,20230215,1,35.8,2,2,84.0
STU000667,UNI011,CMP038,Data Analyst,Recruitment Agency,20230115,1,6.36,3,2,31.0
STU000668,UNI026,,,Job Portal,20230315,0,,1,0,
STU000669,UNI015,CMP052,Data Analyst,Referral,20230115,1,30.79,2,2,88.0
STU000670,UNI011,CMP022,Consultant,Job Portal,20221215,1,20.39,1,1,41.0
STU000671,UNI006,,,Direct Application,20230415,0,,2,0,
STU000672,UNI011,CMP038,Software Engineer,Job Portal,20230315,1,8.97,2,1,91.0
STU000673,UNI024,CMP017,Financial Analyst,Recruitment Agency,20221015,1,16.8,1,1,16.0
STU000674,UNI015,CMP055,Consultant,Recruitment Agency,20220815,1,37.07,1,1,37.0
STU000675,UNI012,CMP019,Data Analyst,Job Portal,20221015,1,17.31,5,1,60.0
STU000676,UNI013,CMP073,Design Engineer,On-Campus,20221115,1,12.22,1,1,93.0
STU000677,UNI015,CMP021,Systems Engineer,Recruitment Agency,20230115,1,13.88,3,1,91.0
STU000678,UNI023,CMP060,Software Engineer,Referral,20221015,1,10.0,1,1,93.0
STU000679,UNI027,,,Referral,20230315,0,,2,0,
STU000680,UNI008,CMP029,Data Analyst,On-Campus,20221115,1,10.51,1,1,59.0
STU000681,UNI015,,,Referral,20230415,0,,2,0,
STU000682,UNI010,,,Referral,20221115,0,,1,0,
STU000683,UNI004,,,Referral,20221215,0,,0,0,
STU000684,UNI027,,,Recruitment Agency,20230115,0,,0,0,
STU000685,UNI002,CMP016,Backend Engineer,Job Portal,20221215,1,20.45,5,1,53.0
STU000686,UNI012,CMP020,QA Engineer,On-Campus,20220815,1,15.8,4,1,56.0
STU000687,UNI004,,,Job Portal,20220915,0,,0,0,
STU000688,UNI004,,,Referral,20230415,0,,0,0,
STU000689,UNI016,,,Recruitment Agency,20220915,0,,2,0,
STU000690,UNI013,,,Job Portal,20221115,0,,0,0,
STU000691,UNI022,,,Job Portal,20221115,0,,1,0,
STU000692,UNI021,CMP006,Cloud Engineer,Recruitment Agency,20230315,1,28.67,3,1,78.0
STU000693,UNI029,CMP069,Data Analyst,On-Campus,20230215,1,10.34,5,1,72.0
STU000694,UNI016,,,Direct Application,20221015,0,,1,0,
STU000695,UNI004,,,Recruitment Agency,20220915,0,,1,0,
STU000696,UNI020,CMP057,Operations Associate,Job Portal,20221115,1,28.55,3,2,92.0
STU000697,UNI002,CMP036,Data Analyst,On-Campus,20221015,1,19.76,5,1,31.0
STU000698,UNI017,CMP039,Systems Engineer,On-Campus,20230415,1,12.75,2,1,60.0
STU000699,UNI025,,,On-Campus,20220915,0,,1,0,
STU000700,UNI027,,,Referral,20221015,0,,2,0,
STU000701,UNI017,,,Recruitment Agency,20220815,0,,2,0,
STU000702,UNI017,,,Recruitment Agency,20220915,0,,1,0,
STU000703,UNI019,CMP076,Frontend Engineer,Referral,20221115,1,18.42,2,2,25.0
STU000704,UNI028,,,Recruitment Agency,20221015,0,,1,0,
STU000705,UNI005,CMP011,QA Engineer,Direct Application,20230415,1,10.62,2,1,54.0
STU000706,UNI001,CMP057,Data Analyst,Direct Application,20221015,1,17.46,1,1,31.0
STU000707,UNI009,,,Recruitment Agency,20220815,0,,0,0,
STU000708,UNI020,,,On-Campus,20220915,0,,0,0,
STU000709,UNI017,CMP051,Financial Analyst,Recruitment Agency,20220815,1,26.77,4,1,19.0
STU000710,UNI005,,,On-Campus,20230415,0,,2,0,
STU000711,UNI011,CMP009,Operations Associate,Direct Application,20220915,1,16.81,4,1,73.0
STU000712,UNI006,,,Job Portal,20221215,0,,0,0,
STU000713,UNI011,CMP056,Backend Engineer,Referral,20220815,1,18.05,3,2,89.0
STU000714,UNI007,CMP027,Financial Analyst,Recruitment Agency,20230415,1,25.63,1,2,85.0
STU000715,UNI026,,,Job Portal,20230415,0,,2,0,
STU000716,UNI010,,,Recruitment Agency,20221215,0,,1,0,
STU000717,UNI020,,,Recruitment Agency,20230415,0,,2,0,
STU000718,UNI012,CMP045,Backend Engineer,Job Portal,20230415,1,19.68,3,2,60.0
STU000719,UNI005,CMP015,Business Analyst,On-Campus,20220815,1,28.04,2,1,12.0
STU000720,UNI019,,,Direct Application,20230215,0,,2,0,
STU000721,UNI013,,,Direct Application,20221015,0,,0,0,
STU000722,UNI020,CMP049,Operations Associate,Direct Application,20221015,1,27.06,4,1,58.0
STU000723,UNI020,CMP052,Cloud Engineer,On-Campus,20230415,1,38.27,5,1,8.0
STU000724,UNI027,,,Job Portal,20221215,0,,0,0,
STU000725,UNI001,,,Referral,20221115,0,,0,0,
STU000726,UNI027,CMP053,QA Engineer,Recruitment Agency,20221015,1,6.8,3,1,25.0
STU000727,UNI018,CMP016,Data Analyst,Referral,20221215,1,29.19,2,1,26.0
STU000728,UNI006,CMP055,Financial Analyst,Referral,20230215,1,43.7,1,2,68.0
STU000729,UNI014,,,Direct Application,20221215,0,,0,0,
STU000730,UNI007,,,Job Portal,20220915,0,,1,0,
STU000731,UNI029,,,Job Portal,20220915,0,,1,0,
STU000732,UNI012,CMP043,Backend Engineer,Recruitment Agency,20221115,1,16.51,4,1,34.0
STU000733,UNI024,CMP013,QA Engineer,Referral,20230115,1,27.55,5,1,59.0
STU000734,UNI026,CMP054,Operations Associate,On-Campus,20230115,1,22.6,3,1,37.0
STU000735,UNI007,CMP067,QA Engineer,On-Campus,20221215,1,17.63,1,1,32.0
STU000736,UNI013,CMP013,Design Engineer,Job Portal,20230115,1,18.84,4,1,28.0
STU000737,UNI027,CMP048,Cloud Engineer,Referral,20230215,1,25.7,3,1,92.0
STU000738,UNI001,CMP006,Business Analyst,Recruitment Agency,20221215,1,12.22,2,1,56.0
STU000739,UNI001,,,Direct Application,20230215,0,,1,0,
STU000740,UNI011,CMP056,Software Engineer,On-Campus,20220815,1,19.59,5,1,41.0
STU000741,UNI009,CMP014,ML Engineer,Direct Application,20221215,1,12.23,3,1,39.0
STU000742,UNI012,CMP028,Design Engineer,On-Campus,20221215,1,16.99,1,2,7.0
STU000743,UNI004,,,Job Portal,20230115,0,,2,0,
STU000744,UNI004,CMP017,Product Analyst,Recruitment Agency,20221215,1,18.76,4,2,50.0
STU000745,UNI001,CMP061,Cloud Engineer,Job Portal,20220915,1,13.04,5,2,30.0
STU000746,UNI029,CMP056,Cloud Engineer,Job Portal,20221015,1,20.0,3,1,12.0
STU000747,UNI029,,,Recruitment Agency,20220915,0,,2,0,
STU000748,UNI004,CMP032,Data Analyst,Recruitment Agency,20220815,1,17.47,5,3,37.0
STU000749,UNI012,CMP024,Business Analyst,On-Campus,20221115,1,12.53,2,1,17.0
STU000750,UNI029,,,Job Portal,20221215,0,,0,0,
STU000751,UNI007,CMP071,Frontend Engineer,Direct Application,20220815,1,17.36,3,2,20.0
STU000752,UNI011,CMP001,Consultant,Job Portal,20221015,1,7.14,2,2,42.0
STU000753,UNI016,CMP059,Product Analyst,Referral,20221215,1,21.43,4,1,14.0
STU000754,UNI021,CMP038,Cloud Engineer,Referral,20220915,1,13.18,5,2,74.0
STU000755,UNI007,CMP029,Cloud Engineer,Job Portal,20220815,1,11.72,1,1,68.0
STU000756,UNI016,,,On-Campus,20230215,0,,2,0,
STU000757,UNI014,,,Recruitment Agency,20221115,0,,1,0,
STU000758,UNI022,CMP024,ML Engineer,Recruitment Agency,20230415,1,23.18,5,1,41.0
STU000759,UNI025,,,Direct Application,20220915,0,,0,0,
STU000760,UNI003,CMP002,Data Analyst,Job Portal,20230315,1,12.12,2,2,45.0
STU000761,UNI006,,,Direct Application,20230415,0,,2,0,
STU000762,UNI014,CMP015,Data Scientist,On-Campus,20230415,1,28.27,4,1,82.0
STU000763,UNI013,,,Job Portal,20230115,0,,1,0,
STU000764,UNI019,,,On-Campus,20220815,0,,1,0,
STU000765,UNI030,,,Referral,20230415,0,,2,0,
STU000766,UNI016,CMP030,Frontend Engineer,Referral,20221215,1,31.17,2,2,70.0
STU000767,UNI014,CMP003,Consultant,On-Campus,20221115,1,13.52,2,1,73.0
STU000768,UNI015,,,Job Portal,20221215,0,,1,0,
STU000769,UNI003,CMP002,Consultant,Referral,20230315,1,12.75,5,1,52.0
STU000770,UNI017,CMP051,QA Engineer,Recruitment Agency,20220815,1,24.59,3,1,45.0
STU000771,UNI006,CMP047,Software Engineer,Referral,20230415,1,22.87,4,1,51.0
STU000772,UNI023,CMP002,ML Engineer,On-Campus,20230415,1,11.29,4,1,76.0
STU000773,UNI013,CMP080,Data Analyst,Recruitment Agency,20221215,1,8.42,5,2,54.0
STU000774,UNI021,,,Direct Application,20221015,0,,2,0,
STU000775,UNI009,CMP078,Systems Engineer,Referral,20230415,1,10.98,4,1,29.0
STU000776,UNI024,CMP035,Cloud Engineer,Job Portal,20221215,1,27.78,5,1,30.0
STU000777,UNI027,CMP077,Financial Analyst,On-Campus,20221015,1,16.42,1,1,39.0
STU000778,UNI022,CMP002,Consultant,On-Campus,20221115,1,9.08,3,1,90.0
STU000779,UNI009,,,Referral,20230415,0,,2,0,
STU000780,UNI020,CMP078,ML Engineer,Direct Application,20221115,1,16.95,4,1,78.0
STU000781,UNI005,CMP043,Systems Engineer,Recruitment Agency,20221215,1,20.27,5,2,52.0
STU000782,UNI007,CMP022,Design Engineer,Direct Application,20220915,1,18.83,3,1,11.0
STU000783,UNI008,CMP012,Financial Analyst,Recruitment Agency,20221215,1,17.63,5,1,93.0
STU000784,UNI013,,,On-Campus,20220815,0,,1,0,
STU000785,UNI023,,,Job Portal,20221115,0,,2,0,
STU000786,UNI024,CMP015,Systems Engineer,Job Portal,20230115,1,15.27,5,1,22.0
STU000787,UNI021,,,Recruitment Agency,20220915,0,,0,0,
STU000788,UNI020,,,Direct Application,20221215,0,,1,0,
STU000789,UNI026,,,Recruitment Agency,20221015,0,,0,0,
STU000790,UNI001,CMP056,Frontend Engineer,Recruitment Agency,20230315,1,20.47,5,1,9.0
STU000791,UNI004,,,On-Campus,20220915,0,,1,0,
STU000792,UNI004,,,Recruitment Agency,20230315,0,,2,0,
STU000793,UNI029,,,Job Portal,20230115,0,,1,0,
STU000794,UNI002,,,Referral,20220915,0,,2,0,
STU000795,UNI001,,,Recruitment Agency,20220915,0,,2,0,
STU000796,UNI017,,,Job Portal,20221215,0,,2,0,
STU000797,UNI009,CMP072,Frontend Engineer,On-Campus,20220915,1,9.89,5,1,57.0
STU000798,UNI002,,,Referral,20221115,0,,1,0,
STU000799,UNI012,CMP026,QA Engineer,Direct Application,20230215,1,16.78,3,3,92.0
STU000800,UNI021,,,Job Portal,20221015,0,,0,0,
STU000801,UNI024,,,Recruitment Agency,20220915,0,,0,0,
STU000802,UNI015,,,Job Portal,20221015,0,,0,0,
STU000803,UNI005,CMP030,Consultant,Direct Application,20221215,1,28.46,1,2,9.0
STU000804,UNI009,,,Job Portal,20230115,0,,1,0,
STU000805,UNI004,CMP015,Frontend Engineer,Recruitment Agency,20221115,1,18.79,3,1,19.0
STU000806,UNI010,,,On-Campus,20230215,0,,0,0,
STU000807,UNI024,CMP062,Cloud Engineer,Recruitment Agency,20230415,1,11.76,3,1,28.0
STU000808,UNI019,CMP033,Consultant,Job Portal,20230215,1,26.54,2,1,61.0
STU000809,UNI030,,,On-Campus,20230315,0,,2,0,
STU000810,UNI024,CMP058,Data Scientist,Recruitment Agency,20230315,1,39.36,2,1,34.0
STU000811,UNI023,CMP018,Software Engineer,Recruitment Agency,20221115,1,18.53,4,1,88.0
STU000812,UNI028,,,On-Campus,20220815,0,,0,0,
STU000813,UNI022,CMP012,Data Analyst,Recruitment Agency,20230415,1,22.0,4,1,21.0
STU000814,UNI028,,,Job Portal,20230415,0,,1,0,
STU000815,UNI025,,,Recruitment Agency,20221115,0,,2,0,
STU000816,UNI030,,,Referral,20220915,0,,0,0,
STU000817,UNI021,CMP045,Data Analyst,Job Portal,20220815,1,17.85,1,1,36.0
STU000818,UNI027,,,On-Campus,20221015,0,,0,0,
STU000819,UNI012,,,Job Portal,20220915,0,,1,0,
STU000820,UNI011,,,Job Portal,20220815,0,,2,0,
STU000821,UNI023,,,On-Campus,20230315,0,,2,0,
STU000822,UNI021,CMP055,Consultant,Referral,20230315,1,33.31,5,1,79.0
STU000823,UNI011,,,Direct Application,20221015,0,,2,0,
STU000824,UNI012,,,Job Portal,20220815,0,,0,0,
STU000825,UNI028,CMP030,Data Analyst,Direct Application,20220815,1,16.83,1,1,27.0
STU000826,UNI017,CMP078,Business Analyst,Referral,20230215,1,11.76,5,1,52.0
STU000827,UNI001,CMP080,Frontend Engineer,Recruitment Agency,20230315,1,10.02,4,2,66.0
STU000828,UNI016,,,Job Portal,20220915,0,,0,0,
STU000829,UNI005,CMP061,Business Analyst,On-Campus,20221115,1,16.29,4,2,35.0
STU000830,UNI021,CMP064,Design Engineer,On-Campus,20230415,1,19.5,2,3,49.0
STU000831,UNI002,,,Referral,20221215,0,,0,0,
STU000832,UNI022,CMP017,Software Engineer,On-Campus,20230315,1,17.57,1,1,70.0
STU000833,UNI010,,,Direct Application,20221115,0,,2,0,
STU000834,UNI020,CMP057,Data Analyst,Recruitment Agency,20230315,1,36.27,3,1,26.0
STU000835,UNI018,,,Job Portal,20220815,0,,0,0,
STU000836,UNI008,CMP010,Business Analyst,On-Campus,20221115,1,6.58,5,1,75.0
STU000837,UNI022,CMP062,Product Analyst,On-Campus,20230315,1,8.63,5,1,70.0
STU000838,UNI007,,,Recruitment Agency,20220915,0,,1,0,
STU000839,UNI028,,,Recruitment Agency,20230415,0,,2,0,
STU000840,UNI005,,,Referral,20221015,0,,0,0,
STU000841,UNI024,CMP045,Systems Engineer,Job Portal,20230215,1,15.05,4,1,35.0
STU000842,UNI005,CMP070,Data Scientist,Recruitment Agency,20220915,1,50.79,1,1,18.0
STU000843,UNI007,,,Direct Application,20221215,0,,2,0,
STU000844,UNI027,,,Recruitment Agency,20220915,0,,2,0,
STU000845,UNI008,CMP045,Business Analyst,Referral,20230415,1,26.74,5,1,28.0
STU000846,UNI020,,,Referral,20221215,0,,0,0,
STU000847,UNI013,CMP046,Software Engineer,Recruitment Agency,20221115,1,21.93,2,1,11.0
STU000848,UNI010,,,On-Campus,20220815,0,,0,0,
STU000849,UNI002,,,Recruitment Agency,20220915,0,,0,0,
STU000850,UNI007,CMP074,Product Analyst,On-Campus,20230215,1,19.52,2,1,91.0
STU000851,UNI026,CMP016,Business Analyst,On-Campus,20221215,1,27.85,3,1,32.0
STU000852,UNI023,,,Job Portal,20221015,0,,2,0,
STU000853,UNI014,CMP034,Business Analyst,Direct Application,20230415,1,28.17,1,1,90.0
STU000854,UNI008,CMP053,Operations Associate,Recruitment Agency,20221215,1,6.37,4,1,85.0
STU000855,UNI019,CMP020,Data Scientist,On-Campus,20221115,1,41.35,2,2,80.0
STU000856,UNI019,CMP006,Operations Associate,Referral,20220815,1,38.65,1,1,74.0
STU000857,UNI011,CMP031,Software Engineer,Direct Application,20220815,1,9.14,1,3,7.0
STU000858,UNI023,CMP002,Product Analyst,On-Campus,20230415,1,7.82,3,1,7.0
STU000859,UNI027,CMP055,ML Engineer,Direct Application,20230115,1,30.4,5,2,52.0
STU000860,UNI027,CMP064,Systems Engineer,Job Portal,20230115,1,12.93,1,2,64.0
STU000861,UNI002,CMP021,Financial Analyst,Recruitment Agency,20230115,1,11.15,1,1,33.0
STU000862,UNI029,CMP056,Business Analyst,On-Campus,20221115,1,17.46,3,2,80.0
STU000863,UNI003,CMP070,ML Engineer,Referral,20221215,1,48.33,5,2,86.0
STU000864,UNI009,CMP021,Design Engineer,Referral,20230415,1,10.56,5,1,75.0
STU000865,UNI003,,,Direct Application,20221015,0,,1,0,
STU000866,UNI011,CMP030,Systems Engineer,Job Portal,20220915,1,11.44,4,2,51.0
STU000867,UNI003,CMP033,QA Engineer,Referral,20230115,1,33.72,3,1,41.0
STU000868,UNI030,CMP057,Financial Analyst,Recruitment Agency,20230315,1,35.02,5,2,39.0
STU000869,UNI029,CMP022,Data Scientist,Job Portal,20221115,1,31.13,5,1,53.0
STU000870,UNI013,CMP059,Business Analyst,Recruitment Agency,20220915,1,9.66,3,1,93.0
STU000871,UNI003,,,Job Portal,20230215,0,,0,0,
STU000872,UNI003,CMP039,Systems Engineer,Recruitment Agency,20220815,1,12.91,1,4,84.0
STU000873,UNI011,,,Job Portal,20221015,0,,2,0,
STU000874,UNI009,CMP034,Systems Engineer,On-Campus,20220915,1,23.68,4,1,21.0
STU000875,UNI029,CMP036,ML Engineer,Recruitment Agency,20221015,1,39.14,4,1,44.0
STU000876,UNI020,CMP077,Financial Analyst,On-Campus,20220915,1,37.93,1,1,79.0
STU000877,UNI022,CMP068,Consultant,Recruitment Agency,20230315,1,18.31,5,1,46.0
STU000878,UNI002,CMP054,Frontend Engineer,On-Campus,20230215,1,14.33,2,1,85.0
STU000879,UNI028,CMP042,Product Analyst,Direct Application,20230115,1,9.44,4,1,48.0
STU000880,UNI010,,,Referral,20220815,0,,2,0,
STU000881,UNI027,CMP075,Software Engineer,Recruitment Agency,20230315,1,17.37,4,2,22.0
STU000882,UNI002,CMP061,Design Engineer,Job Portal,20230415,1,7.4,1,1,85.0
STU000883,UNI012,CMP058,Data Analyst,Direct Application,20221215,1,14.56,4,3,65.0
STU000884,UNI026,CMP080,ML Engineer,Direct Application,20230215,1,23.21,2,4,73.0
STU000885,UNI022,CMP065,Business Analyst,Referral,20220915,1,8.7,3,1,15.0
STU000886,UNI004,CMP033,Backend Engineer,On-Campus,20230215,1,21.4,4,1,94.0
STU000887,UNI008,CMP004,Frontend Engineer,Recruitment Agency,20221215,1,10.17,1,2,51.0
STU000888,UNI026,,,Direct Application,20221115,0,,2,0,
STU000889,UNI016,,,Job Portal,20221015,0,,0,0,
STU000890,UNI023,CMP026,Design Engineer,Job Portal,20220815,1,20.32,5,1,76.0
STU000891,UNI001,CMP034,Financial Analyst,Job Portal,20221115,1,20.18,4,1,92.0
STU000892,UNI018,,,Recruitment Agency,20220915,0,,2,0,
STU000893,UNI012,,,Referral,20220815,0,,2,0,
STU000894,UNI017,CMP031,Cloud Engineer,On-Campus,20220915,1,16.08,2,1,87.0
STU000895,UNI022,,,Direct Application,20230415,0,,0,0,
STU000896,UNI004,,,On-Campus,20230215,0,,0,0,
STU000897,UNI019,CMP029,Product Analyst,Recruitment Agency,20221015,1,11.84,2,1,92.0
STU000898,UNI013,CMP025,Software Engineer,Job Portal,20221015,1,18.24,5,1,33.0
STU000899,UNI004,,,Recruitment Agency,20221115,0,,2,0,
STU000900,UNI006,CMP039,Data Scientist,Recruitment Agency,20230315,1,16.63,5,2,44.0
STU000901,UNI012,,,Job Portal,20220815,0,,2,0,
STU000902,UNI006,CMP024,QA Engineer,Job Portal,20221215,1,12.11,4,1,77.0
STU000903,UNI022,,,Recruitment Agency,20221015,0,,2,0,
STU000904,UNI026,CMP044,ML Engineer,Job Portal,20221115,1,55.44,2,1,19.0
STU000905,UNI001,CMP033,Data Analyst,Referral,20220915,1,16.57,1,1,37.0
STU000906,UNI019,,,On-Campus,20221015,0,,1,0,
STU000907,UNI002,,,Recruitment Agency,20221115,0,,2,0,
STU000908,UNI021,CMP058,Product Analyst,Recruitment Agency,20220815,1,21.07,5,3,68.0
STU000909,UNI008,,,Direct Application,20221015,0,,2,0,
STU000910,UNI011,CMP061,Design Engineer,Job Portal,20230315,1,7.19,4,1,74.0
STU000911,UNI021,CMP014,Data Scientist,Job Portal,20230215,1,12.64,2,1,46.0
STU000912,UNI011,,,Direct Application,20220815,0,,1,0,
STU000913,UNI009,,,On-Campus,20230415,0,,0,0,
STU000914,UNI022,CMP037,Frontend Engineer,Job Portal,20230415,1,9.76,1,1,62.0
STU000915,UNI011,,,Job Portal,20230215,0,,2,0,
STU000916,UNI016,CMP080,Frontend Engineer,On-Campus,20220815,1,9.97,3,1,38.0
STU000917,UNI021,,,Direct Application,20221215,0,,2,0,
STU000918,UNI014,CMP013,Financial Analyst,Direct Application,20221215,1,19.01,5,2,88.0
STU000919,UNI010,,,Recruitment Agency,20230115,0,,1,0,
STU000920,UNI028,CMP001,Financial Analyst,Referral,20221215,1,10.77,1,1,75.0
STU000921,UNI001,,,Recruitment Agency,20230215,0,,2,0,
STU000922,UNI016,CMP001,Data Analyst,On-Campus,20220815,1,5.98,2,2,54.0
STU000923,UNI016,,,Referral,20230415,0,,2,0,
STU000924,UNI002,CMP024,Design Engineer,Direct Application,20221115,1,11.82,1,1,29.0
STU000925,UNI002,CMP065,Consultant,On-Campus,20221215,1,7.07,3,1,53.0
STU000926,UNI025,,,Job Portal,20230415,0,,2,0,
STU000927,UNI005,CMP007,Financial Analyst,Job Portal,20230315,1,26.97,4,1,9.0
STU000928,UNI018,,,Recruitment Agency,20230415,0,,1,0,
STU000929,UNI025,,,Direct Application,20230315,0,,0,0,
STU000930,UNI015,CMP032,Design Engineer,Referral,20221115,1,21.43,2,2,11.0
STU000931,UNI019,CMP057,Product Analyst,Job Portal,20220915,1,36.74,4,2,28.0
STU000932,UNI009,CMP045,Data Analyst,On-Campus,20230115,1,19.64,1,1,35.0
STU000933,UNI006,CMP007,Systems Engineer,On-Campus,20221115,1,18.05,2,1,33.0
STU000934,UNI021,CMP016,Software Engineer,Referral,20221215,1,29.21,1,1,28.0
STU000935,UNI022,CMP015,Backend Engineer,Job Portal,20221015,1,17.02,1,1,63.0
STU000936,UNI028,CMP045,Financial Analyst,Recruitment Agency,20230215,1,17.62,2,1,24.0
STU000937,UNI026,CMP066,Product Analyst,Direct Application,20220915,1,20.56,2,2,75.0
STU000938,UNI009,CMP008,Consultant,Referral,20221015,1,21.44,3,1,43.0
STU000939,UNI022,,,Direct Application,20221115,0,,1,0,
STU000940,UNI004,CMP017,Design Engineer,On-Campus,20230215,1,14.39,2,1,37.0
STU000941,UNI027,CMP008,Software Engineer,Referral,20221115,1,27.16,1,1,47.0
STU000942,UNI020,,,Referral,20220915,0,,0,0,
STU000943,UNI021,CMP058,Data Analyst,Direct Application,20221215,1,27.72,1,1,65.0
STU000944,UNI015,,,Recruitment Agency,20221015,0,,1,0,
STU000945,UNI018,CMP070,Frontend Engineer,Referral,20221115,1,21.56,4,2,34.0
STU000946,UNI005,,,Direct Application,20220915,0,,2,0,
STU000947,UNI026,,,On-Campus,20220915,0,,0,0,
STU000948,UNI018,CMP033,Business Analyst,On-Campus,20230115,1,21.93,1,1,30.0
STU000949,UNI008,CMP062,Product Analyst,On-Campus,20230115,1,14.08,3,1,69.0
STU000950,UNI026,CMP071,Frontend Engineer,Recruitment Agency,20220915,1,34.76,4,2,60.0
STU000951,UNI005,,,Job Portal,20230415,0,,0,0,
STU000952,UNI020,CMP074,Product Analyst,Direct Application,20230415,1,40.0,1,1,38.0
STU000953,UNI023,CMP036,Design Engineer,Referral,20220915,1,16.25,2,1,48.0
STU000954,UNI017,CMP018,Data Analyst,Recruitment Agency,20230215,1,21.12,5,1,18.0
STU000955,UNI019,CMP060,Software Engineer,Job Portal,20220915,1,18.79,4,2,47.0
STU000956,UNI026,CMP039,QA Engineer,Direct Application,20230415,1,14.55,2,2,9.0
STU000957,UNI008,CMP022,Data Scientist,On-Campus,20230415,1,34.52,1,2,51.0
STU000958,UNI020,CMP051,Consultant,Job Portal,20230315,1,36.67,2,3,35.0
STU000959,UNI011,,,Recruitment Agency,20221015,0,,1,0,
STU000960,UNI018,CMP020,QA Engineer,Referral,20221215,1,21.18,5,1,61.0
STU000961,UNI008,CMP056,ML Engineer,Direct Application,20230115,1,31.67,1,1,21.0
STU000962,UNI005,,,Direct Application,20230115,0,,0,0,
STU000963,UNI028,CMP016,Frontend Engineer,On-Campus,20220915,1,19.89,5,1,44.0
STU000964,UNI026,,,Job Portal,20230315,0,,2,0,
STU000965,UNI010,CMP072,Cloud Engineer,Referral,20220915,1,7.99,5,1,37.0
STU000966,UNI013,,,Referral,20230315,0,,1,0,
STU000967,UNI026,,,Direct Application,20220915,0,,2,0,
STU000968,UNI014,CMP031,Financial Analyst,Recruitment Agency,20220815,1,13.48,5,1,89.0
STU000969,UNI008,CMP051,Software Engineer,Direct Application,20220915,1,31.17,5,2,94.0
STU000970,UNI028,CMP011,Cloud Engineer,Job Portal,20220815,1,8.27,4,1,22.0
STU000971,UNI016,CMP041,Cloud Engineer,Direct Application,20221115,1,8.38,5,1,94.0
STU000972,UNI002,CMP037,Consultant,Referral,20221215,1,10.29,2,1,73.0
STU000973,UNI004,CMP031,Data Analyst,On-Campus,20220915,1,7.72,2,1,81.0
STU000974,UNI013,,,Job Portal,20221015,0,,1,0,
STU000975,UNI012,CMP005,Software Engineer,Job Portal,20221115,1,17.37,2,1,68.0
STU000976,UNI007,CMP041,Design Engineer,Direct Application,20220815,1,8.26,1,1,30.0
STU000977,UNI020,CMP029,Financial Analyst,On-Campus,20220815,1,12.71,3,2,53.0
STU000978,UNI023,,,Job Portal,20220815,0,,2,0,
STU000979,UNI025,,,Job Portal,20221115,0,,1,0,
STU000980,UNI019,CMP051,Operations Associate,Job Portal,20230415,1,22.71,4,2,16.0
STU000981,UNI012,CMP024,Financial Analyst,Referral,20230215,1,14.98,5,1,68.0
STU000982,UNI003,CMP019,Product Analyst,Job Portal,20230315,1,29.28,3,2,61.0
STU000983,UNI020,CMP027,Consultant,Recruitment Agency,20221215,1,30.71,2,4,58.0
STU000984,UNI016,CMP036,Financial Analyst,Recruitment Agency,20221115,1,18.47,4,1,50.0
STU000985,UNI021,,,Recruitment Agency,20221015,0,,1,0,
STU000986,UNI002,,,Referral,20230115,0,,1,0,
STU000987,UNI008,CMP039,Product Analyst,On-Campus,20220915,1,13.39,1,1,12.0
STU000988,UNI026,CMP060,Operations Associate,On-Campus,20221015,1,17.77,5,1,9.0
STU000989,UNI002,,,Direct Application,20230115,0,,1,0,
STU000990,UNI020,CMP060,Frontend Engineer,Job Portal,20230415,1,14.26,5,1,81.0
STU000991,UNI030,CMP074,Software Engineer,Direct Application,20230115,1,26.75,1,2,50.0
STU000992,UNI018,,,Recruitment Agency,20230415,0,,0,0,
STU000993,UNI020,CMP064,Backend Engineer,Referral,20230315,1,36.94,5,1,37.0
STU000994,UNI016,CMP063,Data Analyst,Direct Application,20220915,1,14.99,1,1,84.0
STU000995,UNI013,,,Job Portal,20221215,0,,0,0,
STU000996,UNI003,CMP023,Systems Engineer,On-Campus,20221215,1,24.49,1,2,68.0
STU000997,UNI002,,,On-Campus,20220915,0,,2,0,
STU000998,UNI012,CMP012,Backend Engineer,On-Campus,20230415,1,20.36,2,1,30.0
STU000999,UNI016,CMP011,Frontend Engineer,On-Campus,20220815,1,9.56,2,1,51.0
STU001000,UNI020,CMP067,Software Engineer,Direct Application,20230315,1,32.78,2,2,24.0
STU001001,UNI030,,,On-Campus,20230415,0,,0,0,
STU001002,UNI004,,,Direct Application,20230415,0,,0,0,
STU001003,UNI004,,,Referral,20230315,0,,0,0,
STU001004,UNI013,,,Direct Application,20221215,0,,1,0,
STU001005,UNI009,CMP006,ML Engineer,Recruitment Agency,20220815,1,32.22,2,1,31.0
STU001006,UNI029,,,Recruitment Agency,20220915,0,,1,0,
STU001007,UNI024,CMP066,Business Analyst,Recruitment Agency,20221115,1,8.89,3,1,8.0
STU001008,UNI021,,,Referral,20221215,0,,2,0,
STU001009,UNI027,,,Direct Application,20230215,0,,2,0,
STU001010,UNI024,CMP079,Frontend Engineer,Job Portal,20221015,1,16.37,5,1,33.0
STU001011,UNI026,,,Job Portal,20220915,0,,2,0,
STU001012,UNI019,CMP031,Cloud Engineer,Recruitment Agency,20220815,1,12.94,5,2,89.0
STU001013,UNI006,,,Recruitment Agency,20221215,0,,2,0,
STU001014,UNI010,CMP020,Consultant,Direct Application,20230415,1,16.95,1,1,18.0
STU001015,UNI010,CMP013,Financial Analyst,On-Campus,20221015,1,26.52,4,1,17.0
STU001016,UNI001,,,Job Portal,20220915,0,,1,0,
STU001017,UNI030,CMP052,Product Analyst,Direct Application,20221015,1,28.09,2,1,76.0
STU001018,UNI021,,,On-Campus,20221115,0,,2,0,
STU001019,UNI003,CMP041,Financial Analyst,On-Campus,20230115,1,15.59,4,2,53.0
STU001020,UNI009,CMP076,Data Scientist,On-Campus,20221115,1,18.38,2,2,34.0
STU001021,UNI019,CMP048,Data Analyst,Job Portal,20221015,1,41.79,2,2,20.0
STU001022,UNI009,,,Job Portal,20221015,0,,0,0,
STU001023,UNI024,CMP048,Business Analyst,On-Campus,20230215,1,23.69,4,1,68.0
STU001024,UNI028,CMP065,Data Analyst,Recruitment Agency,20220815,1,7.93,1,1,7.0
STU001025,UNI030,,,On-Campus,20230215,0,,1,0,
STU001026,UNI004,,,Job Portal,20221115,0,,0,0,
STU001027,UNI012,CMP059,ML Engineer,Direct Application,20221215,1,20.66,1,2,80.0
STU001028,UNI014,CMP032,Business Analyst,Recruitment Agency,20220915,1,19.35,5,2,24.0
STU001029,UNI021,,,On-Campus,20221215,0,,2,0,
STU001030,UNI011,CMP061,Product Analyst,On-Campus,20221015,1,9.7,5,1,11.0
STU001031,UNI003,CMP014,Operations Associate,Recruitment Agency,20221115,1,9.2,1,3,46.0
STU001032,UNI013,,,Job Portal,20221015,0,,1,0,
STU001033,UNI026,,,Job Portal,20221215,0,,0,0,
STU001034,UNI018,CMP064,Cloud Engineer,Direct Application,20221115,1,27.95,5,1,26.0
STU001035,UNI007,CMP068,Consultant,Recruitment Agency,20230115,1,18.71,5,1,21.0
STU001036,UNI026,CMP011,QA Engineer,Referral,20230415,1,12.25,4,2,8.0
STU001037,UNI017,CMP038,Data Scientist,Referral,20221115,1,19.07,1,3,85.0
STU001038,UNI010,CMP030,Data Analyst,Recruitment Agency,20221215,1,14.46,1,1,41.0
STU001039,UNI011,CMP068,ML Engineer,Referral,20220915,1,25.11,1,1,94.0
STU001040,UNI022,,,Referral,20230315,0,,0,0,
STU001041,UNI012,CMP032,Cloud Engineer,Direct Application,20220815,1,16.9,2,1,12.0
STU001042,UNI021,CMP035,ML Engineer,Job Portal,20230215,1,28.3,1,1,14.0
STU001043,UNI011,CMP031,Data Scientist,On-Campus,20230115,1,12.14,2,1,74.0
STU001044,UNI016,CMP033,Backend Engineer,Referral,20220915,1,19.03,1,1,31.0
STU001045,UNI008,,,Job Portal,20221115,0,,0,0,
STU001046,UNI011,CMP038,Design Engineer,Referral,20230215,1,8.14,2,2,82.0
STU001047,UNI026,,,Job Portal,20221015,0,,2,0,
STU001048,UNI002,,,Job Portal,20220915,0,,1,0,
STU001049,UNI016,,,Direct Application,20221015,0,,1,0,
STU001050,UNI024,CMP068,Consultant,Job Portal,20230115,1,21.34,5,2,29.0
STU001051,UNI010,,,On-Campus,20230315,0,,1,0,
STU001052,UNI028,,,Referral,20230115,0,,2,0,
STU001053,UNI027,CMP019,Cloud Engineer,On-Campus,20230415,1,22.3,3,1,93.0
STU001054,UNI001,CMP060,Data Scientist,On-Campus,20221115,1,9.95,4,1,91.0
STU001055,UNI001,,,Recruitment Agency,20221015,0,,0,0,
STU001056,UNI013,,,Direct Application,20230215,0,,2,0,
STU001057,UNI029,CMP017,Systems Engineer,On-Campus,20221215,1,16.79,2,1,54.0
STU001058,UNI021,CMP049,Frontend Engineer,Referral,20221115,1,29.43,4,1,38.0
STU001059,UNI004,CMP014,ML Engineer,Referral,20230115,1,12.17,1,1,26.0
STU001060,UNI030,CMP077,Business Analyst,Job Portal,20230415,1,21.5,5,3,47.0
STU001061,UNI023,,,Referral,20230315,0,,0,0,
STU001062,UNI020,CMP049,Systems Engineer,On-Campus,20220915,1,26.88,1,3,73.0
STU001063,UNI018,CMP037,Financial Analyst,On-Campus,20221115,1,10.11,1,1,84.0
STU001064,UNI006,CMP018,Frontend Engineer,Direct Application,20221115,1,33.78,3,1,52.0
STU001065,UNI004,CMP055,Systems Engineer,On-Campus,20230115,1,16.84,4,1,24.0
STU001066,UNI013,,,On-Campus,20230315,0,,0,0,
STU001067,UNI025,,,Referral,20230415,0,,0,0,
STU001068,UNI030,CMP033,Data Analyst,Direct Application,20230215,1,31.74,3,3,10.0
STU001069,UNI030,,,Direct Application,20230215,0,,0,0,
STU001070,UNI004,,,On-Campus,20220815,0,,2,0,
STU001071,UNI024,CMP010,Data Scientist,Job Portal,20230215,1,14.2,3,1,61.0
STU001072,UNI010,CMP064,Consultant,Direct Application,20220815,1,15.21,2,2,51.0
STU001073,UNI011,,,On-Campus,20221215,0,,2,0,
STU001074,UNI008,,,On-Campus,20221015,0,,0,0,
STU001075,UNI004,CMP052,Financial Analyst,Direct Application,20230215,1,12.88,5,1,33.0
STU001076,UNI010,CMP052,Frontend Engineer,Recruitment Agency,20230415,1,18.85,2,1,35.0
STU001077,UNI011,,,Referral,20230415,0,,0,0,
STU001078,UNI002,CMP005,Software Engineer,Job Portal,20230215,1,12.87,4,1,33.0
STU001079,UNI016,,,Direct Application,20220915,0,,0,0,
STU001080,UNI003,CMP018,ML Engineer,Direct Application,20220915,1,60.51,3,2,34.0
STU001081,UNI010,,,Referral,20221015,0,,2,0,
STU001082,UNI008,,,Recruitment Agency,20230415,0,,2,0,
STU001083,UNI011,,,Direct Application,20230215,0,,2,0,
STU001084,UNI024,CMP057,Consultant,Referral,20230115,1,19.54,4,2,74.0
STU001085,UNI026,,,Recruitment Agency,20230415,0,,0,0,
STU001086,UNI017,,,Recruitment Agency,20221215,0,,1,0,
STU001087,UNI013,CMP048,Systems Engineer,On-Campus,20221115,1,14.14,2,2,37.0
STU001088,UNI025,CMP005,Design Engineer,Recruitment Agency,20221015,1,22.38,3,1,70.0
STU001089,UNI030,CMP074,QA Engineer,Recruitment Agency,20221115,1,35.7,4,1,70.0
STU001090,UNI010,CMP078,Backend Engineer,Recruitment Agency,20230215,1,11.45,5,1,22.0
STU001091,UNI027,,,Direct Application,20230415,0,,0,0,
STU001092,UNI023,,,Direct Application,20230415,0,,1,0,
STU001093,UNI013,,,Direct Application,20220915,0,,2,0,
STU001094,UNI009,CMP062,Data Scientist,Recruitment Agency,20230315,1,13.86,1,1,31.0
STU001095,UNI020,CMP034,Operations Associate,Direct Application,20220815,1,34.95,4,1,35.0
STU001096,UNI022,,,Recruitment Agency,20221115,0,,0,0,
STU001097,UNI009,CMP008,Business Analyst,Recruitment Agency,20230115,1,16.8,5,2,65.0
STU001098,UNI020,,,Job Portal,20230115,0,,0,0,
STU001099,UNI006,CMP075,Product Analyst,Recruitment Agency,20230315,1,24.34,2,2,38.0
STU001100,UNI025,,,Job Portal,20220815,0,,0,0,
STU001101,UNI012,,,Direct Application,20230115,0,,1,0,
STU001102,UNI001,CMP050,Financial Analyst,Referral,20221015,1,13.05,5,1,59.0
STU001103,UNI003,CMP020,Financial Analyst,Recruitment Agency,20230315,1,28.15,3,1,45.0
STU001104,UNI021,,,Job Portal,20220915,0,,1,0,
STU001105,UNI002,,,Direct Application,20230115,0,,0,0,
STU001106,UNI004,CMP080,Business Analyst,Recruitment Agency,20230415,1,10.05,5,1,10.0
STU001107,UNI010,,,Direct Application,20230215,0,,1,0,
STU001108,UNI010,CMP003,Design Engineer,Job Portal,20230115,1,6.32,5,1,74.0
STU001109,UNI006,CMP034,Business Analyst,Referral,20230115,1,22.43,5,1,12.0
STU001110,UNI023,,,On-Campus,20230115,0,,0,0,
STU001111,UNI014,CMP005,Data Scientist,On-Campus,20230215,1,30.26,4,2,13.0
STU001112,UNI022,,,Recruitment Agency,20230115,0,,1,0,
STU001113,UNI025,,,Recruitment Agency,20230115,0,,0,0,
STU001114,UNI001,CMP072,Product Analyst,Recruitment Agency,20230315,1,9.21,5,1,10.0
STU001115,UNI027,CMP049,QA Engineer,Referral,20221115,1,16.69,3,2,86.0
STU001116,UNI014,,,Direct Application,20220815,0,,2,0,
STU001117,UNI029,,,Referral,20221015,0,,0,0,
STU001118,UNI018,,,Direct Application,20230315,0,,2,0,
STU001119,UNI002,CMP014,Operations Associate,On-Campus,20220815,1,6.23,1,1,53.0
STU001120,UNI017,CMP042,Design Engineer,Direct Application,20230315,1,9.81,3,1,85.0
STU001121,UNI027,,,On-Campus,20230215,0,,1,0,
STU001122,UNI022,,,Referral,20230315,0,,0,0,
STU001123,UNI012,,,On-Campus,20230115,0,,1,0,
STU001124,UNI018,CMP040,Cloud Engineer,On-Campus,20220915,1,23.04,1,1,87.0
STU001125,UNI030,CMP026,Data Scientist,Recruitment Agency,20230415,1,28.95,3,2,78.0
STU001126,UNI006,CMP055,Software Engineer,Recruitment Agency,20221215,1,34.58,2,1,23.0
STU001127,UNI004,,,Job Portal,20220815,0,,2,0,
STU001128,UNI007,CMP072,Data Analyst,Referral,20230115,1,12.39,4,1,48.0
STU001129,UNI004,,,Job Portal,20230315,0,,2,0,
STU001130,UNI009,CMP029,Design Engineer,On-Campus,20230315,1,7.38,3,1,91.0
STU001131,UNI010,CMP078,ML Engineer,Job Portal,20220915,1,10.35,4,1,79.0
STU001132,UNI019,CMP046,Frontend Engineer,Referral,20230215,1,41.08,4,2,38.0
STU001133,UNI024,CMP020,Financial Analyst,Direct Application,20220815,1,23.57,4,3,84.0
STU001134,UNI009,CMP016,Backend Engineer,Direct Application,20230315,1,20.77,4,1,49.0
STU001135,UNI001,CMP015,Systems Engineer,Direct Application,20221015,1,14.35,4,2,71.0
STU001136,UNI005,,,Direct Application,20230215,0,,0,0,
STU001137,UNI016,CMP056,Data Analyst,Recruitment Agency,20220815,1,19.69,5,1,76.0
STU001138,UNI026,CMP027,Backend Engineer,Job Portal,20230215,1,39.15,4,2,45.0
STU001139,UNI026,CMP005,Operations Associate,Direct Application,20220815,1,20.98,3,1,14.0
STU001140,UNI013,CMP064,Business Analyst,Direct Application,20230415,1,17.13,1,2,68.0
STU001141,UNI018,CMP060,Data Scientist,Referral,20230315,1,17.31,2,1,86.0
STU001142,UNI001,CMP053,Product Analyst,Referral,20220915,1,7.62,2,1,78.0
STU001143,UNI029,CMP072,Consultant,Referral,20230215,1,15.83,1,1,77.0
STU001144,UNI011,CMP053,Business Analyst,Referral,20230415,1,8.04,1,1,10.0
STU001145,UNI001,CMP039,ML Engineer,Recruitment Agency,20230315,1,15.1,3,1,47.0
STU001146,UNI008,CMP045,Financial Analyst,Referral,20230415,1,21.48,5,1,60.0
STU001147,UNI011,,,Job Portal,20221015,0,,0,0,
STU001148,UNI018,,,Recruitment Agency,20221015,0,,1,0,
STU001149,UNI027,CMP024,Data Analyst,Job Portal,20220815,1,16.02,3,1,38.0
STU001150,UNI011,,,Direct Application,20221115,0,,0,0,
STU001151,UNI022,,,Referral,20230415,0,,2,0,
STU001152,UNI006,CMP049,Operations Associate,Recruitment Agency,20230215,1,27.4,4,1,44.0
STU001153,UNI003,CMP077,Backend Engineer,Recruitment Agency,20220915,1,40.65,3,2,51.0
STU001154,UNI019,,,Job Portal,20230115,0,,2,0,
STU001155,UNI024,,,Referral,20221015,0,,0,0,
STU001156,UNI007,,,Direct Application,20230215,0,,2,0,
STU001157,UNI016,CMP061,Product Analyst,Job Portal,20230115,1,6.95,3,1,68.0
STU001158,UNI006,,,Direct Application,20220815,0,,1,0,
STU001159,UNI020,CMP056,Consultant,Job Portal,20220815,1,35.73,5,1,52.0
STU001160,UNI029,,,Job Portal,20221015,0,,2,0,
STU001161,UNI026,CMP048,Cloud Engineer,Referral,20230415,1,46.14,1,2,37.0
STU001162,UNI005,CMP011,Software Engineer,On-Campus,20221015,1,15.96,3,2,55.0
STU001163,UNI006,CMP019,Frontend Engineer,Recruitment Agency,20221215,1,21.71,3,2,93.0
STU001164,UNI010,CMP014,Consultant,Referral,20220915,1,11.67,5,1,90.0
STU001165,UNI025,,,Referral,20230215,0,,2,0,
STU001166,UNI019,,,On-Campus,20220915,0,,2,0,
STU001167,UNI010,CMP048,Design Engineer,On-Campus,20230415,1,12.64,3,1,16.0
STU001168,UNI025,,,On-Campus,20230315,0,,0,0,
STU001169,UNI008,CMP014,Product Analyst,Referral,20220815,1,10.57,5,1,54.0
STU001170,UNI020,CMP029,ML Engineer,Referral,20221215,1,25.05,1,1,30.0
STU001171,UNI022,CMP024,Business Analyst,Referral,20230415,1,18.64,5,1,66.0
STU001172,UNI025,CMP002,Data Analyst,Job Portal,20221215,1,11.74,2,2,85.0
STU001173,UNI022,CMP018,Operations Associate,Job Portal,20220815,1,12.11,4,1,46.0
STU001174,UNI002,,,Direct Application,20230415,0,,1,0,
STU001175,UNI015,,,Job Portal,20221015,0,,1,0,
STU001176,UNI012,CMP064,Design Engineer,Direct Application,20220815,1,13.44,4,1,7.0
STU001177,UNI013,,,On-Campus,20220915,0,,2,0,
STU001178,UNI011,,,Referral,20220915,0,,0,0,
STU001179,UNI004,,,Direct Application,20220915,0,,0,0,
STU001180,UNI013,CMP054,Operations Associate,On-Campus,20230215,1,11.18,2,2,61.0
STU001181,UNI015,CMP049,Systems Engineer,Direct Application,20221115,1,18.97,4,1,60.0
STU001182,UNI010,CMP031,Business Analyst,Direct Application,20220915,1,9.01,5,2,20.0
STU001183,UNI005,,,Referral,20230115,0,,0,0,
STU001184,UNI025,CMP077,Data Analyst,Recruitment Agency,20230315,1,21.25,5,1,63.0
STU001185,UNI001,CMP062,Frontend Engineer,Recruitment Agency,20221115,1,10.15,2,1,31.0
STU001186,UNI013,,,Recruitment Agency,20221115,0,,1,0,
STU001187,UNI025,CMP043,Backend Engineer,On-Campus,20221215,1,27.04,2,1,14.0
STU001188,UNI021,CMP078,ML Engineer,On-Campus,20230215,1,13.1,2,1,72.0
STU001189,UNI016,,,Recruitment Agency,20230315,0,,2,0,
STU001190,UNI015,CMP043,Systems Engineer,Job Portal,20220815,1,25.88,5,1,72.0
STU001191,UNI010,CMP006,Product Analyst,Referral,20230315,1,16.52,5,2,33.0
STU001192,UNI010,,,Recruitment Agency,20220915,0,,2,0,
STU001193,UNI020,CMP079,Consultant,Job Portal,20230115,1,30.93,4,1,23.0
STU001194,UNI022,CMP003,Consultant,Referral,20221215,1,7.89,1,1,13.0
STU001195,UNI025,,,On-Campus,20221015,0,,2,0,
STU001196,UNI029,,,Referral,20220815,0,,0,0,
STU001197,UNI028,,,Direct Application,20230415,0,,2,0,
STU001198,UNI018,,,Referral,20230115,0,,2,0,
STU001199,UNI023,CMP003,Data Analyst,Job Portal,20230415,1,8.34,5,1,81.0
STU001200,UNI006,CMP049,QA Engineer,Recruitment Agency,20221115,1,20.56,2,1,91.0
STU001201,UNI006,CMP009,Systems Engineer,Direct Application,20230115,1,25.02,1,2,85.0
STU001202,UNI010,CMP039,Backend Engineer,Job Portal,20230115,1,12.79,4,1,25.0
STU001203,UNI028,,,Recruitment Agency,20220815,0,,2,0,
STU001204,UNI015,,,On-Campus,20221215,0,,0,0,
STU001205,UNI005,CMP021,Design Engineer,On-Campus,20220915,1,19.47,2,2,53.0
STU001206,UNI017,CMP037,Software Engineer,Recruitment Agency,20230215,1,11.5,4,1,24.0
STU001207,UNI025,CMP079,QA Engineer,Job Portal,20221015,1,11.53,1,2,66.0
STU001208,UNI027,CMP003,QA Engineer,Job Portal,20221215,1,4.23,1,2,32.0
STU001209,UNI003,CMP079,QA Engineer,Direct Application,20221015,1,26.74,5,1,22.0
STU001210,UNI005,CMP038,Systems Engineer,Direct Application,20230315,1,14.85,5,1,64.0
STU001211,UNI017,CMP057,Operations Associate,Job Portal,20221115,1,14.08,2,3,73.0
STU001212,UNI018,CMP007,ML Engineer,Recruitment Agency,20230215,1,26.61,5,1,25.0
STU001213,UNI005,CMP069,Backend Engineer,Recruitment Agency,20230315,1,14.98,5,2,26.0
STU001214,UNI013,,,Direct Application,20221215,0,,1,0,
STU001215,UNI022,CMP029,Operations Associate,Direct Application,20230415,1,8.16,3,1,40.0
STU001216,UNI012,CMP028,Software Engineer,On-Campus,20230315,1,15.77,2,1,57.0
STU001217,UNI011,,,Direct Application,20230315,0,,2,0,
STU001218,UNI030,,,Direct Application,20221215,0,,2,0,
STU001219,UNI009,CMP062,Frontend Engineer,Direct Application,20221215,1,9.93,3,1,49.0
STU001220,UNI010,CMP057,Product Analyst,Job Portal,20230315,1,15.62,3,1,80.0
STU001221,UNI022,CMP063,Data Scientist,Referral,20230415,1,21.68,5,1,33.0
STU001222,UNI023,,,Direct Application,20230215,0,,0,0,
STU001223,UNI027,CMP061,Frontend Engineer,Referral,20230215,1,8.7,5,2,75.0
STU001224,UNI012,,,Recruitment Agency,20230315,0,,2,0,
STU001225,UNI007,CMP062,Software Engineer,Job Portal,20221215,1,10.67,3,1,38.0
STU001226,UNI026,CMP065,Consultant,Direct Application,20230315,1,11.83,1,2,14.0
STU001227,UNI015,CMP075,Frontend Engineer,Direct Application,20220815,1,41.89,1,1,81.0
STU001228,UNI013,,,Job Portal,20221215,0,,1,0,
STU001229,UNI028,CMP023,Cloud Engineer,Referral,20221215,1,20.72,5,1,23.0
STU001230,UNI023,,,Job Portal,20230215,0,,2,0,
STU001231,UNI028,CMP024,Software Engineer,Job Portal,20220915,1,15.53,1,1,12.0
STU001232,UNI030,CMP032,ML Engineer,Referral,20221015,1,48.57,2,1,83.0
STU001233,UNI019,CMP031,Backend Engineer,Referral,20230315,1,24.37,4,1,13.0
STU001234,UNI021,CMP058,Software Engineer,Recruitment Agency,20221215,1,24.08,1,3,27.0
STU001235,UNI013,CMP057,Operations Associate,Job Portal,20230115,1,13.69,5,1,14.0
STU001236,UNI021,,,Referral,20221115,0,,0,0,
STU001237,UNI008,CMP020,Design Engineer,Job Portal,20230115,1,18.88,5,2,10.0
STU001238,UNI027,,,Referral,20220815,0,,0,0,
STU001239,UNI014,,,Recruitment Agency,20230315,0,,1,0,
STU001240,UNI018,CMP053,Operations Associate,On-Campus,20230415,1,9.69,5,1,50.0
STU001241,UNI030,,,Job Portal,20220915,0,,1,0,
STU001242,UNI010,,,Recruitment Agency,20230415,0,,0,0,
STU001243,UNI015,CMP050,Design Engineer,Referral,20230115,1,18.61,4,1,87.0
STU001244,UNI018,CMP028,Cloud Engineer,On-Campus,20221015,1,33.85,1,1,35.0
STU001245,UNI017,CMP080,Consultant,Direct Application,20230215,1,14.59,2,1,60.0
STU001246,UNI003,CMP056,Cloud Engineer,Job Portal,20230115,1,45.98,2,2,57.0
STU001247,UNI017,,,Recruitment Agency,20221115,0,,2,0,
STU001248,UNI004,,,Direct Application,20220815,0,,2,0,
STU001249,UNI025,,,On-Campus,20230315,0,,1,0,
STU001250,UNI020,,,Direct Application,20220815,0,,1,0,
STU001251,UNI001,,,Job Portal,20220915,0,,1,0,
STU001252,UNI015,CMP024,Product Analyst,Job Portal,20230215,1,29.77,1,1,11.0
STU001253,UNI002,,,Recruitment Agency,20221015,0,,2,0,
STU001254,UNI020,CMP034,Software Engineer,Direct Application,20221215,1,34.6,4,1,8.0
STU001255,UNI019,,,Job Portal,20221215,0,,0,0,
STU001256,UNI027,CMP007,Frontend Engineer,On-Campus,20221215,1,16.27,2,2,24.0
STU001257,UNI007,CMP062,Operations Associate,Direct Application,20220815,1,7.64,3,2,70.0
STU001258,UNI030,CMP022,ML Engineer,Job Portal,20220915,1,59.7,3,1,45.0
STU001259,UNI026,CMP004,Data Analyst,Job Portal,20230315,1,13.07,1,1,12.0
STU001260,UNI005,,,Recruitment Agency,20230215,0,,2,0,
STU001261,UNI018,,,On-Campus,20221215,0,,0,0,
STU001262,UNI027,,,Referral,20230215,0,,2,0,
STU001263,UNI025,,,Job Portal,20221215,0,,1,0,
STU001264,UNI018,CMP015,Design Engineer,On-Campus,20230215,1,18.38,4,2,9.0
STU001265,UNI020,CMP062,Cloud Engineer,On-Campus,20230115,1,16.09,3,2,18.0
STU001266,UNI018,,,Referral,20221215,0,,0,0,
STU001267,UNI029,CMP021,Systems Engineer,Direct Application,20230315,1,9.47,5,1,75.0
STU001268,UNI021,CMP061,Design Engineer,Job Portal,20230415,1,11.27,1,1,64.0
STU001269,UNI030,CMP064,Systems Engineer,Referral,20230415,1,27.47,1,1,32.0
STU001270,UNI026,,,Recruitment Agency,20220815,0,,2,0,
STU001271,UNI024,,,Job Portal,20230215,0,,2,0,
STU001272,UNI029,CMP059,Financial Analyst,Job Portal,20220915,1,23.52,4,1,91.0
STU001273,UNI019,,,Recruitment Agency,20230415,0,,2,0,
STU001274,UNI010,,,Recruitment Agency,20230315,0,,0,0,
STU001275,UNI026,,,Direct Application,20230415,0,,0,0,
STU001276,UNI004,CMP010,QA Engineer,On-Campus,20230215,1,7.13,4,2,77.0
STU001277,UNI001,CMP059,Consultant,Job Portal,20220815,1,9.66,3,1,60.0
STU001278,UNI015,CMP045,Frontend Engineer,Direct Application,20230115,1,26.22,4,1,20.0
STU001279,UNI009,CMP018,Financial Analyst,On-Campus,20230415,1,29.7,1,2,92.0
STU001280,UNI029,,,Direct Application,20220815,0,,1,0,
STU001281,UNI010,,,Job Portal,20221115,0,,1,0,
STU001282,UNI024,CMP009,Product Analyst,Recruitment Agency,20221215,1,33.63,2,1,68.0
STU001283,UNI003,CMP016,Systems Engineer,On-Campus,20230315,1,21.99,3,2,16.0
STU001284,UNI001,CMP059,Backend Engineer,On-Campus,20221215,1,15.6,4,2,8.0
STU001285,UNI028,CMP044,Design Engineer,On-Campus,20221215,1,16.79,2,1,73.0
STU001286,UNI001,CMP034,Design Engineer,On-Campus,20230315,1,15.04,5,2,17.0
STU001287,UNI007,CMP022,QA Engineer,Referral,20230215,1,26.6,2,1,80.0
STU001288,UNI017,CMP031,Operations Associate,Direct Application,20221015,1,10.4,3,1,19.0
STU001289,UNI026,CMP050,Operations Associate,Referral,20221015,1,13.8,2,2,48.0
STU001290,UNI007,,,Recruitment Agency,20230215,0,,2,0,
STU001291,UNI001,CMP060,ML Engineer,Direct Application,20220915,1,11.38,3,2,81.0
STU001292,UNI027,CMP006,Financial Analyst,On-Campus,20221215,1,16.4,2,2,61.0
STU001293,UNI008,CMP020,Financial Analyst,Job Portal,20220815,1,21.13,2,1,82.0
STU001294,UNI006,,,Referral,20221115,0,,2,0,
STU001295,UNI002,CMP025,Consultant,Recruitment Agency,20221115,1,16.98,2,2,51.0
STU001296,UNI018,CMP051,Operations Associate,Recruitment Agency,20230315,1,15.49,4,1,61.0
STU001297,UNI024,CMP006,QA Engineer,Recruitment Agency,20230415,1,18.67,5,1,56.0
STU001298,UNI021,CMP074,Data Scientist,Recruitment Agency,20221015,1,31.18,1,1,28.0
STU001299,UNI007,,,Job Portal,20230115,0,,2,0,
STU001300,UNI009,CMP056,Operations Associate,Direct Application,20221215,1,18.88,3,1,54.0
STU001301,UNI008,,,On-Campus,20230315,0,,2,0,
STU001302,UNI003,,,Referral,20221215,0,,1,0,
STU001303,UNI005,CMP071,ML Engineer,Referral,20230215,1,49.93,4,1,28.0
STU001304,UNI002,,,On-Campus,20230215,0,,1,0,
STU001305,UNI001,,,Direct Application,20230315,0,,1,0,
STU001306,UNI001,CMP058,Data Analyst,On-Campus,20230115,1,18.31,4,2,48.0
STU001307,UNI030,,,Referral,20221215,0,,0,0,
STU001308,UNI004,,,Job Portal,20221015,0,,1,0,
STU001309,UNI002,,,On-Campus,20220815,0,,1,0,
STU001310,UNI021,CMP070,QA Engineer,On-Campus,20230415,1,21.12,1,2,31.0
STU001311,UNI029,CMP075,Cloud Engineer,Job Portal,20221215,1,27.16,1,1,79.0
STU001312,UNI018,,,Job Portal,20220915,0,,0,0,
STU001313,UNI007,,,Referral,20221115,0,,1,0,
STU001314,UNI014,CMP041,Frontend Engineer,Referral,20220915,1,12.79,2,1,7.0
STU001315,UNI011,,,Direct Application,20230315,0,,2,0,
STU001316,UNI019,CMP044,Frontend Engineer,Recruitment Agency,20221215,1,35.13,2,2,61.0
STU001317,UNI012,CMP057,Financial Analyst,Job Portal,20230415,1,26.38,3,1,42.0
STU001318,UNI012,CMP044,Data Scientist,Recruitment Agency,20220915,1,20.88,3,1,88.0
STU001319,UNI017,CMP033,ML Engineer,Job Portal,20221215,1,29.59,3,1,18.0
STU001320,UNI015,CMP053,QA Engineer,Referral,20221215,1,16.34,3,1,35.0
STU001321,UNI016,CMP015,Product Analyst,Direct Application,20230215,1,15.77,5,2,10.0
STU001322,UNI004,,,Job Portal,20230215,0,,0,0,
STU001323,UNI006,CMP035,Financial Analyst,Direct Application,20230115,1,20.31,2,2,85.0
STU001324,UNI007,CMP012,Backend Engineer,Job Portal,20230315,1,23.38,3,1,76.0
STU001325,UNI014,,,Recruitment Agency,20230315,0,,1,0,
STU001326,UNI001,,,Referral,20221115,0,,0,0,
STU001327,UNI027,,,Direct Application,20230115,0,,0,0,
STU001328,UNI001,,,Recruitment Agency,20220915,0,,0,0,
STU001329,UNI020,CMP044,Data Scientist,On-Campus,20230415,1,53.24,4,2,19.0
STU001330,UNI014,CMP062,Frontend Engineer,Direct Application,20220915,1,9.93,4,1,64.0
STU001331,UNI012,CMP001,Business Analyst,Recruitment Agency,20221015,1,8.25,3,1,26.0
STU001332,UNI012,,,Referral,20221115,0,,1,0,
STU001333,UNI007,,,Job Portal,20221015,0,,0,0,
STU001334,UNI005,CMP071,Consultant,Referral,20230215,1,28.77,1,2,51.0
STU001335,UNI009,CMP023,Data Scientist,Direct Application,20230215,1,23.93,1,2,65.0
STU001336,UNI030,,,Direct Application,20230415,0,,2,0,
STU001337,UNI010,,,Direct Application,20220815,0,,0,0,
STU001338,UNI009,CMP011,ML Engineer,On-Campus,20221215,1,14.0,2,1,74.0
STU001339,UNI008,CMP033,Financial Analyst,Direct Application,20230115,1,28.28,3,1,70.0
STU001340,UNI017,CMP025,Consultant,Direct Application,20230415,1,22.49,4,2,49.0
STU001341,UNI003,,,Job Portal,20230115,0,,0,0,
STU001342,UNI016,,,On-Campus,20230415,0,,0,0,
STU001343,UNI027,,,Referral,20220915,0,,1,0,
STU001344,UNI008,,,Recruitment Agency,20221215,0,,1,0,
STU001345,UNI026,CMP077,Cloud Engineer,Referral,20220815,1,44.45,3,2,37.0
STU001346,UNI028,CMP031,Operations Associate,Job Portal,20220815,1,6.82,4,1,80.0
STU001347,UNI016,CMP011,Data Scientist,Direct Application,20220815,1,11.97,3,1,33.0
STU001348,UNI007,CMP078,Financial Analyst,Direct Application,20230215,1,8.81,5,1,50.0
STU001349,UNI006,,,Referral,20230315,0,,0,0,
STU001350,UNI027,CMP060,Data Analyst,Recruitment Agency,20220815,1,7.69,3,1,92.0
STU001351,UNI030,,,Direct Application,20220915,0,,1,0,
STU001352,UNI014,CMP041,Software Engineer,On-Campus,20230415,1,14.69,1,1,41.0
STU001353,UNI013,,,Job Portal,20230115,0,,0,0,
STU001354,UNI025,CMP003,Software Engineer,On-Campus,20221015,1,7.94,2,2,21.0
STU001355,UNI014,CMP064,Operations Associate,Referral,20220915,1,16.98,1,1,75.0
STU001356,UNI021,CMP036,Operations Associate,Recruitment Agency,20221215,1,17.05,4,1,88.0
STU001357,UNI003,CMP040,Data Analyst,Referral,20230115,1,27.57,4,1,70.0
STU001358,UNI024,CMP031,Operations Associate,Job Portal,20221115,1,7.59,5,1,15.0
STU001359,UNI013,,,Direct Application,20230415,0,,0,0,
STU001360,UNI026,,,On-Campus,20221115,0,,0,0,
STU001361,UNI009,CMP029,Cloud Engineer,Recruitment Agency,20220915,1,12.9,4,1,45.0
STU001362,UNI021,,,On-Campus,20230315,0,,1,0,
STU001363,UNI014,CMP078,Cloud Engineer,Job Portal,20221015,1,16.23,2,1,92.0
STU001364,UNI025,CMP064,Financial Analyst,Recruitment Agency,20230115,1,23.2,4,1,86.0
STU001365,UNI010,CMP065,Software Engineer,Referral,20220915,1,9.45,3,1,20.0
STU001366,UNI021,CMP075,Operations Associate,Referral,20221215,1,15.7,5,1,61.0
STU001367,UNI029,,,Job Portal,20221015,0,,2,0,
STU001368,UNI011,,,Direct Application,20221115,0,,1,0,
STU001369,UNI002,CMP050,Systems Engineer,On-Campus,20221015,1,6.69,1,1,87.0
STU001370,UNI009,,,Recruitment Agency,20221115,0,,1,0,
STU001371,UNI011,,,Recruitment Agency,20221015,0,,0,0,
STU001372,UNI026,CMP044,QA Engineer,On-Campus,20220915,1,25.03,1,1,52.0
STU001373,UNI028,,,Direct Application,20230215,0,,2,0,
STU001374,UNI016,CMP026,Backend Engineer,Job Portal,20230315,1,15.51,5,1,72.0
STU001375,UNI029,,,Referral,20221115,0,,2,0,
STU001376,UNI024,,,On-Campus,20220915,0,,0,0,
STU001377,UNI001,,,Job Portal,20230115,0,,0,0,
STU001378,UNI011,CMP061,Business Analyst,On-Campus,20230115,1,10.08,5,1,9.0
STU001379,UNI030,CMP001,Business Analyst,On-Campus,20230415,1,14.16,1,1,55.0
STU001380,UNI027,,,Recruitment Agency,20230115,0,,0,0,
STU001381,UNI022,CMP017,Systems Engineer,Recruitment Agency,20220915,1,14.2,4,2,40.0
STU001382,UNI007,CMP065,Financial Analyst,Direct Application,20221015,1,13.86,4,1,63.0
STU001383,UNI016,CMP080,Design Engineer,Referral,20221015,1,6.05,3,1,42.0
STU001384,UNI010,CMP060,Frontend Engineer,Referral,20220815,1,10.64,2,2,16.0
STU001385,UNI030,CMP028,Software Engineer,Recruitment Agency,20230315,1,29.45,3,1,17.0
STU001386,UNI010,,,Direct Application,20221015,0,,0,0,
STU001387,UNI002,CMP058,Backend Engineer,On-Campus,20230115,1,19.39,4,1,63.0
STU001388,UNI024,CMP019,Product Analyst,Recruitment Agency,20230315,1,13.95,3,1,83.0
STU001389,UNI009,CMP052,ML Engineer,Direct Application,20230315,1,24.77,1,1,51.0
STU001390,UNI021,CMP052,Data Scientist,Direct Application,20221215,1,27.66,4,1,63.0
STU001391,UNI012,CMP035,Backend Engineer,Job Portal,20230215,1,18.37,3,1,59.0
STU001392,UNI013,,,Referral,20220915,0,,1,0,
STU001393,UNI025,,,Direct Application,20220915,0,,1,0,
STU001394,UNI002,CMP020,Systems Engineer,Direct Application,20230415,1,12.84,2,2,46.0
STU001395,UNI028,,,Direct Application,20221115,0,,0,0,
STU001396,UNI001,CMP043,Consultant,On-Campus,20220915,1,14.13,1,1,84.0
STU001397,UNI025,,,Direct Application,20220915,0,,1,0,
STU001398,UNI029,CMP005,QA Engineer,Referral,20230215,1,19.59,3,1,88.0
STU001399,UNI022,,,Direct Application,20230415,0,,1,0,
STU001400,UNI001,,,On-Campus,20221015,0,,0,0,
STU001401,UNI024,CMP045,Operations Associate,Referral,20230415,1,26.49,4,1,79.0
STU001402,UNI018,,,Job Portal,20221115,0,,1,0,
STU001403,UNI003,,,Recruitment Agency,20230415,0,,1,0,
STU001404,UNI029,,,On-Campus,20220915,0,,0,0,
STU001405,UNI004,,,Job Portal,20230415,0,,2,0,
STU001406,UNI025,,,Direct Application,20220915,0,,0,0,
STU001407,UNI008,,,Recruitment Agency,20230215,0,,1,0,
STU001408,UNI009,CMP047,Cloud Engineer,Job Portal,20230415,1,25.8,4,1,60.0
STU001409,UNI011,,,Referral,20230215,0,,0,0,
STU001410,UNI018,CMP068,Data Analyst,On-Campus,20221115,1,20.48,1,1,33.0
STU001411,UNI005,,,On-Campus,20230415,0,,2,0,
STU001412,UNI006,,,Referral,20230215,0,,0,0,
STU001413,UNI018,CMP044,Design Engineer,Direct Application,20220915,1,25.61,2,1,58.0
STU001414,UNI007,,,Referral,20230415,0,,0,0,
STU001415,UNI024,,,Job Portal,20220915,0,,1,0,
STU001416,UNI006,CMP059,Frontend Engineer,Direct Application,20221215,1,23.87,1,1,48.0
STU001417,UNI018,,,On-Campus,20220815,0,,2,0,
STU001418,UNI005,,,Job Portal,20220815,0,,1,0,
STU001419,UNI022,CMP045,Financial Analyst,Recruitment Agency,20220815,1,19.46,4,1,23.0
STU001420,UNI023,CMP053,Consultant,Recruitment Agency,20221115,1,10.06,2,1,73.0
STU001421,UNI030,CMP062,QA Engineer,Direct Application,20221115,1,13.07,2,1,35.0
STU001422,UNI026,,,Job Portal,20230115,0,,1,0,
STU001423,UNI003,,,Referral,20221015,0,,1,0,
STU001424,UNI017,,,Job Portal,20220815,0,,2,0,
STU001425,UNI025,CMP061,Consultant,Job Portal,20230215,1,8.6,2,1,31.0
STU001426,UNI009,CMP039,Consultant,Job Portal,20220815,1,10.52,1,1,64.0
STU001427,UNI023,CMP029,Frontend Engineer,On-Campus,20220815,1,6.99,4,1,25.0
STU001428,UNI008,CMP047,Systems Engineer,Referral,20220915,1,25.9,3,1,79.0
STU001429,UNI021,CMP048,QA Engineer,Direct Application,20230215,1,24.83,2,2,19.0
STU001430,UNI015,,,Recruitment Agency,20230215,0,,0,0,
STU001431,UNI015,,,Direct Application,20221015,0,,0,0,
STU001432,UNI007,CMP031,Product Analyst,Recruitment Agency,20230115,1,8.6,5,2,83.0
STU001433,UNI013,CMP049,Cloud Engineer,Direct Application,20230115,1,22.76,3,1,35.0
STU001434,UNI025,CMP042,Software Engineer,Referral,20221215,1,19.12,2,1,33.0
STU001435,UNI015,,,On-Campus,20230315,0,,1,0,
STU001436,UNI025,CMP072,Systems Engineer,Job Portal,20221015,1,8.12,5,1,8.0
STU001437,UNI004,CMP037,Product Analyst,Job Portal,20220915,1,9.4,5,3,34.0
STU001438,UNI018,CMP001,QA Engineer,On-Campus,20230115,1,11.03,1,1,32.0
STU001439,UNI001,CMP069,Business Analyst,Direct Application,20230315,1,7.6,3,1,87.0
STU001440,UNI014,CMP027,Systems Engineer,On-Campus,20220915,1,21.23,1,1,64.0
STU001441,UNI010,,,Referral,20230415,0,,0,0,
STU001442,UNI001,,,On-Campus,20230215,0,,1,0,
STU001443,UNI005,CMP033,QA Engineer,Referral,20230115,1,38.68,4,2,29.0
STU001444,UNI030,,,Referral,20230115,0,,0,0,
STU001445,UNI019,,,Referral,20230315,0,,1,0,
STU001446,UNI009,CMP076,Financial Analyst,Direct Application,20230415,1,11.74,4,2,47.0
STU001447,UNI021,CMP057,Consultant,Referral,20220815,1,33.79,5,1,54.0
STU001448,UNI005,,,Direct Application,20221115,0,,0,0,
STU001449,UNI002,CMP069,ML Engineer,Job Portal,20221015,1,10.16,1,2,86.0
STU001450,UNI016,CMP018,Operations Associate,On-Campus,20221115,1,16.76,5,1,30.0
STU001451,UNI003,CMP046,Business Analyst,Direct Application,20230115,1,25.28,2,1,16.0
STU001452,UNI023,,,On-Campus,20221015,0,,2,0,
STU001453,UNI014,CMP051,Cloud Engineer,Referral,20221215,1,29.19,1,1,34.0
STU001454,UNI025,,,Referral,20230115,0,,0,0,
STU001455,UNI017,CMP067,Systems Engineer,Recruitment Agency,20230415,1,20.56,4,1,37.0
STU001456,UNI026,CMP016,Consultant,Referral,20230315,1,39.92,2,1,78.0
STU001457,UNI006,CMP046,QA Engineer,Recruitment Agency,20221115,1,21.93,3,2,52.0
STU001458,UNI022,CMP019,Business Analyst,On-Campus,20221115,1,13.42,2,2,48.0
STU001459,UNI005,,,Job Portal,20230415,0,,2,0,
STU001460,UNI026,CMP062,Data Scientist,Referral,20230215,1,24.1,2,2,20.0
STU001461,UNI008,CMP045,Operations Associate,Referral,20230415,1,24.31,4,1,12.0
STU001462,UNI022,,,Direct Application,20220815,0,,1,0,
STU001463,UNI016,,,Referral,20230415,0,,1,0,
STU001464,UNI020,,,Direct Application,20221015,0,,0,0,
STU001465,UNI015,,,Referral,20220915,0,,1,0,
STU001466,UNI022,,,Job Portal,20221215,0,,0,0,
STU001467,UNI027,,,Direct Application,20221015,0,,0,0,
STU001468,UNI016,,,Referral,20220915,0,,2,0,
STU001469,UNI015,,,Job Portal,20230115,0,,0,0,
STU001470,UNI007,CMP047,Data Analyst,Referral,20221215,1,29.69,1,1,48.0
STU001471,UNI024,CMP062,ML Engineer,On-Campus,20221215,1,9.31,4,1,63.0
STU001472,UNI017,,,Referral,20220915,0,,1,0,
STU001473,UNI014,,,Recruitment Agency,20220915,0,,2,0,
STU001474,UNI010,,,Job Portal,20230315,0,,1,0,
STU001475,UNI011,,,On-Campus,20230115,0,,1,0,
STU001476,UNI006,,,Recruitment Agency,20230115,0,,0,0,
STU001477,UNI022,,,Referral,20221215,0,,0,0,
STU001478,UNI030,CMP057,ML Engineer,Referral,20220815,1,54.31,3,1,75.0
STU001479,UNI007,CMP025,Business Analyst,On-Campus,20230315,1,20.98,3,1,14.0
STU001480,UNI016,CMP075,Design Engineer,Referral,20220815,1,16.31,5,1,27.0
STU001481,UNI008,CMP055,Financial Analyst,Recruitment Agency,20221215,1,26.21,1,1,68.0
STU001482,UNI025,CMP005,Business Analyst,Referral,20230115,1,25.69,4,2,33.0
STU001483,UNI014,CMP062,Design Engineer,Referral,20221215,1,11.6,5,1,33.0
STU001484,UNI022,CMP048,Systems Engineer,Job Portal,20230315,1,19.23,4,2,83.0
STU001485,UNI026,CMP002,Backend Engineer,Job Portal,20230115,1,14.25,4,1,31.0
STU001486,UNI001,CMP019,Consultant,Recruitment Agency,20230115,1,14.91,4,1,94.0
STU001487,UNI010,CMP073,Design Engineer,Job Portal,20230415,1,21.98,2,2,33.0
STU001488,UNI028,CMP018,Financial Analyst,Direct Application,20230315,1,22.6,4,1,43.0
STU001489,UNI022,,,Direct Application,20221115,0,,2,0,
STU001490,UNI030,CMP073,Design Engineer,Referral,20230115,1,26.46,4,1,83.0
STU001491,UNI020,CMP001,Design Engineer,On-Campus,20221215,1,14.64,5,2,69.0
STU001492,UNI001,CMP063,Cloud Engineer,On-Campus,20221115,1,22.8,1,2,53.0
STU001493,UNI025,CMP064,Consultant,Referral,20230415,1,25.27,3,1,70.0
STU001494,UNI016,,,Referral,20230215,0,,1,0,
STU001495,UNI026,,,Referral,20221115,0,,2,0,
STU001496,UNI009,CMP033,Operations Associate,On-Campus,20221015,1,15.48,4,1,38.0
STU001497,UNI026,,,Direct Application,20221015,0,,2,0,
STU001498,UNI022,,,Direct Application,20221215,0,,2,0,
STU001499,UNI005,,,On-Campus,20230215,0,,1,0,
STU001500,UNI011,,,Referral,20221015,0,,0,0,
STU001501,UNI017,CMP079,ML Engineer,On-Campus,20220915,1,28.42,1,1,8.0
STU001502,UNI001,CMP079,Data Scientist,On-Campus,20230315,1,20.52,5,1,7.0
STU001503,UNI027,CMP036,Software Engineer,Referral,20230215,1,26.24,3,1,19.0
STU001504,UNI018,,,Recruitment Agency,20230315,0,,0,0,
STU001505,UNI007,,,Direct Application,20221015,0,,0,0,
STU001506,UNI025,,,On-Campus,20220915,0,,1,0,
STU001507,UNI008,,,Direct Application,20221115,0,,0,0,
STU001508,UNI012,,,On-Campus,20230215,0,,1,0,
STU001509,UNI002,CMP060,Consultant,Direct Application,20230415,1,10.64,5,1,82.0
STU001510,UNI015,CMP043,Data Analyst,Recruitment Agency,20221215,1,28.26,5,3,76.0
STU001511,UNI005,CMP055,Operations Associate,Direct Application,20230415,1,33.81,4,2,51.0
STU001512,UNI024,,,Referral,20220915,0,,0,0,
STU001513,UNI007,CMP037,ML Engineer,On-Campus,20230415,1,15.92,1,1,24.0
STU001514,UNI003,CMP001,ML Engineer,On-Campus,20230115,1,18.14,2,2,30.0
STU001515,UNI010,CMP036,Cloud Engineer,Referral,20230215,1,23.38,4,1,20.0
STU001516,UNI026,,,Referral,20230115,0,,2,0,
STU001517,UNI024,CMP006,Backend Engineer,Recruitment Agency,20230215,1,20.0,4,1,50.0
STU001518,UNI028,CMP069,Software Engineer,Direct Application,20221015,1,8.92,2,1,82.0
STU001519,UNI009,,,Referral,20230315,0,,1,0,
STU001520,UNI024,,,Referral,20221015,0,,2,0,
STU001521,UNI016,,,On-Campus,20230215,0,,0,0,
STU001522,UNI009,,,Referral,20221015,0,,2,0,
STU001523,UNI015,CMP059,QA Engineer,Direct Application,20220915,1,21.58,1,2,66.0
STU001524,UNI020,,,Direct Application,20221015,0,,0,0,
STU001525,UNI017,CMP075,Data Analyst,Job Portal,20230215,1,31.53,2,3,92.0
STU001526,UNI017,CMP074,Systems Engineer,Job Portal,20220815,1,14.37,5,2,68.0
STU001527,UNI004,,,Job Portal,20230115,0,,1,0,
STU001528,UNI008,CMP024,QA Engineer,Direct Application,20230215,1,17.54,1,1,84.0
STU001529,UNI019,CMP013,QA Engineer,Job Portal,20221115,1,25.01,2,3,16.0
STU001530,UNI024,,,Job Portal,20221115,0,,1,0,
STU001531,UNI022,,,On-Campus,20230415,0,,2,0,
STU001532,UNI025,CMP026,Cloud Engineer,Recruitment Agency,20230215,1,23.15,3,1,57.0
STU001533,UNI028,,,On-Campus,20230315,0,,2,0,
STU001534,UNI017,,,Referral,20230115,0,,2,0,
STU001535,UNI017,CMP050,Operations Associate,On-Campus,20230315,1,8.96,4,1,88.0
STU001536,UNI026,CMP032,Backend Engineer,Job Portal,20221215,1,35.02,2,1,11.0
STU001537,UNI002,CMP056,Product Analyst,Direct Application,20230115,1,28.63,4,1,36.0
STU001538,UNI001,,,Job Portal,20230315,0,,0,0,
STU001539,UNI018,CMP040,Software Engineer,Job Portal,20221215,1,26.31,2,1,33.0
STU001540,UNI005,CMP080,Cloud Engineer,Job Portal,20221115,1,18.88,5,3,86.0
STU001541,UNI028,CMP070,Backend Engineer,Recruitment Agency,20221115,1,22.04,4,2,37.0
STU001542,UNI007,,,Recruitment Agency,20230215,0,,2,0,
STU001543,UNI001,,,On-Campus,20230415,0,,0,0,
STU001544,UNI006,CMP068,Cloud Engineer,On-Campus,20230415,1,24.66,1,1,62.0
STU001545,UNI029,CMP055,QA Engineer,Recruitment Agency,20230415,1,25.68,3,3,40.0
STU001546,UNI016,,,On-Campus,20230415,0,,1,0,
STU001547,UNI014,CMP027,Software Engineer,Referral,20230315,1,31.96,4,1,41.0
STU001548,UNI005,CMP053,Frontend Engineer,Direct Application,20230115,1,16.52,2,2,42.0
STU001549,UNI030,CMP026,Consultant,Direct Application,20221215,1,48.43,4,2,39.0
STU001550,UNI020,CMP079,Frontend Engineer,Referral,20221215,1,33.62,1,2,42.0
STU001551,UNI010,CMP058,Operations Associate,Job Portal,20220815,1,11.65,1,1,13.0
STU001552,UNI027,,,Job Portal,20220815,0,,2,0,
STU001553,UNI021,CMP055,Backend Engineer,Recruitment Agency,20221115,1,26.54,2,1,34.0
STU001554,UNI008,CMP078,Data Scientist,Direct Application,20220815,1,12.72,1,1,58.0
STU001555,UNI020,CMP019,Systems Engineer,Direct Application,20230315,1,22.05,4,1,75.0
STU001556,UNI028,,,Recruitment Agency,20220815,0,,0,0,
STU001557,UNI017,CMP027,Systems Engineer,Recruitment Agency,20221015,1,26.95,4,1,90.0
STU001558,UNI021,,,Recruitment Agency,20220815,0,,1,0,
STU001559,UNI004,CMP080,Financial Analyst,On-Campus,20230315,1,8.77,5,3,25.0
STU001560,UNI023,CMP026,Design Engineer,Referral,20221215,1,21.13,1,1,61.0
STU001561,UNI011,CMP060,Financial Analyst,Recruitment Agency,20230115,1,8.56,1,1,7.0
STU001562,UNI023,CMP015,Financial Analyst,Job Portal,20230115,1,16.77,1,1,55.0
STU001563,UNI026,CMP053,Design Engineer,On-Campus,20221115,1,17.59,4,3,84.0
STU001564,UNI015,,,Job Portal,20230215,0,,2,0,
STU001565,UNI005,,,Referral,20221015,0,,1,0,
STU001566,UNI006,,,Job Portal,20230115,0,,0,0,
STU001567,UNI009,,,Direct Application,20230215,0,,0,0,
STU001568,UNI005,CMP030,Data Analyst,Job Portal,20221215,1,28.94,1,2,65.0
STU001569,UNI027,,,Referral,20221115,0,,1,0,
STU001570,UNI024,CMP027,Operations Associate,On-Campus,20221215,1,17.45,5,2,25.0
STU001571,UNI009,,,Job Portal,20221215,0,,1,0,
STU001572,UNI017,,,Referral,20220815,0,,2,0,
STU001573,UNI003,,,Job Portal,20221215,0,,1,0,
STU001574,UNI006,CMP060,Data Analyst,Recruitment Agency,20220915,1,11.04,5,1,11.0
STU001575,UNI003,CMP065,Frontend Engineer,Direct Application,20221115,1,11.43,1,1,30.0
STU001576,UNI023,CMP075,Consultant,Referral,20230315,1,21.27,2,2,29.0
STU001577,UNI027,,,Recruitment Agency,20230215,0,,0,0,
STU001578,UNI023,CMP020,Financial Analyst,Recruitment Agency,20220815,1,17.45,3,1,72.0
STU001579,UNI016,CMP029,QA Engineer,Direct Application,20221215,1,6.78,3,2,42.0
STU001580,UNI030,CMP063,ML Engineer,Recruitment Agency,20230315,1,46.94,4,1,30.0
STU001581,UNI008,CMP076,Frontend Engineer,Referral,20221115,1,11.1,3,1,22.0
STU001582,UNI025,,,On-Campus,20230115,0,,0,0,
STU001583,UNI018,CMP035,Cloud Engineer,Recruitment Agency,20220815,1,26.12,5,1,80.0
STU001584,UNI014,CMP064,Design Engineer,Referral,20221015,1,20.38,5,1,29.0
STU001585,UNI001,CMP006,Data Scientist,Recruitment Agency,20221115,1,24.04,4,1,9.0
STU001586,UNI028,CMP030,Frontend Engineer,On-Campus,20230315,1,18.66,5,1,55.0
STU001587,UNI027,CMP045,QA Engineer,Referral,20230315,1,13.62,3,1,88.0
STU001588,UNI011,,,Direct Application,20221215,0,,2,0,
STU001589,UNI010,CMP018,QA Engineer,Direct Application,20230315,1,16.93,1,2,53.0
STU001590,UNI024,CMP019,Software Engineer,Job Portal,20221215,1,19.22,1,1,68.0
STU001591,UNI003,CMP018,Design Engineer,Recruitment Agency,20220915,1,35.23,2,1,84.0
STU001592,UNI015,CMP034,QA Engineer,Recruitment Agency,20220815,1,35.93,3,4,50.0
STU001593,UNI017,,,Direct Application,20230315,0,,2,0,
STU001594,UNI015,CMP049,Backend Engineer,Recruitment Agency,20230415,1,42.53,2,3,63.0
STU001595,UNI011,,,Job Portal,20230415,0,,1,0,
STU001596,UNI025,,,On-Campus,20220915,0,,2,0,
STU001597,UNI022,,,Recruitment Agency,20221015,0,,2,0,
STU001598,UNI026,CMP068,Backend Engineer,Job Portal,20220915,1,32.16,2,1,89.0
STU001599,UNI015,CMP053,Business Analyst,Direct Application,20220915,1,19.52,1,1,78.0
STU001600,UNI012,CMP022,QA Engineer,On-Campus,20220815,1,13.42,3,1,92.0
STU001601,UNI001,CMP056,Backend Engineer,On-Campus,20230115,1,19.31,1,2,60.0
STU001602,UNI003,CMP062,Business Analyst,On-Campus,20230315,1,16.52,3,1,72.0
STU001603,UNI026,CMP048,Software Engineer,Direct Application,20221015,1,30.04,5,2,27.0
STU001604,UNI017,,,Referral,20221215,0,,2,0,
STU001605,UNI017,,,On-Campus,20220915,0,,1,0,
STU001606,UNI001,CMP010,Operations Associate,Direct Application,20230215,1,6.59,5,1,85.0
STU001607,UNI013,CMP077,Business Analyst,Direct Application,20221015,1,16.44,2,1,71.0
STU001608,UNI003,CMP080,Systems Engineer,On-Campus,20221115,1,10.54,5,2,54.0
STU001609,UNI007,,,Direct Application,20230415,0,,2,0,
STU001610,UNI008,,,Direct Application,20230415,0,,0,0,
STU001611,UNI006,,,Recruitment Agency,20221115,0,,1,0,
STU001612,UNI008,CMP032,Design Engineer,Referral,20230315,1,24.63,3,1,57.0
STU001613,UNI002,,,Referral,20221115,0,,1,0,
STU001614,UNI018,CMP038,Business Analyst,Referral,20220915,1,8.06,2,1,25.0
STU001615,UNI005,CMP042,Backend Engineer,Recruitment Agency,20221115,1,19.91,1,3,68.0
STU001616,UNI024,CMP066,Product Analyst,Job Portal,20221215,1,13.32,5,1,94.0
STU001617,UNI004,,,On-Campus,20230415,0,,1,0,
STU001618,UNI006,CMP017,Data Analyst,Referral,20221215,1,23.66,1,2,32.0
STU001619,UNI026,CMP060,Product Analyst,Recruitment Agency,20230415,1,16.38,5,1,46.0
STU001620,UNI018,CMP020,Backend Engineer,Job Portal,20221215,1,18.04,3,1,49.0
STU001621,UNI024,CMP077,ML Engineer,Job Portal,20230115,1,28.98,5,1,54.0
STU001622,UNI003,CMP060,Software Engineer,Direct Application,20230115,1,19.21,5,1,94.0
STU001623,UNI024,,,Direct Application,20230415,0,,2,0,
STU001624,UNI028,CMP017,Backend Engineer,On-Campus,20221115,1,14.99,4,2,59.0
STU001625,UNI013,,,Referral,20220915,0,,1,0,
STU001626,UNI017,CMP037,Design Engineer,Job Portal,20230115,1,9.78,1,2,19.0
STU001627,UNI014,,,Job Portal,20230215,0,,0,0,
STU001628,UNI011,,,Job Portal,20221215,0,,1,0,
STU001629,UNI018,CMP021,Frontend Engineer,On-Campus,20230415,1,8.25,3,1,22.0
STU001630,UNI014,CMP043,QA Engineer,Recruitment Agency,20221115,1,18.01,3,1,26.0
STU001631,UNI023,,,On-Campus,20221115,0,,0,0,
STU001632,UNI018,,,Referral,20230415,0,,1,0,
STU001633,UNI009,,,Direct Application,20220915,0,,2,0,
STU001634,UNI010,,,On-Campus,20230315,0,,2,0,
STU001635,UNI021,,,Direct Application,20221115,0,,2,0,
STU001636,UNI011,CMP065,Backend Engineer,Referral,20230315,1,9.71,2,2,18.0
STU001637,UNI025,CMP052,Operations Associate,Recruitment Agency,20221015,1,20.58,4,1,11.0
STU001638,UNI013,,,Job Portal,20230115,0,,2,0,
STU001639,UNI006,CMP043,Operations Associate,On-Campus,20221115,1,13.31,4,1,43.0
STU001640,UNI022,,,On-Campus,20230315,0,,0,0,
STU001641,UNI025,,,Direct Application,20230115,0,,0,0,
STU001642,UNI012,CMP051,Business Analyst,Referral,20230415,1,21.05,5,1,78.0
STU001643,UNI008,CMP078,Product Analyst,On-Campus,20221215,1,9.0,4,1,92.0
STU001644,UNI017,CMP026,ML Engineer,Referral,20220815,1,31.82,1,2,49.0
STU001645,UNI016,,,Referral,20221115,0,,1,0,
STU001646,UNI029,CMP025,Frontend Engineer,On-Campus,20230215,1,33.45,4,2,88.0
STU001647,UNI027,CMP021,Data Scientist,Referral,20230115,1,13.37,2,1,90.0
STU001648,UNI028,CMP077,Cloud Engineer,Recruitment Agency,20221015,1,24.81,3,1,77.0
STU001649,UNI021,,,Recruitment Agency,20230115,0,,0,0,
STU001650,UNI022,CMP055,Frontend Engineer,Referral,20221215,1,23.27,5,2,54.0
STU001651,UNI009,CMP080,Frontend Engineer,Recruitment Agency,20220815,1,13.13,5,1,40.0
STU001652,UNI022,,,Job Portal,20221215,0,,1,0,
STU001653,UNI017,CMP022,Data Scientist,Direct Application,20221215,1,38.71,4,1,59.0
STU001654,UNI030,CMP023,Operations Associate,Direct Application,20230315,1,24.05,2,2,70.0
STU001655,UNI008,CMP028,Systems Engineer,On-Campus,20220915,1,21.47,2,1,33.0
STU001656,UNI029,,,Recruitment Agency,20220915,0,,0,0,
STU001657,UNI029,,,Job Portal,20220915,0,,0,0,
STU001658,UNI012,CMP006,Frontend Engineer,Job Portal,20230115,1,13.2,4,2,88.0
STU001659,UNI004,CMP063,Operations Associate,Job Portal,20220815,1,10.48,5,1,75.0
STU001660,UNI006,CMP024,ML Engineer,Referral,20220915,1,28.71,1,1,82.0
STU001661,UNI004,CMP036,Frontend Engineer,Job Portal,20230115,1,13.07,3,2,57.0
STU001662,UNI008,CMP066,Software Engineer,Direct Application,20230315,1,12.33,1,1,7.0
STU001663,UNI028,CMP023,Data Scientist,Recruitment Agency,20230215,1,17.68,2,1,93.0
STU001664,UNI003,CMP050,Software Engineer,Recruitment Agency,20221115,1,15.65,1,1,28.0
STU001665,UNI009,CMP042,Backend Engineer,Job Portal,20221115,1,14.52,3,1,27.0
STU001666,UNI021,,,Job Portal,20221015,0,,2,0,
STU001667,UNI009,,,Direct Application,20220815,0,,0,0,
STU001668,UNI021,CMP030,ML Engineer,Recruitment Agency,20221215,1,31.56,2,1,86.0
STU001669,UNI026,CMP047,Consultant,Direct Application,20230315,1,35.93,2,1,9.0
STU001670,UNI027,CMP031,Operations Associate,Referral,20221115,1,7.92,1,1,13.0
STU001671,UNI026,,,Recruitment Agency,20221215,0,,0,0,
STU001672,UNI002,,,Job Portal,20221015,0,,2,0,
STU001673,UNI005,CMP077,Financial Analyst,On-Campus,20221115,1,20.82,3,1,7.0
STU001674,UNI025,CMP006,Backend Engineer,Recruitment Agency,20230315,1,28.34,4,2,33.0
STU001675,UNI026,CMP070,Backend Engineer,Job Portal,20221115,1,37.21,1,2,88.0
STU001676,UNI007,CMP001,Frontend Engineer,Referral,20221115,1,13.4,4,2,63.0
STU001677,UNI021,CMP044,Systems Engineer,Direct Application,20221015,1,21.04,5,1,63.0
STU001678,UNI016,,,Job Portal,20230215,0,,1,0,
STU001679,UNI024,CMP062,Product Analyst,On-Campus,20230215,1,7.69,5,1,24.0
STU001680,UNI009,,,Recruitment Agency,20230315,0,,2,0,
STU001681,UNI026,CMP038,Business Analyst,Direct Application,20221015,1,14.24,4,2,70.0
STU001682,UNI024,CMP065,ML Engineer,On-Campus,20221015,1,12.58,2,2,31.0
STU001683,UNI018,,,Recruitment Agency,20221215,0,,1,0,
STU001684,UNI001,,,Recruitment Agency,20220915,0,,2,0,
STU001685,UNI022,CMP071,Data Analyst,Recruitment Agency,20230115,1,16.27,5,1,23.0
STU001686,UNI025,,,Recruitment Agency,20220815,0,,2,0,
STU001687,UNI017,CMP054,Frontend Engineer,On-Campus,20220815,1,21.92,1,1,57.0
STU001688,UNI008,,,Job Portal,20220915,0,,0,0,
STU001689,UNI024,CMP049,Business Analyst,Direct Application,20220815,1,17.39,4,1,53.0
STU001690,UNI026,CMP012,ML Engineer,Direct Application,20221015,1,41.02,5,3,30.0
STU001691,UNI007,,,On-Campus,20230215,0,,2,0,
STU001692,UNI009,,,Referral,20230415,0,,1,0,
STU001693,UNI022,CMP033,Financial Analyst,Direct Application,20221215,1,19.32,2,1,57.0
STU001694,UNI019,,,Recruitment Agency,20221215,0,,1,0,
STU001695,UNI017,CMP016,Cloud Engineer,Direct Application,20230215,1,22.15,3,1,18.0
STU001696,UNI019,CMP011,Design Engineer,Job Portal,20220815,1,15.71,1,1,67.0
STU001697,UNI009,,,Job Portal,20230115,0,,1,0,
STU001698,UNI016,CMP032,Product Analyst,Direct Application,20221115,1,18.85,2,2,46.0
STU001699,UNI024,CMP019,Data Analyst,Referral,20221015,1,21.92,3,2,38.0
STU001700,UNI016,CMP021,Product Analyst,Direct Application,20230415,1,14.92,4,1,66.0
STU001701,UNI005,CMP031,Frontend Engineer,On-Campus,20221215,1,20.12,3,1,93.0
STU001702,UNI014,,,Referral,20221115,0,,0,0,
STU001703,UNI029,CMP051,Financial Analyst,Direct Application,20230215,1,34.87,1,1,65.0
STU001704,UNI004,CMP003,Frontend Engineer,Direct Application,20230315,1,8.48,2,1,53.0
STU001705,UNI015,,,Direct Application,20230415,0,,2,0,
STU001706,UNI014,CMP023,ML Engineer,On-Campus,20221115,1,26.38,1,1,35.0
STU001707,UNI022,,,Direct Application,20221215,0,,0,0,
STU001708,UNI011,,,Job Portal,20221115,0,,2,0,
STU001709,UNI011,CMP035,Consultant,Recruitment Agency,20220815,1,12.82,1,1,42.0
STU001710,UNI015,CMP031,ML Engineer,On-Campus,20221215,1,16.22,2,1,80.0
STU001711,UNI028,,,Referral,20220915,0,,1,0,
STU001712,UNI016,,,Direct Application,20221215,0,,2,0,
STU001713,UNI021,CMP069,Software Engineer,Job Portal,20220815,1,10.89,1,1,74.0
STU001714,UNI018,,,Recruitment Agency,20230315,0,,2,0,
STU001715,UNI022,CMP059,ML Engineer,Referral,20220815,1,23.49,3,1,31.0
STU001716,UNI028,,,Direct Application,20220815,0,,0,0,
STU001717,UNI024,CMP028,Design Engineer,Recruitment Agency,20220815,1,26.93,1,1,70.0
STU001718,UNI029,,,Job Portal,20220815,0,,0,0,
STU001719,UNI011,CMP079,Product Analyst,Direct Application,20230315,1,24.25,1,1,79.0
STU001720,UNI020,CMP078,Backend Engineer,Job Portal,20220915,1,20.16,4,1,26.0
STU001721,UNI014,CMP065,Consultant,Referral,20221215,1,13.78,4,1,46.0
STU001722,UNI010,,,On-Campus,20220915,0,,0,0,
STU001723,UNI015,,,Job Portal,20221115,0,,1,0,
STU001724,UNI026,CMP046,Product Analyst,On-Campus,20230315,1,31.6,3,3,71.0
STU001725,UNI018,CMP049,Design Engineer,On-Campus,20220915,1,16.97,3,1,14.0
STU001726,UNI025,CMP076,Consultant,On-Campus,20221215,1,12.43,4,1,30.0
STU001727,UNI026,CMP058,Software Engineer,Direct Application,20220915,1,31.61,4,1,79.0
STU001728,UNI008,,,Referral,20230315,0,,1,0,
STU001729,UNI002,CMP043,Data Scientist,Job Portal,20221215,1,18.84,2,1,73.0
STU001730,UNI023,CMP031,ML Engineer,On-Campus,20230115,1,9.95,5,1,50.0
STU001731,UNI009,CMP067,Product Analyst,Direct Application,20221115,1,23.87,2,1,84.0
STU001732,UNI026,,,Direct Application,20230315,0,,2,0,
STU001733,UNI016,CMP048,Backend Engineer,Referral,20230415,1,22.95,5,1,13.0
STU001734,UNI006,CMP065,Operations Associate,Referral,20220815,1,13.51,4,2,29.0
STU001735,UNI011,,,Direct Application,20230115,0,,0,0,
STU001736,UNI011,CMP068,Data Analyst,Job Portal,20230215,1,24.33,1,1,81.0
STU001737,UNI016,CMP043,Financial Analyst,On-Campus,20221015,1,16.52,4,1,45.0
STU001738,UNI021,CMP038,Data Scientist,Recruitment Agency,20220815,1,12.61,3,1,92.0
STU001739,UNI006,CMP026,ML Engineer,On-Campus,20230415,1,24.56,4,1,41.0
STU001740,UNI019,,,Job Portal,20220915,0,,1,0,
STU001741,UNI016,,,Job Portal,20230215,0,,1,0,
STU001742,UNI002,CMP062,Data Analyst,Job Portal,20220915,1,7.59,4,1,91.0
STU001743,UNI018,,,Job Portal,20230315,0,,1,0,
STU001744,UNI025,CMP036,Business Analyst,On-Campus,20220815,1,18.42,3,1,47.0
STU001745,UNI020,CMP055,Business Analyst,Recruitment Agency,20220815,1,31.67,5,2,62.0
STU001746,UNI012,,,Recruitment Agency,20221115,0,,1,0,
STU001747,UNI012,,,Direct Application,20230215,0,,0,0,
STU001748,UNI006,CMP055,Systems Engineer,On-Campus,20230415,1,17.85,4,1,13.0
STU001749,UNI016,CMP060,Consultant,On-Campus,20220815,1,12.31,2,1,93.0
STU001750,UNI021,,,On-Campus,20221015,0,,0,0,
STU001751,UNI005,CMP067,Operations Associate,Direct Application,20230315,1,25.22,5,3,24.0
STU001752,UNI020,,,Referral,20230315,0,,0,0,
STU001753,UNI024,,,Job Portal,20230115,0,,0,0,
STU001754,UNI019,CMP055,Design Engineer,Direct Application,20230215,1,32.83,3,2,49.0
STU001755,UNI001,CMP060,ML Engineer,Job Portal,20220815,1,13.53,1,2,48.0
STU001756,UNI027,,,Referral,20230415,0,,1,0,
STU001757,UNI027,CMP056,Cloud Engineer,Job Portal,20230215,1,17.77,5,1,89.0
STU001758,UNI011,CMP051,Data Scientist,On-Campus,20230115,1,26.67,1,1,52.0
STU001759,UNI027,,,Job Portal,20220915,0,,0,0,
STU001760,UNI023,CMP041,Software Engineer,Recruitment Agency,20220815,1,8.47,4,1,24.0
STU001761,UNI003,CMP066,Cloud Engineer,Referral,20221015,1,25.41,3,3,32.0
STU001762,UNI013,,,On-Campus,20230415,0,,0,0,
STU001763,UNI006,CMP004,Cloud Engineer,Recruitment Agency,20221015,1,13.35,2,1,77.0
STU001764,UNI003,CMP022,Design Engineer,Referral,20220815,1,41.14,1,1,50.0
STU001765,UNI019,CMP069,Consultant,Referral,20230115,1,28.92,4,3,45.0
STU001766,UNI025,CMP008,Frontend Engineer,Job Portal,20230215,1,24.01,4,2,54.0
STU001767,UNI024,,,Recruitment Agency,20221215,0,,1,0,
STU001768,UNI014,,,Job Portal,20221015,0,,1,0,
STU001769,UNI016,,,Referral,20230215,0,,0,0,
STU001770,UNI026,,,Direct Application,20230315,0,,0,0,
STU001771,UNI008,,,On-Campus,20220915,0,,0,0,
STU001772,UNI007,CMP027,Data Scientist,Direct Application,20230415,1,28.27,2,2,12.0
STU001773,UNI004,,,Direct Application,20230115,0,,0,0,
STU001774,UNI004,CMP054,Design Engineer,Referral,20230415,1,17.95,4,1,79.0
STU001775,UNI004,CMP005,Consultant,Referral,20230415,1,15.31,5,1,69.0
STU001776,UNI001,,,Referral,20221015,0,,0,0,
STU001777,UNI003,,,Direct Application,20230315,0,,1,0,
STU001778,UNI013,CMP028,ML Engineer,On-Campus,20221015,1,20.89,2,2,39.0
STU001779,UNI012,CMP037,Financial Analyst,On-Campus,20230115,1,8.65,5,1,11.0
STU001780,UNI003,CMP063,Software Engineer,Job Portal,20221015,1,34.06,5,2,10.0
STU001781,UNI018,CMP033,Systems Engineer,Referral,20221115,1,18.19,4,2,93.0
STU001782,UNI021,,,Recruitment Agency,20220915,0,,2,0,
STU001783,UNI023,,,Job Portal,20230115,0,,1,0,
STU001784,UNI008,CMP058,Financial Analyst,On-Campus,20220815,1,22.96,2,1,51.0
STU001785,UNI005,CMP008,Operations Associate,Recruitment Agency,20220815,1,38.91,5,2,45.0
STU001786,UNI007,,,Job Portal,20221215,0,,1,0,
STU001787,UNI016,CMP027,QA Engineer,On-Campus,20230415,1,11.45,3,1,53.0
STU001788,UNI010,CMP045,Business Analyst,Recruitment Agency,20220815,1,16.67,2,1,17.0
STU001789,UNI015,,,Direct Application,20230315,0,,0,0,
STU001790,UNI022,CMP046,Data Analyst,Job Portal,20221015,1,13.27,3,1,84.0
STU001791,UNI029,,,On-Campus,20221215,0,,2,0,
STU001792,UNI029,,,Direct Application,20221215,0,,2,0,
STU001793,UNI030,CMP062,Data Scientist,Direct Application,20220915,1,18.25,5,2,92.0
STU001794,UNI025,CMP076,Financial Analyst,Recruitment Agency,20230215,1,12.12,3,1,59.0
STU001795,UNI020,CMP017,Frontend Engineer,Job Portal,20221115,1,36.22,2,1,67.0
STU001796,UNI013,CMP021,ML Engineer,Direct Application,20221015,1,12.53,1,2,70.0
STU001797,UNI016,CMP059,Financial Analyst,Referral,20230415,1,17.19,5,1,49.0
STU001798,UNI030,CMP027,Software Engineer,Job Portal,20220915,1,43.15,4,3,73.0
STU001799,UNI005,CMP021,Data Analyst,Direct Application,20221115,1,12.61,2,1,20.0
STU001800,UNI003,CMP007,Consultant,Recruitment Agency,20220915,1,31.89,4,1,26.0
STU001801,UNI008,,,Direct Application,20220915,0,,0,0,
STU001802,UNI007,CMP046,Business Analyst,Job Portal,20230415,1,11.93,4,1,68.0
STU001803,UNI030,,,Direct Application,20220915,0,,2,0,
STU001804,UNI009,,,Direct Application,20220915,0,,1,0,
STU001805,UNI007,CMP012,Design Engineer,Job Portal,20221115,1,14.57,5,1,83.0
STU001806,UNI012,,,On-Campus,20220815,0,,0,0,
STU001807,UNI016,CMP013,Product Analyst,Direct Application,20230215,1,18.89,4,1,27.0
STU001808,UNI016,CMP045,QA Engineer,Direct Application,20221115,1,12.28,1,2,56.0
STU001809,UNI005,CMP053,Financial Analyst,Job Portal,20221015,1,11.43,5,2,30.0
STU001810,UNI011,CMP043,Consultant,Job Portal,20230115,1,17.28,3,1,81.0
STU001811,UNI011,CMP045,QA Engineer,Job Portal,20221115,1,11.33,2,2,25.0
STU001812,UNI006,CMP072,Data Scientist,Recruitment Agency,20220815,1,12.37,5,1,55.0
STU001813,UNI004,CMP003,Frontend Engineer,Direct Application,20230115,1,8.41,4,1,71.0
STU001814,UNI029,CMP078,Systems Engineer,Job Portal,20230415,1,8.54,2,1,27.0
STU001815,UNI022,,,On-Campus,20220915,0,,2,0,
STU001816,UNI013,,,Recruitment Agency,20221215,0,,2,0,
STU001817,UNI029,,,Direct Application,20221115,0,,0,0,
STU001818,UNI026,CMP076,Operations Associate,Recruitment Agency,20221115,1,11.69,5,1,17.0
STU001819,UNI028,CMP068,QA Engineer,Recruitment Agency,20230215,1,15.49,5,1,55.0
STU001820,UNI021,CMP023,Financial Analyst,Recruitment Agency,20220915,1,20.35,4,1,7.0
STU001821,UNI020,CMP017,Software Engineer,On-Campus,20220915,1,31.48,2,2,65.0
STU001822,UNI024,,,Recruitment Agency,20230315,0,,0,0,
STU001823,UNI012,,,Job Portal,20221115,0,,1,0,
STU001824,UNI015,CMP008,Backend Engineer,On-Campus,20221015,1,29.66,2,1,79.0
STU001825,UNI029,CMP080,Systems Engineer,On-Campus,20230315,1,8.27,5,1,20.0
STU001826,UNI014,CMP056,Frontend Engineer,On-Campus,20230315,1,24.22,4,1,56.0
STU001827,UNI030,CMP029,Software Engineer,Direct Application,20220815,1,15.24,3,1,47.0
STU001828,UNI025,CMP055,Design Engineer,Recruitment Agency,20221015,1,21.42,3,2,69.0
STU001829,UNI011,,,Direct Application,20221015,0,,2,0,
STU001830,UNI013,,,Job Portal,20230415,0,,1,0,
STU001831,UNI008,,,On-Campus,20221115,0,,0,0,
STU001832,UNI019,CMP040,Backend Engineer,Referral,20220815,1,41.06,4,3,13.0
STU001833,UNI011,,,On-Campus,20220915,0,,2,0,
STU001834,UNI008,CMP058,Financial Analyst,On-Campus,20230115,1,16.18,2,1,52.0
STU001835,UNI003,,,Recruitment Agency,20230115,0,,1,0,
STU001836,UNI022,CMP027,Backend Engineer,Job Portal,20220815,1,21.42,3,1,85.0
STU001837,UNI003,CMP035,Product Analyst,Job Portal,20230115,1,25.31,3,2,60.0
STU001838,UNI028,,,On-Campus,20230315,0,,0,0,
STU001839,UNI005,,,Job Portal,20230115,0,,1,0,
STU001840,UNI025,CMP059,Data Scientist,Direct Application,20221215,1,24.36,5,1,7.0
STU001841,UNI017,,,Job Portal,20221215,0,,0,0,
STU001842,UNI027,CMP019,Cloud Engineer,Referral,20230215,1,18.34,1,1,70.0
STU001843,UNI029,,,Referral,20221015,0,,1,0,
STU001844,UNI009,CMP066,Operations Associate,Direct Application,20221215,1,9.65,4,3,12.0
STU001845,UNI022,CMP034,Business Analyst,Direct Application,20230415,1,17.54,3,2,84.0
STU001846,UNI017,CMP065,Frontend Engineer,On-Campus,20221215,1,9.17,5,1,36.0
STU001847,UNI017,,,Direct Application,20221215,0,,0,0,
STU001848,UNI017,CMP063,Backend Engineer,Recruitment Agency,20221215,1,18.47,4,1,90.0
STU001849,UNI010,CMP012,ML Engineer,Job Portal,20230315,1,16.27,5,1,84.0
STU001850,UNI002,,,Referral,20230115,0,,2,0,
STU001851,UNI008,CMP018,Cloud Engineer,On-Campus,20221115,1,30.6,4,1,16.0
STU001852,UNI006,CMP074,Software Engineer,On-Campus,20230215,1,22.61,1,1,77.0
STU001853,UNI025,CMP061,ML Engineer,Job Portal,20220915,1,14.77,1,1,88.0
STU001854,UNI027,CMP067,Operations Associate,On-Campus,20221115,1,19.16,3,2,88.0
STU001855,UNI012,,,Direct Application,20220915,0,,2,0,
STU001856,UNI011,,,Job Portal,20221215,0,,1,0,
STU001857,UNI008,,,Referral,20230315,0,,2,0,
STU001858,UNI016,CMP031,Backend Engineer,Direct Application,20230115,1,12.43,2,1,22.0
STU001859,UNI001,,,Recruitment Agency,20221215,0,,1,0,
STU001860,UNI006,,,Referral,20220815,0,,0,0,
STU001861,UNI019,,,Referral,20220915,0,,0,0,
STU001862,UNI027,CMP048,Design Engineer,Recruitment Agency,20230315,1,17.13,2,1,16.0
STU001863,UNI030,,,Recruitment Agency,20230415,0,,2,0,
STU001864,UNI024,CMP077,Backend Engineer,Recruitment Agency,20221015,1,22.86,1,1,14.0
STU001865,UNI017,CMP070,Systems Engineer,Direct Application,20220815,1,19.1,3,1,37.0
STU001866,UNI015,CMP020,Financial Analyst,Direct Application,20230415,1,33.94,4,2,75.0
STU001867,UNI020,CMP055,Frontend Engineer,Referral,20230215,1,39.02,1,1,37.0
STU001868,UNI017,CMP033,Operations Associate,Job Portal,20230115,1,13.98,1,1,65.0
STU001869,UNI024,CMP048,QA Engineer,Recruitment Agency,20230215,1,17.69,1,1,37.0
STU001870,UNI020,,,Job Portal,20221115,0,,2,0,
STU001871,UNI010,,,Direct Application,20230415,0,,1,0,
STU001872,UNI002,CMP028,Business Analyst,Referral,20220915,1,20.53,1,1,73.0
STU001873,UNI019,,,Recruitment Agency,20221015,0,,0,0,
STU001874,UNI024,CMP035,Software Engineer,Recruitment Agency,20220915,1,23.41,3,2,23.0
STU001875,UNI015,CMP062,Business Analyst,Job Portal,20230315,1,10.44,4,1,90.0
STU001876,UNI007,CMP028,Product Analyst,Job Portal,20230315,1,28.96,3,1,26.0
STU001877,UNI023,CMP034,Financial Analyst,Referral,20221115,1,20.34,3,1,89.0
STU001878,UNI021,,,Recruitment Agency,20230315,0,,0,0,
STU001879,UNI026,CMP058,Backend Engineer,On-Campus,20230115,1,45.73,3,1,13.0
STU001880,UNI015,,,Job Portal,20230315,0,,2,0,
STU001881,UNI028,CMP044,ML Engineer,Referral,20230315,1,31.96,5,1,62.0
STU001882,UNI012,CMP066,Backend Engineer,Referral,20230415,1,11.67,1,1,62.0
STU001883,UNI010,CMP031,Operations Associate,Recruitment Agency,20230215,1,5.48,3,1,90.0
STU001884,UNI017,,,Direct Application,20221115,0,,1,0,
STU001885,UNI024,CMP020,Data Scientist,Job Portal,20230215,1,16.05,1,1,14.0
STU001886,UNI020,,,Job Portal,20230215,0,,1,0,
STU001887,UNI030,,,On-Campus,20230215,0,,2,0,
STU001888,UNI028,,,Job Portal,20220815,0,,0,0,
STU001889,UNI021,,,On-Campus,20230415,0,,2,0,
STU001890,UNI023,,,Job Portal,20221115,0,,1,0,
STU001891,UNI001,,,On-Campus,20220915,0,,2,0,
STU001892,UNI002,CMP072,Data Analyst,On-Campus,20230115,1,8.76,5,1,17.0
STU001893,UNI019,CMP069,Cloud Engineer,On-Campus,20230115,1,14.82,2,1,12.0
STU001894,UNI019,,,Direct Application,20230115,0,,1,0,
STU001895,UNI013,,,Direct Application,20230215,0,,1,0,
STU001896,UNI011,CMP078,Cloud Engineer,Job Portal,20221015,1,9.33,1,1,25.0
STU001897,UNI008,,,On-Campus,20230215,0,,2,0,
STU001898,UNI026,CMP005,Consultant,Direct Application,20220915,1,46.51,2,2,37.0
STU001899,UNI012,,,Job Portal,20221115,0,,0,0,
STU001900,UNI023,CMP070,Cloud Engineer,On-Campus,20221115,1,28.12,3,1,82.0
STU001901,UNI010,,,Referral,20221015,0,,0,0,
STU001902,UNI004,CMP044,Product Analyst,On-Campus,20221215,1,19.49,2,1,26.0
STU001903,UNI016,CMP059,Business Analyst,Recruitment Agency,20230415,1,13.68,2,1,25.0
STU001904,UNI003,CMP009,Data Scientist,Job Portal,20221015,1,44.77,1,2,19.0
STU001905,UNI010,CMP001,Backend Engineer,Direct Application,20221015,1,9.41,5,2,77.0
STU001906,UNI004,,,Direct Application,20230315,0,,2,0,
STU001907,UNI010,CMP011,Cloud Engineer,Recruitment Agency,20221015,1,9.39,3,1,75.0
STU001908,UNI007,CMP017,Data Scientist,On-Campus,20221015,1,23.05,3,1,28.0
STU001909,UNI024,CMP031,ML Engineer,On-Campus,20230215,1,11.6,2,1,37.0
STU001910,UNI002,,,Job Portal,20220915,0,,0,0,
STU001911,UNI006,,,Direct Application,20230315,0,,2,0,
STU001912,UNI021,CMP071,Backend Engineer,On-Campus,20230215,1,24.3,5,1,65.0
STU001913,UNI017,,,Job Portal,20220815,0,,1,0,
STU001914,UNI011,CMP006,QA Engineer,Referral,20221215,1,14.55,4,1,42.0
STU001915,UNI021,CMP050,Financial Analyst,On-Campus,20221115,1,10.74,1,1,40.0
STU001916,UNI002,CMP048,Frontend Engineer,Job Portal,20230115,1,14.58,5,1,66.0
STU001917,UNI013,,,Referral,20230215,0,,0,0,
STU001918,UNI020,,,Direct Application,20221015,0,,1,0,
STU001919,UNI007,,,Direct Application,20221115,0,,2,0,
STU001920,UNI014,CMP031,Data Scientist,Referral,20230415,1,12.66,3,1,91.0
STU001921,UNI010,CMP011,Systems Engineer,Recruitment Agency,20230115,1,5.77,3,1,27.0
STU001922,UNI009,,,Job Portal,20221215,0,,1,0,
STU001923,UNI021,CMP005,Cloud Engineer,Direct Application,20230215,1,25.09,2,1,32.0
STU001924,UNI023,,,Recruitment Agency,20221215,0,,2,0,
STU001925,UNI026,CMP067,Systems Engineer,Job Portal,20221015,1,23.86,5,1,79.0
STU001926,UNI012,CMP072,Systems Engineer,On-Campus,20221015,1,9.8,5,2,43.0
STU001927,UNI001,,,Recruitment Agency,20230415,0,,0,0,
STU001928,UNI020,,,Direct Application,20221215,0,,1,0,
STU001929,UNI015,,,On-Campus,20230215,0,,2,0,
STU001930,UNI017,CMP049,Financial Analyst,Direct Application,20221215,1,23.02,4,1,40.0
STU001931,UNI022,,,Recruitment Agency,20220915,0,,1,0,
STU001932,UNI028,,,Job Portal,20221015,0,,1,0,
STU001933,UNI016,,,Job Portal,20230215,0,,0,0,
STU001934,UNI016,CMP027,Data Scientist,Direct Application,20230415,1,27.96,4,1,94.0
STU001935,UNI022,CMP046,Consultant,On-Campus,20221215,1,12.78,5,2,63.0
STU001936,UNI014,CMP012,QA Engineer,On-Campus,20221115,1,17.1,5,1,62.0
STU001937,UNI015,,,Job Portal,20230315,0,,0,0,
STU001938,UNI027,CMP021,Backend Engineer,On-Campus,20230215,1,14.4,5,1,43.0
STU001939,UNI028,CMP053,Product Analyst,Direct Application,20230415,1,8.28,3,1,42.0
STU001940,UNI014,CMP055,Systems Engineer,Direct Application,20221015,1,25.06,4,2,34.0
STU001941,UNI019,CMP068,Data Analyst,Direct Application,20221015,1,43.81,2,1,29.0
STU001942,UNI017,,,Job Portal,20230115,0,,2,0,
STU001943,UNI028,CMP049,Operations Associate,Job Portal,20220915,1,14.76,2,1,8.0
STU001944,UNI001,CMP055,Cloud Engineer,Referral,20221015,1,25.02,4,1,68.0
STU001945,UNI010,CMP036,Frontend Engineer,Direct Application,20221115,1,21.97,4,1,39.0
STU001946,UNI001,CMP065,Data Scientist,Recruitment Agency,20221115,1,8.64,2,1,71.0
STU001947,UNI002,,,Direct Application,20221115,0,,0,0,
STU001948,UNI016,CMP029,Product Analyst,On-Campus,20230315,1,11.21,3,1,9.0
STU001949,UNI025,CMP020,Software Engineer,Direct Application,20221015,1,30.43,3,1,52.0
STU001950,UNI015,,,Direct Application,20221115,0,,0,0,
STU001951,UNI019,CMP071,Frontend Engineer,On-Campus,20221215,1,28.43,5,2,34.0
STU001952,UNI013,,,Recruitment Agency,20230315,0,,1,0,
STU001953,UNI013,CMP014,Business Analyst,Recruitment Agency,20230315,1,8.13,1,2,7.0
STU001954,UNI009,,,Job Portal,20230115,0,,2,0,
STU001955,UNI002,CMP075,Frontend Engineer,Referral,20221015,1,19.72,5,2,89.0
STU001956,UNI020,,,Recruitment Agency,20221115,0,,0,0,
STU001957,UNI023,,,Referral,20230115,0,,0,0,
STU001958,UNI005,CMP032,Operations Associate,On-Campus,20230115,1,29.27,3,2,51.0
STU001959,UNI025,CMP017,Business Analyst,Direct Application,20220915,1,15.7,4,1,81.0
STU001960,UNI013,,,Job Portal,20230415,0,,0,0,
STU001961,UNI003,CMP001,QA Engineer,Recruitment Agency,20230415,1,13.1,2,1,33.0
STU001962,UNI018,CMP059,Product Analyst,Referral,20221215,1,25.24,1,1,86.0
STU001963,UNI030,,,Job Portal,20221115,0,,2,0,
STU001964,UNI026,CMP074,Frontend Engineer,Job Portal,20221215,1,32.41,3,3,19.0
STU001965,UNI026,CMP021,Systems Engineer,Referral,20221115,1,21.92,2,1,60.0
STU001966,UNI001,CMP008,Consultant,Job Portal,20221115,1,11.98,4,1,23.0
STU001967,UNI028,CMP075,Product Analyst,On-Campus,20230315,1,16.29,4,2,44.0
STU001968,UNI024,,,Direct Application,20230415,0,,1,0,
STU001969,UNI019,CMP077,Backend Engineer,On-Campus,20220815,1,37.65,5,1,65.0
STU001970,UNI010,CMP064,Consultant,On-Campus,20221215,1,19.44,1,1,42.0
STU001971,UNI021,,,Recruitment Agency,20230415,0,,2,0,
STU001972,UNI022,,,Direct Application,20221015,0,,1,0,
STU001973,UNI022,,,Job Portal,20230315,0,,2,0,
STU001974,UNI017,,,Job Portal,20221015,0,,2,0,
STU001975,UNI028,CMP014,QA Engineer,Referral,20220915,1,11.88,3,1,63.0
STU001976,UNI002,,,Referral,20220915,0,,2,0,
STU001977,UNI013,,,On-Campus,20230315,0,,2,0,
STU001978,UNI030,,,Referral,20221115,0,,1,0,
STU001979,UNI028,CMP015,Data Scientist,On-Campus,20220915,1,24.27,4,1,47.0
STU001980,UNI001,,,Recruitment Agency,20221215,0,,1,0,
STU001981,UNI030,,,Recruitment Agency,20230115,0,,0,0,
STU001982,UNI012,CMP040,Consultant,On-Campus,20221115,1,13.36,1,1,56.0
STU001983,UNI023,,,Direct Application,20230115,0,,2,0,
STU001984,UNI013,,,Referral,20221115,0,,1,0,
STU001985,UNI006,,,Job Portal,20230215,0,,2,0,
STU001986,UNI024,CMP064,Cloud Engineer,On-Campus,20230415,1,23.41,1,1,58.0
STU001987,UNI013,CMP025,Financial Analyst,Recruitment Agency,20221115,1,22.81,2,1,55.0
STU001988,UNI007,CMP024,Data Scientist,Recruitment Agency,20230115,1,32.27,3,1,33.0
STU001989,UNI020,,,Direct Application,20220815,0,,1,0,
STU001990,UNI025,CMP072,Operations Associate,On-Campus,20230215,1,9.39,3,3,67.0
STU001991,UNI006,CMP042,Data Scientist,Referral,20220915,1,16.94,2,1,69.0
STU001992,UNI012,CMP021,Consultant,Direct Application,20221115,1,12.0,2,2,32.0
STU001993,UNI002,CMP077,Business Analyst,Job Portal,20230215,1,19.18,5,2,60.0
STU001994,UNI025,CMP062,Data Scientist,Job Portal,20230315,1,13.28,4,1,79.0
STU001995,UNI016,CMP034,QA Engineer,On-Campus,20220915,1,19.19,5,1,77.0
STU001996,UNI020,,,Direct Application,20221015,0,,2,0,
STU001997,UNI022,CMP023,Cloud Engineer,Direct Application,20230315,1,15.22,2,2,43.0
STU001998,UNI006,CMP025,Operations Associate,Referral,20221015,1,19.51,5,1,16.0
STU001999,UNI029,,,Recruitment Agency,20230215,0,,2,0,
STU002000,UNI021,CMP079,Financial Analyst,Job Portal,20230315,1,27.42,1,2,67.0
STU002001,UNI018,CMP054,Financial Analyst,Referral,20230415,1,23.87,5,1,87.0
STU002002,UNI009,CMP022,ML Engineer,Referral,20230315,1,46.82,4,1,9.0
STU002003,UNI008,CMP022,Financial Analyst,On-Campus,20221015,1,24.41,2,1,33.0
STU002004,UNI001,,,Job Portal,20230115,0,,0,0,
STU002005,UNI002,CMP019,ML Engineer,Direct Application,20230415,1,16.73,4,1,62.0
STU002006,UNI002,,,On-Campus,20221015,0,,1,0,
STU002007,UNI013,CMP016,Frontend Engineer,Referral,20230315,1,16.89,4,1,27.0
STU002008,UNI014,CMP018,Systems Engineer,Referral,20230115,1,29.47,4,1,7.0
STU002009,UNI023,,,On-Campus,20220915,0,,2,0,
STU002010,UNI024,CMP029,ML Engineer,Referral,20221015,1,19.61,2,1,8.0
STU002011,UNI026,CMP022,Systems Engineer,Direct Application,20220815,1,36.86,4,1,62.0
STU002012,UNI029,CMP016,Data Scientist,Referral,20230415,1,31.03,5,1,28.0
STU002013,UNI026,,,On-Campus,20230215,0,,1,0,
STU002014,UNI005,CMP049,Product Analyst,Referral,20221115,1,47.41,1,1,64.0
STU002015,UNI024,CMP049,Financial Analyst,Referral,20230115,1,35.18,4,2,19.0
STU002016,UNI008,CMP022,Consultant,Recruitment Agency,20220815,1,34.06,2,1,83.0
STU002017,UNI001,,,Referral,20221115,0,,1,0,
STU002018,UNI021,CMP014,Systems Engineer,On-Campus,20230415,1,12.4,1,1,17.0
STU002019,UNI017,,,Recruitment Agency,20221115,0,,1,0,
STU002020,UNI018,,,Direct Application,20230115,0,,0,0,
STU002021,UNI008,CMP011,Software Engineer,Recruitment Agency,20221215,1,11.63,4,1,41.0
STU002022,UNI028,CMP066,Operations Associate,Recruitment Agency,20221115,1,7.33,5,1,40.0
STU002023,UNI007,CMP041,Design Engineer,Direct Application,20230315,1,11.33,4,1,69.0
STU002024,UNI011,CMP034,Consultant,Recruitment Agency,20230415,1,17.01,4,1,66.0
STU002025,UNI018,CMP017,Business Analyst,On-Campus,20230315,1,18.09,3,1,10.0
STU002026,UNI009,,,On-Campus,20230315,0,,0,0,
STU002027,UNI010,CMP001,Operations Associate,On-Campus,20221115,1,5.33,2,2,20.0
STU002028,UNI005,,,Recruitment Agency,20230315,0,,0,0,
STU002029,UNI012,CMP054,Data Scientist,On-Campus,20221115,1,19.3,3,1,10.0
STU002030,UNI021,,,On-Campus,20230115,0,,0,0,
STU002031,UNI003,,,Recruitment Agency,20220815,0,,0,0,
STU002032,UNI013,,,On-Campus,20220915,0,,2,0,
STU002033,UNI017,CMP021,Financial Analyst,Referral,20230115,1,12.16,5,1,85.0
STU002034,UNI015,CMP036,QA Engineer,On-Campus,20230415,1,26.84,2,2,60.0
STU002035,UNI008,CMP080,Product Analyst,On-Campus,20230115,1,13.15,4,1,22.0
STU002036,UNI004,CMP055,QA Engineer,On-Campus,20221215,1,17.96,4,1,71.0
STU002037,UNI027,CMP018,Data Analyst,Direct Application,20220915,1,22.68,1,1,62.0
STU002038,UNI007,CMP069,Frontend Engineer,On-Campus,20220915,1,9.63,2,1,28.0
STU002039,UNI008,,,Direct Application,20220815,0,,0,0,
STU002040,UNI014,CMP077,Data Analyst,Direct Application,20230115,1,28.7,1,2,60.0
STU002041,UNI009,CMP013,Systems Engineer,Direct Application,20230315,1,19.41,2,1,57.0
STU002042,UNI019,,,Job Portal,20230215,0,,2,0,
STU002043,UNI003,CMP072,Frontend Engineer,Direct Application,20230415,1,15.36,3,1,21.0
STU002044,UNI004,,,Recruitment Agency,20220815,0,,2,0,
STU002045,UNI015,,,Referral,20220815,0,,2,0,
STU002046,UNI030,,,On-Campus,20230215,0,,1,0,
STU002047,UNI020,CMP008,Cloud Engineer,On-Campus,20221215,1,35.92,2,2,93.0
STU002048,UNI018,,,Referral,20230215,0,,0,0,
STU002049,UNI012,CMP065,Design Engineer,Direct Application,20221015,1,7.0,5,1,71.0
STU002050,UNI013,CMP040,Operations Associate,On-Campus,20221115,1,17.1,2,1,35.0
STU002051,UNI018,CMP044,Systems Engineer,Direct Application,20221215,1,26.69,4,1,45.0
STU002052,UNI019,CMP064,Product Analyst,On-Campus,20221215,1,23.04,4,1,72.0
STU002053,UNI028,CMP056,Frontend Engineer,On-Campus,20230415,1,20.99,5,1,11.0
STU002054,UNI021,CMP074,Financial Analyst,Job Portal,20230315,1,21.67,2,1,46.0
STU002055,UNI003,CMP003,Design Engineer,Referral,20230215,1,13.88,4,3,69.0
STU002056,UNI013,CMP066,Design Engineer,Recruitment Agency,20230115,1,6.55,1,1,60.0
STU002057,UNI006,CMP024,Design Engineer,Referral,20221115,1,23.1,5,1,63.0
STU002058,UNI015,CMP044,Software Engineer,Referral,20230315,1,43.57,4,3,47.0
STU002059,UNI007,,,Referral,20221015,0,,0,0,
STU002060,UNI001,,,Direct Application,20230215,0,,1,0,
STU002061,UNI017,CMP018,Software Engineer,On-Campus,20220915,1,21.26,4,1,10.0
STU002062,UNI019,,,Referral,20220815,0,,0,0,
STU002063,UNI018,,,On-Campus,20221115,0,,2,0,
STU002064,UNI010,CMP064,QA Engineer,Direct Application,20220815,1,10.43,3,2,36.0
STU002065,UNI020,CMP041,QA Engineer,Referral,20221115,1,14.58,4,1,72.0
STU002066,UNI029,,,Recruitment Agency,20230215,0,,1,0,
STU002067,UNI001,CMP002,ML Engineer,On-Campus,20221115,1,10.92,5,2,86.0
STU002068,UNI007,,,Referral,20220915,0,,0,0,
STU002069,UNI022,CMP026,Cloud Engineer,Direct Application,20221015,1,20.53,1,2,29.0
STU002070,UNI015,CMP003,ML Engineer,Direct Application,20230115,1,21.31,5,2,81.0
STU002071,UNI026,CMP077,Operations Associate,Direct Application,20230215,1,32.59,4,2,30.0
STU002072,UNI010,CMP016,Systems Engineer,Job Portal,20221115,1,16.51,2,1,15.0
STU002073,UNI010,CMP041,Data Analyst,Recruitment Agency,20221015,1,9.54,3,1,91.0
STU002074,UNI026,CMP011,Business Analyst,Direct Application,20221015,1,14.47,3,1,87.0
STU002075,UNI018,,,Recruitment Agency,20221215,0,,2,0,
STU002076,UNI022,CMP061,Data Scientist,Job Portal,20221015,1,9.63,1,3,93.0
STU002077,UNI009,,,Referral,20230115,0,,2,0,
STU002078,UNI014,,,On-Campus,20220915,0,,2,0,
STU002079,UNI017,,,Recruitment Agency,20230215,0,,2,0,
STU002080,UNI009,CMP015,Business Analyst,Direct Application,20230315,1,21.85,1,2,11.0
STU002081,UNI017,,,Job Portal,20220915,0,,1,0,
STU002082,UNI009,,,Direct Application,20230215,0,,1,0,
STU002083,UNI019,,,On-Campus,20230415,0,,1,0,
STU002084,UNI029,CMP047,Business Analyst,Job Portal,20230115,1,21.43,5,2,52.0
STU002085,UNI018,,,Job Portal,20220815,0,,1,0,
STU002086,UNI024,CMP043,Design Engineer,Direct Application,20221015,1,11.93,4,1,79.0
STU002087,UNI015,CMP045,Cloud Engineer,On-Campus,20230115,1,34.43,3,2,24.0
STU002088,UNI018,CMP006,Product Analyst,Referral,20230415,1,25.4,5,1,89.0
STU002089,UNI023,,,Recruitment Agency,20230415,0,,0,0,
STU002090,UNI027,,,Recruitment Agency,20220915,0,,2,0,
STU002091,UNI027,,,Job Portal,20230315,0,,0,0,
STU002092,UNI009,CMP078,Product Analyst,Referral,20221115,1,12.49,1,3,12.0
STU002093,UNI009,CMP051,Cloud Engineer,Recruitment Agency,20220915,1,29.1,4,1,88.0
STU002094,UNI011,CMP070,Operations Associate,On-Campus,20230415,1,16.87,4,2,10.0
STU002095,UNI020,CMP013,Systems Engineer,Recruitment Agency,20221115,1,34.8,3,1,83.0
STU002096,UNI011,CMP032,Backend Engineer,Direct Application,20220915,1,20.49,3,1,89.0
STU002097,UNI015,,,Referral,20221015,0,,1,0,
STU002098,UNI015,,,Referral,20221215,0,,1,0,
STU002099,UNI013,CMP045,QA Engineer,Direct Application,20230115,1,14.6,5,1,12.0
STU002100,UNI022,CMP006,Backend Engineer,Referral,20221115,1,25.11,2,1,85.0
STU002101,UNI028,CMP053,Financial Analyst,Referral,20230315,1,6.95,1,1,31.0
STU002102,UNI016,,,Job Portal,20220915,0,,0,0,
STU002103,UNI010,,,On-Campus,20221015,0,,0,0,
STU002104,UNI017,CMP072,Systems Engineer,Job Portal,20220815,1,7.92,2,2,55.0
STU002105,UNI008,,,Recruitment Agency,20230315,0,,2,0,
STU002106,UNI010,,,Direct Application,20230415,0,,0,0,
STU002107,UNI004,,,Direct Application,20230415,0,,2,0,
STU002108,UNI024,,,Referral,20230115,0,,1,0,
STU002109,UNI012,CMP016,Product Analyst,On-Campus,20230215,1,21.48,5,2,27.0
STU002110,UNI008,CMP018,Financial Analyst,Job Portal,20220915,1,27.37,2,1,52.0
STU002111,UNI025,CMP007,Data Analyst,Job Portal,20230315,1,15.87,1,1,92.0
STU002112,UNI003,CMP058,Design Engineer,On-Campus,20230415,1,29.88,2,1,27.0
STU002113,UNI022,,,Referral,20230215,0,,0,0,
STU002114,UNI006,,,Recruitment Agency,20220915,0,,2,0,
STU002115,UNI012,,,Job Portal,20221115,0,,2,0,
STU002116,UNI019,,,On-Campus,20230415,0,,2,0,
STU002117,UNI014,CMP003,Cloud Engineer,Job Portal,20230215,1,13.72,5,3,51.0
STU002118,UNI017,CMP060,Data Scientist,Recruitment Agency,20220815,1,12.6,4,1,47.0
STU002119,UNI001,CMP049,ML Engineer,Job Portal,20221215,1,33.66,2,2,22.0
STU002120,UNI016,,,Recruitment Agency,20221215,0,,0,0,
STU002121,UNI013,CMP047,ML Engineer,Job Portal,20230215,1,19.75,5,1,66.0
STU002122,UNI026,CMP055,Design Engineer,Recruitment Agency,20230415,1,33.9,3,4,52.0
STU002123,UNI025,CMP038,Operations Associate,Job Portal,20220815,1,7.83,1,1,27.0
STU002124,UNI005,CMP078,Data Analyst,Recruitment Agency,20230215,1,16.93,4,2,31.0
STU002125,UNI021,CMP021,Frontend Engineer,Recruitment Agency,20221215,1,13.43,5,1,37.0
STU002126,UNI021,,,Recruitment Agency,20230415,0,,0,0,
STU002127,UNI020,CMP062,Consultant,Job Portal,20230115,1,23.15,3,1,37.0
STU002128,UNI025,CMP049,Cloud Engineer,Recruitment Agency,20220815,1,20.06,5,1,50.0
STU002129,UNI014,CMP056,Financial Analyst,Referral,20221215,1,29.1,5,1,40.0
STU002130,UNI008,,,Job Portal,20220915,0,,2,0,
STU002131,UNI010,CMP059,Backend Engineer,Referral,20230415,1,17.57,1,1,85.0
STU002132,UNI021,CMP078,Systems Engineer,Recruitment Agency,20230215,1,8.53,3,1,36.0
STU002133,UNI013,CMP046,ML Engineer,Referral,20230315,1,27.54,5,1,39.0
STU002134,UNI013,,,Direct Application,20230115,0,,1,0,
STU002135,UNI020,CMP012,Business Analyst,Direct Application,20221115,1,23.51,1,2,17.0
STU002136,UNI022,,,On-Campus,20221115,0,,2,0,
STU002137,UNI026,CMP033,Consultant,On-Campus,20220815,1,27.2,2,1,62.0
STU002138,UNI027,,,Recruitment Agency,20230315,0,,0,0,
STU002139,UNI027,CMP023,Backend Engineer,On-Campus,20221115,1,20.39,3,1,74.0
STU002140,UNI021,,,Direct Application,20221115,0,,1,0,
STU002141,UNI021,CMP010,QA Engineer,Recruitment Agency,20230315,1,10.38,1,1,59.0
STU002142,UNI029,CMP031,Software Engineer,Direct Application,20220815,1,7.15,4,1,40.0
STU002143,UNI022,,,On-Campus,20230215,0,,1,0,
STU002144,UNI007,CMP008,Financial Analyst,Recruitment Agency,20230115,1,27.16,3,1,90.0
STU002145,UNI013,CMP046,Data Scientist,On-Campus,20220915,1,19.42,4,1,72.0
STU002146,UNI026,CMP007,Design Engineer,Job Portal,20220915,1,25.83,3,1,55.0
STU002147,UNI025,,,Referral,20230115,0,,1,0,
STU002148,UNI022,CMP021,ML Engineer,Direct Application,20220915,1,13.09,5,1,73.0
STU002149,UNI007,CMP001,Software Engineer,Job Portal,20220815,1,10.3,5,1,26.0
STU002150,UNI014,CMP073,Cloud Engineer,Direct Application,20230115,1,28.59,5,1,12.0
STU002151,UNI016,,,Job Portal,20230415,0,,1,0,
STU002152,UNI007,,,Direct Application,20221215,0,,1,0,
STU002153,UNI012,CMP056,Data Scientist,Direct Application,20220815,1,22.94,1,1,27.0
STU002154,UNI027,CMP078,Frontend Engineer,Direct Application,20230315,1,7.61,5,1,67.0
STU002155,UNI024,CMP078,Product Analyst,Referral,20220815,1,9.46,2,1,7.0
STU002156,UNI001,,,Job Portal,20230415,0,,0,0,
STU002157,UNI028,CMP040,Financial Analyst,On-Campus,20220815,1,14.58,3,1,24.0
STU002158,UNI027,,,Direct Application,20230315,0,,1,0,
STU002159,UNI008,CMP003,Software Engineer,Recruitment Agency,20220915,1,9.41,2,1,74.0
STU002160,UNI015,,,Recruitment Agency,20230315,0,,0,0,
STU002161,UNI028,CMP013,Software Engineer,On-Campus,20230115,1,16.34,2,1,69.0
STU002162,UNI013,CMP054,Product Analyst,Job Portal,20230315,1,13.44,2,1,42.0
STU002163,UNI020,CMP010,Systems Engineer,Job Portal,20230115,1,10.41,5,2,27.0
STU002164,UNI016,CMP006,Data Scientist,Recruitment Agency,20220815,1,25.63,3,2,55.0
STU002165,UNI025,,,Job Portal,20230415,0,,0,0,
STU002166,UNI030,CMP076,ML Engineer,Job Portal,20230315,1,20.28,4,2,57.0
STU002167,UNI018,CMP063,Business Analyst,Job Portal,20221115,1,15.62,4,1,37.0
STU002168,UNI013,CMP003,Systems Engineer,On-Campus,20221015,1,6.11,5,1,18.0
STU002169,UNI027,CMP015,ML Engineer,On-Campus,20230315,1,24.02,2,2,84.0
STU002170,UNI022,,,Direct Application,20220815,0,,1,0,
STU002171,UNI026,CMP044,QA Engineer,On-Campus,20220815,1,35.81,3,1,70.0
STU002172,UNI011,CMP001,Frontend Engineer,Recruitment Agency,20230215,1,9.14,4,3,17.0
STU002173,UNI019,CMP064,ML Engineer,Job Portal,20230315,1,47.75,3,1,19.0
STU002174,UNI014,CMP036,Financial Analyst,Recruitment Agency,20220815,1,34.01,5,1,90.0
STU002175,UNI014,,,On-Campus,20230415,0,,2,0,
STU002176,UNI027,CMP052,Data Analyst,Recruitment Agency,20221215,1,14.97,5,1,41.0
STU002177,UNI006,,,Recruitment Agency,20230215,0,,1,0,
STU002178,UNI019,CMP006,Systems Engineer,Direct Application,20230115,1,27.07,4,3,58.0
STU002179,UNI024,CMP023,Data Scientist,Job Portal,20230115,1,23.61,2,1,72.0
STU002180,UNI026,CMP034,Financial Analyst,Recruitment Agency,20230315,1,48.98,4,1,81.0
STU002181,UNI003,CMP044,Cloud Engineer,Direct Application,20220915,1,35.93,1,1,82.0
STU002182,UNI020,,,Job Portal,20220815,0,,1,0,
STU002183,UNI020,,,Job Portal,20230415,0,,2,0,
STU002184,UNI011,CMP053,Business Analyst,Job Portal,20221115,1,6.57,3,1,34.0
STU002185,UNI022,,,Recruitment Agency,20221215,0,,1,0,
STU002186,UNI003,CMP032,Software Engineer,Recruitment Agency,20230415,1,31.33,4,2,48.0
STU002187,UNI012,,,Referral,20221115,0,,0,0,
STU002188,UNI001,,,Job Portal,20230415,0,,1,0,
STU002189,UNI026,,,Job Portal,20221215,0,,2,0,
STU002190,UNI025,,,On-Campus,20220915,0,,1,0,
STU002191,UNI016,CMP030,Product Analyst,Recruitment Agency,20230415,1,17.85,3,2,71.0
STU002192,UNI015,CMP050,Consultant,Job Portal,20230415,1,10.61,1,2,73.0
STU002193,UNI010,,,Recruitment Agency,20230115,0,,2,0,
STU002194,UNI010,CMP065,Design Engineer,Recruitment Agency,20221215,1,6.99,5,1,39.0
STU002195,UNI002,CMP049,Financial Analyst,Recruitment Agency,20230315,1,22.9,1,1,10.0
STU002196,UNI024,,,On-Campus,20221115,0,,0,0,
STU002197,UNI028,CMP071,Operations Associate,Direct Application,20221015,1,11.97,2,1,69.0
STU002198,UNI009,,,Direct Application,20221015,0,,0,0,
STU002199,UNI016,CMP050,Product Analyst,Referral,20220815,1,10.73,5,1,49.0
STU002200,UNI013,CMP067,QA Engineer,On-Campus,20230415,1,17.33,3,2,21.0
STU002201,UNI027,,,Recruitment Agency,20230115,0,,0,0,
STU002202,UNI013,CMP046,Software Engineer,Direct Application,20220815,1,18.61,2,1,21.0
STU002203,UNI025,CMP011,Operations Associate,Referral,20230115,1,11.39,5,2,83.0
STU002204,UNI015,CMP017,ML Engineer,Job Portal,20220915,1,27.9,3,2,16.0
STU002205,UNI014,CMP070,Data Analyst,Direct Application,20230115,1,21.46,5,1,15.0
STU002206,UNI004,CMP069,Frontend Engineer,Recruitment Agency,20230115,1,7.29,3,1,79.0
STU002207,UNI016,CMP067,Data Scientist,On-Campus,20230315,1,18.81,3,1,19.0
STU002208,UNI021,CMP017,Software Engineer,Job Portal,20221115,1,23.45,4,1,45.0
STU002209,UNI025,CMP062,Data Analyst,Recruitment Agency,20230415,1,6.85,3,1,40.0
STU002210,UNI030,CMP021,ML Engineer,Recruitment Agency,20220915,1,21.12,3,2,15.0
STU002211,UNI022,,,Job Portal,20221015,0,,0,0,
STU002212,UNI023,CMP074,Systems Engineer,Direct Application,20221215,1,13.66,4,1,55.0
STU002213,UNI027,,,Recruitment Agency,20221215,0,,1,0,
STU002214,UNI010,CMP068,Operations Associate,Referral,20230115,1,11.29,3,2,28.0
STU002215,UNI001,,,Direct Application,20230215,0,,2,0,
STU002216,UNI011,,,Referral,20230315,0,,2,0,
STU002217,UNI013,CMP065,Product Analyst,Recruitment Agency,20230215,1,7.66,2,1,73.0
STU002218,UNI008,CMP014,Business Analyst,On-Campus,20230415,1,10.57,4,1,86.0
STU002219,UNI029,CMP055,Data Analyst,Recruitment Agency,20230315,1,33.99,1,1,13.0
STU002220,UNI023,CMP006,Product Analyst,Referral,20221015,1,19.27,5,2,51.0
STU002221,UNI024,,,Job Portal,20221015,0,,1,0,
STU002222,UNI015,CMP018,Data Analyst,Direct Application,20230115,1,38.91,2,2,94.0
STU002223,UNI004,,,On-Campus,20221115,0,,0,0,
STU002224,UNI030,,,Direct Application,20220915,0,,2,0,
STU002225,UNI023,CMP052,Financial Analyst,Direct Application,20221015,1,15.54,3,3,37.0
STU002226,UNI023,CMP073,QA Engineer,Job Portal,20220915,1,10.48,2,1,42.0
STU002227,UNI014,CMP007,Cloud Engineer,Job Portal,20230315,1,29.19,3,1,21.0
STU002228,UNI007,,,On-Campus,20230115,0,,2,0,
STU002229,UNI006,CMP062,Financial Analyst,Direct Application,20220815,1,10.8,1,1,87.0
STU002230,UNI021,CMP059,Consultant,On-Campus,20220915,1,26.31,2,1,88.0
STU002231,UNI028,CMP006,Software Engineer,On-Campus,20221215,1,22.6,5,2,22.0
STU002232,UNI001,,,Referral,20230115,0,,0,0,
STU002233,UNI019,,,Direct Application,20230115,0,,1,0,
STU002234,UNI013,CMP006,Operations Associate,Recruitment Agency,20221015,1,14.24,1,1,57.0
STU002235,UNI022,CMP001,Operations Associate,Direct Application,20230415,1,5.1,2,1,94.0
STU002236,UNI011,,,Recruitment Agency,20221115,0,,1,0,
STU002237,UNI017,,,Recruitment Agency,20220915,0,,0,0,
STU002238,UNI012,,,Job Portal,20221215,0,,1,0,
STU002239,UNI017,CMP046,Product Analyst,On-Campus,20221015,1,18.72,4,1,29.0
STU002240,UNI027,CMP071,Product Analyst,Referral,20220815,1,17.53,2,1,74.0
STU002241,UNI003,,,Recruitment Agency,20230315,0,,0,0,
STU002242,UNI020,CMP077,Product Analyst,Direct Application,20230115,1,36.06,5,2,66.0
STU002243,UNI011,CMP035,Operations Associate,Referral,20221215,1,11.0,4,1,64.0
STU002244,UNI002,CMP006,Business Analyst,On-Campus,20230115,1,21.64,3,1,76.0
STU002245,UNI019,,,Referral,20221015,0,,0,0,
STU002246,UNI022,CMP079,Frontend Engineer,Job Portal,20230115,1,13.18,1,2,71.0
STU002247,UNI008,,,On-Campus,20221015,0,,2,0,
STU002248,UNI016,CMP076,ML Engineer,Referral,20221115,1,15.22,1,1,55.0
STU002249,UNI013,CMP006,Data Analyst,Referral,20221015,1,16.61,3,1,9.0
STU002250,UNI016,CMP033,Backend Engineer,Recruitment Agency,20230215,1,18.48,2,1,59.0
STU002251,UNI022,,,Direct Application,20221115,0,,0,0,
STU002252,UNI023,CMP063,Operations Associate,On-Campus,20220815,1,15.3,2,1,71.0
STU002253,UNI030,CMP044,Financial Analyst,Job Portal,20220915,1,33.74,4,3,61.0
STU002254,UNI009,CMP042,Consultant,Recruitment Agency,20230315,1,10.65,4,2,20.0
STU002255,UNI021,CMP054,Cloud Engineer,Job Portal,20221115,1,25.12,4,1,49.0
STU002256,UNI020,,,Job Portal,20221015,0,,2,0,
STU002257,UNI019,CMP045,Financial Analyst,On-Campus,20230415,1,30.88,3,1,23.0
STU002258,UNI021,,,Job Portal,20221015,0,,1,0,
STU002259,UNI024,,,Job Portal,20230315,0,,2,0,
STU002260,UNI022,,,Job Portal,20221215,0,,0,0,
STU002261,UNI004,,,Referral,20220815,0,,0,0,
STU002262,UNI006,CMP013,Operations Associate,Direct Application,20220815,1,18.14,3,1,41.0
STU002263,UNI007,,,Recruitment Agency,20230315,0,,1,0,
STU002264,UNI028,,,Referral,20221115,0,,0,0,
STU002265,UNI012,,,Job Portal,20221015,0,,0,0,
STU002266,UNI009,,,On-Campus,20220815,0,,1,0,
STU002267,UNI023,CMP016,Business Analyst,Direct Application,20230115,1,14.0,5,1,41.0
STU002268,UNI026,CMP038,Design Engineer,Direct Application,20230215,1,12.13,1,1,14.0
STU002269,UNI019,CMP058,Cloud Engineer,On-Campus,20221115,1,29.07,5,1,11.0
STU002270,UNI018,CMP038,Business Analyst,Recruitment Agency,20230115,1,10.26,3,1,58.0
STU002271,UNI005,CMP058,Frontend Engineer,Recruitment Agency,20230315,1,40.78,1,2,61.0
STU002272,UNI010,,,Referral,20221115,0,,1,0,
STU002273,UNI013,CMP050,Design Engineer,Referral,20221215,1,8.5,2,1,76.0
STU002274,UNI022,CMP022,Financial Analyst,Referral,20230415,1,17.37,5,1,84.0
STU002275,UNI019,CMP006,Product Analyst,Referral,20230315,1,32.76,2,1,38.0
STU002276,UNI006,CMP068,Financial Analyst,Referral,20230415,1,24.61,4,1,77.0
STU002277,UNI016,,,Recruitment Agency,20221115,0,,2,0,
STU002278,UNI002,,,Direct Application,20230215,0,,1,0,
STU002279,UNI025,,,Recruitment Agency,20230215,0,,2,0,
STU002280,UNI005,,,Job Portal,20220915,0,,0,0,
STU002281,UNI003,CMP040,ML Engineer,Referral,20230315,1,48.71,2,1,37.0
STU002282,UNI016,,,Recruitment Agency,20230115,0,,1,0,
STU002283,UNI021,CMP071,Data Scientist,Recruitment Agency,20220815,1,28.33,5,2,75.0
STU002284,UNI016,CMP046,Software Engineer,On-Campus,20221215,1,17.14,3,1,31.0
STU002285,UNI028,,,Recruitment Agency,20221115,0,,2,0,
STU002286,UNI004,CMP011,Business Analyst,Recruitment Agency,20230415,1,7.91,3,2,71.0
STU002287,UNI028,CMP034,Data Scientist,On-Campus,20230115,1,24.62,4,1,22.0
STU002288,UNI022,,,On-Campus,20230315,0,,1,0,
STU002289,UNI002,CMP005,Business Analyst,Referral,20230115,1,14.46,1,1,43.0
STU002290,UNI012,CMP076,Design Engineer,Direct Application,20220915,1,6.38,5,2,65.0
STU002291,UNI022,CMP056,Systems Engineer,Referral,20230215,1,20.82,4,1,79.0
STU002292,UNI022,CMP020,Business Analyst,Recruitment Agency,20221115,1,12.7,1,1,24.0
STU002293,UNI003,,,On-Campus,20221015,0,,0,0,
STU002294,UNI013,CMP021,ML Engineer,Direct Application,20220815,1,11.32,3,2,12.0
STU002295,UNI006,CMP072,QA Engineer,Direct Application,20221015,1,11.21,4,1,57.0
STU002296,UNI028,CMP056,Consultant,On-Campus,20230115,1,22.46,5,1,82.0
STU002297,UNI027,,,Direct Application,20221215,0,,2,0,
STU002298,UNI025,,,Recruitment Agency,20230115,0,,2,0,
STU002299,UNI025,,,Direct Application,20230415,0,,0,0,
STU002300,UNI022,CMP058,Backend Engineer,Referral,20220815,1,28.25,4,2,26.0
STU002301,UNI002,,,Direct Application,20220815,0,,0,0,
STU002302,UNI020,CMP014,Consultant,Job Portal,20220915,1,11.26,2,1,41.0
STU002303,UNI010,,,Job Portal,20230115,0,,1,0,
STU002304,UNI026,CMP070,ML Engineer,Recruitment Agency,20221215,1,49.39,1,1,84.0
STU002305,UNI020,CMP019,Backend Engineer,Recruitment Agency,20220815,1,33.03,3,2,7.0
STU002306,UNI006,,,Referral,20221015,0,,0,0,
STU002307,UNI024,CMP073,Software Engineer,Recruitment Agency,20230415,1,39.86,5,1,59.0
STU002308,UNI020,CMP058,Consultant,Referral,20221015,1,50.61,2,1,65.0
STU002309,UNI024,CMP049,Financial Analyst,Job Portal,20221015,1,27.44,4,1,69.0
STU002310,UNI003,CMP055,Product Analyst,On-Campus,20230315,1,35.45,2,2,90.0
STU002311,UNI003,CMP078,Data Analyst,Job Portal,20221215,1,10.42,3,2,39.0
STU002312,UNI026,,,Recruitment Agency,20230415,0,,2,0,
STU002313,UNI010,,,Recruitment Agency,20220815,0,,1,0,
STU002314,UNI001,,,Direct Application,20230115,0,,1,0,
STU002315,UNI020,CMP070,Data Analyst,Referral,20221115,1,36.93,3,1,75.0
STU002316,UNI007,,,Direct Application,20221215,0,,2,0,
STU002317,UNI027,CMP073,Systems Engineer,Recruitment Agency,20221015,1,10.83,5,1,27.0
STU002318,UNI020,CMP006,Business Analyst,Direct Application,20230415,1,37.06,5,1,71.0
STU002319,UNI016,,,Recruitment Agency,20221115,0,,1,0,
STU002320,UNI022,,,Job Portal,20220915,0,,0,0,
STU002321,UNI017,CMP042,Design Engineer,Recruitment Agency,20221015,1,10.45,3,2,75.0
STU002322,UNI028,,,Direct Application,20230115,0,,0,0,
STU002323,UNI001,CMP046,Data Scientist,Referral,20230215,1,23.82,4,1,8.0
STU002324,UNI029,CMP078,Product Analyst,Referral,20220815,1,10.94,2,1,24.0
STU002325,UNI003,CMP036,Consultant,On-Campus,20221215,1,29.61,5,1,79.0
STU002326,UNI014,CMP021,Operations Associate,On-Campus,20221215,1,8.89,2,2,71.0
STU002327,UNI009,CMP039,Operations Associate,On-Campus,20230415,1,9.64,2,1,87.0
STU002328,UNI004,CMP051,Design Engineer,Recruitment Agency,20220915,1,19.97,4,3,20.0
STU002329,UNI026,CMP059,QA Engineer,Recruitment Agency,20221015,1,32.75,5,1,78.0
STU002330,UNI008,CMP057,Design Engineer,Direct Application,20220815,1,22.11,3,1,62.0
STU002331,UNI025,CMP039,Business Analyst,Referral,20221215,1,15.6,2,1,46.0
STU002332,UNI019,,,Direct Application,20230115,0,,1,0,
STU002333,UNI024,,,On-Campus,20220915,0,,2,0,
STU002334,UNI021,CMP032,Product Analyst,Referral,20230215,1,28.62,1,1,29.0
STU002335,UNI006,,,Direct Application,20230115,0,,1,0,
STU002336,UNI003,CMP038,Product Analyst,Direct Application,20220915,1,12.59,1,4,22.0
STU002337,UNI015,CMP035,Software Engineer,Job Portal,20230215,1,39.31,4,1,13.0
STU002338,UNI005,CMP025,Design Engineer,Recruitment Agency,20220815,1,31.77,1,1,70.0
STU002339,UNI017,CMP046,Consultant,Recruitment Agency,20230415,1,24.37,2,1,18.0
STU002340,UNI026,,,Job Portal,20230215,0,,2,0,
STU002341,UNI013,CMP004,Financial Analyst,Referral,20221215,1,10.25,1,1,47.0
STU002342,UNI006,,,On-Campus,20230315,0,,0,0,
STU002343,UNI006,,,Direct Application,20230415,0,,1,0,
STU002344,UNI009,CMP075,Backend Engineer,Referral,20220815,1,28.63,4,1,44.0
STU002345,UNI019,,,Referral,20230115,0,,0,0,
STU002346,UNI013,,,On-Campus,20221115,0,,1,0,
STU002347,UNI023,,,Recruitment Agency,20230215,0,,0,0,
STU002348,UNI028,,,Referral,20220815,0,,1,0,
STU002349,UNI026,,,Referral,20230415,0,,1,0,
STU002350,UNI001,CMP055,Design Engineer,Recruitment Agency,20230115,1,16.99,3,2,27.0
STU002351,UNI017,CMP067,Financial Analyst,Recruitment Agency,20220915,1,27.39,2,1,30.0
STU002352,UNI027,CMP048,Software Engineer,Referral,20230215,1,21.46,5,1,22.0
STU002353,UNI017,CMP024,Operations Associate,Recruitment Agency,20230215,1,12.85,2,1,47.0
STU002354,UNI006,,,Job Portal,20230315,0,,0,0,
STU002355,UNI028,CMP076,QA Engineer,On-Campus,20230115,1,7.84,3,1,53.0
STU002356,UNI029,,,Job Portal,20220815,0,,1,0,
STU002357,UNI001,,,Direct Application,20221015,0,,0,0,
STU002358,UNI021,CMP011,Design Engineer,Direct Application,20230115,1,9.95,5,1,74.0
STU002359,UNI010,CMP045,Backend Engineer,Referral,20221015,1,24.76,3,1,10.0
STU002360,UNI002,CMP005,Operations Associate,Referral,20220815,1,13.55,3,2,73.0
STU002361,UNI029,CMP066,Data Scientist,Recruitment Agency,20220915,1,21.19,5,1,9.0
STU002362,UNI021,CMP029,Data Analyst,Job Portal,20230315,1,7.89,2,1,40.0
STU002363,UNI016,,,Job Portal,20221015,0,,1,0,
STU002364,UNI007,CMP002,Systems Engineer,On-Campus,20230415,1,9.24,2,1,51.0
STU002365,UNI009,CMP010,Backend Engineer,Direct Application,20221015,1,14.34,2,1,32.0
STU002366,UNI021,CMP034,Data Analyst,On-Campus,20221015,1,22.42,4,1,94.0
STU002367,UNI013,CMP055,Backend Engineer,Job Portal,20221115,1,18.99,4,1,26.0
STU002368,UNI027,,,On-Campus,20221115,0,,2,0,
STU002369,UNI011,CMP039,Financial Analyst,Referral,20221015,1,11.14,2,2,68.0
STU002370,UNI002,,,Direct Application,20221215,0,,2,0,
STU002371,UNI013,CMP028,ML Engineer,On-Campus,20230115,1,15.78,4,1,66.0
STU002372,UNI020,CMP062,Design Engineer,Referral,20230415,1,10.42,2,1,85.0
STU002373,UNI026,CMP025,Backend Engineer,Recruitment Agency,20221115,1,34.6,1,2,94.0
STU002374,UNI016,,,On-Campus,20230215,0,,0,0,
STU002375,UNI011,,,Recruitment Agency,20220915,0,,2,0,
STU002376,UNI018,CMP028,QA Engineer,Referral,20220815,1,27.03,4,1,29.0
STU002377,UNI008,CMP012,ML Engineer,Recruitment Agency,20220915,1,28.81,3,1,63.0
STU002378,UNI011,,,Direct Application,20221215,0,,1,0,
STU002379,UNI014,CMP063,ML Engineer,Referral,20230115,1,34.23,5,2,37.0
STU002380,UNI020,CMP078,Consultant,Job Portal,20230415,1,13.99,2,2,57.0
STU002381,UNI009,CMP037,Product Analyst,Referral,20220815,1,17.44,4,1,18.0
STU002382,UNI014,CMP029,Frontend Engineer,Job Portal,20220915,1,9.21,1,1,32.0
STU002383,UNI015,,,Direct Application,20230215,0,,1,0,
STU002384,UNI002,CMP060,Design Engineer,On-Campus,20230215,1,7.62,4,1,34.0
STU002385,UNI025,CMP055,Business Analyst,On-Campus,20230315,1,22.99,3,1,35.0
STU002386,UNI022,CMP028,Business Analyst,Referral,20230215,1,19.7,1,2,89.0
STU002387,UNI024,CMP032,Consultant,Recruitment Agency,20221015,1,21.22,2,2,90.0
STU002388,UNI025,CMP074,Business Analyst,Referral,20220815,1,28.98,5,1,33.0
STU002389,UNI009,CMP040,Business Analyst,Referral,20220915,1,20.53,1,1,13.0
STU002390,UNI015,,,Job Portal,20230315,0,,2,0,
STU002391,UNI005,CMP027,Operations Associate,Recruitment Agency,20221215,1,28.34,4,1,26.0
STU002392,UNI005,CMP051,QA Engineer,Job Portal,20221215,1,28.41,5,2,91.0
STU002393,UNI028,,,Direct Application,20230315,0,,2,0,
STU002394,UNI029,CMP066,Backend Engineer,On-Campus,20220915,1,15.07,2,1,78.0
STU002395,UNI002,,,Referral,20221015,0,,0,0,
STU002396,UNI023,CMP010,Data Analyst,Job Portal,20220815,1,8.14,1,1,40.0
STU002397,UNI024,CMP078,Business Analyst,Referral,20230415,1,12.07,2,1,65.0
STU002398,UNI002,CMP055,Systems Engineer,Referral,20221215,1,20.9,3,1,27.0
STU002399,UNI007,CMP007,Systems Engineer,Referral,20220915,1,22.55,1,2,91.0
STU002400,UNI010,CMP014,Operations Associate,On-Campus,20230115,1,7.59,1,1,10.0
STU002401,UNI009,CMP001,ML Engineer,Referral,20230215,1,19.39,5,1,60.0
STU002402,UNI016,CMP023,Frontend Engineer,Direct Application,20220815,1,12.39,3,1,52.0
STU002403,UNI004,CMP031,ML Engineer,Recruitment Agency,20220815,1,9.84,4,1,11.0
STU002404,UNI019,CMP012,ML Engineer,Referral,20220815,1,30.31,2,2,25.0
STU002405,UNI016,CMP058,Financial Analyst,On-Campus,20220915,1,15.4,2,1,34.0
STU002406,UNI029,,,Recruitment Agency,20220915,0,,1,0,
STU002407,UNI013,CMP010,Backend Engineer,Recruitment Agency,20230315,1,8.16,2,1,52.0
STU002408,UNI026,CMP071,Business Analyst,Referral,20220915,1,28.9,2,2,89.0
STU002409,UNI030,CMP029,Cloud Engineer,On-Campus,20221015,1,19.72,1,1,14.0
STU002410,UNI017,CMP057,Financial Analyst,Referral,20230215,1,18.03,3,1,9.0
STU002411,UNI013,CMP016,Design Engineer,Referral,20230415,1,16.46,5,1,52.0
STU002412,UNI030,CMP035,Cloud Engineer,Referral,20230415,1,34.49,3,3,50.0
STU002413,UNI019,CMP059,Software Engineer,Job Portal,20221115,1,28.51,5,1,44.0
STU002414,UNI005,CMP043,Cloud Engineer,On-Campus,20230115,1,43.42,3,1,15.0
STU002415,UNI022,,,Direct Application,20230115,0,,0,0,
STU002416,UNI021,CMP040,ML Engineer,On-Campus,20230415,1,31.06,2,2,47.0
STU002417,UNI004,,,Recruitment Agency,20220915,0,,2,0,
STU002418,UNI017,CMP050,Cloud Engineer,Recruitment Agency,20230115,1,13.09,5,2,58.0
STU002419,UNI029,CMP006,Data Analyst,Direct Application,20221215,1,23.41,4,1,26.0
STU002420,UNI030,,,Recruitment Agency,20220915,0,,0,0,
STU002421,UNI022,CMP074,Backend Engineer,Recruitment Agency,20230415,1,21.56,4,1,39.0
STU002422,UNI002,CMP053,Design Engineer,Referral,20230215,1,7.3,1,1,20.0
STU002423,UNI030,,,On-Campus,20220915,0,,0,0,
STU002424,UNI021,CMP053,Backend Engineer,Job Portal,20230415,1,14.18,5,2,36.0
STU002425,UNI020,CMP009,Data Scientist,Referral,20230115,1,51.97,2,1,19.0
STU002426,UNI006,,,Direct Application,20230315,0,,1,0,
STU002427,UNI018,,,Referral,20230215,0,,0,0,
STU002428,UNI029,,,Recruitment Agency,20220915,0,,2,0,
STU002429,UNI003,CMP052,Software Engineer,Direct Application,20230315,1,38.75,1,2,89.0
STU002430,UNI023,CMP054,Data Scientist,Direct Application,20221215,1,22.7,5,1,16.0
STU002431,UNI020,CMP012,QA Engineer,Job Portal,20221215,1,27.23,2,2,69.0
STU002432,UNI003,CMP049,Systems Engineer,Recruitment Agency,20230115,1,32.47,1,2,69.0
STU002433,UNI014,,,Recruitment Agency,20230215,0,,0,0,
STU002434,UNI026,CMP030,Business Analyst,Recruitment Agency,20221215,1,33.58,3,3,86.0
STU002435,UNI008,,,Direct Application,20230415,0,,2,0,
STU002436,UNI013,,,Direct Application,20221015,0,,1,0,
STU002437,UNI010,CMP061,Product Analyst,Direct Application,20221115,1,10.22,3,1,49.0
STU002438,UNI015,,,Recruitment Agency,20220815,0,,0,0,
STU002439,UNI002,,,Direct Application,20221115,0,,0,0,
STU002440,UNI027,CMP062,Backend Engineer,On-Campus,20221115,1,8.1,4,1,33.0
STU002441,UNI029,CMP042,Backend Engineer,Job Portal,20221015,1,15.44,2,1,72.0
STU002442,UNI015,CMP048,QA Engineer,Referral,20221215,1,44.01,5,2,48.0
STU002443,UNI027,CMP054,Operations Associate,Direct Application,20220815,1,12.87,1,3,66.0
STU002444,UNI009,,,Recruitment Agency,20220815,0,,2,0,
STU002445,UNI023,,,Direct Application,20230215,0,,2,0,
STU002446,UNI028,CMP027,ML Engineer,Job Portal,20221115,1,20.18,3,1,35.0
STU002447,UNI006,,,Referral,20220915,0,,1,0,
STU002448,UNI014,,,On-Campus,20230215,0,,1,0,
STU002449,UNI004,CMP062,Backend Engineer,Direct Application,20221115,1,10.74,5,1,52.0
STU002450,UNI014,,,Recruitment Agency,20221115,0,,0,0,
STU002451,UNI028,CMP058,Backend Engineer,Recruitment Agency,20220815,1,18.61,5,1,44.0
STU002452,UNI001,CMP080,Financial Analyst,Direct Application,20221115,1,12.92,4,1,43.0
STU002453,UNI030,CMP018,QA Engineer,On-Campus,20221215,1,23.1,3,1,42.0
STU002454,UNI024,CMP028,Backend Engineer,Recruitment Agency,20230115,1,28.49,1,1,71.0
STU002455,UNI003,CMP050,Operations Associate,On-Campus,20221115,1,10.99,1,3,15.0
STU002456,UNI019,,,Recruitment Agency,20230315,0,,1,0,
STU002457,UNI023,CMP023,Financial Analyst,On-Campus,20230215,1,18.2,5,2,76.0
STU002458,UNI024,,,On-Campus,20221015,0,,0,0,
STU002459,UNI004,CMP001,Consultant,Job Portal,20220915,1,5.98,5,2,23.0
STU002460,UNI025,CMP077,Data Analyst,On-Campus,20220915,1,17.68,5,1,81.0
STU002461,UNI014,,,Direct Application,20220815,0,,0,0,
STU002462,UNI020,CMP025,Design Engineer,Direct Application,20230415,1,30.61,1,2,63.0
STU002463,UNI002,CMP037,Business Analyst,Recruitment Agency,20221215,1,6.14,3,1,23.0
STU002464,UNI022,CMP049,Software Engineer,Job Portal,20220915,1,17.8,4,1,13.0
STU002465,UNI004,CMP034,Backend Engineer,Referral,20230215,1,26.52,5,2,7.0
STU002466,UNI027,CMP017,Product Analyst,Direct Application,20230215,1,10.96,3,1,14.0
STU002467,UNI021,CMP065,Design Engineer,Job Portal,20220915,1,9.85,4,1,31.0
STU002468,UNI023,CMP005,Financial Analyst,On-Campus,20230215,1,19.53,3,1,77.0
STU002469,UNI012,,,Job Portal,20230215,0,,0,0,
STU002470,UNI026,CMP075,Financial Analyst,Referral,20230415,1,29.23,1,1,26.0
STU002471,UNI017,CMP032,Systems Engineer,Recruitment Agency,20230115,1,17.58,2,1,35.0
STU002472,UNI028,CMP008,Product Analyst,Direct Application,20230115,1,17.43,2,1,7.0
STU002473,UNI027,CMP028,Cloud Engineer,Recruitment Agency,20230115,1,21.02,5,1,24.0
STU002474,UNI023,CMP019,Cloud Engineer,Recruitment Agency,20221115,1,19.75,1,1,16.0
STU002475,UNI030,CMP066,Backend Engineer,Direct Application,20221115,1,23.32,5,2,50.0
STU002476,UNI009,,,Referral,20221215,0,,1,0,
STU002477,UNI004,,,Job Portal,20220915,0,,1,0,
STU002478,UNI005,CMP013,Product Analyst,Job Portal,20230215,1,43.85,3,2,79.0
STU002479,UNI029,CMP002,Software Engineer,Job Portal,20221015,1,14.54,2,1,52.0
STU002480,UNI028,CMP009,Software Engineer,Direct Application,20221215,1,22.56,4,1,36.0
STU002481,UNI028,,,Recruitment Agency,20220815,0,,1,0,
STU002482,UNI026,CMP010,Systems Engineer,Direct Application,20221015,1,14.78,5,1,50.0
STU002483,UNI028,CMP033,ML Engineer,Recruitment Agency,20221215,1,25.56,5,1,17.0
STU002484,UNI009,CMP011,Design Engineer,Recruitment Agency,20230415,1,11.82,3,1,22.0
STU002485,UNI024,CMP041,Software Engineer,Direct Application,20221215,1,10.87,5,1,29.0
STU002486,UNI017,CMP072,Data Scientist,Referral,20221115,1,15.45,2,2,27.0
STU002487,UNI029,CMP047,Systems Engineer,Recruitment Agency,20220915,1,17.36,3,1,86.0
STU002488,UNI016,,,Referral,20220915,0,,1,0,
STU002489,UNI011,CMP038,Frontend Engineer,Recruitment Agency,20221015,1,9.65,1,1,34.0
STU002490,UNI018,CMP064,Consultant,Job Portal,20220815,1,21.22,1,2,19.0
STU002491,UNI027,,,Job Portal,20221015,0,,1,0,
STU002492,UNI018,,,Recruitment Agency,20230415,0,,1,0,
STU002493,UNI030,,,Direct Application,20221215,0,,2,0,
STU002494,UNI006,,,On-Campus,20230315,0,,1,0,
STU002495,UNI011,,,Direct Application,20230415,0,,0,0,
STU002496,UNI003,,,On-Campus,20220915,0,,1,0,
STU002497,UNI012,,,Recruitment Agency,20221115,0,,0,0,
STU002498,UNI017,,,Job Portal,20221215,0,,1,0,
STU002499,UNI018,,,Direct Application,20230215,0,,2,0,
STU002500,UNI029,CMP052,Systems Engineer,Job Portal,20230115,1,17.96,4,2,39.0
STU002501,UNI001,CMP003,Business Analyst,On-Campus,20221215,1,4.96,5,1,78.0
STU002502,UNI030,,,On-Campus,20220915,0,,1,0,
STU002503,UNI013,CMP013,Systems Engineer,Job Portal,20220815,1,12.25,4,1,69.0
STU002504,UNI026,CMP022,Cloud Engineer,Job Portal,20220915,1,47.76,4,2,53.0
STU002505,UNI014,,,On-Campus,20220915,0,,1,0,
STU002506,UNI010,CMP022,Backend Engineer,Recruitment Agency,20221115,1,20.16,5,3,90.0
STU002507,UNI016,CMP032,QA Engineer,On-Campus,20221015,1,14.92,5,1,37.0
STU002508,UNI024,,,Job Portal,20230415,0,,0,0,
STU002509,UNI029,,,Job Portal,20220915,0,,2,0,
STU002510,UNI024,,,Job Portal,20230415,0,,1,0,
STU002511,UNI011,CMP022,Product Analyst,Recruitment Agency,20230115,1,27.95,5,2,20.0
STU002512,UNI004,CMP024,ML Engineer,Referral,20221115,1,23.31,4,1,34.0
STU002513,UNI018,CMP025,Frontend Engineer,Referral,20221015,1,28.57,2,2,68.0
STU002514,UNI030,CMP072,Financial Analyst,Recruitment Agency,20230315,1,12.18,5,1,28.0
STU002515,UNI024,CMP080,Business Analyst,On-Campus,20221215,1,9.75,5,1,94.0
STU002516,UNI011,CMP019,ML Engineer,On-Campus,20221215,1,20.83,1,1,23.0
STU002517,UNI004,CMP028,Systems Engineer,Recruitment Agency,20230115,1,17.88,4,1,48.0
STU002518,UNI011,CMP004,Cloud Engineer,Direct Application,20220815,1,10.11,5,1,84.0
STU002519,UNI004,CMP021,Business Analyst,Recruitment Agency,20221215,1,8.67,4,2,28.0
STU002520,UNI019,,,Referral,20221115,0,,0,0,
STU002521,UNI014,,,Recruitment Agency,20230415,0,,1,0,
STU002522,UNI008,,,On-Campus,20221215,0,,1,0,
STU002523,UNI021,,,Referral,20221215,0,,0,0,
STU002524,UNI004,CMP020,Backend Engineer,Recruitment Agency,20230115,1,18.73,4,1,64.0
STU002525,UNI008,,,Referral,20220915,0,,1,0,
STU002526,UNI010,,,Job Portal,20230315,0,,2,0,
STU002527,UNI010,,,Direct Application,20230115,0,,1,0,
STU002528,UNI022,,,Job Portal,20230315,0,,1,0,
STU002529,UNI025,CMP025,Design Engineer,Referral,20220815,1,26.84,2,1,92.0
STU002530,UNI008,CMP008,Data Scientist,Recruitment Agency,20220815,1,26.87,5,1,40.0
STU002531,UNI021,CMP002,Backend Engineer,Referral,20221015,1,15.45,2,1,88.0
STU002532,UNI001,,,Direct Application,20230315,0,,2,0,
STU002533,UNI021,CMP005,Design Engineer,On-Campus,20230315,1,18.08,5,1,86.0
STU002534,UNI018,,,Referral,20221015,0,,0,0,
STU002535,UNI014,CMP059,Business Analyst,On-Campus,20230315,1,13.28,5,1,33.0
STU002536,UNI030,CMP009,Systems Engineer,On-Campus,20230215,1,28.6,2,1,25.0
STU002537,UNI006,CMP055,ML Engineer,On-Campus,20230315,1,32.65,4,1,39.0
STU002538,UNI015,CMP019,Frontend Engineer,Job Portal,20230215,1,21.26,3,2,70.0
STU002539,UNI030,,,Referral,20221215,0,,1,0,
STU002540,UNI007,,,Job Portal,20230315,0,,1,0,
STU002541,UNI016,CMP037,Backend Engineer,Referral,20221215,1,10.87,5,1,79.0
STU002542,UNI007,CMP055,Data Analyst,Direct Application,20230315,1,32.77,1,1,60.0
STU002543,UNI016,CMP031,Data Analyst,On-Campus,20220915,1,6.86,2,1,25.0
STU002544,UNI016,CMP072,Data Scientist,On-Campus,20230415,1,9.5,5,1,41.0
STU002545,UNI016,,,On-Campus,20230115,0,,2,0,
STU002546,UNI019,CMP056,Data Scientist,Direct Application,20221015,1,52.7,2,1,32.0
STU002547,UNI026,CMP041,Consultant,Referral,20230315,1,20.11,4,2,66.0
STU002548,UNI013,CMP030,Systems Engineer,On-Campus,20230415,1,13.45,3,1,34.0
STU002549,UNI001,CMP022,Design Engineer,Job Portal,20220815,1,15.77,5,2,60.0
STU002550,UNI016,CMP078,Business Analyst,Recruitment Agency,20220815,1,7.81,3,1,13.0
STU002551,UNI026,,,Job Portal,20230415,0,,2,0,
STU002552,UNI014,CMP009,ML Engineer,Direct Application,20221215,1,33.3,2,1,43.0
STU002553,UNI021,CMP077,Operations Associate,Recruitment Agency,20221115,1,22.83,5,2,69.0
STU002554,UNI026,CMP033,Consultant,Job Portal,20230415,1,33.73,1,1,34.0
STU002555,UNI007,,,Job Portal,20230315,0,,1,0,
STU002556,UNI029,CMP005,Operations Associate,Direct Application,20220815,1,17.37,4,1,70.0
STU002557,UNI018,CMP022,Financial Analyst,On-Campus,20221015,1,20.2,3,1,87.0
STU002558,UNI022,CMP025,Backend Engineer,Direct Application,20230415,1,22.47,3,1,84.0
STU002559,UNI019,CMP042,QA Engineer,Recruitment Agency,20221215,1,21.07,4,1,65.0
STU002560,UNI002,CMP076,Data Scientist,Direct Application,20230215,1,11.63,1,2,45.0
STU002561,UNI008,CMP031,Financial Analyst,Job Portal,20220915,1,7.98,5,1,16.0
STU002562,UNI022,CMP070,Operations Associate,On-Campus,20230315,1,13.36,5,1,90.0
STU002563,UNI005,CMP076,Data Analyst,On-Campus,20230315,1,15.35,1,3,58.0
STU002564,UNI001,,,On-Campus,20221015,0,,1,0,
STU002565,UNI014,,,On-Campus,20230415,0,,2,0,
STU002566,UNI003,CMP076,Business Analyst,Recruitment Agency,20230115,1,14.46,1,1,39.0
STU002567,UNI024,CMP002,Systems Engineer,Direct Application,20230215,1,9.84,3,1,31.0
STU002568,UNI019,CMP039,ML Engineer,Job Portal,20230115,1,17.37,1,1,87.0
STU002569,UNI015,CMP043,Backend Engineer,Referral,20221015,1,31.9,1,2,65.0
STU002570,UNI010,,,Direct Application,20220815,0,,0,0,
STU002571,UNI010,CMP002,Systems Engineer,Recruitment Agency,20230215,1,6.85,2,1,10.0
STU002572,UNI015,CMP028,Cloud Engineer,Direct Application,20220815,1,36.01,2,1,86.0
STU002573,UNI020,CMP041,Frontend Engineer,Recruitment Agency,20230315,1,17.58,5,2,62.0
STU002574,UNI002,CMP038,Consultant,Recruitment Agency,20220815,1,7.84,4,1,29.0
STU002575,UNI006,CMP060,Financial Analyst,Recruitment Agency,20220915,1,12.71,4,1,38.0
STU002576,UNI027,CMP042,Data Scientist,Direct Application,20230415,1,12.71,1,1,27.0
STU002577,UNI010,,,Referral,20230115,0,,1,0,
STU002578,UNI026,CMP045,Data Analyst,Recruitment Agency,20221115,1,28.27,3,1,86.0
STU002579,UNI012,,,Referral,20220915,0,,0,0,
STU002580,UNI004,,,Referral,20230415,0,,1,0,
STU002581,UNI017,,,Job Portal,20230115,0,,1,0,
STU002582,UNI003,CMP052,Data Scientist,Recruitment Agency,20220815,1,38.13,4,1,47.0
STU002583,UNI002,,,Recruitment Agency,20220815,0,,2,0,
STU002584,UNI026,CMP051,Financial Analyst,Referral,20221215,1,41.25,2,1,67.0
STU002585,UNI023,CMP073,Backend Engineer,On-Campus,20221015,1,19.32,1,1,64.0
STU002586,UNI009,,,Referral,20230115,0,,0,0,
STU002587,UNI023,CMP068,Data Analyst,On-Campus,20220815,1,18.84,5,2,48.0
STU002588,UNI008,,,Direct Application,20221115,0,,2,0,
STU002589,UNI021,CMP080,Systems Engineer,Recruitment Agency,20221215,1,8.74,4,2,74.0
STU002590,UNI027,CMP079,Systems Engineer,Referral,20221115,1,18.77,3,1,35.0
STU002591,UNI024,CMP019,Cloud Engineer,Recruitment Agency,20221015,1,30.58,1,1,45.0
STU002592,UNI013,CMP033,ML Engineer,Recruitment Agency,20230215,1,27.24,4,2,90.0
STU002593,UNI014,,,Job Portal,20230215,0,,0,0,
STU002594,UNI019,CMP046,Data Analyst,Job Portal,20230315,1,28.61,3,3,46.0
STU002595,UNI023,,,Job Portal,20220915,0,,0,0,
STU002596,UNI015,CMP004,ML Engineer,Direct Application,20220915,1,22.55,5,1,45.0
STU002597,UNI013,,,Job Portal,20221015,0,,0,0,
STU002598,UNI026,CMP062,Operations Associate,Job Portal,20230315,1,10.83,4,1,31.0
STU002599,UNI029,,,Recruitment Agency,20220915,0,,2,0,
STU002600,UNI010,,,Referral,20230115,0,,2,0,
STU002601,UNI030,,,On-Campus,20230815,0,,0,0,
STU002602,UNI010,,,Recruitment Agency,20240315,0,,0,0,
STU002603,UNI013,CMP007,Cloud Engineer,Direct Application,20240315,1,20.1,3,1,49.0
STU002604,UNI008,,,Recruitment Agency,20240115,0,,2,0,
STU002605,UNI029,CMP058,Financial Analyst,Referral,20230815,1,29.54,4,1,19.0
STU002606,UNI013,,,Job Portal,20231015,0,,1,0,
STU002607,UNI014,,,Job Portal,20240415,0,,2,0,
STU002608,UNI005,CMP064,Design Engineer,Job Portal,20240115,1,28.99,5,1,76.0
STU002609,UNI004,,,Job Portal,20240115,0,,1,0,
STU002610,UNI003,CMP041,Cloud Engineer,On-Campus,20240315,1,17.87,1,2,44.0
STU002611,UNI002,CMP002,Product Analyst,Recruitment Agency,20240315,1,6.56,5,1,82.0
STU002612,UNI013,CMP011,Cloud Engineer,On-Campus,20231115,1,9.57,4,1,72.0
STU002613,UNI006,,,On-Campus,20230815,0,,2,0,
STU002614,UNI004,CMP025,Frontend Engineer,On-Campus,20230915,1,20.11,5,1,82.0
STU002615,UNI010,CMP027,Systems Engineer,Job Portal,20230815,1,15.66,4,1,14.0
STU002616,UNI003,,,Direct Application,20231015,0,,0,0,
STU002617,UNI010,CMP062,Data Analyst,Job Portal,20240415,1,7.52,1,1,89.0
STU002618,UNI005,CMP072,Product Analyst,Recruitment Agency,20230915,1,16.21,4,1,67.0
STU002619,UNI027,,,On-Campus,20230815,0,,0,0,
STU002620,UNI006,CMP007,Backend Engineer,On-Campus,20231015,1,27.45,5,1,51.0
STU002621,UNI001,,,On-Campus,20240115,0,,2,0,
STU002622,UNI019,,,Direct Application,20231215,0,,2,0,
STU002623,UNI008,CMP020,Systems Engineer,Referral,20230815,1,30.75,4,2,41.0
STU002624,UNI029,CMP057,Frontend Engineer,On-Campus,20231115,1,27.97,3,2,12.0
STU002625,UNI005,,,Referral,20240415,0,,1,0,
STU002626,UNI014,CMP041,Product Analyst,Direct Application,20230915,1,12.84,4,1,57.0
STU002627,UNI014,CMP040,Financial Analyst,On-Campus,20231015,1,23.76,1,1,23.0
STU002628,UNI027,CMP018,Consultant,Recruitment Agency,20231215,1,26.14,1,1,23.0
STU002629,UNI014,,,Recruitment Agency,20240415,0,,2,0,
STU002630,UNI028,CMP025,Business Analyst,Referral,20240215,1,28.57,1,1,30.0
STU002631,UNI002,CMP072,ML Engineer,Direct Application,20230815,1,10.85,2,2,71.0
STU002632,UNI016,,,Recruitment Agency,20240215,0,,2,0,
STU002633,UNI012,,,On-Campus,20231015,0,,1,0,
STU002634,UNI019,CMP053,Business Analyst,Recruitment Agency,20230915,1,10.91,3,1,12.0
STU002635,UNI009,,,Job Portal,20231115,0,,0,0,
STU002636,UNI006,CMP065,Operations Associate,Referral,20240115,1,11.41,1,1,32.0
STU002637,UNI024,CMP056,Operations Associate,Job Portal,20230915,1,16.78,3,1,93.0
STU002638,UNI002,CMP062,Consultant,Direct Application,20231015,1,7.31,2,2,52.0
STU002639,UNI030,CMP050,Systems Engineer,Direct Application,20230815,1,10.8,4,1,80.0
STU002640,UNI028,CMP048,Design Engineer,Recruitment Agency,20240415,1,12.66,3,3,24.0
STU002641,UNI028,,,Recruitment Agency,20231015,0,,1,0,
STU002642,UNI014,,,Recruitment Agency,20240415,0,,1,0,
STU002643,UNI029,CMP061,Cloud Engineer,Referral,20230915,1,18.35,5,1,28.0
STU002644,UNI009,CMP067,Financial Analyst,On-Campus,20230815,1,26.36,2,1,40.0
STU002645,UNI013,CMP076,Backend Engineer,Job Portal,20230915,1,7.38,4,3,18.0
STU002646,UNI006,CMP055,Financial Analyst,Recruitment Agency,20240415,1,26.1,3,1,38.0
STU002647,UNI013,CMP011,Consultant,Recruitment Agency,20230815,1,10.11,5,1,8.0
STU002648,UNI018,,,On-Campus,20240215,0,,1,0,
STU002649,UNI011,CMP020,Business Analyst,Recruitment Agency,20230915,1,19.06,1,1,32.0
STU002650,UNI012,CMP046,Consultant,Job Portal,20240315,1,19.49,5,1,83.0
STU002651,UNI020,CMP025,Data Scientist,Referral,20231115,1,55.34,5,1,42.0
STU002652,UNI010,CMP008,Data Analyst,Referral,20240215,1,18.79,4,1,60.0
STU002653,UNI011,CMP047,Systems Engineer,On-Campus,20240415,1,14.25,1,1,54.0
STU002654,UNI025,CMP010,ML Engineer,Direct Application,20230815,1,9.38,2,1,65.0
STU002655,UNI020,CMP078,ML Engineer,Referral,20240315,1,20.44,5,2,15.0
STU002656,UNI015,CMP066,Data Scientist,Referral,20231115,1,24.01,1,2,37.0
STU002657,UNI029,,,On-Campus,20230915,0,,0,0,
STU002658,UNI024,,,Direct Application,20231115,0,,1,0,
STU002659,UNI025,,,On-Campus,20231015,0,,1,0,
STU002660,UNI001,,,Job Portal,20240215,0,,1,0,
STU002661,UNI001,CMP080,Data Scientist,Referral,20230815,1,12.33,1,1,58.0
STU002662,UNI020,CMP070,ML Engineer,On-Campus,20231215,1,59.5,3,2,86.0
STU002663,UNI006,CMP010,Frontend Engineer,On-Campus,20240415,1,12.22,2,1,34.0
STU002664,UNI027,CMP069,Data Scientist,Recruitment Agency,20230815,1,9.62,2,2,69.0
STU002665,UNI028,CMP063,Frontend Engineer,Direct Application,20231215,1,16.23,2,2,37.0
STU002666,UNI005,,,Recruitment Agency,20240115,0,,0,0,
STU002667,UNI003,CMP052,Cloud Engineer,Referral,20230915,1,49.78,5,2,41.0
STU002668,UNI021,CMP035,Systems Engineer,On-Campus,20240215,1,25.23,1,3,7.0
STU002669,UNI023,CMP063,Product Analyst,Referral,20240315,1,16.82,2,1,39.0
STU002670,UNI013,CMP012,Operations Associate,On-Campus,20240415,1,11.6,2,1,14.0
STU002671,UNI015,,,Direct Application,20240115,0,,1,0,
STU002672,UNI012,,,Job Portal,20230915,0,,1,0,
STU002673,UNI014,CMP043,Financial Analyst,Recruitment Agency,20230915,1,24.82,3,1,62.0
STU002674,UNI001,,,Direct Application,20230915,0,,0,0,
STU002675,UNI008,CMP027,ML Engineer,Recruitment Agency,20230815,1,48.74,3,1,70.0
STU002676,UNI013,CMP076,Design Engineer,Referral,20240115,1,8.45,2,1,13.0
STU002677,UNI022,CMP077,Systems Engineer,Job Portal,20240315,1,20.62,4,1,68.0
STU002678,UNI013,,,Referral,20231015,0,,1,0,
STU002679,UNI014,CMP049,Data Scientist,Recruitment Agency,20231215,1,48.72,3,2,22.0
STU002680,UNI001,,,Direct Application,20240315,0,,1,0,
STU002681,UNI012,,,Referral,20230915,0,,2,0,
STU002682,UNI020,CMP077,QA Engineer,On-Campus,20240315,1,26.75,3,3,35.0
STU002683,UNI005,,,Job Portal,20230915,0,,1,0,
STU002684,UNI017,CMP026,Operations Associate,On-Campus,20240215,1,20.09,2,1,75.0
STU002685,UNI022,,,Recruitment Agency,20230815,0,,1,0,
STU002686,UNI023,CMP055,Systems Engineer,Job Portal,20230915,1,17.71,2,2,84.0
STU002687,UNI019,,,Recruitment Agency,20230915,0,,0,0,
STU002688,UNI003,CMP036,Consultant,On-Campus,20230915,1,48.5,4,1,78.0
STU002689,UNI009,,,Referral,20240415,0,,0,0,
STU002690,UNI017,,,Referral,20231015,0,,2,0,
STU002691,UNI022,,,Referral,20240415,0,,0,0,
STU002692,UNI025,CMP025,Frontend Engineer,Direct Application,20240215,1,30.34,4,1,75.0
STU002693,UNI013,CMP046,Business Analyst,Referral,20231015,1,23.22,3,1,40.0
STU002694,UNI024,CMP078,Data Analyst,Job Portal,20240415,1,11.73,2,1,25.0
STU002695,UNI024,,,Recruitment Agency,20240215,0,,0,0,
STU002696,UNI007,,,Recruitment Agency,20231015,0,,2,0,
STU002697,UNI010,,,Job Portal,20240415,0,,0,0,
STU002698,UNI023,,,Job Portal,20230915,0,,1,0,
STU002699,UNI030,CMP021,Data Analyst,Direct Application,20231015,1,20.85,4,3,48.0
STU002700,UNI011,,,Recruitment Agency,20231015,0,,1,0,
STU002701,UNI006,,,Direct Application,20231215,0,,2,0,
STU002702,UNI011,CMP018,Design Engineer,Direct Application,20240215,1,18.47,4,2,66.0
STU002703,UNI014,CMP041,Software Engineer,On-Campus,20240115,1,11.56,3,1,24.0
STU002704,UNI015,,,Direct Application,20240115,0,,2,0,
STU002705,UNI013,,,Referral,20231115,0,,2,0,
STU002706,UNI027,,,Direct Application,20231115,0,,0,0,
STU002707,UNI001,,,Recruitment Agency,20240115,0,,1,0,
STU002708,UNI001,CMP054,Data Analyst,Referral,20230815,1,16.52,2,1,68.0
STU002709,UNI009,CMP073,Consultant,Referral,20240115,1,18.74,3,2,20.0
STU002710,UNI001,CMP007,Design Engineer,Direct Application,20230815,1,19.42,5,1,92.0
STU002711,UNI008,,,Referral,20231115,0,,2,0,
STU002712,UNI015,CMP080,Data Analyst,Job Portal,20240215,1,14.32,1,1,54.0
STU002713,UNI015,,,Job Portal,20240415,0,,2,0,
STU002714,UNI005,CMP013,Software Engineer,Direct Application,20230915,1,34.75,1,2,73.0
STU002715,UNI005,,,Job Portal,20240215,0,,1,0,
STU002716,UNI008,,,Recruitment Agency,20231215,0,,0,0,
STU002717,UNI022,,,Job Portal,20240115,0,,0,0,
STU002718,UNI025,CMP037,Business Analyst,Recruitment Agency,20240315,1,9.43,3,1,15.0
STU002719,UNI022,CMP031,QA Engineer,Referral,20240115,1,8.19,4,1,56.0
STU002720,UNI015,,,Direct Application,20231215,0,,0,0,
STU002721,UNI009,CMP077,Backend Engineer,Job Portal,20231015,1,24.85,4,1,74.0
STU002722,UNI008,CMP045,Backend Engineer,Referral,20240415,1,30.01,3,1,61.0
STU002723,UNI003,,,Job Portal,20240415,0,,0,0,
STU002724,UNI011,,,Direct Application,20231015,0,,2,0,
STU002725,UNI013,,,Job Portal,20231115,0,,0,0,
STU002726,UNI013,CMP063,ML Engineer,Direct Application,20240315,1,20.91,3,1,84.0
STU002727,UNI027,,,On-Campus,20240215,0,,0,0,
STU002728,UNI020,,,Job Portal,20231015,0,,2,0,
STU002729,UNI004,CMP037,Software Engineer,Referral,20240315,1,9.51,5,1,18.0
STU002730,UNI021,CMP023,Software Engineer,Referral,20240315,1,31.73,4,1,85.0
STU002731,UNI025,CMP038,QA Engineer,Recruitment Agency,20230815,1,10.65,2,1,48.0
STU002732,UNI001,,,Referral,20230915,0,,0,0,
STU002733,UNI011,CMP003,Design Engineer,Job Portal,20240415,1,5.27,4,1,18.0
STU002734,UNI029,CMP008,Backend Engineer,Job Portal,20231215,1,18.03,1,2,7.0
STU002735,UNI009,,,Direct Application,20240315,0,,1,0,
STU002736,UNI024,,,Direct Application,20240215,0,,0,0,
STU002737,UNI005,CMP032,Product Analyst,Referral,20231215,1,49.02,3,1,79.0
STU002738,UNI009,CMP014,Data Analyst,Job Portal,20231215,1,8.32,1,2,19.0
STU002739,UNI029,,,Referral,20230815,0,,1,0,
STU002740,UNI003,,,Job Portal,20231215,0,,0,0,
STU002741,UNI005,CMP061,Cloud Engineer,Recruitment Agency,20230815,1,24.56,3,1,91.0
STU002742,UNI029,CMP052,Operations Associate,Referral,20231015,1,23.85,3,1,7.0
STU002743,UNI024,CMP062,Financial Analyst,Direct Application,20240415,1,9.34,4,1,10.0
STU002744,UNI026,CMP064,Systems Engineer,Direct Application,20230915,1,24.22,1,1,93.0
STU002745,UNI026,,,Direct Application,20240215,0,,1,0,
STU002746,UNI014,,,Referral,20231215,0,,2,0,
STU002747,UNI027,,,Job Portal,20231115,0,,2,0,
STU002748,UNI018,CMP007,Consultant,Referral,20231015,1,29.18,1,1,17.0
STU002749,UNI011,CMP029,ML Engineer,Job Portal,20240415,1,7.27,5,1,46.0
STU002750,UNI016,CMP002,Product Analyst,Recruitment Agency,20240315,1,6.37,4,1,45.0
STU002751,UNI022,,,Job Portal,20240415,0,,2,0,
STU002752,UNI012,CMP044,Business Analyst,Recruitment Agency,20231215,1,20.46,5,1,43.0
STU002753,UNI003,,,Referral,20240415,0,,0,0,
STU002754,UNI007,,,Direct Application,20230915,0,,0,0,
STU002755,UNI023,CMP070,Consultant,On-Campus,20240415,1,25.4,1,1,30.0
STU002756,UNI009,CMP021,Financial Analyst,Referral,20231015,1,17.94,4,2,94.0
STU002757,UNI004,,,Job Portal,20240115,0,,2,0,
STU002758,UNI019,,,On-Campus,20240115,0,,2,0,
STU002759,UNI007,,,Direct Application,20231115,0,,1,0,
STU002760,UNI017,,,Recruitment Agency,20240415,0,,1,0,
STU002761,UNI030,CMP068,Business Analyst,On-Campus,20231015,1,27.94,1,2,40.0
STU002762,UNI009,,,Direct Application,20230915,0,,2,0,
STU002763,UNI028,,,Referral,20230815,0,,2,0,
STU002764,UNI010,CMP053,Cloud Engineer,Recruitment Agency,20231115,1,12.54,2,1,89.0
STU002765,UNI019,,,Direct Application,20230815,0,,1,0,
STU002766,UNI015,CMP004,Data Scientist,On-Campus,20230815,1,21.12,2,1,85.0
STU002767,UNI018,CMP007,Business Analyst,Job Portal,20240115,1,21.8,3,1,69.0
STU002768,UNI010,CMP072,Product Analyst,Job Portal,20240315,1,8.3,3,1,63.0
STU002769,UNI008,,,Job Portal,20231015,0,,2,0,
STU002770,UNI030,,,Recruitment Agency,20240215,0,,1,0,
STU002771,UNI007,CMP053,Systems Engineer,Recruitment Agency,20240315,1,7.68,5,1,64.0
STU002772,UNI005,CMP002,Product Analyst,On-Campus,20230915,1,10.05,4,2,64.0
STU002773,UNI025,CMP028,Business Analyst,Direct Application,20240315,1,25.78,1,2,18.0
STU002774,UNI013,CMP080,Design Engineer,Referral,20231215,1,11.0,4,2,24.0
STU002775,UNI024,,,Recruitment Agency,20240115,0,,0,0,
STU002776,UNI001,,,On-Campus,20231215,0,,1,0,
STU002777,UNI023,CMP058,Cloud Engineer,Referral,20240415,1,26.38,3,2,52.0
STU002778,UNI005,CMP057,Data Analyst,Job Portal,20231015,1,33.0,1,4,12.0
STU002779,UNI012,CMP070,Financial Analyst,Recruitment Agency,20230815,1,20.64,3,1,86.0
STU002780,UNI008,CMP047,Frontend Engineer,On-Campus,20240215,1,25.49,3,1,26.0
STU002781,UNI005,CMP022,ML Engineer,Recruitment Agency,20231015,1,32.3,5,2,21.0
STU002782,UNI014,CMP013,Data Scientist,Recruitment Agency,20230815,1,34.0,3,1,13.0
STU002783,UNI030,,,Referral,20240215,0,,1,0,
STU002784,UNI009,CMP037,Operations Associate,Referral,20240415,1,8.97,2,1,34.0
STU002785,UNI007,CMP070,Consultant,Direct Application,20240115,1,27.41,5,2,70.0
STU002786,UNI013,CMP052,Consultant,Direct Application,20240315,1,22.02,3,2,68.0
STU002787,UNI013,CMP033,Systems Engineer,Recruitment Agency,20231115,1,17.75,1,1,85.0
STU002788,UNI004,CMP053,Consultant,Referral,20240115,1,8.28,1,1,91.0
STU002789,UNI010,CMP032,Frontend Engineer,Direct Application,20240115,1,17.2,5,1,8.0
STU002790,UNI012,CMP041,Financial Analyst,Recruitment Agency,20240215,1,11.09,4,1,27.0
STU002791,UNI003,CMP008,Cloud Engineer,Direct Application,20240415,1,55.47,3,3,21.0
STU002792,UNI021,,,On-Campus,20230915,0,,2,0,
STU002793,UNI019,CMP034,Data Scientist,Recruitment Agency,20240315,1,44.72,5,1,89.0
STU002794,UNI019,CMP030,Software Engineer,Job Portal,20231115,1,30.1,4,1,52.0
STU002795,UNI004,,,Direct Application,20231015,0,,2,0,
STU002796,UNI012,CMP044,QA Engineer,Direct Application,20231015,1,19.49,2,1,83.0
STU002797,UNI022,CMP069,Software Engineer,Recruitment Agency,20231015,1,9.65,5,1,77.0
STU002798,UNI003,CMP051,Systems Engineer,Referral,20240315,1,28.79,4,2,8.0
STU002799,UNI025,,,Job Portal,20231215,0,,1,0,
STU002800,UNI015,CMP028,Software Engineer,On-Campus,20240415,1,30.89,2,2,47.0
STU002801,UNI018,,,Referral,20231115,0,,1,0,
STU002802,UNI030,,,On-Campus,20240215,0,,0,0,
STU002803,UNI028,,,Job Portal,20230815,0,,2,0,
STU002804,UNI020,CMP065,Data Analyst,Recruitment Agency,20231215,1,12.44,2,4,68.0
STU002805,UNI001,,,On-Campus,20231215,0,,0,0,
STU002806,UNI026,CMP033,Systems Engineer,Job Portal,20231015,1,27.62,1,1,64.0
STU002807,UNI004,CMP059,Product Analyst,Direct Application,20231115,1,14.69,2,2,28.0
STU002808,UNI018,,,Direct Application,20240315,0,,2,0,
STU002809,UNI017,,,Job Portal,20231015,0,,2,0,
STU002810,UNI029,CMP028,Operations Associate,Recruitment Agency,20240115,1,23.49,1,1,65.0
STU002811,UNI026,,,Referral,20231215,0,,2,0,
STU002812,UNI016,CMP068,Backend Engineer,Referral,20231215,1,26.04,3,1,24.0
STU002813,UNI016,CMP023,Backend Engineer,Recruitment Agency,20231015,1,21.29,2,1,64.0
STU002814,UNI009,CMP066,Product Analyst,Direct Application,20231115,1,12.17,4,1,29.0
STU002815,UNI010,CMP015,Data Analyst,Direct Application,20230815,1,21.16,1,1,64.0
STU002816,UNI001,CMP007,Software Engineer,Referral,20231215,1,20.08,4,1,81.0
STU002817,UNI009,CMP004,QA Engineer,Recruitment Agency,20231015,1,8.1,1,2,33.0
STU002818,UNI017,CMP014,Product Analyst,Recruitment Agency,20230815,1,8.2,3,2,39.0
STU002819,UNI030,CMP015,Systems Engineer,On-Campus,20231115,1,23.9,2,2,22.0
STU002820,UNI004,,,Referral,20240415,0,,0,0,
STU002821,UNI019,CMP079,ML Engineer,On-Campus,20231015,1,45.03,4,1,19.0
STU002822,UNI011,CMP073,Operations Associate,Recruitment Agency,20231115,1,12.2,5,2,91.0
STU002823,UNI007,,,Recruitment Agency,20231015,0,,0,0,
STU002824,UNI002,,,Job Portal,20231215,0,,1,0,
STU002825,UNI020,,,Referral,20231015,0,,2,0,
STU002826,UNI020,,,Direct Application,20230915,0,,2,0,
STU002827,UNI014,CMP080,Product Analyst,Job Portal,20231215,1,13.35,4,1,57.0
STU002828,UNI015,CMP056,ML Engineer,Recruitment Agency,20240215,1,54.3,2,2,65.0
STU002829,UNI009,,,Direct Application,20230815,0,,0,0,
STU002830,UNI014,,,Referral,20231215,0,,2,0,
STU002831,UNI020,CMP037,Systems Engineer,Recruitment Agency,20240115,1,14.85,2,1,40.0
STU002832,UNI026,CMP046,Consultant,Referral,20231115,1,44.38,2,1,86.0
STU002833,UNI025,,,On-Campus,20231015,0,,0,0,
STU002834,UNI011,CMP017,Systems Engineer,Direct Application,20240415,1,14.89,4,1,67.0
STU002835,UNI005,,,Referral,20231115,0,,2,0,
STU002836,UNI020,,,Recruitment Agency,20231115,0,,0,0,
STU002837,UNI025,,,Direct Application,20231115,0,,2,0,
STU002838,UNI009,CMP069,Systems Engineer,Direct Application,20231015,1,8.36,2,1,75.0
STU002839,UNI007,CMP051,ML Engineer,On-Campus,20231015,1,28.83,5,1,35.0
STU002840,UNI019,CMP077,Financial Analyst,Recruitment Agency,20240315,1,45.16,2,2,84.0
STU002841,UNI018,,,Direct Application,20231115,0,,1,0,
STU002842,UNI019,,,Direct Application,20240115,0,,1,0,
STU002843,UNI012,CMP080,Data Analyst,On-Campus,20240215,1,9.4,5,1,21.0
STU002844,UNI018,,,On-Campus,20231215,0,,1,0,
STU002845,UNI010,CMP029,Financial Analyst,On-Campus,20231015,1,8.36,3,1,23.0
STU002846,UNI010,,,Job Portal,20240215,0,,2,0,
STU002847,UNI007,,,On-Campus,20230915,0,,0,0,
STU002848,UNI019,CMP043,Consultant,Recruitment Agency,20231215,1,24.86,2,2,46.0
STU002849,UNI009,CMP040,Product Analyst,Referral,20240115,1,24.2,4,1,68.0
STU002850,UNI025,,,On-Campus,20230915,0,,0,0,
STU002851,UNI005,CMP022,Financial Analyst,Job Portal,20230815,1,28.47,1,1,45.0
STU002852,UNI013,,,Job Portal,20230815,0,,2,0,
STU002853,UNI029,,,Job Portal,20240415,0,,1,0,
STU002854,UNI001,,,On-Campus,20231215,0,,1,0,
STU002855,UNI001,,,Job Portal,20231115,0,,0,0,
STU002856,UNI019,CMP001,Operations Associate,Direct Application,20231215,1,10.61,3,1,94.0
STU002857,UNI026,CMP005,QA Engineer,Job Portal,20240215,1,27.02,2,1,26.0
STU002858,UNI012,CMP030,Consultant,Direct Application,20231115,1,17.32,1,2,94.0
STU002859,UNI010,,,Recruitment Agency,20231115,0,,0,0,
STU002860,UNI015,CMP016,Product Analyst,Referral,20230815,1,36.43,4,1,45.0
STU002861,UNI026,,,Recruitment Agency,20230915,0,,2,0,
STU002862,UNI001,,,Referral,20231215,0,,2,0,
STU002863,UNI002,CMP079,Financial Analyst,On-Campus,20230815,1,17.17,3,1,31.0
STU002864,UNI004,CMP010,Backend Engineer,Referral,20240115,1,9.25,1,1,78.0
STU002865,UNI026,CMP075,Operations Associate,Referral,20231215,1,28.68,2,1,21.0
STU002866,UNI004,CMP058,Data Scientist,Direct Application,20231115,1,22.29,5,2,34.0
STU002867,UNI024,CMP027,Software Engineer,Recruitment Agency,20231115,1,36.19,4,1,81.0
STU002868,UNI027,,,Direct Application,20240115,0,,1,0,
STU002869,UNI016,CMP056,Design Engineer,Referral,20240115,1,23.2,4,1,27.0
STU002870,UNI006,,,Job Portal,20240215,0,,0,0,
STU002871,UNI028,CMP016,Data Analyst,Direct Application,20240215,1,16.5,5,2,29.0
STU002872,UNI009,,,Direct Application,20240115,0,,0,0,
STU002873,UNI007,CMP049,ML Engineer,Referral,20231215,1,35.67,3,2,43.0
STU002874,UNI001,,,Referral,20240115,0,,1,0,
STU002875,UNI005,CMP034,Frontend Engineer,Referral,20230915,1,39.08,4,1,32.0
STU002876,UNI026,CMP029,Cloud Engineer,On-Campus,20231015,1,15.67,1,1,17.0
STU002877,UNI017,,,On-Campus,20230815,0,,1,0,
STU002878,UNI024,CMP018,Product Analyst,On-Campus,20231215,1,20.96,2,1,34.0
STU002879,UNI024,CMP038,ML Engineer,Job Portal,20240115,1,9.74,1,1,87.0
STU002880,UNI010,,,Direct Application,20240115,0,,1,0,
STU002881,UNI030,CMP029,Operations Associate,Job Portal,20231115,1,11.43,4,1,30.0
STU002882,UNI020,,,Referral,20240315,0,,0,0,
STU002883,UNI012,CMP061,Backend Engineer,Referral,20240215,1,11.95,4,2,75.0
STU002884,UNI022,CMP016,Design Engineer,Job Portal,20230815,1,16.57,3,1,23.0
STU002885,UNI003,,,Direct Application,20240415,0,,1,0,
STU002886,UNI030,CMP001,ML Engineer,On-Campus,20231015,1,20.26,3,2,85.0
STU002887,UNI017,CMP065,Cloud Engineer,Referral,20230915,1,14.36,5,2,85.0
STU002888,UNI016,CMP079,ML Engineer,On-Campus,20240315,1,25.54,4,1,57.0
STU002889,UNI005,CMP073,Financial Analyst,Direct Application,20240415,1,31.97,1,2,14.0
STU002890,UNI009,CMP011,Software Engineer,Direct Application,20240215,1,6.29,1,2,18.0
STU002891,UNI022,CMP076,Operations Associate,Referral,20230815,1,5.75,3,1,87.0
STU002892,UNI028,,,Job Portal,20230915,0,,1,0,
STU002893,UNI026,,,Direct Application,20231015,0,,1,0,
STU002894,UNI024,,,Direct Application,20230815,0,,1,0,
STU002895,UNI013,,,Direct Application,20231115,0,,2,0,
STU002896,UNI014,CMP049,Business Analyst,Recruitment Agency,20240115,1,16.68,3,1,58.0
STU002897,UNI026,CMP036,Financial Analyst,Direct Application,20240115,1,34.18,1,1,8.0
STU002898,UNI014,CMP007,Consultant,Recruitment Agency,20231015,1,15.75,2,2,16.0
STU002899,UNI001,CMP058,Systems Engineer,Direct Application,20231215,1,15.3,2,1,43.0
STU002900,UNI011,CMP070,Product Analyst,Referral,20240115,1,24.27,5,1,44.0
STU002901,UNI015,CMP074,QA Engineer,Recruitment Agency,20240215,1,37.81,4,1,75.0
STU002902,UNI025,CMP040,Systems Engineer,Recruitment Agency,20231215,1,17.59,5,1,86.0
STU002903,UNI029,,,Direct Application,20230815,0,,0,0,
STU002904,UNI009,CMP008,Software Engineer,Direct Application,20240315,1,32.67,3,1,45.0
STU002905,UNI026,CMP062,Systems Engineer,Recruitment Agency,20240215,1,16.61,4,1,13.0
STU002906,UNI007,,,Recruitment Agency,20231015,0,,2,0,
STU002907,UNI020,,,On-Campus,20231015,0,,2,0,
STU002908,UNI006,,,Referral,20240115,0,,1,0,
STU002909,UNI019,,,Referral,20231215,0,,1,0,
STU002910,UNI029,CMP033,ML Engineer,Recruitment Agency,20231115,1,31.53,5,1,70.0
STU002911,UNI012,CMP070,Business Analyst,Recruitment Agency,20240415,1,22.76,3,1,73.0
STU002912,UNI010,,,Recruitment Agency,20240415,0,,1,0,
STU002913,UNI014,CMP041,Data Analyst,Direct Application,20230815,1,13.64,4,1,57.0
STU002914,UNI020,,,Job Portal,20240415,0,,0,0,
STU002915,UNI013,,,Direct Application,20240215,0,,1,0,
STU002916,UNI011,,,Referral,20240115,0,,2,0,
STU002917,UNI024,CMP021,QA Engineer,On-Campus,20231115,1,9.57,5,2,52.0
STU002918,UNI004,CMP001,QA Engineer,Referral,20231015,1,9.71,5,1,84.0
STU002919,UNI027,,,Referral,20240415,0,,1,0,
STU002920,UNI010,,,Recruitment Agency,20231115,0,,2,0,
STU002921,UNI010,CMP080,Business Analyst,Referral,20240415,1,9.56,4,2,62.0
STU002922,UNI022,,,On-Campus,20230915,0,,0,0,
STU002923,UNI017,CMP060,Consultant,Direct Application,20230915,1,13.32,1,1,14.0
STU002924,UNI020,,,Job Portal,20231015,0,,2,0,
STU002925,UNI028,,,Recruitment Agency,20240415,0,,0,0,
STU002926,UNI029,,,Referral,20240215,0,,0,0,
STU002927,UNI029,CMP027,Data Scientist,Job Portal,20230915,1,46.65,1,1,28.0
STU002928,UNI012,CMP075,Backend Engineer,On-Campus,20231115,1,28.55,5,1,56.0
STU002929,UNI007,CMP012,Design Engineer,On-Campus,20240115,1,23.48,1,1,66.0
STU002930,UNI017,CMP074,Software Engineer,Recruitment Agency,20240415,1,28.35,1,1,20.0
STU002931,UNI019,CMP002,Financial Analyst,Job Portal,20240215,1,15.68,1,1,51.0
STU002932,UNI017,CMP043,Design Engineer,Referral,20240115,1,26.45,5,1,85.0
STU002933,UNI023,CMP032,Backend Engineer,Recruitment Agency,20231215,1,19.13,2,1,86.0
STU002934,UNI025,,,Direct Application,20231115,0,,2,0,
STU002935,UNI015,CMP023,Cloud Engineer,Job Portal,20240215,1,52.0,3,1,30.0
STU002936,UNI019,CMP029,Design Engineer,Recruitment Agency,20231015,1,13.7,5,1,13.0
STU002937,UNI005,CMP079,Financial Analyst,Referral,20231015,1,48.09,2,1,65.0
STU002938,UNI004,,,Job Portal,20240415,0,,0,0,
STU002939,UNI013,,,Recruitment Agency,20231115,0,,1,0,
STU002940,UNI007,CMP043,Systems Engineer,Direct Application,20230815,1,16.41,2,1,43.0
STU002941,UNI030,CMP064,QA Engineer,Job Portal,20240315,1,29.39,3,2,58.0
STU002942,UNI019,,,Referral,20231215,0,,2,0,
STU002943,UNI027,CMP024,QA Engineer,On-Campus,20240315,1,15.38,5,2,65.0
STU002944,UNI021,CMP035,Business Analyst,On-Campus,20231115,1,24.73,2,2,94.0
STU002945,UNI006,CMP080,Frontend Engineer,Job Portal,20231115,1,14.96,3,1,84.0
STU002946,UNI023,,,Job Portal,20230915,0,,2,0,
STU002947,UNI017,CMP038,Design Engineer,On-Campus,20231215,1,10.76,2,1,34.0
STU002948,UNI029,,,Direct Application,20230915,0,,0,0,
STU002949,UNI002,,,On-Campus,20240415,0,,2,0,
STU002950,UNI012,,,Job Portal,20231115,0,,1,0,
STU002951,UNI010,,,Referral,20231215,0,,0,0,
STU002952,UNI030,,,Direct Application,20240415,0,,2,0,
STU002953,UNI026,,,Referral,20230815,0,,2,0,
STU002954,UNI003,CMP063,Backend Engineer,Referral,20231115,1,41.49,4,1,70.0
STU002955,UNI015,,,Direct Application,20231115,0,,1,0,
STU002956,UNI014,,,Direct Application,20240115,0,,1,0,
STU002957,UNI008,,,Job Portal,20231215,0,,0,0,
STU002958,UNI010,CMP069,Frontend Engineer,Direct Application,20231015,1,8.86,2,1,72.0
STU002959,UNI029,CMP080,Systems Engineer,Referral,20240115,1,12.86,4,2,16.0
STU002960,UNI016,CMP055,ML Engineer,On-Campus,20240315,1,24.1,1,1,57.0
STU002961,UNI021,CMP075,Business Analyst,Job Portal,20230915,1,13.61,5,1,62.0
STU002962,UNI015,,,Job Portal,20240415,0,,0,0,
STU002963,UNI029,CMP076,Data Scientist,On-Campus,20240315,1,13.15,3,1,87.0
STU002964,UNI027,,,On-Campus,20230915,0,,1,0,
STU002965,UNI003,,,Direct Application,20240315,0,,2,0,
STU002966,UNI004,CMP058,Systems Engineer,Direct Application,20230815,1,21.39,4,1,50.0
STU002967,UNI004,,,Job Portal,20240115,0,,2,0,
STU002968,UNI005,,,Recruitment Agency,20231115,0,,1,0,
STU002969,UNI008,CMP046,Data Scientist,Referral,20231015,1,41.73,1,1,37.0
STU002970,UNI018,CMP007,Backend Engineer,On-Campus,20231215,1,19.52,2,1,30.0
STU002971,UNI020,CMP001,Consultant,Recruitment Agency,20231115,1,14.49,5,2,92.0
STU002972,UNI023,CMP016,Data Scientist,Referral,20231215,1,27.67,2,3,28.0
STU002973,UNI020,CMP060,Frontend Engineer,Job Portal,20230915,1,19.26,1,1,69.0
STU002974,UNI008,,,Direct Application,20240415,0,,2,0,
STU002975,UNI011,,,Job Portal,20231015,0,,1,0,
STU002976,UNI029,CMP042,Consultant,Recruitment Agency,20231215,1,11.34,2,3,43.0
STU002977,UNI027,,,Job Portal,20240215,0,,1,0,
STU002978,UNI013,CMP053,Systems Engineer,Referral,20231015,1,9.91,5,2,8.0
STU002979,UNI020,CMP036,Consultant,Referral,20240415,1,50.6,4,1,67.0
STU002980,UNI017,CMP061,Design Engineer,On-Campus,20230815,1,9.03,2,2,53.0
STU002981,UNI003,CMP051,Backend Engineer,Direct Application,20230815,1,37.24,3,1,63.0
STU002982,UNI016,CMP005,Product Analyst,Direct Application,20231115,1,18.87,5,1,89.0
STU002983,UNI006,CMP038,Financial Analyst,Job Portal,20240415,1,8.07,1,1,10.0
STU002984,UNI007,CMP025,Frontend Engineer,Referral,20240215,1,30.13,2,1,76.0
STU002985,UNI025,CMP041,Backend Engineer,Direct Application,20231215,1,11.57,1,1,63.0
STU002986,UNI013,,,Job Portal,20240315,0,,2,0,
STU002987,UNI012,,,Direct Application,20240415,0,,2,0,
STU002988,UNI015,,,Referral,20230815,0,,0,0,
STU002989,UNI012,CMP015,ML Engineer,Job Portal,20240315,1,18.12,5,1,37.0
STU002990,UNI017,,,Job Portal,20240415,0,,1,0,
STU002991,UNI021,CMP033,QA Engineer,On-Campus,20240315,1,20.44,2,2,34.0
STU002992,UNI019,CMP040,Systems Engineer,Recruitment Agency,20240415,1,33.27,3,1,72.0
STU002993,UNI006,CMP017,Data Analyst,Recruitment Agency,20231015,1,21.93,2,1,82.0
STU002994,UNI023,,,Direct Application,20231115,0,,1,0,
STU002995,UNI001,CMP045,Systems Engineer,Recruitment Agency,20240315,1,16.02,5,1,52.0
STU002996,UNI001,CMP033,Data Scientist,Referral,20240315,1,28.71,4,2,50.0
STU002997,UNI016,,,On-Campus,20240315,0,,2,0,
STU002998,UNI006,,,Recruitment Agency,20231015,0,,0,0,
STU002999,UNI011,,,Referral,20240115,0,,1,0,
STU003000,UNI003,CMP003,Business Analyst,On-Campus,20240215,1,10.07,4,1,33.0
STU003001,UNI004,,,Referral,20231115,0,,0,0,
STU003002,UNI020,,,Recruitment Agency,20231015,0,,2,0,
STU003003,UNI021,CMP048,Systems Engineer,Referral,20240315,1,23.22,4,1,71.0
STU003004,UNI006,,,Direct Application,20240415,0,,2,0,
STU003005,UNI028,CMP078,Data Analyst,Direct Application,20231015,1,9.38,1,1,81.0
STU003006,UNI019,CMP021,Frontend Engineer,Referral,20231015,1,16.89,4,3,87.0
STU003007,UNI006,CMP064,Consultant,Job Portal,20240115,1,29.05,3,1,69.0
STU003008,UNI013,,,Job Portal,20230915,0,,2,0,
STU003009,UNI030,,,Recruitment Agency,20231215,0,,2,0,
STU003010,UNI015,,,Referral,20230915,0,,2,0,
STU003011,UNI010,CMP056,Operations Associate,Job Portal,20240415,1,14.23,3,1,75.0
STU003012,UNI026,,,Job Portal,20240215,0,,2,0,
STU003013,UNI021,,,On-Campus,20231015,0,,0,0,
STU003014,UNI003,CMP074,Data Analyst,Recruitment Agency,20231115,1,31.59,2,2,24.0
STU003015,UNI013,,,Referral,20240415,0,,1,0,
STU003016,UNI015,CMP040,Operations Associate,On-Campus,20240115,1,22.47,1,3,16.0
STU003017,UNI017,CMP046,Design Engineer,Referral,20231015,1,28.05,3,1,24.0
STU003018,UNI005,CMP044,Data Analyst,Recruitment Agency,20231015,1,45.96,2,2,67.0
STU003019,UNI030,,,Direct Application,20231115,0,,1,0,
STU003020,UNI017,CMP054,Backend Engineer,Recruitment Agency,20231115,1,24.99,1,1,70.0
STU003021,UNI018,CMP066,Design Engineer,Job Portal,20240115,1,9.33,1,1,19.0
STU003022,UNI023,,,Recruitment Agency,20240115,0,,1,0,
STU003023,UNI028,,,On-Campus,20240215,0,,0,0,
STU003024,UNI019,CMP017,QA Engineer,Recruitment Agency,20231215,1,18.14,5,3,32.0
STU003025,UNI030,,,Direct Application,20240115,0,,0,0,
STU003026,UNI018,,,On-Campus,20240115,0,,0,0,
STU003027,UNI025,CMP001,Data Analyst,Recruitment Agency,20231215,1,6.59,3,1,25.0
STU003028,UNI030,,,On-Campus,20240115,0,,1,0,
STU003029,UNI006,CMP049,ML Engineer,On-Campus,20230815,1,34.89,2,2,28.0
STU003030,UNI003,,,Direct Application,20240415,0,,2,0,
STU003031,UNI022,CMP016,Operations Associate,On-Campus,20240315,1,17.24,2,1,71.0
STU003032,UNI009,CMP071,QA Engineer,On-Campus,20231015,1,23.91,1,1,16.0
STU003033,UNI022,,,Job Portal,20230815,0,,2,0,
STU003034,UNI018,CMP009,Consultant,On-Campus,20240115,1,22.18,2,1,37.0
STU003035,UNI017,CMP069,Backend Engineer,Referral,20240315,1,15.25,5,1,64.0
STU003036,UNI008,CMP069,Systems Engineer,On-Campus,20231215,1,8.89,4,1,37.0
STU003037,UNI028,CMP001,Operations Associate,On-Campus,20240315,1,6.16,1,1,11.0
STU003038,UNI028,,,Recruitment Agency,20231215,0,,1,0,
STU003039,UNI028,CMP077,Cloud Engineer,Direct Application,20240415,1,26.47,3,2,61.0
STU003040,UNI005,CMP024,Cloud Engineer,Job Portal,20231215,1,38.71,5,2,20.0
STU003041,UNI026,CMP079,Data Scientist,Referral,20240415,1,43.49,2,3,59.0
STU003042,UNI020,CMP045,Frontend Engineer,Direct Application,20230815,1,31.86,4,1,70.0
STU003043,UNI013,,,Referral,20230815,0,,0,0,
STU003044,UNI029,,,Direct Application,20240315,0,,2,0,
STU003045,UNI022,,,Recruitment Agency,20240415,0,,1,0,
STU003046,UNI003,,,Recruitment Agency,20230915,0,,1,0,
STU003047,UNI020,,,Recruitment Agency,20240215,0,,0,0,
STU003048,UNI009,,,On-Campus,20240315,0,,2,0,
STU003049,UNI020,,,Referral,20230915,0,,0,0,
STU003050,UNI001,CMP021,Cloud Engineer,Referral,20231115,1,14.66,4,1,86.0
STU003051,UNI014,,,Recruitment Agency,20240315,0,,2,0,
STU003052,UNI002,,,Referral,20231115,0,,2,0,
STU003053,UNI011,,,Referral,20240415,0,,1,0,
STU003054,UNI012,CMP059,Frontend Engineer,Recruitment Agency,20240215,1,15.33,5,1,89.0
STU003055,UNI001,,,Job Portal,20231115,0,,1,0,
STU003056,UNI025,,,Recruitment Agency,20230915,0,,2,0,
STU003057,UNI023,CMP058,Software Engineer,On-Campus,20231015,1,19.92,2,1,80.0
STU003058,UNI012,CMP075,Product Analyst,On-Campus,20230815,1,22.42,4,1,86.0
STU003059,UNI015,CMP066,Cloud Engineer,On-Campus,20230815,1,23.44,4,3,56.0
STU003060,UNI010,CMP074,QA Engineer,Recruitment Agency,20230915,1,16.66,4,2,86.0
STU003061,UNI010,CMP034,Systems Engineer,Direct Application,20231215,1,18.73,1,1,88.0
STU003062,UNI010,CMP028,Financial Analyst,Recruitment Agency,20231015,1,16.47,4,1,14.0
STU003063,UNI029,CMP047,Product Analyst,Recruitment Agency,20231115,1,26.27,4,1,7.0
STU003064,UNI014,CMP051,Backend Engineer,Job Portal,20230915,1,30.67,3,1,60.0
STU003065,UNI018,CMP011,Cloud Engineer,Direct Application,20230815,1,9.5,2,1,19.0
STU003066,UNI017,CMP036,Financial Analyst,Recruitment Agency,20231015,1,27.84,2,1,40.0
STU003067,UNI025,,,On-Campus,20240115,0,,0,0,
STU003068,UNI003,CMP050,Cloud Engineer,Referral,20231015,1,22.18,1,1,81.0
STU003069,UNI002,,,Direct Application,20230915,0,,1,0,
STU003070,UNI028,CMP042,Backend Engineer,On-Campus,20230815,1,7.92,4,1,86.0
STU003071,UNI007,CMP037,QA Engineer,Direct Application,20231015,1,7.92,1,1,57.0
STU003072,UNI017,,,Recruitment Agency,20230815,0,,1,0,
STU003073,UNI006,CMP067,Data Scientist,On-Campus,20231015,1,24.49,2,2,7.0
STU003074,UNI021,CMP079,Data Analyst,Direct Application,20240415,1,25.48,4,2,76.0
STU003075,UNI022,,,Referral,20231215,0,,0,0,
STU003076,UNI023,,,Job Portal,20240115,0,,0,0,
STU003077,UNI026,CMP007,Systems Engineer,Recruitment Agency,20230915,1,27.01,5,4,42.0
STU003078,UNI016,,,Direct Application,20240215,0,,0,0,
STU003079,UNI008,CMP060,Data Scientist,Referral,20231215,1,18.03,5,1,82.0
STU003080,UNI008,CMP033,Financial Analyst,On-Campus,20240315,1,19.81,2,1,92.0
STU003081,UNI026,CMP061,Operations Associate,Job Portal,20230815,1,10.34,5,1,31.0
STU003082,UNI025,CMP023,Cloud Engineer,Job Portal,20231115,1,28.17,2,1,86.0
STU003083,UNI004,CMP074,Data Scientist,On-Campus,20230915,1,23.02,4,1,49.0
STU003084,UNI030,,,On-Campus,20240115,0,,0,0,
STU003085,UNI020,CMP023,Financial Analyst,On-Campus,20240415,1,48.31,3,1,49.0
STU003086,UNI030,,,Recruitment Agency,20240215,0,,1,0,
STU003087,UNI008,,,Job Portal,20240315,0,,2,0,
STU003088,UNI019,CMP070,Software Engineer,Referral,20231115,1,34.58,4,2,59.0
STU003089,UNI014,,,Referral,20240315,0,,1,0,
STU003090,UNI011,CMP023,QA Engineer,Job Portal,20240415,1,17.19,5,2,72.0
STU003091,UNI015,,,Direct Application,20231015,0,,0,0,
STU003092,UNI007,CMP039,Data Analyst,Recruitment Agency,20240115,1,7.91,2,1,9.0
STU003093,UNI029,CMP075,Consultant,Referral,20240215,1,33.37,1,2,45.0
STU003094,UNI017,,,Referral,20231115,0,,1,0,
STU003095,UNI028,CMP048,Data Scientist,On-Campus,20231215,1,19.23,3,3,73.0
STU003096,UNI020,CMP025,Data Analyst,Recruitment Agency,20240315,1,42.8,2,1,58.0
STU003097,UNI024,CMP026,Software Engineer,On-Campus,20240115,1,22.5,4,1,81.0
STU003098,UNI009,,,Referral,20231115,0,,0,0,
STU003099,UNI025,CMP021,Operations Associate,Recruitment Agency,20231015,1,12.18,2,1,43.0
STU003100,UNI010,,,Recruitment Agency,20231215,0,,2,0,
STU003101,UNI002,CMP019,Business Analyst,Job Portal,20231215,1,13.22,2,1,11.0
STU003102,UNI007,CMP033,Financial Analyst,On-Campus,20231015,1,23.97,2,1,84.0
STU003103,UNI022,,,Direct Application,20231015,0,,2,0,
STU003104,UNI009,CMP038,Data Scientist,Direct Application,20240415,1,13.02,5,2,58.0
STU003105,UNI002,CMP067,Operations Associate,Recruitment Agency,20240415,1,15.96,1,1,8.0
STU003106,UNI019,CMP047,Financial Analyst,Referral,20240415,1,49.53,4,3,30.0
STU003107,UNI026,CMP060,Systems Engineer,Referral,20240415,1,21.66,3,1,59.0
STU003108,UNI007,,,Direct Application,20230815,0,,1,0,
STU003109,UNI015,,,Direct Application,20231215,0,,2,0,
STU003110,UNI028,,,Referral,20230815,0,,1,0,
STU003111,UNI022,CMP073,Data Analyst,Referral,20240215,1,17.71,1,1,70.0
STU003112,UNI027,CMP061,Business Analyst,Direct Application,20230915,1,9.75,1,1,65.0
STU003113,UNI008,,,Referral,20240415,0,,1,0,
STU003114,UNI005,CMP015,Systems Engineer,Job Portal,20240315,1,29.27,4,2,82.0
STU003115,UNI012,CMP009,Operations Associate,Job Portal,20231115,1,19.49,3,1,48.0
STU003116,UNI009,CMP059,Design Engineer,Referral,20240115,1,29.29,1,2,33.0
STU003117,UNI002,CMP077,Operations Associate,Recruitment Agency,20230915,1,13.96,3,1,41.0
STU003118,UNI018,CMP030,Data Scientist,On-Campus,20231215,1,25.98,5,1,86.0
STU003119,UNI009,,,On-Campus,20230815,0,,2,0,
STU003120,UNI013,CMP051,Product Analyst,Recruitment Agency,20240115,1,18.72,5,1,61.0
STU003121,UNI025,CMP014,Business Analyst,Recruitment Agency,20231215,1,10.78,3,2,31.0
STU003122,UNI020,CMP066,Product Analyst,Direct Application,20240315,1,16.69,3,1,63.0
STU003123,UNI027,,,Recruitment Agency,20240215,0,,2,0,
STU003124,UNI020,CMP025,Software Engineer,Referral,20230815,1,39.67,5,1,87.0
STU003125,UNI004,,,Referral,20231215,0,,0,0,
STU003126,UNI019,CMP016,Data Analyst,On-Campus,20230915,1,27.29,1,1,14.0
STU003127,UNI010,CMP064,Financial Analyst,Job Portal,20231015,1,19.86,3,1,22.0
STU003128,UNI010,,,On-Campus,20240215,0,,1,0,
STU003129,UNI028,,,Referral,20240115,0,,2,0,
STU003130,UNI021,CMP050,QA Engineer,Recruitment Agency,20240315,1,7.78,1,1,57.0
STU003131,UNI011,,,Recruitment Agency,20240115,0,,0,0,
STU003132,UNI015,,,Job Portal,20230815,0,,0,0,
STU003133,UNI017,,,Job Portal,20231015,0,,1,0,
STU003134,UNI018,CMP062,QA Engineer,Direct Application,20240115,1,7.02,4,1,36.0
STU003135,UNI021,CMP057,Cloud Engineer,Job Portal,20231115,1,22.15,5,2,54.0
STU003136,UNI029,,,On-Campus,20230815,0,,2,0,
STU003137,UNI020,,,Direct Application,20240215,0,,2,0,
STU003138,UNI013,,,Job Portal,20230815,0,,0,0,
STU003139,UNI005,CMP079,Product Analyst,Job Portal,20230815,1,28.58,5,2,8.0
STU003140,UNI015,CMP041,Software Engineer,On-Campus,20240115,1,16.21,5,2,14.0
STU003141,UNI007,CMP034,Product Analyst,Recruitment Agency,20231115,1,19.07,2,1,70.0
STU003142,UNI026,CMP013,Design Engineer,Referral,20230815,1,34.92,4,1,23.0
STU003143,UNI029,CMP072,Backend Engineer,Referral,20240215,1,12.63,3,1,28.0
STU003144,UNI015,CMP003,Financial Analyst,Referral,20240415,1,15.79,2,1,69.0
STU003145,UNI030,CMP036,Financial Analyst,Job Portal,20231115,1,42.17,5,2,62.0
STU003146,UNI026,,,On-Campus,20230915,0,,2,0,
STU003147,UNI010,,,On-Campus,20240215,0,,1,0,
STU003148,UNI001,,,Recruitment Agency,20240215,0,,0,0,
STU003149,UNI005,CMP059,Consultant,Direct Application,20231115,1,30.31,3,2,55.0
STU003150,UNI026,,,Recruitment Agency,20240215,0,,1,0,
STU003151,UNI017,CMP049,QA Engineer,Referral,20231115,1,23.89,3,1,10.0
STU003152,UNI007,,,Job Portal,20231215,0,,1,0,
STU003153,UNI010,CMP072,Software Engineer,On-Campus,20240315,1,11.53,2,1,32.0
STU003154,UNI004,CMP065,Backend Engineer,On-Campus,20230915,1,7.64,5,1,41.0
STU003155,UNI007,,,On-Campus,20231215,0,,0,0,
STU003156,UNI027,,,On-Campus,20240215,0,,2,0,
STU003157,UNI024,CMP076,Data Analyst,On-Campus,20230815,1,7.67,3,1,56.0
STU003158,UNI026,CMP033,Operations Associate,Job Portal,20230815,1,19.35,2,2,23.0
STU003159,UNI028,,,Referral,20240315,0,,1,0,
STU003160,UNI021,,,Direct Application,20240115,0,,1,0,
STU003161,UNI007,,,Direct Application,20231115,0,,1,0,
STU003162,UNI013,,,Direct Application,20240215,0,,1,0,
STU003163,UNI028,CMP004,Backend Engineer,Recruitment Agency,20231015,1,10.86,1,2,46.0
STU003164,UNI026,,,Recruitment Agency,20231215,0,,0,0,
STU003165,UNI014,CMP045,Cloud Engineer,Recruitment Agency,20240215,1,28.35,2,3,54.0
STU003166,UNI015,,,Job Portal,20231215,0,,1,0,
STU003167,UNI023,,,Direct Application,20230815,0,,1,0,
STU003168,UNI010,CMP066,Systems Engineer,Direct Application,20231015,1,9.48,1,1,64.0
STU003169,UNI002,CMP025,Data Analyst,On-Campus,20240215,1,18.28,3,1,42.0
STU003170,UNI003,,,On-Campus,20230915,0,,2,0,
STU003171,UNI015,,,Direct Application,20231215,0,,0,0,
STU003172,UNI017,,,Referral,20231215,0,,2,0,
STU003173,UNI001,,,Referral,20230815,0,,2,0,
STU003174,UNI014,CMP021,Systems Engineer,Recruitment Agency,20240215,1,11.23,3,1,93.0
STU003175,UNI026,CMP071,Backend Engineer,On-Campus,20231215,1,31.74,4,1,24.0
STU003176,UNI007,CMP008,QA Engineer,Direct Application,20240315,1,19.33,5,2,58.0
STU003177,UNI004,CMP022,Product Analyst,Referral,20231115,1,21.95,2,2,27.0
STU003178,UNI004,CMP040,Data Scientist,On-Campus,20240115,1,18.01,3,1,21.0
STU003179,UNI022,CMP007,Financial Analyst,Recruitment Agency,20240315,1,19.51,1,2,61.0
STU003180,UNI012,,,On-Campus,20240315,0,,2,0,
STU003181,UNI011,,,Recruitment Agency,20240415,0,,1,0,
STU003182,UNI009,CMP001,Cloud Engineer,Job Portal,20240215,1,8.04,4,2,39.0
STU003183,UNI013,CMP073,Data Scientist,Job Portal,20240215,1,26.87,4,1,92.0
STU003184,UNI030,CMP079,Business Analyst,On-Campus,20231215,1,20.14,3,1,91.0
STU003185,UNI015,CMP079,Product Analyst,On-Campus,20231215,1,44.44,5,1,25.0
STU003186,UNI009,,,Job Portal,20230915,0,,2,0,
STU003187,UNI015,CMP034,ML Engineer,On-Campus,20240215,1,61.43,3,1,70.0
STU003188,UNI016,CMP007,Backend Engineer,Referral,20240115,1,23.15,2,1,25.0
STU003189,UNI003,CMP071,ML Engineer,Direct Application,20240315,1,47.96,2,1,56.0
STU003190,UNI022,CMP003,Software Engineer,On-Campus,20230815,1,7.42,5,2,68.0
STU003191,UNI020,CMP056,Backend Engineer,Direct Application,20231015,1,32.03,2,1,33.0
STU003192,UNI015,CMP033,Product Analyst,Recruitment Agency,20230815,1,24.6,5,2,64.0
STU003193,UNI023,,,Job Portal,20240115,0,,2,0,
STU003194,UNI003,CMP052,Frontend Engineer,Recruitment Agency,20230815,1,35.34,5,2,56.0
STU003195,UNI020,CMP063,Data Analyst,Recruitment Agency,20230815,1,33.27,3,1,25.0
STU003196,UNI016,CMP024,Financial Analyst,Recruitment Agency,20231115,1,11.94,1,1,72.0
STU003197,UNI028,CMP018,Data Scientist,Direct Application,20230815,1,23.96,4,1,22.0
STU003198,UNI017,CMP069,Business Analyst,Job Portal,20231015,1,8.73,2,1,23.0
STU003199,UNI001,CMP036,Operations Associate,Job Portal,20240115,1,21.57,4,1,61.0
STU003200,UNI008,CMP056,Data Analyst,On-Campus,20240315,1,22.65,3,2,78.0
STU003201,UNI018,,,Recruitment Agency,20240215,0,,0,0,
STU003202,UNI017,,,Recruitment Agency,20240415,0,,0,0,
STU003203,UNI006,,,Recruitment Agency,20240415,0,,0,0,
STU003204,UNI023,CMP009,QA Engineer,Job Portal,20240315,1,14.31,1,1,73.0
STU003205,UNI007,CMP075,Data Analyst,Job Portal,20240315,1,18.18,4,1,71.0
STU003206,UNI002,,,Referral,20240215,0,,0,0,
STU003207,UNI020,CMP008,Operations Associate,Direct Application,20231015,1,34.08,2,1,18.0
STU003208,UNI022,CMP064,Systems Engineer,Recruitment Agency,20230915,1,16.82,2,1,68.0
STU003209,UNI003,CMP033,Business Analyst,Referral,20231015,1,35.52,2,2,62.0
STU003210,UNI030,CMP027,Business Analyst,Job Portal,20231215,1,33.13,5,1,92.0
STU003211,UNI002,,,Recruitment Agency,20231015,0,,1,0,
STU003212,UNI024,CMP065,Data Analyst,Job Portal,20240115,1,10.18,2,1,28.0
STU003213,UNI029,CMP056,Cloud Engineer,Job Portal,20240315,1,31.59,3,1,34.0
STU003214,UNI025,,,Direct Application,20230815,0,,1,0,
STU003215,UNI011,CMP079,Business Analyst,On-Campus,20231115,1,19.39,1,1,40.0
STU003216,UNI002,,,Referral,20240415,0,,1,0,
STU003217,UNI002,,,Recruitment Agency,20230915,0,,1,0,
STU003218,UNI023,,,On-Campus,20240115,0,,2,0,
STU003219,UNI020,CMP059,Operations Associate,On-Campus,20230815,1,41.25,4,4,32.0
STU003220,UNI020,CMP022,Business Analyst,On-Campus,20231015,1,32.07,2,1,28.0
STU003221,UNI030,CMP035,ML Engineer,Referral,20231215,1,65.0,2,3,91.0
STU003222,UNI021,,,Recruitment Agency,20231015,0,,1,0,
STU003223,UNI014,CMP041,Backend Engineer,Referral,20240215,1,12.04,2,1,58.0
STU003224,UNI025,CMP071,Data Scientist,On-Campus,20240415,1,35.18,1,1,43.0
STU003225,UNI019,CMP031,Frontend Engineer,Job Portal,20231215,1,10.28,3,3,88.0
STU003226,UNI015,CMP075,Cloud Engineer,On-Campus,20240215,1,46.6,2,3,47.0
STU003227,UNI018,CMP005,Design Engineer,On-Campus,20231215,1,17.75,2,1,80.0
STU003228,UNI006,CMP063,Financial Analyst,On-Campus,20230915,1,28.4,3,1,43.0
STU003229,UNI008,CMP024,Systems Engineer,Direct Application,20231115,1,15.54,4,1,26.0
STU003230,UNI011,,,Direct Application,20231115,0,,2,0,
STU003231,UNI001,,,Job Portal,20240315,0,,2,0,
STU003232,UNI003,CMP061,Frontend Engineer,Direct Application,20231215,1,20.06,1,2,88.0
STU003233,UNI018,,,Recruitment Agency,20231015,0,,0,0,
STU003234,UNI027,,,Referral,20231115,0,,2,0,
STU003235,UNI006,CMP035,ML Engineer,On-Campus,20240215,1,27.53,5,1,55.0
STU003236,UNI001,CMP037,Design Engineer,Recruitment Agency,20240415,1,6.22,4,1,72.0
STU003237,UNI009,CMP045,Cloud Engineer,On-Campus,20230815,1,26.13,1,1,38.0
STU003238,UNI001,CMP078,Business Analyst,On-Campus,20240415,1,7.99,1,2,19.0
STU003239,UNI001,,,On-Campus,20240115,0,,1,0,
STU003240,UNI015,CMP011,Consultant,Direct Application,20240415,1,14.07,4,1,90.0
STU003241,UNI013,,,On-Campus,20240415,0,,2,0,
STU003242,UNI009,CMP080,Design Engineer,Job Portal,20231015,1,14.31,3,2,66.0
STU003243,UNI027,CMP055,Consultant,Referral,20230915,1,21.76,2,2,54.0
STU003244,UNI009,CMP078,Software Engineer,Direct Application,20231115,1,11.74,2,1,71.0
STU003245,UNI016,CMP059,ML Engineer,Recruitment Agency,20231115,1,17.98,3,1,35.0
STU003246,UNI011,CMP067,Frontend Engineer,Recruitment Agency,20240115,1,20.68,4,2,70.0
STU003247,UNI023,CMP052,Business Analyst,Direct Application,20231115,1,17.99,2,1,30.0
STU003248,UNI030,CMP067,Software Engineer,Direct Application,20240315,1,38.91,4,1,29.0
STU003249,UNI008,CMP071,QA Engineer,On-Campus,20240415,1,20.21,3,2,92.0
STU003250,UNI001,,,Referral,20231115,0,,1,0,
STU003251,UNI018,CMP021,Backend Engineer,On-Campus,20240115,1,15.01,2,1,35.0
STU003252,UNI003,CMP057,Design Engineer,On-Campus,20230915,1,33.83,1,1,38.0
STU003253,UNI005,CMP038,Business Analyst,Referral,20240315,1,14.0,2,1,79.0
STU003254,UNI014,,,Job Portal,20240215,0,,0,0,
STU003255,UNI010,CMP078,ML Engineer,Referral,20240415,1,14.2,5,2,93.0
STU003256,UNI022,,,Job Portal,20230815,0,,1,0,
STU003257,UNI023,,,Job Portal,20240115,0,,1,0,
STU003258,UNI025,,,Referral,20231015,0,,1,0,
STU003259,UNI030,,,Job Portal,20231115,0,,1,0,
STU003260,UNI023,,,Recruitment Agency,20240415,0,,1,0,
STU003261,UNI013,CMP035,QA Engineer,Referral,20240315,1,15.64,3,1,59.0
STU003262,UNI026,CMP080,Financial Analyst,Direct Application,20230815,1,22.96,1,1,56.0
STU003263,UNI026,CMP026,Financial Analyst,Job Portal,20240415,1,26.35,4,1,77.0
STU003264,UNI026,CMP021,Data Scientist,Referral,20231215,1,22.07,3,1,18.0
STU003265,UNI015,CMP013,Design Engineer,Recruitment Agency,20231015,1,31.76,2,2,73.0
STU003266,UNI020,CMP020,Systems Engineer,Recruitment Agency,20231115,1,37.55,2,1,54.0
STU003267,UNI024,CMP038,Systems Engineer,Job Portal,20240415,1,8.64,3,2,37.0
STU003268,UNI027,CMP033,Product Analyst,Referral,20240215,1,17.21,3,1,38.0
STU003269,UNI010,CMP076,Design Engineer,Recruitment Agency,20240115,1,5.14,3,1,55.0
STU003270,UNI009,,,On-Campus,20240115,0,,1,0,
STU003271,UNI009,,,Direct Application,20230915,0,,1,0,
STU003272,UNI019,CMP026,Data Scientist,On-Campus,20230815,1,44.7,1,2,84.0
STU003273,UNI025,CMP017,Product Analyst,Job Portal,20240115,1,25.57,1,1,53.0
STU003274,UNI027,CMP061,QA Engineer,Direct Application,20230915,1,9.1,3,1,59.0
STU003275,UNI027,,,On-Campus,20231015,0,,2,0,
STU003276,UNI004,CMP050,Operations Associate,Job Portal,20240415,1,6.56,5,2,42.0
STU003277,UNI019,CMP047,Systems Engineer,Job Portal,20230815,1,37.18,4,1,33.0
STU003278,UNI018,CMP076,Financial Analyst,Job Portal,20240215,1,12.72,4,1,15.0
STU003279,UNI007,CMP062,Frontend Engineer,Direct Application,20231115,1,9.31,3,2,81.0
STU003280,UNI028,,,Direct Application,20230815,0,,0,0,
STU003281,UNI016,CMP076,Product Analyst,Referral,20240215,1,6.8,4,1,8.0
STU003282,UNI024,,,Recruitment Agency,20230815,0,,1,0,
STU003283,UNI010,,,On-Campus,20231215,0,,1,0,
STU003284,UNI005,CMP067,Cloud Engineer,On-Campus,20230815,1,45.59,1,1,87.0
STU003285,UNI027,,,Direct Application,20240115,0,,2,0,
STU003286,UNI005,,,Recruitment Agency,20231115,0,,0,0,
STU003287,UNI010,CMP076,ML Engineer,Job Portal,20231115,1,11.18,1,1,62.0
STU003288,UNI023,,,Referral,20231215,0,,0,0,
STU003289,UNI028,CMP063,Backend Engineer,Recruitment Agency,20240315,1,18.14,3,1,35.0
STU003290,UNI009,CMP078,Backend Engineer,Referral,20231215,1,15.43,2,2,45.0
STU003291,UNI009,CMP075,Cloud Engineer,Job Portal,20231015,1,32.65,4,1,81.0
STU003292,UNI028,CMP012,Financial Analyst,Recruitment Agency,20230815,1,20.17,4,1,56.0
STU003293,UNI029,CMP080,Systems Engineer,Job Portal,20231015,1,11.99,5,1,8.0
STU003294,UNI011,,,Job Portal,20231115,0,,2,0,
STU003295,UNI003,,,Job Portal,20240215,0,,0,0,
STU003296,UNI024,CMP034,Cloud Engineer,Direct Application,20231115,1,41.06,3,1,24.0
STU003297,UNI026,CMP001,Software Engineer,Job Portal,20240415,1,17.24,3,1,77.0
STU003298,UNI010,CMP080,Product Analyst,Job Portal,20240415,1,10.95,5,3,85.0
STU003299,UNI019,CMP025,Backend Engineer,Recruitment Agency,20231115,1,39.43,5,2,34.0
STU003300,UNI027,CMP056,ML Engineer,On-Campus,20240115,1,27.95,3,1,50.0
STU003301,UNI028,,,Job Portal,20240415,0,,1,0,
STU003302,UNI020,CMP072,Operations Associate,Recruitment Agency,20240415,1,10.37,5,1,77.0
STU003303,UNI029,,,Job Portal,20231015,0,,1,0,
STU003304,UNI029,,,Direct Application,20231215,0,,0,0,
STU003305,UNI012,CMP032,Product Analyst,Referral,20231015,1,29.41,1,1,80.0
STU003306,UNI018,CMP036,Backend Engineer,Recruitment Agency,20230815,1,23.88,5,1,10.0
STU003307,UNI020,CMP078,Data Analyst,On-Campus,20230815,1,15.78,1,2,58.0
STU003308,UNI025,,,Direct Application,20240115,0,,0,0,
STU003309,UNI005,CMP038,Design Engineer,Recruitment Agency,20231215,1,14.69,3,2,49.0
STU003310,UNI004,CMP060,Data Analyst,Recruitment Agency,20230915,1,10.08,1,1,38.0
STU003311,UNI018,CMP079,Systems Engineer,Referral,20231015,1,24.81,2,1,73.0
STU003312,UNI008,CMP021,ML Engineer,Direct Application,20240315,1,19.52,5,1,44.0
STU003313,UNI021,CMP007,Business Analyst,Recruitment Agency,20231215,1,26.27,1,2,16.0
STU003314,UNI028,CMP012,Design Engineer,Job Portal,20240315,1,12.54,3,1,59.0
STU003315,UNI024,,,Referral,20230915,0,,0,0,
STU003316,UNI002,,,Direct Application,20231215,0,,0,0,
STU003317,UNI010,,,Direct Application,20240215,0,,0,0,
STU003318,UNI026,CMP064,Design Engineer,On-Campus,20231115,1,26.43,2,1,89.0
STU003319,UNI024,CMP006,Software Engineer,Direct Application,20240315,1,27.38,3,1,29.0
STU003320,UNI014,CMP046,Consultant,On-Campus,20240115,1,27.21,3,1,49.0
STU003321,UNI022,,,Job Portal,20240215,0,,1,0,
STU003322,UNI011,CMP046,Business Analyst,Job Portal,20240415,1,15.62,4,1,73.0
STU003323,UNI023,,,On-Campus,20230815,0,,1,0,
STU003324,UNI013,,,Job Portal,20240215,0,,2,0,
STU003325,UNI014,CMP038,Design Engineer,Recruitment Agency,20231015,1,7.52,3,1,32.0
STU003326,UNI014,,,Referral,20240115,0,,0,0,
STU003327,UNI026,CMP040,Backend Engineer,Recruitment Agency,20231015,1,33.35,2,3,87.0
STU003328,UNI020,CMP016,Design Engineer,Direct Application,20240115,1,28.57,1,2,55.0
STU003329,UNI030,,,Referral,20240415,0,,2,0,
STU003330,UNI030,CMP012,Frontend Engineer,On-Campus,20240415,1,49.97,4,2,56.0
STU003331,UNI004,CMP058,Data Scientist,On-Campus,20240415,1,23.66,1,1,19.0
STU003332,UNI024,,,Job Portal,20240415,0,,0,0,
STU003333,UNI017,CMP043,Design Engineer,Referral,20240315,1,25.47,5,2,81.0
STU003334,UNI009,CMP029,QA Engineer,On-Campus,20231115,1,6.63,5,2,46.0
STU003335,UNI003,CMP031,QA Engineer,On-Campus,20230915,1,16.23,4,1,19.0
STU003336,UNI004,,,Recruitment Agency,20230815,0,,1,0,
STU003337,UNI008,CMP068,Systems Engineer,Job Portal,20240315,1,16.84,2,3,52.0
STU003338,UNI007,,,Recruitment Agency,20240115,0,,2,0,
STU003339,UNI009,CMP028,Financial Analyst,Recruitment Agency,20231115,1,30.16,5,2,67.0
STU003340,UNI004,,,Direct Application,20230915,0,,2,0,
STU003341,UNI003,,,Recruitment Agency,20230915,0,,0,0,
STU003342,UNI010,CMP060,Design Engineer,Referral,20240415,1,9.86,5,2,37.0
STU003343,UNI006,CMP080,Financial Analyst,Direct Application,20240415,1,13.66,3,1,60.0
STU003344,UNI019,,,Direct Application,20231115,0,,1,0,
STU003345,UNI024,CMP002,ML Engineer,On-Campus,20231015,1,14.25,4,1,47.0
STU003346,UNI009,CMP080,Operations Associate,Recruitment Agency,20230915,1,9.64,5,1,42.0
STU003347,UNI004,CMP064,Design Engineer,Job Portal,20231115,1,18.33,5,1,52.0
STU003348,UNI026,CMP079,QA Engineer,On-Campus,20240115,1,26.15,4,1,53.0
STU003349,UNI007,,,Job Portal,20231015,0,,0,0,
STU003350,UNI005,CMP016,Business Analyst,Direct Application,20231115,1,36.76,4,1,69.0
STU003351,UNI002,,,Recruitment Agency,20231215,0,,2,0,
STU003352,UNI008,CMP075,QA Engineer,Direct Application,20240415,1,27.69,5,1,79.0
STU003353,UNI019,CMP080,ML Engineer,Direct Application,20240215,1,24.84,3,1,40.0
STU003354,UNI028,CMP071,QA Engineer,Referral,20231215,1,23.19,4,1,85.0
STU003355,UNI007,,,Recruitment Agency,20240315,0,,0,0,
STU003356,UNI027,,,Direct Application,20231115,0,,0,0,
STU003357,UNI011,CMP062,Design Engineer,Direct Application,20231015,1,6.13,1,2,73.0
STU003358,UNI023,,,Direct Application,20231115,0,,2,0,
STU003359,UNI011,CMP012,Cloud Engineer,Recruitment Agency,20230915,1,24.95,1,2,15.0
STU003360,UNI021,CMP072,Backend Engineer,Direct Application,20230915,1,9.38,4,1,58.0
STU003361,UNI007,CMP022,Systems Engineer,Job Portal,20240315,1,20.73,1,1,34.0
STU003362,UNI019,CMP065,Systems Engineer,Job Portal,20240415,1,8.75,3,2,23.0
STU003363,UNI029,CMP071,Financial Analyst,Recruitment Agency,20230815,1,15.19,4,1,63.0
STU003364,UNI026,CMP009,QA Engineer,Recruitment Agency,20230915,1,23.5,4,1,7.0
STU003365,UNI014,,,Direct Application,20230815,0,,0,0,
STU003366,UNI001,,,Job Portal,20240215,0,,2,0,
STU003367,UNI030,CMP048,Software Engineer,Referral,20231115,1,40.58,4,2,20.0
STU003368,UNI007,CMP033,Design Engineer,Recruitment Agency,20240115,1,17.38,5,2,25.0
STU003369,UNI006,CMP004,Business Analyst,Recruitment Agency,20231215,1,8.48,3,1,21.0
STU003370,UNI008,,,On-Campus,20231115,0,,0,0,
STU003371,UNI003,,,On-Campus,20231015,0,,0,0,
STU003372,UNI022,CMP062,Financial Analyst,Recruitment Agency,20230815,1,9.57,5,2,48.0
STU003373,UNI002,,,On-Campus,20240115,0,,0,0,
STU003374,UNI027,CMP076,Consultant,Recruitment Agency,20230815,1,8.23,4,1,62.0
STU003375,UNI004,CMP077,Design Engineer,On-Campus,20231015,1,16.61,3,1,88.0
STU003376,UNI019,CMP080,ML Engineer,Recruitment Agency,20240115,1,25.19,5,1,23.0
STU003377,UNI006,CMP059,Business Analyst,Referral,20240215,1,32.17,3,1,37.0
STU003378,UNI017,CMP065,Financial Analyst,Job Portal,20231015,1,10.93,2,1,13.0
STU003379,UNI002,CMP051,Data Scientist,Job Portal,20230815,1,21.62,1,3,38.0
STU003380,UNI014,,,Recruitment Agency,20240215,0,,1,0,
STU003381,UNI017,,,Referral,20231215,0,,0,0,
STU003382,UNI017,CMP014,Data Scientist,Job Portal,20230915,1,11.84,4,2,12.0
STU003383,UNI028,CMP014,Operations Associate,Job Portal,20231115,1,5.93,3,1,68.0
STU003384,UNI003,,,Job Portal,20240315,0,,2,0,
STU003385,UNI018,,,Direct Application,20230815,0,,0,0,
STU003386,UNI003,CMP004,Business Analyst,Direct Application,20240315,1,14.76,3,1,24.0
STU003387,UNI013,CMP022,Operations Associate,Referral,20231115,1,20.29,3,1,61.0
STU003388,UNI003,CMP004,ML Engineer,Referral,20230915,1,18.11,1,1,58.0
STU003389,UNI028,,,On-Campus,20231115,0,,1,0,
STU003390,UNI028,CMP057,QA Engineer,Recruitment Agency,20240215,1,18.83,2,1,41.0
STU003391,UNI030,CMP048,Data Scientist,On-Campus,20240415,1,38.23,2,1,43.0
STU003392,UNI006,CMP071,Consultant,Recruitment Agency,20231015,1,19.63,3,1,64.0
STU003393,UNI002,CMP080,Frontend Engineer,Recruitment Agency,20240215,1,10.51,1,1,91.0
STU003394,UNI021,CMP067,Backend Engineer,Referral,20231015,1,32.68,5,1,14.0
STU003395,UNI007,CMP064,QA Engineer,Direct Application,20231215,1,16.56,2,1,49.0
STU003396,UNI017,CMP007,QA Engineer,Recruitment Agency,20240215,1,18.35,5,1,52.0
STU003397,UNI017,CMP031,Cloud Engineer,On-Campus,20240115,1,9.24,3,1,47.0
STU003398,UNI001,CMP062,Financial Analyst,On-Campus,20231115,1,7.34,5,1,62.0
STU003399,UNI017,,,Recruitment Agency,20231015,0,,1,0,
STU003400,UNI007,CMP075,Systems Engineer,Recruitment Agency,20230815,1,19.66,5,1,26.0
STU003401,UNI007,CMP042,Consultant,Referral,20231215,1,15.28,4,1,69.0
STU003402,UNI018,CMP031,QA Engineer,Direct Application,20240415,1,9.96,2,1,61.0
STU003403,UNI023,CMP068,Software Engineer,On-Campus,20230915,1,17.54,1,1,58.0
STU003404,UNI015,CMP053,Operations Associate,Referral,20240215,1,14.54,5,2,82.0
STU003405,UNI028,,,Job Portal,20240315,0,,1,0,
STU003406,UNI020,CMP034,Cloud Engineer,On-Campus,20240415,1,52.98,5,1,78.0
STU003407,UNI022,,,Job Portal,20231115,0,,2,0,
STU003408,UNI015,,,On-Campus,20240415,0,,2,0,
STU003409,UNI013,CMP055,ML Engineer,Referral,20231015,1,32.98,2,1,39.0
STU003410,UNI020,CMP019,Data Scientist,Job Portal,20240315,1,32.81,4,2,32.0
STU003411,UNI008,,,Job Portal,20240315,0,,0,0,
STU003412,UNI022,,,Direct Application,20240415,0,,2,0,
STU003413,UNI023,,,Recruitment Agency,20240215,0,,2,0,
STU003414,UNI011,,,Referral,20240415,0,,0,0,
STU003415,UNI002,,,Referral,20231015,0,,2,0,
STU003416,UNI007,,,Direct Application,20240115,0,,0,0,
STU003417,UNI014,,,Referral,20230815,0,,1,0,
STU003418,UNI006,CMP051,Consultant,Job Portal,20240415,1,23.49,2,2,12.0
STU003419,UNI011,CMP057,Business Analyst,Referral,20230815,1,19.32,1,1,64.0
STU003420,UNI029,,,Direct Application,20231215,0,,0,0,
STU003421,UNI030,CMP074,Design Engineer,On-Campus,20230815,1,34.01,3,1,42.0
STU003422,UNI008,CMP032,Financial Analyst,Direct Application,20240415,1,29.03,4,1,44.0
STU003423,UNI030,,,Referral,20231215,0,,1,0,
STU003424,UNI015,CMP069,Backend Engineer,Direct Application,20240415,1,15.65,5,3,78.0
STU003425,UNI024,CMP013,Consultant,Recruitment Agency,20240315,1,27.48,4,1,24.0
STU003426,UNI010,,,Referral,20231015,0,,1,0,
STU003427,UNI019,CMP015,Business Analyst,Recruitment Agency,20240215,1,37.05,2,1,50.0
STU003428,UNI020,CMP068,Financial Analyst,On-Campus,20231115,1,34.36,5,2,54.0
STU003429,UNI022,CMP026,Design Engineer,Referral,20240315,1,14.06,4,1,67.0
STU003430,UNI016,CMP075,QA Engineer,Direct Application,20230915,1,15.64,4,2,36.0
STU003431,UNI030,,,Referral,20240215,0,,0,0,
STU003432,UNI016,CMP015,Frontend Engineer,Referral,20240215,1,23.81,1,1,86.0
STU003433,UNI022,,,Direct Application,20240115,0,,2,0,
STU003434,UNI017,CMP059,Financial Analyst,On-Campus,20231115,1,26.19,5,1,63.0
STU003435,UNI012,CMP011,Product Analyst,On-Campus,20240315,1,5.11,1,1,17.0
STU003436,UNI014,,,Recruitment Agency,20231215,0,,2,0,
STU003437,UNI022,CMP037,Data Scientist,On-Campus,20240315,1,11.96,5,1,35.0
STU003438,UNI029,,,Referral,20231215,0,,1,0,
STU003439,UNI026,CMP019,Business Analyst,On-Campus,20231215,1,33.03,2,3,86.0
STU003440,UNI007,,,Job Portal,20240415,0,,1,0,
STU003441,UNI012,CMP006,Frontend Engineer,On-Campus,20230915,1,17.78,4,1,91.0
STU003442,UNI002,,,Recruitment Agency,20240215,0,,1,0,
STU003443,UNI007,CMP052,Business Analyst,On-Campus,20231015,1,16.79,1,1,29.0
STU003444,UNI028,,,Referral,20231015,0,,2,0,
STU003445,UNI008,,,Direct Application,20240415,0,,2,0,
STU003446,UNI011,,,Recruitment Agency,20231215,0,,1,0,
STU003447,UNI001,,,On-Campus,20231215,0,,2,0,
STU003448,UNI026,CMP036,Backend Engineer,Recruitment Agency,20231015,1,46.46,5,2,38.0
STU003449,UNI003,,,On-Campus,20230915,0,,1,0,
STU003450,UNI030,CMP023,Data Scientist,Recruitment Agency,20231215,1,37.61,5,2,13.0
STU003451,UNI010,CMP043,Business Analyst,Job Portal,20240415,1,16.49,4,1,88.0
STU003452,UNI010,CMP035,Consultant,Direct Application,20231115,1,21.88,3,1,81.0
STU003453,UNI007,CMP069,Data Analyst,On-Campus,20231115,1,10.94,2,1,48.0
STU003454,UNI018,CMP037,Data Analyst,Recruitment Agency,20230815,1,7.96,3,3,43.0
STU003455,UNI030,,,Referral,20230915,0,,2,0,
STU003456,UNI016,,,Job Portal,20231215,0,,0,0,
STU003457,UNI014,CMP079,Design Engineer,On-Campus,20240415,1,20.77,4,2,22.0
STU003458,UNI012,,,Job Portal,20231215,0,,1,0,
STU003459,UNI009,,,Job Portal,20231215,0,,0,0,
STU003460,UNI013,CMP033,Frontend Engineer,Direct Application,20240315,1,16.73,5,2,80.0
STU003461,UNI014,CMP021,Cloud Engineer,On-Campus,20240215,1,16.43,2,1,74.0
STU003462,UNI002,CMP032,Frontend Engineer,Referral,20240415,1,22.41,3,1,31.0
STU003463,UNI012,CMP002,Systems Engineer,Direct Application,20231015,1,5.94,5,1,72.0
STU003464,UNI026,CMP047,Design Engineer,Job Portal,20240315,1,36.97,5,2,22.0
STU003465,UNI001,CMP079,Software Engineer,Job Portal,20231015,1,14.88,5,1,30.0
STU003466,UNI018,CMP077,Systems Engineer,On-Campus,20240415,1,22.55,3,2,33.0
STU003467,UNI018,CMP031,Cloud Engineer,Recruitment Agency,20240315,1,10.55,1,1,10.0
STU003468,UNI022,,,On-Campus,20230915,0,,2,0,
STU003469,UNI009,CMP041,Data Analyst,Referral,20240315,1,9.4,4,1,36.0
STU003470,UNI024,CMP080,Business Analyst,Direct Application,20240215,1,13.19,3,1,18.0
STU003471,UNI019,CMP039,Consultant,Direct Application,20240215,1,17.58,4,1,62.0
STU003472,UNI023,CMP013,Cloud Engineer,Referral,20231115,1,29.86,4,1,24.0
STU003473,UNI028,CMP008,Frontend Engineer,Direct Application,20231115,1,16.39,3,1,55.0
STU003474,UNI021,CMP013,Cloud Engineer,Recruitment Agency,20231115,1,34.62,5,1,57.0
STU003475,UNI026,CMP063,Backend Engineer,On-Campus,20230915,1,44.8,3,2,51.0
STU003476,UNI027,CMP040,Systems Engineer,Recruitment Agency,20231015,1,18.84,2,1,14.0
STU003477,UNI011,,,Recruitment Agency,20231015,0,,2,0,
STU003478,UNI001,CMP065,Data Analyst,Referral,20240215,1,7.99,4,1,66.0
STU003479,UNI013,,,Recruitment Agency,20240415,0,,2,0,
STU003480,UNI004,,,Recruitment Agency,20231215,0,,1,0,
STU003481,UNI009,CMP033,QA Engineer,On-Campus,20230815,1,25.51,3,1,63.0
STU003482,UNI004,CMP057,QA Engineer,On-Campus,20231215,1,19.89,1,3,84.0
STU003483,UNI009,CMP036,Financial Analyst,Job Portal,20240415,1,29.9,4,1,36.0
STU003484,UNI005,CMP077,ML Engineer,Referral,20231015,1,56.98,2,1,19.0
STU003485,UNI006,CMP017,Systems Engineer,Direct Application,20230915,1,22.55,4,1,71.0
STU003486,UNI017,CMP005,Software Engineer,Job Portal,20240315,1,24.66,5,1,34.0
STU003487,UNI024,,,On-Campus,20231215,0,,2,0,
STU003488,UNI018,CMP003,Operations Associate,Recruitment Agency,20231115,1,9.52,1,3,62.0
STU003489,UNI024,CMP055,Cloud Engineer,Referral,20231215,1,36.88,4,1,75.0
STU003490,UNI021,,,Direct Application,20231115,0,,1,0,
STU003491,UNI017,,,Recruitment Agency,20231015,0,,0,0,
STU003492,UNI002,,,Recruitment Agency,20230915,0,,0,0,
STU003493,UNI023,,,Referral,20230915,0,,1,0,
STU003494,UNI020,CMP059,Data Scientist,Job Portal,20230915,1,44.37,2,3,59.0
STU003495,UNI024,CMP062,Consultant,Job Portal,20231115,1,7.85,1,2,23.0
STU003496,UNI005,CMP013,Data Analyst,Direct Application,20231015,1,42.64,1,1,85.0
STU003497,UNI008,,,Referral,20231115,0,,2,0,
STU003498,UNI022,CMP035,Systems Engineer,On-Campus,20240115,1,13.64,2,1,63.0
STU003499,UNI026,,,Job Portal,20231015,0,,2,0,
STU003500,UNI018,CMP031,Backend Engineer,On-Campus,20240115,1,9.59,5,1,94.0
STU003501,UNI002,CMP078,Backend Engineer,Recruitment Agency,20240215,1,9.94,2,1,90.0
STU003502,UNI013,CMP012,Design Engineer,Job Portal,20230915,1,19.82,1,2,22.0
STU003503,UNI023,CMP047,Consultant,Job Portal,20230915,1,17.59,2,1,73.0
STU003504,UNI004,,,Job Portal,20230815,0,,1,0,
STU003505,UNI011,CMP034,Software Engineer,Direct Application,20240115,1,22.44,2,1,72.0
STU003506,UNI009,CMP046,Frontend Engineer,Recruitment Agency,20231215,1,33.15,1,1,30.0
STU003507,UNI012,CMP002,Data Scientist,On-Campus,20231015,1,10.24,4,1,67.0
STU003508,UNI029,CMP044,Systems Engineer,On-Campus,20240215,1,21.99,4,2,78.0
STU003509,UNI017,,,Direct Application,20240315,0,,1,0,
STU003510,UNI020,CMP024,ML Engineer,On-Campus,20240415,1,49.12,1,1,74.0
STU003511,UNI022,CMP049,Design Engineer,Job Portal,20231115,1,13.56,2,1,8.0
STU003512,UNI013,CMP031,ML Engineer,Job Portal,20231115,1,10.74,3,1,82.0
STU003513,UNI007,CMP042,Cloud Engineer,On-Campus,20230915,1,14.14,5,2,53.0
STU003514,UNI008,CMP011,Consultant,On-Campus,20240315,1,10.45,2,1,58.0
STU003515,UNI010,CMP024,Consultant,Job Portal,20230815,1,14.04,1,2,52.0
STU003516,UNI001,CMP034,Cloud Engineer,Recruitment Agency,20230815,1,19.98,2,1,52.0
STU003517,UNI025,CMP025,Backend Engineer,Job Portal,20231115,1,22.03,1,1,51.0
STU003518,UNI028,CMP079,Operations Associate,On-Campus,20231015,1,19.12,2,1,39.0
STU003519,UNI023,CMP043,ML Engineer,Job Portal,20231115,1,21.76,4,1,18.0
STU003520,UNI015,CMP020,Systems Engineer,Recruitment Agency,20230915,1,29.91,1,1,30.0
STU003521,UNI010,CMP006,QA Engineer,Direct Application,20240315,1,10.94,4,2,52.0
STU003522,UNI002,CMP060,Operations Associate,Referral,20240415,1,10.84,3,1,68.0
STU003523,UNI002,CMP042,Backend Engineer,On-Campus,20240415,1,13.29,5,1,56.0
STU003524,UNI005,CMP010,Backend Engineer,Job Portal,20240415,1,18.51,5,1,85.0
STU003525,UNI029,,,Referral,20240315,0,,2,0,
STU003526,UNI023,CMP050,Backend Engineer,Recruitment Agency,20231115,1,9.22,1,1,75.0
STU003527,UNI008,,,Recruitment Agency,20230915,0,,0,0,
STU003528,UNI026,CMP079,Product Analyst,On-Campus,20240415,1,51.77,1,1,78.0
STU003529,UNI029,,,Job Portal,20231115,0,,2,0,
STU003530,UNI007,,,Recruitment Agency,20240315,0,,0,0,
STU003531,UNI019,CMP042,Design Engineer,Referral,20240315,1,16.92,1,3,26.0
STU003532,UNI016,CMP049,Operations Associate,Job Portal,20230915,1,20.22,1,2,13.0
STU003533,UNI007,,,On-Campus,20240115,0,,1,0,
STU003534,UNI005,CMP030,Financial Analyst,Job Portal,20240415,1,27.22,2,1,43.0
STU003535,UNI028,CMP050,Frontend Engineer,On-Campus,20231215,1,7.67,1,1,12.0
STU003536,UNI013,,,Recruitment Agency,20240215,0,,2,0,
STU003537,UNI001,CMP017,Consultant,On-Campus,20231115,1,14.46,4,2,28.0
STU003538,UNI006,,,Job Portal,20240115,0,,2,0,
STU003539,UNI026,CMP004,Data Analyst,Direct Application,20240215,1,12.66,3,2,17.0
STU003540,UNI003,CMP071,Consultant,Direct Application,20230915,1,32.64,4,1,33.0
STU003541,UNI010,,,Job Portal,20240115,0,,2,0,
STU003542,UNI003,,,Job Portal,20230815,0,,2,0,
STU003543,UNI007,CMP025,Backend Engineer,On-Campus,20230915,1,24.73,1,1,11.0
STU003544,UNI023,,,Direct Application,20240315,0,,1,0,
STU003545,UNI003,,,Job Portal,20230915,0,,0,0,
STU003546,UNI015,CMP037,Data Analyst,On-Campus,20240415,1,12.02,3,1,45.0
STU003547,UNI009,CMP035,Operations Associate,On-Campus,20230915,1,20.14,1,1,89.0
STU003548,UNI024,CMP027,Systems Engineer,Direct Application,20230815,1,31.91,4,1,92.0
STU003549,UNI008,,,Direct Application,20230815,0,,2,0,
STU003550,UNI003,,,Referral,20230815,0,,0,0,
STU003551,UNI012,CMP061,Financial Analyst,On-Campus,20240115,1,10.13,4,1,71.0
STU003552,UNI024,CMP044,Operations Associate,Referral,20231015,1,19.98,5,1,46.0
STU003553,UNI007,CMP064,ML Engineer,Recruitment Agency,20230915,1,38.52,5,1,44.0
STU003554,UNI003,,,Job Portal,20230815,0,,0,0,
STU003555,UNI026,CMP032,Frontend Engineer,Recruitment Agency,20231215,1,32.66,3,1,29.0
STU003556,UNI005,,,Recruitment Agency,20231015,0,,1,0,
STU003557,UNI008,CMP048,Consultant,Referral,20231215,1,27.04,5,1,30.0
STU003558,UNI028,CMP007,Backend Engineer,On-Campus,20231115,1,13.09,2,1,34.0
STU003559,UNI013,,,Referral,20240315,0,,2,0,
STU003560,UNI013,CMP049,Frontend Engineer,Referral,20230815,1,27.96,1,1,22.0
STU003561,UNI017,CMP070,Design Engineer,Recruitment Agency,20230815,1,21.77,5,1,71.0
STU003562,UNI011,CMP044,Business Analyst,On-Campus,20231215,1,19.96,3,1,28.0
STU003563,UNI004,CMP016,Frontend Engineer,Referral,20240415,1,24.13,5,1,56.0
STU003564,UNI028,CMP067,Financial Analyst,On-Campus,20230815,1,16.62,5,1,14.0
STU003565,UNI021,CMP057,Financial Analyst,Recruitment Agency,20231115,1,33.41,4,1,26.0
STU003566,UNI001,CMP014,Operations Associate,On-Campus,20231015,1,6.91,3,1,79.0
STU003567,UNI010,CMP064,Backend Engineer,Recruitment Agency,20231015,1,19.93,5,1,52.0
STU003568,UNI014,CMP026,Data Scientist,Recruitment Agency,20231015,1,38.28,5,1,18.0
STU003569,UNI023,,,Referral,20230815,0,,2,0,
STU003570,UNI021,,,Referral,20230815,0,,0,0,
STU003571,UNI007,CMP060,Data Analyst,Job Portal,20240415,1,13.92,2,1,20.0
STU003572,UNI017,,,Referral,20240315,0,,0,0,
STU003573,UNI019,,,Referral,20231015,0,,0,0,
STU003574,UNI015,CMP049,Cloud Engineer,Referral,20230915,1,53.12,3,1,42.0
STU003575,UNI002,CMP053,Frontend Engineer,Recruitment Agency,20240415,1,9.12,2,1,71.0
STU003576,UNI018,CMP043,Systems Engineer,Recruitment Agency,20230815,1,27.78,3,1,63.0
STU003577,UNI023,,,On-Campus,20240415,0,,0,0,
STU003578,UNI021,,,Direct Application,20240415,0,,2,0,
STU003579,UNI009,,,Direct Application,20240215,0,,0,0,
STU003580,UNI012,,,Direct Application,20240115,0,,2,0,
STU003581,UNI003,CMP048,Consultant,Referral,20231215,1,29.78,2,1,10.0
STU003582,UNI006,CMP079,Design Engineer,Referral,20231015,1,28.03,2,1,45.0
STU003583,UNI030,CMP022,Data Analyst,On-Campus,20240415,1,29.7,3,2,67.0
STU003584,UNI027,,,On-Campus,20240315,0,,1,0,
STU003585,UNI003,,,On-Campus,20240415,0,,0,0,
STU003586,UNI022,CMP037,Financial Analyst,Job Portal,20231215,1,7.95,4,1,19.0
STU003587,UNI029,CMP061,Data Scientist,Direct Application,20231115,1,16.1,5,1,67.0
STU003588,UNI009,CMP048,ML Engineer,On-Campus,20231015,1,43.86,1,1,77.0
STU003589,UNI020,CMP042,Software Engineer,Referral,20231015,1,23.44,2,1,66.0
STU003590,UNI010,CMP038,Financial Analyst,Direct Application,20240215,1,12.31,2,1,56.0
STU003591,UNI020,CMP031,Data Scientist,Direct Application,20240215,1,19.29,1,2,93.0
STU003592,UNI009,CMP004,Systems Engineer,Job Portal,20230915,1,6.96,3,1,67.0
STU003593,UNI015,CMP001,Design Engineer,Recruitment Agency,20240315,1,15.43,4,1,50.0
STU003594,UNI006,,,Direct Application,20231015,0,,1,0,
STU003595,UNI025,CMP054,Consultant,Referral,20240315,1,30.69,4,1,83.0
STU003596,UNI023,CMP077,Cloud Engineer,On-Campus,20230815,1,26.39,3,1,84.0
STU003597,UNI024,CMP047,Design Engineer,Job Portal,20231115,1,19.67,2,1,61.0
STU003598,UNI023,,,Direct Application,20231115,0,,1,0,
STU003599,UNI011,,,Referral,20231015,0,,1,0,
STU003600,UNI014,CMP069,Financial Analyst,Recruitment Agency,20231215,1,10.52,1,1,12.0
STU003601,UNI013,,,Recruitment Agency,20231015,0,,1,0,
STU003602,UNI004,,,Recruitment Agency,20240315,0,,2,0,
STU003603,UNI013,CMP019,Financial Analyst,Direct Application,20240115,1,16.85,3,2,8.0
STU003604,UNI008,CMP057,Product Analyst,Direct Application,20240415,1,28.28,4,1,91.0
STU003605,UNI017,,,Recruitment Agency,20240415,0,,1,0,
STU003606,UNI026,CMP079,Consultant,Direct Application,20230815,1,34.05,2,3,39.0
STU003607,UNI021,,,Recruitment Agency,20240215,0,,2,0,
STU003608,UNI016,,,Job Portal,20231115,0,,1,0,
STU003609,UNI018,CMP016,Cloud Engineer,Direct Application,20231215,1,31.87,1,1,64.0
STU003610,UNI016,CMP019,Operations Associate,Recruitment Agency,20240215,1,10.85,4,1,23.0
STU003611,UNI007,CMP003,Operations Associate,Referral,20240415,1,11.03,2,1,54.0
STU003612,UNI023,,,Referral,20240115,0,,1,0,
STU003613,UNI008,CMP052,ML Engineer,Direct Application,20231015,1,28.44,3,1,21.0
STU003614,UNI005,CMP050,Consultant,Referral,20231115,1,14.71,2,1,71.0
STU003615,UNI013,CMP011,Cloud Engineer,Job Portal,20231115,1,10.74,1,2,18.0
STU003616,UNI025,CMP076,Business Analyst,Referral,20231115,1,13.82,2,2,83.0
STU003617,UNI008,CMP025,Business Analyst,Recruitment Agency,20230915,1,21.96,3,2,15.0
STU003618,UNI008,,,Job Portal,20231015,0,,2,0,
STU003619,UNI009,,,Recruitment Agency,20231215,0,,1,0,
STU003620,UNI021,,,Referral,20240315,0,,1,0,
STU003621,UNI028,CMP066,Systems Engineer,Job Portal,20231115,1,8.67,5,1,68.0
STU003622,UNI017,,,Recruitment Agency,20240315,0,,2,0,
STU003623,UNI018,,,Direct Application,20231115,0,,1,0,
STU003624,UNI016,CMP044,Data Analyst,Job Portal,20230915,1,16.05,4,1,66.0
STU003625,UNI010,CMP024,Cloud Engineer,Direct Application,20240115,1,18.08,3,1,54.0
STU003626,UNI020,CMP006,Operations Associate,Job Portal,20230915,1,27.26,4,2,9.0
STU003627,UNI006,CMP055,Operations Associate,Job Portal,20231215,1,16.5,1,2,49.0
STU003628,UNI030,CMP028,Operations Associate,Job Portal,20231115,1,32.62,1,2,65.0
STU003629,UNI026,CMP053,Business Analyst,Referral,20240415,1,14.76,2,1,23.0
STU003630,UNI012,,,Job Portal,20240115,0,,0,0,
STU003631,UNI001,,,Job Portal,20240415,0,,1,0,
STU003632,UNI012,CMP066,Consultant,Direct Application,20231015,1,10.13,2,1,66.0
STU003633,UNI023,CMP018,Consultant,Direct Application,20230815,1,21.94,2,1,17.0
STU003634,UNI006,CMP006,Operations Associate,Direct Application,20231015,1,23.84,2,1,11.0
STU003635,UNI016,,,Referral,20240215,0,,1,0,
STU003636,UNI011,,,Recruitment Agency,20231015,0,,2,0,
STU003637,UNI010,,,On-Campus,20231215,0,,0,0,
STU003638,UNI018,CMP070,QA Engineer,On-Campus,20230815,1,24.26,3,1,13.0
STU003639,UNI001,,,Recruitment Agency,20240115,0,,0,0,
STU003640,UNI009,CMP056,Product Analyst,On-Campus,20230815,1,29.12,3,1,88.0
STU003641,UNI030,CMP013,Frontend Engineer,Recruitment Agency,20230815,1,37.88,3,2,58.0
STU003642,UNI003,CMP010,Financial Analyst,Direct Application,20240415,1,15.95,3,1,63.0
STU003643,UNI004,CMP039,Product Analyst,Direct Application,20240115,1,9.5,2,2,70.0
STU003644,UNI030,,,Recruitment Agency,20231115,0,,0,0,
STU003645,UNI029,,,On-Campus,20230915,0,,1,0,
STU003646,UNI018,CMP057,ML Engineer,Direct Application,20240415,1,32.35,1,2,74.0
STU003647,UNI013,,,Job Portal,20231215,0,,2,0,
STU003648,UNI021,,,Recruitment Agency,20230815,0,,0,0,
STU003649,UNI008,,,Job Portal,20240215,0,,2,0,
STU003650,UNI017,CMP034,Consultant,Direct Application,20240415,1,34.57,5,1,59.0
STU003651,UNI001,CMP020,Cloud Engineer,Direct Application,20231215,1,21.61,4,2,67.0
STU003652,UNI015,CMP016,Cloud Engineer,Referral,20240115,1,51.75,3,2,33.0
STU003653,UNI002,CMP080,ML Engineer,Recruitment Agency,20231015,1,12.23,4,1,51.0
STU003654,UNI009,CMP063,Data Scientist,On-Campus,20240315,1,24.49,2,1,83.0
STU003655,UNI019,CMP005,Systems Engineer,On-Campus,20230915,1,25.52,5,1,71.0
STU003656,UNI006,CMP074,Backend Engineer,Job Portal,20231115,1,24.66,1,2,54.0
STU003657,UNI008,,,On-Campus,20240115,0,,2,0,
STU003658,UNI003,,,Referral,20230915,0,,2,0,
STU003659,UNI015,,,Recruitment Agency,20230815,0,,0,0,
STU003660,UNI023,,,Recruitment Agency,20230915,0,,0,0,
STU003661,UNI017,CMP060,Data Analyst,On-Campus,20231215,1,15.89,2,1,66.0
STU003662,UNI006,,,Referral,20240415,0,,0,0,
STU003663,UNI023,CMP010,Business Analyst,Job Portal,20230815,1,9.23,1,1,63.0
STU003664,UNI019,,,Recruitment Agency,20231015,0,,0,0,
STU003665,UNI005,CMP073,Consultant,Job Portal,20240215,1,34.81,1,1,83.0
STU003666,UNI014,CMP060,QA Engineer,Referral,20231215,1,12.49,4,2,77.0
STU003667,UNI010,CMP064,Software Engineer,Referral,20240415,1,21.4,2,2,88.0
STU003668,UNI025,CMP006,Software Engineer,On-Campus,20231015,1,29.53,4,1,42.0
STU003669,UNI009,CMP058,Operations Associate,Direct Application,20231115,1,17.55,3,1,36.0
STU003670,UNI018,CMP053,QA Engineer,Direct Application,20240415,1,11.09,4,1,83.0
STU003671,UNI005,CMP005,Backend Engineer,Direct Application,20231215,1,33.54,1,1,9.0
STU003672,UNI021,,,Recruitment Agency,20240115,0,,1,0,
STU003673,UNI008,CMP065,Product Analyst,Referral,20231115,1,15.37,1,1,49.0
STU003674,UNI021,,,Job Portal,20240315,0,,0,0,
STU003675,UNI013,,,Job Portal,20230915,0,,0,0,
STU003676,UNI010,CMP043,Data Scientist,Referral,20230815,1,20.09,2,2,73.0
STU003677,UNI010,CMP049,Product Analyst,Job Portal,20231215,1,18.3,1,2,80.0
STU003678,UNI001,,,Recruitment Agency,20231115,0,,1,0,
STU003679,UNI015,,,On-Campus,20240415,0,,1,0,
STU003680,UNI028,,,Referral,20231215,0,,1,0,
STU003681,UNI030,CMP034,Frontend Engineer,Recruitment Agency,20230915,1,44.4,3,2,76.0
STU003682,UNI009,CMP027,Systems Engineer,Referral,20240415,1,32.06,4,1,29.0
STU003683,UNI022,,,Job Portal,20240115,0,,1,0,
STU003684,UNI025,CMP050,Data Analyst,Recruitment Agency,20240315,1,10.64,2,1,78.0
STU003685,UNI005,CMP048,Systems Engineer,On-Campus,20240415,1,27.4,1,1,74.0
STU003686,UNI024,CMP075,Product Analyst,On-Campus,20240115,1,27.71,5,1,69.0
STU003687,UNI027,,,Direct Application,20240215,0,,0,0,
STU003688,UNI017,,,Job Portal,20240215,0,,2,0,
STU003689,UNI007,CMP077,Frontend Engineer,Recruitment Agency,20230915,1,30.19,5,1,94.0
STU003690,UNI007,CMP008,Operations Associate,Job Portal,20240315,1,18.45,5,1,56.0
STU003691,UNI017,CMP005,Backend Engineer,Direct Application,20240315,1,25.26,4,2,56.0
STU003692,UNI025,CMP066,ML Engineer,Referral,20231115,1,17.84,5,2,70.0
STU003693,UNI023,CMP076,Cloud Engineer,Direct Application,20231215,1,6.84,2,1,65.0
STU003694,UNI015,CMP078,Operations Associate,Direct Application,20240115,1,11.96,4,2,30.0
STU003695,UNI002,CMP001,Backend Engineer,Recruitment Agency,20230915,1,9.95,5,1,27.0
STU003696,UNI018,CMP052,Data Analyst,On-Campus,20240115,1,15.3,2,1,67.0
STU003697,UNI022,,,Referral,20240115,0,,1,0,
STU003698,UNI010,,,On-Campus,20231015,0,,2,0,
STU003699,UNI012,,,Referral,20230915,0,,2,0,
STU003700,UNI029,CMP002,QA Engineer,On-Campus,20231115,1,7.64,1,1,68.0
STU003701,UNI028,CMP015,Operations Associate,Referral,20240315,1,22.7,5,2,94.0
STU003702,UNI017,,,Recruitment Agency,20240115,0,,0,0,
STU003703,UNI026,CMP075,Financial Analyst,Direct Application,20231215,1,31.52,3,1,91.0
STU003704,UNI004,,,Referral,20240315,0,,2,0,
STU003705,UNI021,CMP078,Software Engineer,On-Campus,20230815,1,10.24,1,1,93.0
STU003706,UNI021,CMP061,QA Engineer,On-Campus,20231115,1,9.48,1,1,38.0
STU003707,UNI016,CMP027,Business Analyst,Referral,20231015,1,22.65,2,1,7.0
STU003708,UNI029,CMP041,Frontend Engineer,Referral,20231215,1,8.82,5,3,23.0
STU003709,UNI030,CMP031,Data Analyst,Referral,20230915,1,16.03,5,2,14.0
STU003710,UNI002,CMP046,Consultant,Direct Application,20240415,1,23.83,3,2,53.0
STU003711,UNI012,CMP038,Software Engineer,Job Portal,20230815,1,5.54,3,1,8.0
STU003712,UNI003,,,Direct Application,20231215,0,,1,0,
STU003713,UNI019,,,Referral,20231115,0,,0,0,
STU003714,UNI008,CMP047,QA Engineer,Referral,20230915,1,33.34,1,1,51.0
STU003715,UNI013,,,Referral,20231015,0,,2,0,
STU003716,UNI029,,,Job Portal,20240315,0,,0,0,
STU003717,UNI005,,,On-Campus,20240415,0,,2,0,
STU003718,UNI029,,,Job Portal,20240215,0,,2,0,
STU003719,UNI013,,,Recruitment Agency,20231215,0,,2,0,
STU003720,UNI027,,,Direct Application,20230815,0,,0,0,
STU003721,UNI021,CMP071,Product Analyst,Job Portal,20230915,1,29.99,2,2,66.0
STU003722,UNI015,CMP078,Frontend Engineer,Job Portal,20230915,1,16.68,1,2,57.0
STU003723,UNI009,,,Job Portal,20231015,0,,0,0,
STU003724,UNI017,,,Direct Application,20231115,0,,2,0,
STU003725,UNI010,,,Direct Application,20240215,0,,2,0,
STU003726,UNI024,CMP026,Data Analyst,On-Campus,20231215,1,20.37,1,2,69.0
STU003727,UNI006,,,Recruitment Agency,20240115,0,,1,0,
STU003728,UNI027,CMP078,Design Engineer,Recruitment Agency,20240315,1,6.98,4,1,91.0
STU003729,UNI026,,,Referral,20240315,0,,0,0,
STU003730,UNI026,,,Referral,20231215,0,,1,0,
STU003731,UNI020,CMP044,Product Analyst,Job Portal,20240415,1,41.99,2,2,12.0
STU003732,UNI026,CMP025,Business Analyst,Recruitment Agency,20230815,1,37.12,2,3,85.0
STU003733,UNI013,CMP029,Design Engineer,Referral,20240115,1,7.78,2,1,33.0
STU003734,UNI029,,,On-Campus,20240215,0,,1,0,
STU003735,UNI011,CMP048,Financial Analyst,Recruitment Agency,20231115,1,22.8,4,1,27.0
STU003736,UNI021,,,Referral,20240115,0,,1,0,
STU003737,UNI023,CMP045,QA Engineer,On-Campus,20230815,1,15.74,2,1,51.0
STU003738,UNI028,,,Recruitment Agency,20240115,0,,2,0,
STU003739,UNI022,,,Job Portal,20240115,0,,2,0,
STU003740,UNI030,CMP037,QA Engineer,On-Campus,20240315,1,12.76,3,3,59.0
STU003741,UNI013,CMP049,Backend Engineer,On-Campus,20230815,1,25.16,4,1,26.0
STU003742,UNI017,,,Recruitment Agency,20231015,0,,2,0,
STU003743,UNI026,CMP015,ML Engineer,Recruitment Agency,20231015,1,47.11,2,1,63.0
STU003744,UNI011,,,Referral,20231015,0,,2,0,
STU003745,UNI027,,,On-Campus,20240315,0,,2,0,
STU003746,UNI008,CMP040,Data Scientist,Direct Application,20240115,1,23.03,4,1,13.0
STU003747,UNI001,,,Referral,20240415,0,,2,0,
STU003748,UNI022,CMP077,Design Engineer,Direct Application,20240215,1,16.81,4,1,24.0
STU003749,UNI014,CMP012,Data Scientist,Recruitment Agency,20231015,1,31.22,2,1,78.0
STU003750,UNI011,CMP067,Backend Engineer,On-Campus,20231115,1,22.43,2,2,74.0
STU003751,UNI002,CMP040,QA Engineer,Recruitment Agency,20231115,1,15.63,4,1,71.0
STU003752,UNI008,,,Referral,20240315,0,,0,0,
STU003753,UNI021,CMP049,Product Analyst,Referral,20240215,1,31.53,1,1,25.0
STU003754,UNI029,CMP068,Systems Engineer,Recruitment Agency,20231015,1,25.68,3,1,8.0
STU003755,UNI005,CMP023,ML Engineer,Job Portal,20240315,1,24.84,2,1,81.0
STU003756,UNI022,CMP051,Operations Associate,Direct Application,20230815,1,14.09,4,1,56.0
STU003757,UNI004,,,Job Portal,20240415,0,,0,0,
STU003758,UNI027,,,On-Campus,20230915,0,,2,0,
STU003759,UNI017,,,Direct Application,20240115,0,,2,0,
STU003760,UNI029,CMP006,Backend Engineer,Referral,20240115,1,46.94,4,3,50.0
STU003761,UNI001,CMP004,Data Scientist,Direct Application,20231115,1,9.98,1,1,55.0
STU003762,UNI005,CMP015,Cloud Engineer,Recruitment Agency,20240415,1,38.98,1,1,76.0
STU003763,UNI024,CMP074,QA Engineer,On-Campus,20230815,1,21.89,5,1,61.0
STU003764,UNI013,,,Recruitment Agency,20230815,0,,0,0,
STU003765,UNI017,CMP069,Business Analyst,Recruitment Agency,20240115,1,8.0,4,2,90.0
STU003766,UNI010,CMP018,Financial Analyst,Referral,20240415,1,22.83,2,1,34.0
STU003767,UNI016,,,Direct Application,20240315,0,,2,0,
STU003768,UNI016,CMP055,Business Analyst,On-Campus,20240315,1,17.87,3,1,30.0
STU003769,UNI030,CMP048,Cloud Engineer,Recruitment Agency,20231115,1,35.46,3,1,40.0
STU003770,UNI011,,,Job Portal,20231015,0,,0,0,
STU003771,UNI006,CMP069,Cloud Engineer,Direct Application,20231215,1,16.38,4,1,67.0
STU003772,UNI004,CMP015,Financial Analyst,Referral,20231215,1,19.16,2,1,62.0
STU003773,UNI012,CMP031,Frontend Engineer,Job Portal,20231115,1,6.11,3,1,93.0
STU003774,UNI001,,,Referral,20240315,0,,0,0,
STU003775,UNI025,CMP030,Business Analyst,On-Campus,20240415,1,22.21,5,1,52.0
STU003776,UNI006,,,On-Campus,20231115,0,,2,0,
STU003777,UNI030,,,Job Portal,20231215,0,,2,0,
STU003778,UNI006,CMP031,Data Analyst,Referral,20230815,1,13.53,2,1,63.0
STU003779,UNI021,CMP046,Frontend Engineer,Direct Application,20240315,1,26.92,1,1,86.0
STU003780,UNI015,CMP065,Backend Engineer,Job Portal,20240315,1,18.97,4,1,16.0
STU003781,UNI011,,,On-Campus,20240415,0,,2,0,
STU003782,UNI007,CMP005,Product Analyst,Direct Application,20231115,1,26.02,3,3,94.0
STU003783,UNI022,,,On-Campus,20230815,0,,2,0,
STU003784,UNI019,,,Recruitment Agency,20230915,0,,1,0,
STU003785,UNI020,,,Recruitment Agency,20231115,0,,1,0,
STU003786,UNI024,CMP073,Design Engineer,Recruitment Agency,20231215,1,18.88,5,1,77.0
STU003787,UNI009,CMP036,Data Analyst,Recruitment Agency,20230815,1,19.06,2,1,33.0
STU003788,UNI006,,,On-Campus,20240215,0,,0,0,
STU003789,UNI015,,,Job Portal,20230915,0,,1,0,
STU003790,UNI026,,,Recruitment Agency,20240415,0,,1,0,
STU003791,UNI021,CMP010,Operations Associate,Referral,20231215,1,9.72,5,2,78.0
STU003792,UNI008,,,Direct Application,20231115,0,,1,0,
STU003793,UNI014,CMP048,Operations Associate,On-Campus,20231215,1,23.07,5,1,40.0
STU003794,UNI016,CMP047,Backend Engineer,Referral,20230815,1,29.26,2,2,39.0
STU003795,UNI016,,,Recruitment Agency,20230815,0,,1,0,
STU003796,UNI029,CMP078,Systems Engineer,Direct Application,20231015,1,8.66,4,1,72.0
STU003797,UNI015,CMP068,Data Analyst,Job Portal,20231215,1,34.03,1,1,92.0
STU003798,UNI019,CMP024,Business Analyst,Recruitment Agency,20240215,1,27.32,5,3,12.0
STU003799,UNI025,,,On-Campus,20231115,0,,1,0,
STU003800,UNI004,CMP009,Systems Engineer,Referral,20231115,1,23.06,3,1,53.0
STU003801,UNI018,,,Referral,20240215,0,,1,0,
STU003802,UNI016,CMP021,Design Engineer,On-Campus,20230915,1,7.82,1,1,55.0
STU003803,UNI017,,,Direct Application,20240215,0,,0,0,
STU003804,UNI027,,,Recruitment Agency,20240415,0,,0,0,
STU003805,UNI006,CMP009,Data Scientist,Referral,20240215,1,47.54,1,1,50.0
STU003806,UNI030,,,Job Portal,20231015,0,,1,0,
STU003807,UNI016,CMP063,Backend Engineer,Job Portal,20240415,1,19.34,4,1,12.0
STU003808,UNI026,CMP020,QA Engineer,Referral,20231015,1,31.31,3,1,64.0
STU003809,UNI007,CMP065,Data Analyst,Referral,20240415,1,9.24,4,1,37.0
STU003810,UNI020,CMP038,Backend Engineer,Referral,20240115,1,21.12,1,1,46.0
STU003811,UNI013,,,Direct Application,20240415,0,,0,0,
STU003812,UNI008,CMP015,Data Analyst,Direct Application,20240315,1,23.07,5,1,78.0
STU003813,UNI014,CMP066,Backend Engineer,Job Portal,20240415,1,12.9,3,1,11.0
STU003814,UNI011,,,Referral,20230815,0,,0,0,
STU003815,UNI008,,,Job Portal,20231215,0,,1,0,
STU003816,UNI008,,,Job Portal,20231115,0,,0,0,
STU003817,UNI027,CMP001,Software Engineer,Direct Application,20231015,1,8.97,5,2,55.0
STU003818,UNI004,,,Job Portal,20231115,0,,2,0,
STU003819,UNI029,CMP002,Design Engineer,Direct Application,20240215,1,7.94,2,2,31.0
STU003820,UNI028,CMP074,Consultant,Direct Application,20240415,1,18.5,4,1,23.0
STU003821,UNI006,CMP040,Software Engineer,Referral,20230915,1,24.36,3,1,9.0
STU003822,UNI005,,,Recruitment Agency,20230915,0,,2,0,
STU003823,UNI002,,,Referral,20230815,0,,2,0,
STU003824,UNI027,CMP073,Design Engineer,Direct Application,20231215,1,16.83,1,2,30.0
STU003825,UNI028,CMP017,Financial Analyst,Direct Application,20230815,1,15.71,5,1,10.0
STU003826,UNI022,CMP076,Financial Analyst,Direct Application,20231215,1,9.0,5,1,28.0
STU003827,UNI029,,,Recruitment Agency,20240115,0,,0,0,
STU003828,UNI026,CMP056,Backend Engineer,Recruitment Agency,20240415,1,39.74,2,1,64.0
STU003829,UNI011,CMP014,Cloud Engineer,On-Campus,20231015,1,8.45,5,1,65.0
STU003830,UNI009,CMP072,Design Engineer,Referral,20240115,1,10.85,2,1,92.0
STU003831,UNI011,,,On-Campus,20240315,0,,0,0,
STU003832,UNI026,CMP075,Consultant,On-Campus,20230915,1,37.18,2,1,46.0
STU003833,UNI030,,,On-Campus,20231015,0,,1,0,
STU003834,UNI003,,,Recruitment Agency,20231115,0,,0,0,
STU003835,UNI030,CMP031,Software Engineer,Recruitment Agency,20230915,1,14.36,1,1,86.0
STU003836,UNI010,,,Recruitment Agency,20240115,0,,2,0,
STU003837,UNI029,CMP068,Frontend Engineer,Direct Application,20231115,1,21.95,1,1,79.0
STU003838,UNI010,CMP002,ML Engineer,On-Campus,20230815,1,8.05,3,2,29.0
STU003839,UNI020,,,On-Campus,20240215,0,,1,0,
STU003840,UNI005,CMP073,Consultant,Referral,20231115,1,60.31,5,2,47.0
STU003841,UNI005,,,Job Portal,20240215,0,,1,0,
STU003842,UNI007,CMP069,Cloud Engineer,Job Portal,20230815,1,9.43,1,1,62.0
STU003843,UNI030,CMP024,Product Analyst,Recruitment Agency,20240215,1,30.47,4,1,32.0
STU003844,UNI020,,,Job Portal,20230915,0,,1,0,
STU003845,UNI023,CMP071,Frontend Engineer,Direct Application,20231015,1,19.59,3,2,27.0
STU003846,UNI003,,,On-Campus,20240315,0,,1,0,
STU003847,UNI015,CMP008,ML Engineer,Referral,20231115,1,55.6,4,3,78.0
STU003848,UNI012,,,On-Campus,20231215,0,,1,0,
STU003849,UNI012,CMP045,ML Engineer,Job Portal,20230915,1,18.84,5,1,76.0
STU003850,UNI003,CMP022,Financial Analyst,Referral,20230915,1,59.63,5,1,51.0
STU003851,UNI001,CMP077,Financial Analyst,On-Campus,20240415,1,22.34,2,1,85.0
STU003852,UNI022,,,Referral,20240315,0,,1,0,
STU003853,UNI025,CMP057,Product Analyst,Direct Application,20231215,1,25.03,3,1,47.0
STU003854,UNI007,,,Recruitment Agency,20230815,0,,0,0,
STU003855,UNI027,,,Referral,20240415,0,,1,0,
STU003856,UNI014,,,Recruitment Agency,20240215,0,,1,0,
STU003857,UNI005,,,On-Campus,20231215,0,,1,0,
STU003858,UNI008,CMP009,Product Analyst,On-Campus,20231115,1,33.38,2,1,21.0
STU003859,UNI019,CMP010,QA Engineer,Recruitment Agency,20240115,1,12.41,3,1,10.0
STU003860,UNI011,,,On-Campus,20231215,0,,0,0,
STU003861,UNI019,CMP059,Data Analyst,Recruitment Agency,20231015,1,30.74,4,3,11.0
STU003862,UNI028,CMP022,QA Engineer,Job Portal,20231215,1,17.64,4,1,94.0
STU003863,UNI008,CMP009,Product Analyst,Referral,20230815,1,30.81,5,1,27.0
STU003864,UNI021,CMP042,Business Analyst,Direct Application,20231215,1,12.23,2,2,34.0
STU003865,UNI012,,,Job Portal,20231115,0,,0,0,
STU003866,UNI017,,,Recruitment Agency,20231115,0,,1,0,
STU003867,UNI023,,,Job Portal,20240315,0,,1,0,
STU003868,UNI016,CMP048,Data Analyst,Recruitment Agency,20231215,1,20.56,5,2,70.0
STU003869,UNI022,,,Referral,20230815,0,,0,0,
STU003870,UNI005,,,Recruitment Agency,20240215,0,,1,0,
STU003871,UNI001,CMP028,Software Engineer,Direct Application,20231015,1,19.91,1,1,52.0
STU003872,UNI005,CMP032,Product Analyst,Direct Application,20240215,1,35.64,2,1,25.0
STU003873,UNI026,CMP012,Business Analyst,On-Campus,20231215,1,33.23,5,1,93.0
STU003874,UNI021,,,Job Portal,20230815,0,,0,0,
STU003875,UNI018,CMP039,Cloud Engineer,On-Campus,20231115,1,11.52,5,1,36.0
STU003876,UNI011,CMP075,Design Engineer,Referral,20231015,1,28.37,4,3,44.0
STU003877,UNI021,CMP018,Systems Engineer,Recruitment Agency,20231015,1,22.33,2,1,87.0
STU003878,UNI028,CMP038,ML Engineer,Job Portal,20231015,1,8.4,4,1,11.0
STU003879,UNI022,,,Recruitment Agency,20240115,0,,2,0,
STU003880,UNI005,CMP028,Operations Associate,On-Campus,20230815,1,30.4,4,3,74.0
STU003881,UNI024,,,Recruitment Agency,20240215,0,,1,0,
STU003882,UNI009,,,Referral,20240315,0,,2,0,
STU003883,UNI012,CMP079,Consultant,Referral,20230815,1,28.66,1,2,26.0
STU003884,UNI009,CMP028,ML Engineer,Job Portal,20230815,1,34.89,2,1,13.0
STU003885,UNI009,,,On-Campus,20230815,0,,0,0,
STU003886,UNI022,CMP023,Data Scientist,Direct Application,20240315,1,22.18,1,1,64.0
STU003887,UNI016,,,Job Portal,20240415,0,,2,0,
STU003888,UNI011,,,Job Portal,20240215,0,,0,0,
STU003889,UNI009,,,Job Portal,20230815,0,,2,0,
STU003890,UNI022,,,Job Portal,20231215,0,,2,0,
STU003891,UNI028,,,Recruitment Agency,20231015,0,,1,0,
STU003892,UNI023,CMP037,Business Analyst,On-Campus,20230815,1,8.67,3,1,43.0
STU003893,UNI028,CMP061,Cloud Engineer,Recruitment Agency,20230815,1,13.73,3,1,70.0
STU003894,UNI015,CMP033,Software Engineer,On-Campus,20240215,1,38.21,3,1,27.0
STU003895,UNI014,,,Direct Application,20231115,0,,2,0,
STU003896,UNI007,CMP050,Cloud Engineer,Referral,20231215,1,16.43,5,1,45.0
STU003897,UNI015,,,On-Campus,20231215,0,,1,0,
STU003898,UNI028,CMP069,ML Engineer,Recruitment Agency,20231115,1,12.31,5,1,90.0
STU003899,UNI019,CMP020,Product Analyst,On-Campus,20240115,1,28.18,3,1,79.0
STU003900,UNI019,,,On-Campus,20240315,0,,1,0,
STU003901,UNI018,CMP075,Product Analyst,Direct Application,20240315,1,24.54,3,1,51.0
STU003902,UNI024,CMP020,QA Engineer,Job Portal,20240115,1,18.81,1,1,83.0
STU003903,UNI009,CMP011,Product Analyst,Recruitment Agency,20240415,1,5.65,2,1,62.0
STU003904,UNI008,CMP049,Data Scientist,Referral,20230815,1,36.23,5,2,15.0
STU003905,UNI011,,,Recruitment Agency,20231215,0,,2,0,
STU003906,UNI002,,,On-Campus,20240415,0,,2,0,
STU003907,UNI008,CMP074,Data Scientist,On-Campus,20240215,1,27.92,3,1,28.0
STU003908,UNI030,CMP065,Systems Engineer,Direct Application,20240315,1,11.11,2,2,83.0
STU003909,UNI023,CMP036,Financial Analyst,Referral,20231015,1,25.38,1,1,86.0
STU003910,UNI020,,,Referral,20240315,0,,2,0,
STU003911,UNI007,CMP007,Financial Analyst,Referral,20231115,1,26.3,2,1,27.0
STU003912,UNI015,CMP055,Financial Analyst,On-Campus,20230915,1,45.1,3,1,40.0
STU003913,UNI022,CMP077,Financial Analyst,Direct Application,20240315,1,21.78,2,1,65.0
STU003914,UNI020,,,Direct Application,20231215,0,,1,0,
STU003915,UNI016,,,Referral,20231015,0,,1,0,
STU003916,UNI025,CMP003,Data Analyst,Job Portal,20240115,1,9.39,5,1,38.0
STU003917,UNI001,,,Recruitment Agency,20240415,0,,0,0,
STU003918,UNI008,CMP072,Operations Associate,Direct Application,20231215,1,5.94,5,1,51.0
STU003919,UNI018,CMP046,ML Engineer,Job Portal,20231215,1,23.59,1,2,26.0
STU003920,UNI003,CMP053,Consultant,Job Portal,20240415,1,16.75,2,2,71.0
STU003921,UNI025,,,Recruitment Agency,20230815,0,,2,0,
STU003922,UNI007,,,Referral,20230915,0,,1,0,
STU003923,UNI015,,,Direct Application,20240315,0,,0,0,
STU003924,UNI027,,,Direct Application,20240215,0,,1,0,
STU003925,UNI011,,,Recruitment Agency,20231015,0,,2,0,
STU003926,UNI025,CMP049,Product Analyst,Referral,20240315,1,25.0,5,2,45.0
STU003927,UNI018,CMP024,Design Engineer,On-Campus,20230915,1,15.41,3,1,46.0
STU003928,UNI025,,,On-Campus,20230915,0,,2,0,
STU003929,UNI008,,,Job Portal,20240115,0,,0,0,
STU003930,UNI010,,,Job Portal,20231115,0,,1,0,
STU003931,UNI016,CMP048,Data Scientist,On-Campus,20230915,1,23.08,5,1,66.0
STU003932,UNI008,CMP026,Data Analyst,Recruitment Agency,20240115,1,19.66,2,2,8.0
STU003933,UNI014,CMP025,Operations Associate,Direct Application,20240115,1,19.6,3,2,60.0
STU003934,UNI027,,,On-Campus,20240115,0,,0,0,
STU003935,UNI013,CMP050,Frontend Engineer,Recruitment Agency,20240215,1,7.87,5,1,28.0
STU003936,UNI002,,,Job Portal,20231015,0,,1,0,
STU003937,UNI013,CMP006,Backend Engineer,Recruitment Agency,20230815,1,23.46,1,1,79.0
STU003938,UNI026,,,Job Portal,20231215,0,,0,0,
STU003939,UNI008,,,Job Portal,20231115,0,,0,0,
STU003940,UNI007,CMP014,Systems Engineer,Direct Application,20230815,1,5.7,5,1,43.0
STU003941,UNI024,CMP078,Consultant,Recruitment Agency,20240115,1,8.78,2,1,20.0
STU003942,UNI006,CMP059,Software Engineer,On-Campus,20230815,1,23.53,2,1,74.0
STU003943,UNI028,CMP043,Financial Analyst,Job Portal,20230915,1,15.09,4,1,88.0
STU003944,UNI004,CMP026,Software Engineer,On-Campus,20231215,1,16.52,5,2,56.0
STU003945,UNI004,CMP021,Consultant,Recruitment Agency,20240415,1,9.65,5,1,39.0
STU003946,UNI016,CMP032,Financial Analyst,Recruitment Agency,20231115,1,20.55,3,1,80.0
STU003947,UNI016,,,Direct Application,20240415,0,,2,0,
STU003948,UNI016,CMP034,Data Scientist,Job Portal,20240315,1,22.47,3,1,38.0
STU003949,UNI015,CMP046,Operations Associate,Job Portal,20240215,1,25.18,4,1,69.0
STU003950,UNI005,CMP021,QA Engineer,Referral,20230915,1,20.44,3,1,11.0
STU003951,UNI014,CMP037,Business Analyst,Recruitment Agency,20231115,1,10.05,3,1,23.0
STU003952,UNI024,,,Referral,20231215,0,,0,0,
STU003953,UNI014,CMP030,Systems Engineer,On-Campus,20240215,1,17.89,1,1,30.0
STU003954,UNI030,CMP066,Design Engineer,Recruitment Agency,20240215,1,20.86,4,2,43.0
STU003955,UNI022,CMP040,Frontend Engineer,Recruitment Agency,20231015,1,12.46,3,1,91.0
STU003956,UNI030,CMP060,Business Analyst,Referral,20231015,1,20.3,4,1,87.0
STU003957,UNI016,,,Direct Application,20230915,0,,2,0,
STU003958,UNI004,,,Referral,20240115,0,,1,0,
STU003959,UNI001,,,Referral,20231015,0,,1,0,
STU003960,UNI017,CMP001,Operations Associate,On-Campus,20240315,1,9.4,4,2,60.0
STU003961,UNI002,,,Recruitment Agency,20230815,0,,0,0,
STU003962,UNI003,,,Recruitment Agency,20230915,0,,2,0,
STU003963,UNI014,CMP046,Design Engineer,Direct Application,20231115,1,18.5,4,1,79.0
STU003964,UNI015,,,Referral,20230915,0,,1,0,
STU003965,UNI022,,,Direct Application,20231115,0,,0,0,
STU003966,UNI006,CMP044,Financial Analyst,Referral,20240215,1,28.92,1,2,13.0
STU003967,UNI010,CMP050,Product Analyst,On-Campus,20230815,1,6.56,1,1,85.0
STU003968,UNI027,CMP049,ML Engineer,Referral,20240315,1,26.45,5,1,81.0
STU003969,UNI030,CMP009,Systems Engineer,Recruitment Agency,20240315,1,41.27,4,1,37.0
STU003970,UNI007,,,Direct Application,20231015,0,,0,0,
STU003971,UNI002,CMP054,Cloud Engineer,Referral,20240115,1,26.46,1,1,49.0
STU003972,UNI010,,,Job Portal,20231015,0,,1,0,
STU003973,UNI001,CMP074,Systems Engineer,On-Campus,20231015,1,20.52,2,1,67.0
STU003974,UNI020,CMP036,Data Analyst,Referral,20240415,1,34.46,5,2,11.0
STU003975,UNI023,,,Direct Application,20240315,0,,2,0,
STU003976,UNI009,CMP046,ML Engineer,Referral,20240115,1,28.92,2,1,39.0
STU003977,UNI017,CMP051,Systems Engineer,Direct Application,20231015,1,21.03,2,1,73.0
STU003978,UNI007,CMP048,QA Engineer,Job Portal,20240115,1,19.69,1,1,93.0
STU003979,UNI014,CMP047,Frontend Engineer,Recruitment Agency,20240315,1,28.31,3,2,54.0
STU003980,UNI021,,,On-Campus,20240215,0,,0,0,
STU003981,UNI015,,,Referral,20240215,0,,1,0,
STU003982,UNI017,CMP044,Software Engineer,Referral,20240315,1,39.89,5,1,88.0
STU003983,UNI019,,,On-Campus,20240315,0,,2,0,
STU003984,UNI013,,,Direct Application,20240315,0,,1,0,
STU003985,UNI019,CMP005,Data Analyst,Referral,20231115,1,37.68,4,3,67.0
STU003986,UNI017,CMP062,Frontend Engineer,Direct Application,20230815,1,10.32,5,1,27.0
STU003987,UNI007,CMP025,Data Analyst,Direct Application,20230915,1,22.94,1,1,79.0
STU003988,UNI018,CMP028,Business Analyst,Direct Application,20231015,1,25.51,3,1,42.0
STU003989,UNI028,,,Referral,20240415,0,,0,0,
STU003990,UNI017,CMP010,Consultant,Referral,20230915,1,9.03,5,1,44.0
STU003991,UNI019,CMP024,Business Analyst,Direct Application,20231115,1,27.9,4,1,73.0
STU003992,UNI013,,,Direct Application,20240415,0,,1,0,
STU003993,UNI015,CMP071,Backend Engineer,Referral,20230815,1,44.51,1,1,45.0
STU003994,UNI019,CMP030,Operations Associate,Recruitment Agency,20240415,1,31.3,5,1,23.0
STU003995,UNI021,CMP028,Frontend Engineer,Job Portal,20230915,1,17.88,4,2,27.0
STU003996,UNI014,CMP047,Backend Engineer,Referral,20230815,1,21.31,1,2,37.0
STU003997,UNI011,,,On-Campus,20231115,0,,2,0,
STU003998,UNI025,CMP051,Operations Associate,Direct Application,20230915,1,22.34,4,1,19.0
STU003999,UNI029,,,Job Portal,20240315,0,,2,0,
STU004000,UNI023,,,Direct Application,20230915,0,,2,0,
STU004001,UNI008,,,On-Campus,20230815,0,,2,0,
STU004002,UNI012,CMP065,Financial Analyst,Job Portal,20240115,1,9.28,4,1,62.0
STU004003,UNI029,,,On-Campus,20231115,0,,1,0,
STU004004,UNI014,CMP044,Design Engineer,Referral,20240415,1,34.45,5,2,61.0
STU004005,UNI026,CMP041,Data Scientist,On-Campus,20231215,1,20.58,4,1,25.0
STU004006,UNI002,CMP065,Frontend Engineer,On-Campus,20230915,1,10.71,2,1,61.0
STU004007,UNI016,CMP003,Product Analyst,Direct Application,20240315,1,9.33,3,1,19.0
STU004008,UNI008,,,Recruitment Agency,20230915,0,,2,0,
STU004009,UNI004,CMP065,Consultant,Referral,20231115,1,7.52,1,1,61.0
STU004010,UNI009,,,Referral,20240115,0,,0,0,
STU004011,UNI001,,,Direct Application,20231215,0,,0,0,
STU004012,UNI016,CMP039,Software Engineer,On-Campus,20230915,1,10.78,3,1,61.0
STU004013,UNI003,CMP047,QA Engineer,Recruitment Agency,20230815,1,26.28,3,2,69.0
STU004014,UNI012,CMP028,Consultant,Direct Application,20240415,1,18.95,1,1,77.0
STU004015,UNI028,CMP075,QA Engineer,Direct Application,20231115,1,17.79,2,2,28.0
STU004016,UNI028,CMP026,Cloud Engineer,Referral,20231215,1,31.89,2,1,69.0
STU004017,UNI009,CMP056,Data Analyst,Recruitment Agency,20231215,1,19.46,4,1,78.0
STU004018,UNI017,CMP059,Data Analyst,On-Campus,20230815,1,33.5,2,3,64.0
STU004019,UNI015,CMP053,Data Analyst,On-Campus,20240415,1,20.35,2,1,21.0
STU004020,UNI030,CMP067,Consultant,Referral,20231015,1,46.41,5,1,22.0
STU004021,UNI020,CMP074,Systems Engineer,On-Campus,20231015,1,26.95,1,1,10.0
STU004022,UNI009,,,Referral,20240415,0,,2,0,
STU004023,UNI019,CMP063,QA Engineer,Job Portal,20240215,1,32.79,3,1,90.0
STU004024,UNI002,CMP054,Design Engineer,On-Campus,20231215,1,13.74,1,1,27.0
STU004025,UNI013,,,On-Campus,20240315,0,,2,0,
STU004026,UNI017,CMP038,Financial Analyst,Job Portal,20240215,1,10.63,4,1,35.0
STU004027,UNI002,,,Job Portal,20240115,0,,1,0,
STU004028,UNI004,,,Direct Application,20231015,0,,0,0,
STU004029,UNI009,CMP016,Operations Associate,Recruitment Agency,20230915,1,15.94,3,1,69.0
STU004030,UNI007,CMP066,Backend Engineer,Referral,20240315,1,19.01,2,1,29.0
STU004031,UNI024,CMP045,Data Scientist,Referral,20240215,1,39.83,3,2,16.0
STU004032,UNI025,CMP004,Software Engineer,Recruitment Agency,20231115,1,11.35,4,1,80.0
STU004033,UNI018,CMP054,Software Engineer,Direct Application,20230915,1,27.28,1,2,10.0
STU004034,UNI004,CMP042,Frontend Engineer,Direct Application,20240315,1,11.56,4,1,55.0
STU004035,UNI010,,,Direct Application,20230815,0,,2,0,
STU004036,UNI002,CMP022,Software Engineer,Job Portal,20230915,1,22.4,3,2,68.0
STU004037,UNI029,CMP007,Business Analyst,On-Campus,20230915,1,18.24,2,1,60.0
STU004038,UNI025,CMP074,Software Engineer,Recruitment Agency,20231015,1,37.65,2,1,12.0
STU004039,UNI029,CMP043,Data Analyst,Referral,20240215,1,20.49,1,1,48.0
STU004040,UNI003,CMP066,Systems Engineer,Recruitment Agency,20231215,1,16.4,1,3,41.0
STU004041,UNI012,CMP062,Frontend Engineer,On-Campus,20230915,1,6.85,5,3,83.0
STU004042,UNI014,CMP054,Product Analyst,Job Portal,20240315,1,27.25,5,1,28.0
STU004043,UNI014,CMP075,Design Engineer,Direct Application,20230815,1,17.47,4,2,23.0
STU004044,UNI024,CMP017,Systems Engineer,Direct Application,20240415,1,15.95,4,3,65.0
STU004045,UNI004,CMP068,Backend Engineer,Direct Application,20231215,1,21.18,4,2,7.0
STU004046,UNI008,,,Direct Application,20240415,0,,1,0,
STU004047,UNI004,,,Recruitment Agency,20231015,0,,2,0,
STU004048,UNI007,CMP010,QA Engineer,Recruitment Agency,20231215,1,9.08,5,1,63.0
STU004049,UNI028,,,On-Campus,20240315,0,,2,0,
STU004050,UNI011,,,Recruitment Agency,20240215,0,,1,0,
STU004051,UNI029,CMP069,ML Engineer,On-Campus,20230915,1,12.14,5,1,77.0
STU004052,UNI007,CMP029,Data Scientist,Direct Application,20240415,1,14.27,3,1,72.0
STU004053,UNI014,CMP048,Design Engineer,Recruitment Agency,20231015,1,17.11,3,1,26.0
STU004054,UNI018,,,Job Portal,20240115,0,,2,0,
STU004055,UNI021,CMP027,Data Scientist,Recruitment Agency,20231215,1,33.91,5,2,76.0
STU004056,UNI015,CMP020,Data Scientist,Direct Application,20231115,1,38.49,5,1,42.0
STU004057,UNI021,CMP064,Systems Engineer,Recruitment Agency,20231115,1,12.65,5,1,76.0
STU004058,UNI022,,,Referral,20230915,0,,1,0,
STU004059,UNI025,,,Job Portal,20230915,0,,1,0,
STU004060,UNI027,,,Referral,20231215,0,,1,0,
STU004061,UNI026,,,Job Portal,20231115,0,,1,0,
STU004062,UNI014,CMP021,Product Analyst,Job Portal,20240415,1,16.48,4,1,49.0
STU004063,UNI014,CMP025,Backend Engineer,Referral,20240315,1,35.21,5,1,69.0
STU004064,UNI007,CMP001,Software Engineer,Job Portal,20230815,1,12.16,1,1,11.0
STU004065,UNI028,CMP079,QA Engineer,Direct Application,20230915,1,13.12,5,1,40.0
STU004066,UNI022,CMP058,Frontend Engineer,Referral,20230915,1,19.36,1,1,33.0
STU004067,UNI015,,,Referral,20240315,0,,2,0,
STU004068,UNI029,CMP001,Consultant,Direct Application,20230915,1,9.93,2,1,23.0
STU004069,UNI014,CMP064,Financial Analyst,Recruitment Agency,20231015,1,21.47,2,1,27.0
STU004070,UNI018,CMP028,Product Analyst,Direct Application,20231115,1,24.77,4,1,59.0
STU004071,UNI002,,,Job Portal,20231215,0,,1,0,
STU004072,UNI007,CMP071,ML Engineer,Referral,20240415,1,32.91,3,1,51.0
STU004073,UNI009,,,Job Portal,20231115,0,,1,0,
STU004074,UNI001,CMP071,Operations Associate,Recruitment Agency,20231015,1,11.76,3,1,73.0
STU004075,UNI008,CMP070,Business Analyst,Referral,20240415,1,29.05,5,1,13.0
STU004076,UNI007,CMP052,Design Engineer,Direct Application,20231215,1,19.42,4,1,58.0
STU004077,UNI002,,,Direct Application,20240115,0,,2,0,
STU004078,UNI028,,,Recruitment Agency,20231215,0,,1,0,
STU004079,UNI022,,,Job Portal,20231015,0,,2,0,
STU004080,UNI011,CMP018,Backend Engineer,Recruitment Agency,20231115,1,26.93,3,1,85.0
STU004081,UNI008,,,Recruitment Agency,20231015,0,,0,0,
STU004082,UNI020,CMP070,Cloud Engineer,On-Campus,20230915,1,45.36,3,1,47.0
STU004083,UNI023,CMP002,ML Engineer,On-Campus,20231115,1,10.68,2,1,10.0
STU004084,UNI029,CMP054,Operations Associate,Job Portal,20240115,1,20.28,3,1,65.0
STU004085,UNI016,CMP069,Systems Engineer,Referral,20240415,1,9.43,2,2,39.0
STU004086,UNI001,CMP004,Product Analyst,On-Campus,20231215,1,5.61,3,1,15.0
STU004087,UNI001,CMP014,Software Engineer,Referral,20240315,1,10.42,2,1,30.0
STU004088,UNI005,,,Job Portal,20230915,0,,1,0,
STU004089,UNI020,,,Recruitment Agency,20230815,0,,0,0,
STU004090,UNI003,CMP034,Product Analyst,Referral,20240115,1,33.87,4,2,18.0
STU004091,UNI002,,,On-Campus,20240415,0,,1,0,
STU004092,UNI027,CMP032,Data Analyst,On-Campus,20230815,1,16.7,4,2,14.0
STU004093,UNI024,CMP002,ML Engineer,On-Campus,20231215,1,11.63,1,1,44.0
STU004094,UNI018,CMP008,QA Engineer,Job Portal,20240215,1,22.42,1,1,90.0
STU004095,UNI020,CMP062,ML Engineer,Referral,20240115,1,16.75,5,1,66.0
STU004096,UNI010,CMP022,Software Engineer,Direct Application,20230915,1,20.0,3,1,93.0
STU004097,UNI021,CMP043,QA Engineer,Referral,20231115,1,19.39,2,1,92.0
STU004098,UNI005,CMP045,Product Analyst,On-Campus,20240415,1,32.46,5,2,88.0
STU004099,UNI029,,,Referral,20240215,0,,1,0,
STU004100,UNI020,,,Recruitment Agency,20230815,0,,0,0,
STU004101,UNI004,CMP013,Data Scientist,Job Portal,20231115,1,23.79,4,1,21.0
STU004102,UNI029,,,On-Campus,20240115,0,,0,0,
STU004103,UNI021,CMP003,Design Engineer,Job Portal,20230815,1,10.7,2,1,91.0
STU004104,UNI024,CMP031,ML Engineer,Recruitment Agency,20230915,1,12.66,3,1,69.0
STU004105,UNI002,,,On-Campus,20240415,0,,0,0,
STU004106,UNI020,,,Direct Application,20240415,0,,1,0,
STU004107,UNI010,CMP054,Operations Associate,Direct Application,20240215,1,13.6,4,3,40.0
STU004108,UNI013,CMP033,Systems Engineer,Referral,20231015,1,17.24,2,1,69.0
STU004109,UNI007,,,Recruitment Agency,20240115,0,,1,0,
STU004110,UNI001,,,Recruitment Agency,20240115,0,,2,0,
STU004111,UNI012,CMP035,Cloud Engineer,Recruitment Agency,20240215,1,18.99,5,1,9.0
STU004112,UNI002,,,Direct Application,20231215,0,,2,0,
STU004113,UNI023,CMP044,Systems Engineer,Recruitment Agency,20240215,1,20.15,4,1,91.0
STU004114,UNI009,,,Direct Application,20240215,0,,0,0,
STU004115,UNI002,CMP026,Systems Engineer,Job Portal,20240215,1,14.36,5,1,91.0
STU004116,UNI023,CMP077,ML Engineer,On-Campus,20240215,1,32.69,4,2,63.0
STU004117,UNI027,CMP026,Consultant,Job Portal,20240415,1,13.43,2,1,93.0
STU004118,UNI026,CMP062,Data Scientist,Recruitment Agency,20240215,1,22.56,4,2,15.0
STU004119,UNI010,,,On-Campus,20240415,0,,0,0,
STU004120,UNI012,CMP067,Product Analyst,On-Campus,20240115,1,16.74,4,1,88.0
STU004121,UNI026,CMP038,Systems Engineer,Job Portal,20231015,1,9.33,2,2,61.0
STU004122,UNI023,,,Direct Application,20231115,0,,1,0,
STU004123,UNI021,,,Referral,20240415,0,,1,0,
STU004124,UNI017,,,Referral,20240315,0,,2,0,
STU004125,UNI009,,,Referral,20240115,0,,0,0,
STU004126,UNI026,,,Direct Application,20240115,0,,0,0,
STU004127,UNI026,CMP022,Financial Analyst,Referral,20230915,1,41.5,1,2,41.0
STU004128,UNI017,CMP003,Product Analyst,On-Campus,20230815,1,10.55,2,1,61.0
STU004129,UNI023,,,Recruitment Agency,20231115,0,,2,0,
STU004130,UNI005,CMP059,Software Engineer,Referral,20240215,1,30.07,4,2,69.0
STU004131,UNI027,CMP006,Data Analyst,Direct Application,20240315,1,20.0,2,1,52.0
STU004132,UNI015,CMP010,Consultant,Direct Application,20240415,1,13.18,3,1,38.0
STU004133,UNI027,CMP053,Financial Analyst,Direct Application,20230815,1,9.42,4,1,39.0
STU004134,UNI003,CMP025,Backend Engineer,Referral,20231015,1,49.22,4,1,69.0
STU004135,UNI024,CMP068,Frontend Engineer,Job Portal,20231115,1,25.7,4,2,71.0
STU004136,UNI019,CMP029,ML Engineer,Recruitment Agency,20240115,1,17.26,4,1,48.0
STU004137,UNI028,,,Direct Application,20240315,0,,1,0,
STU004138,UNI016,CMP055,Cloud Engineer,Job Portal,20231215,1,26.17,2,1,9.0
STU004139,UNI023,CMP063,Software Engineer,Job Portal,20240315,1,22.64,4,1,84.0
STU004140,UNI030,CMP017,Data Analyst,On-Campus,20240315,1,26.29,2,2,22.0
STU004141,UNI018,,,On-Campus,20230915,0,,0,0,
STU004142,UNI023,CMP042,Operations Associate,On-Campus,20230915,1,7.89,1,2,10.0
STU004143,UNI012,,,Direct Application,20230915,0,,2,0,
STU004144,UNI006,,,Job Portal,20240115,0,,1,0,
STU004145,UNI017,CMP056,Backend Engineer,Recruitment Agency,20231015,1,36.09,2,1,44.0
STU004146,UNI001,CMP075,Consultant,Referral,20231115,1,17.97,5,1,28.0
STU004147,UNI009,CMP008,Business Analyst,On-Campus,20240415,1,16.91,3,1,78.0
STU004148,UNI013,CMP031,Data Scientist,Referral,20231015,1,9.9,3,1,48.0
STU004149,UNI013,CMP062,Software Engineer,Referral,20230815,1,10.77,2,1,64.0
STU004150,UNI023,CMP052,Consultant,Recruitment Agency,20230915,1,21.28,3,1,16.0
STU004151,UNI027,CMP034,Frontend Engineer,Referral,20231215,1,31.55,4,1,93.0
STU004152,UNI028,CMP063,Design Engineer,On-Campus,20231015,1,11.88,2,1,19.0
STU004153,UNI030,CMP052,Systems Engineer,Job Portal,20231115,1,36.67,4,1,79.0
STU004154,UNI018,CMP047,Design Engineer,Referral,20240415,1,25.73,3,1,45.0
STU004155,UNI019,CMP050,Backend Engineer,Job Portal,20231115,1,20.66,5,1,28.0
STU004156,UNI022,,,Recruitment Agency,20240215,0,,1,0,
STU004157,UNI029,CMP053,Data Analyst,Referral,20240115,1,8.37,5,1,34.0
STU004158,UNI023,,,Job Portal,20230815,0,,0,0,
STU004159,UNI019,CMP041,Product Analyst,On-Campus,20230815,1,13.24,2,2,35.0
STU004160,UNI018,CMP023,QA Engineer,Direct Application,20240115,1,18.73,3,1,14.0
STU004161,UNI001,CMP030,ML Engineer,Direct Application,20231215,1,19.6,1,1,88.0
STU004162,UNI018,CMP012,Cloud Engineer,Direct Application,20231215,1,31.2,2,1,23.0
STU004163,UNI010,CMP052,Consultant,Direct Application,20230815,1,15.11,3,1,85.0
STU004164,UNI001,CMP020,Financial Analyst,Direct Application,20231115,1,21.34,1,1,83.0
STU004165,UNI005,CMP070,Backend Engineer,Referral,20240415,1,52.83,5,1,52.0
STU004166,UNI026,,,Recruitment Agency,20230815,0,,1,0,
STU004167,UNI021,CMP056,Backend Engineer,Job Portal,20230815,1,25.38,4,1,19.0
STU004168,UNI017,CMP004,Backend Engineer,Recruitment Agency,20240115,1,11.97,1,2,40.0
STU004169,UNI016,,,Recruitment Agency,20231215,0,,1,0,
STU004170,UNI028,,,Job Portal,20231215,0,,2,0,
STU004171,UNI006,CMP033,Data Analyst,Direct Application,20240415,1,20.62,5,1,16.0
STU004172,UNI005,,,Referral,20240315,0,,2,0,
STU004173,UNI019,CMP046,Business Analyst,Job Portal,20230915,1,23.1,3,2,16.0
STU004174,UNI017,CMP018,Frontend Engineer,Recruitment Agency,20240415,1,29.28,2,1,62.0
STU004175,UNI020,,,Recruitment Agency,20231015,0,,0,0,
STU004176,UNI005,CMP038,ML Engineer,Recruitment Agency,20231215,1,16.35,5,1,32.0
STU004177,UNI018,CMP025,Business Analyst,Referral,20231015,1,28.88,4,1,47.0
STU004178,UNI007,CMP019,ML Engineer,Referral,20230815,1,27.15,4,1,79.0
STU004179,UNI003,CMP067,Systems Engineer,Referral,20230815,1,40.61,4,2,45.0
STU004180,UNI025,CMP051,ML Engineer,Recruitment Agency,20231215,1,34.51,1,1,75.0
STU004181,UNI010,,,On-Campus,20240315,0,,1,0,
STU004182,UNI020,CMP036,QA Engineer,Direct Application,20230815,1,26.5,1,1,37.0
STU004183,UNI011,CMP021,Product Analyst,Job Portal,20240215,1,6.47,4,2,78.0
STU004184,UNI002,CMP029,Frontend Engineer,On-Campus,20230815,1,6.93,1,1,31.0
STU004185,UNI030,,,On-Campus,20240215,0,,2,0,
STU004186,UNI026,CMP071,Systems Engineer,Referral,20230815,1,38.45,5,2,44.0
STU004187,UNI011,CMP063,QA Engineer,Direct Application,20240215,1,20.49,1,1,48.0
STU004188,UNI001,CMP011,Software Engineer,Direct Application,20240415,1,7.25,2,1,69.0
STU004189,UNI004,CMP076,Product Analyst,Direct Application,20240315,1,8.06,3,1,59.0
STU004190,UNI023,CMP037,Data Scientist,Job Portal,20231015,1,8.85,5,1,52.0
STU004191,UNI014,CMP016,Frontend Engineer,Direct Application,20230815,1,31.4,4,1,62.0
STU004192,UNI011,,,Referral,20230915,0,,1,0,
STU004193,UNI022,,,Referral,20230915,0,,1,0,
STU004194,UNI017,,,Direct Application,20230915,0,,1,0,
STU004195,UNI006,CMP071,Operations Associate,Job Portal,20231115,1,15.38,1,1,61.0
STU004196,UNI029,CMP068,QA Engineer,Job Portal,20231115,1,20.46,2,2,30.0
STU004197,UNI021,CMP006,QA Engineer,Referral,20231015,1,18.82,3,1,48.0
STU004198,UNI030,CMP054,Data Analyst,Direct Application,20240215,1,32.16,2,1,24.0
STU004199,UNI004,,,Job Portal,20230915,0,,1,0,
STU004200,UNI027,CMP064,Business Analyst,Job Portal,20230915,1,16.38,3,1,79.0
STU004201,UNI025,,,Job Portal,20230915,0,,1,0,
STU004202,UNI013,CMP021,Operations Associate,On-Campus,20231115,1,8.09,1,3,86.0
STU004203,UNI028,CMP034,QA Engineer,Direct Application,20240415,1,26.83,4,2,8.0
STU004204,UNI027,,,Referral,20230815,0,,0,0,
STU004205,UNI005,CMP065,QA Engineer,Direct Application,20240215,1,10.33,4,1,92.0
STU004206,UNI030,,,Job Portal,20240415,0,,1,0,
STU004207,UNI008,CMP068,Frontend Engineer,Referral,20231215,1,30.62,4,1,22.0
STU004208,UNI026,,,Recruitment Agency,20240415,0,,1,0,
STU004209,UNI028,CMP073,Cloud Engineer,Job Portal,20240315,1,21.5,1,2,59.0
STU004210,UNI027,CMP048,Data Analyst,Job Portal,20240215,1,18.75,4,1,11.0
STU004211,UNI022,,,Recruitment Agency,20240415,0,,1,0,
STU004212,UNI004,CMP069,Backend Engineer,On-Campus,20240415,1,8.09,1,2,77.0
STU004213,UNI020,CMP074,Frontend Engineer,On-Campus,20231215,1,23.61,5,3,23.0
STU004214,UNI006,CMP078,Financial Analyst,Direct Application,20240415,1,7.85,4,1,36.0
STU004215,UNI027,CMP019,Backend Engineer,On-Campus,20240315,1,18.26,2,1,68.0
STU004216,UNI009,CMP005,Business Analyst,Job Portal,20240215,1,20.68,3,1,88.0
STU004217,UNI003,CMP065,Software Engineer,Referral,20240115,1,14.88,1,2,86.0
STU004218,UNI006,CMP002,QA Engineer,On-Campus,20231115,1,8.68,5,1,14.0
STU004219,UNI025,CMP060,Financial Analyst,Referral,20230915,1,17.58,1,1,69.0
STU004220,UNI016,,,Recruitment Agency,20240315,0,,0,0,
STU004221,UNI011,CMP023,Consultant,Direct Application,20231215,1,20.33,3,1,74.0
STU004222,UNI006,,,Recruitment Agency,20240215,0,,2,0,
STU004223,UNI025,,,Job Portal,20230815,0,,0,0,
STU004224,UNI004,CMP003,ML Engineer,Referral,20231115,1,9.42,4,1,94.0
STU004225,UNI025,CMP036,Cloud Engineer,Referral,20230815,1,35.61,5,1,43.0
STU004226,UNI010,,,On-Campus,20231115,0,,2,0,
STU004227,UNI014,,,Recruitment Agency,20240115,0,,0,0,
STU004228,UNI024,,,Referral,20231015,0,,0,0,
STU004229,UNI006,CMP068,Business Analyst,Referral,20240315,1,24.5,1,1,91.0
STU004230,UNI004,CMP079,Backend Engineer,Job Portal,20240215,1,22.21,5,1,40.0
STU004231,UNI025,CMP077,Business Analyst,Job Portal,20240115,1,23.58,3,1,40.0
STU004232,UNI005,CMP032,Frontend Engineer,Referral,20240415,1,42.78,1,1,8.0
STU004233,UNI019,CMP028,Product Analyst,Recruitment Agency,20230915,1,34.02,3,1,49.0
STU004234,UNI020,CMP051,QA Engineer,On-Campus,20231215,1,25.87,5,1,31.0
STU004235,UNI029,CMP068,Data Analyst,Referral,20231115,1,28.31,2,1,20.0
STU004236,UNI014,,,Direct Application,20240415,0,,1,0,
STU004237,UNI012,CMP076,Data Scientist,Recruitment Agency,20240215,1,9.59,2,2,41.0
STU004238,UNI014,CMP039,Backend Engineer,Direct Application,20231015,1,10.84,3,1,93.0
STU004239,UNI017,CMP061,Data Scientist,Recruitment Agency,20240115,1,13.98,1,1,20.0
STU004240,UNI020,CMP037,Backend Engineer,Referral,20230915,1,15.82,5,2,57.0
STU004241,UNI005,,,Direct Application,20230815,0,,0,0,
STU004242,UNI016,CMP012,Operations Associate,Recruitment Agency,20240415,1,16.22,3,1,42.0
STU004243,UNI018,CMP043,Systems Engineer,Job Portal,20240115,1,18.1,2,1,45.0
STU004244,UNI007,,,Direct Application,20240215,0,,0,0,
STU004245,UNI002,CMP050,QA Engineer,Job Portal,20230915,1,6.45,1,2,75.0
STU004246,UNI013,CMP038,Cloud Engineer,Direct Application,20231115,1,10.62,2,2,40.0
STU004247,UNI021,,,Recruitment Agency,20231015,0,,1,0,
STU004248,UNI027,,,Direct Application,20231215,0,,2,0,
STU004249,UNI029,CMP071,Software Engineer,Referral,20240315,1,27.2,1,2,16.0
STU004250,UNI005,,,Referral,20231215,0,,0,0,
STU004251,UNI013,,,Recruitment Agency,20240215,0,,0,0,
STU004252,UNI010,CMP064,Backend Engineer,Job Portal,20230815,1,16.09,1,2,69.0
STU004253,UNI021,CMP005,Frontend Engineer,Job Portal,20230815,1,20.11,4,1,68.0
STU004254,UNI003,,,On-Campus,20240215,0,,2,0,
STU004255,UNI028,CMP056,ML Engineer,Referral,20240415,1,37.99,1,1,61.0
STU004256,UNI025,,,Recruitment Agency,20230915,0,,0,0,
STU004257,UNI007,CMP069,Financial Analyst,On-Campus,20231215,1,14.52,5,1,48.0
STU004258,UNI029,,,Recruitment Agency,20230915,0,,1,0,
STU004259,UNI024,CMP039,Consultant,Direct Application,20231215,1,15.11,2,1,76.0
STU004260,UNI015,,,Direct Application,20231115,0,,0,0,
STU004261,UNI023,CMP061,Backend Engineer,Direct Application,20240115,1,12.46,2,1,44.0
STU004262,UNI029,CMP009,Data Analyst,On-Campus,20230915,1,19.59,5,1,26.0
STU004263,UNI009,,,Referral,20240315,0,,1,0,
STU004264,UNI002,,,Direct Application,20231015,0,,1,0,
STU004265,UNI020,CMP031,Consultant,On-Campus,20231115,1,11.76,1,3,85.0
STU004266,UNI011,,,Job Portal,20240215,0,,1,0,
STU004267,UNI027,,,Recruitment Agency,20240315,0,,0,0,
STU004268,UNI026,CMP029,Data Scientist,Direct Application,20240115,1,22.55,4,1,80.0
STU004269,UNI022,CMP020,Data Analyst,Direct Application,20230915,1,21.62,5,1,25.0
STU004270,UNI008,CMP022,Data Scientist,Referral,20230815,1,42.47,5,2,42.0
STU004271,UNI001,CMP063,ML Engineer,Job Portal,20231015,1,21.8,2,1,43.0
STU004272,UNI001,,,Recruitment Agency,20240315,0,,1,0,
STU004273,UNI018,CMP039,Design Engineer,Referral,20240315,1,12.66,2,1,23.0
STU004274,UNI021,,,Referral,20240115,0,,0,0,
STU004275,UNI002,,,Referral,20240115,0,,1,0,
STU004276,UNI030,CMP010,Operations Associate,Job Portal,20231115,1,9.23,2,1,81.0
STU004277,UNI003,CMP053,Frontend Engineer,Job Portal,20231115,1,9.43,4,1,27.0
STU004278,UNI018,,,On-Campus,20231115,0,,0,0,
STU004279,UNI020,CMP014,Business Analyst,On-Campus,20240415,1,17.35,4,2,55.0
STU004280,UNI023,CMP025,Consultant,Referral,20231015,1,23.67,2,1,25.0
STU004281,UNI011,,,On-Campus,20231015,0,,0,0,
STU004282,UNI020,CMP074,Data Scientist,Direct Application,20230915,1,43.78,3,2,83.0
STU004283,UNI008,CMP052,Software Engineer,On-Campus,20240215,1,21.32,3,1,71.0
STU004284,UNI019,CMP053,Software Engineer,Referral,20231215,1,16.42,2,1,7.0
STU004285,UNI028,CMP056,Business Analyst,Direct Application,20230915,1,12.73,5,1,46.0
STU004286,UNI001,CMP073,Financial Analyst,Recruitment Agency,20230815,1,17.69,4,1,45.0
STU004287,UNI023,,,Referral,20231115,0,,0,0,
STU004288,UNI013,CMP020,ML Engineer,Referral,20230915,1,34.58,2,1,85.0
STU004289,UNI007,CMP038,Frontend Engineer,Job Portal,20240215,1,11.36,1,1,35.0
STU004290,UNI030,CMP073,Cloud Engineer,Recruitment Agency,20240315,1,53.52,5,4,10.0
STU004291,UNI012,CMP003,Backend Engineer,On-Campus,20230815,1,6.0,2,1,34.0
STU004292,UNI025,,,Job Portal,20231115,0,,2,0,
STU004293,UNI003,,,Recruitment Agency,20231115,0,,1,0,
STU004294,UNI005,CMP074,Systems Engineer,On-Campus,20240315,1,28.7,2,1,35.0
STU004295,UNI002,CMP035,Software Engineer,Job Portal,20240315,1,20.93,5,1,26.0
STU004296,UNI015,CMP080,Product Analyst,Referral,20230815,1,23.03,1,2,8.0
STU004297,UNI008,,,Direct Application,20240115,0,,1,0,
STU004298,UNI009,,,Job Portal,20240115,0,,1,0,
STU004299,UNI003,CMP005,Data Analyst,On-Campus,20240215,1,37.67,3,1,43.0
STU004300,UNI027,,,Job Portal,20231215,0,,1,0,
STU004301,UNI028,CMP060,Frontend Engineer,On-Campus,20230815,1,7.95,3,1,61.0
STU004302,UNI013,,,Recruitment Agency,20230915,0,,2,0,
STU004303,UNI029,CMP045,Software Engineer,Referral,20230815,1,21.62,2,1,25.0
STU004304,UNI025,,,Recruitment Agency,20240215,0,,0,0,
STU004305,UNI022,,,Direct Application,20240415,0,,2,0,
STU004306,UNI008,,,Recruitment Agency,20230815,0,,0,0,
STU004307,UNI026,CMP048,Backend Engineer,Recruitment Agency,20240315,1,41.05,4,1,45.0
STU004308,UNI008,CMP054,QA Engineer,Recruitment Agency,20230815,1,17.28,4,1,74.0
STU004309,UNI019,CMP031,Software Engineer,Recruitment Agency,20230915,1,12.92,2,2,69.0
STU004310,UNI020,CMP023,ML Engineer,On-Campus,20240115,1,34.33,2,2,12.0
STU004311,UNI010,CMP009,ML Engineer,Referral,20231015,1,31.48,4,1,59.0
STU004312,UNI001,,,On-Campus,20231015,0,,0,0,
STU004313,UNI010,,,Referral,20240115,0,,2,0,
STU004314,UNI021,CMP028,Product Analyst,Job Portal,20240215,1,19.75,4,1,34.0
STU004315,UNI030,CMP080,Software Engineer,Referral,20240215,1,19.35,4,3,89.0
STU004316,UNI016,CMP061,ML Engineer,Job Portal,20230915,1,13.76,1,2,82.0
STU004317,UNI007,CMP064,ML Engineer,On-Campus,20240115,1,32.23,3,1,57.0
STU004318,UNI023,,,Direct Application,20230815,0,,2,0,
STU004319,UNI013,CMP040,Product Analyst,Referral,20230915,1,27.64,4,1,84.0
STU004320,UNI024,CMP006,Data Analyst,On-Campus,20240115,1,20.08,3,2,38.0
STU004321,UNI005,,,Job Portal,20240115,0,,1,0,
STU004322,UNI018,,,Recruitment Agency,20240215,0,,2,0,
STU004323,UNI023,CMP077,Frontend Engineer,Job Portal,20231115,1,14.01,2,1,29.0
STU004324,UNI004,CMP039,Consultant,Job Portal,20230915,1,10.13,1,1,22.0
STU004325,UNI016,,,Direct Application,20240115,0,,1,0,
STU004326,UNI029,CMP038,ML Engineer,On-Campus,20240215,1,14.2,3,1,32.0
STU004327,UNI004,CMP046,Frontend Engineer,Referral,20230815,1,18.43,3,1,20.0
STU004328,UNI006,CMP045,Software Engineer,Job Portal,20231115,1,20.93,5,1,42.0
STU004329,UNI016,CMP060,Product Analyst,Direct Application,20230915,1,7.79,4,3,30.0
STU004330,UNI013,CMP079,Product Analyst,On-Campus,20230815,1,18.02,2,1,33.0
STU004331,UNI019,CMP014,Operations Associate,Referral,20231215,1,11.48,4,2,71.0
STU004332,UNI010,,,Recruitment Agency,20231215,0,,2,0,
STU004333,UNI022,,,On-Campus,20231115,0,,2,0,
STU004334,UNI022,,,Referral,20240215,0,,2,0,
STU004335,UNI001,CMP022,ML Engineer,On-Campus,20231115,1,27.69,1,1,73.0
STU004336,UNI020,,,Job Portal,20240215,0,,1,0,
STU004337,UNI017,,,Referral,20240415,0,,2,0,
STU004338,UNI006,CMP032,Cloud Engineer,Job Portal,20231215,1,22.33,2,1,36.0
STU004339,UNI025,,,Referral,20240215,0,,2,0,
STU004340,UNI028,,,Direct Application,20231115,0,,0,0,
STU004341,UNI023,,,Referral,20231215,0,,0,0,
STU004342,UNI029,CMP004,ML Engineer,Direct Application,20231115,1,13.55,3,1,52.0
STU004343,UNI017,CMP032,Systems Engineer,Recruitment Agency,20231115,1,18.19,2,1,86.0
STU004344,UNI025,,,Direct Application,20240415,0,,2,0,
STU004345,UNI004,CMP044,Data Analyst,Direct Application,20231015,1,19.28,1,1,69.0
STU004346,UNI022,CMP080,Backend Engineer,Direct Application,20231015,1,12.13,1,1,43.0
STU004347,UNI006,CMP077,ML Engineer,Direct Application,20231115,1,30.21,5,2,10.0
STU004348,UNI023,CMP001,Frontend Engineer,Referral,20240215,1,12.32,5,1,80.0
STU004349,UNI013,CMP042,Product Analyst,Recruitment Agency,20240415,1,12.28,1,1,47.0
STU004350,UNI020,CMP034,Consultant,Direct Application,20240115,1,45.53,2,1,11.0
STU004351,UNI022,CMP026,Consultant,On-Campus,20240215,1,16.62,3,1,60.0
STU004352,UNI002,CMP012,Design Engineer,Recruitment Agency,20231015,1,13.97,2,1,69.0
STU004353,UNI009,CMP021,QA Engineer,Job Portal,20231015,1,7.85,2,1,44.0
STU004354,UNI010,CMP019,Data Scientist,Job Portal,20231115,1,17.35,1,1,60.0
STU004355,UNI008,CMP058,Financial Analyst,Direct Application,20231115,1,20.41,5,1,70.0
STU004356,UNI005,CMP006,Backend Engineer,On-Campus,20231215,1,33.66,1,2,82.0
STU004357,UNI017,,,Job Portal,20240415,0,,1,0,
STU004358,UNI010,,,Recruitment Agency,20231115,0,,0,0,
STU004359,UNI019,CMP014,Design Engineer,Recruitment Agency,20230815,1,12.99,4,2,78.0
STU004360,UNI024,,,Recruitment Agency,20230915,0,,0,0,
STU004361,UNI020,,,Recruitment Agency,20231015,0,,2,0,
STU004362,UNI018,,,Job Portal,20240215,0,,0,0,
STU004363,UNI003,CMP020,QA Engineer,Direct Application,20231215,1,24.47,4,3,16.0
STU004364,UNI025,,,Referral,20240215,0,,1,0,
STU004365,UNI022,,,Recruitment Agency,20231115,0,,2,0,
STU004366,UNI002,,,On-Campus,20240115,0,,0,0,
STU004367,UNI026,,,Direct Application,20231115,0,,0,0,
STU004368,UNI022,CMP016,Financial Analyst,Job Portal,20230915,1,19.06,5,2,27.0
STU004369,UNI025,,,Job Portal,20231115,0,,1,0,
STU004370,UNI013,CMP035,Data Scientist,Referral,20240315,1,24.99,2,2,36.0
STU004371,UNI021,,,On-Campus,20231115,0,,2,0,
STU004372,UNI006,CMP042,QA Engineer,On-Campus,20231015,1,7.57,4,1,65.0
STU004373,UNI018,CMP059,Data Scientist,Referral,20240115,1,33.15,2,1,49.0
STU004374,UNI003,CMP069,Systems Engineer,On-Campus,20240215,1,15.13,1,1,64.0
STU004375,UNI015,CMP056,Design Engineer,Referral,20240415,1,32.5,5,2,84.0
STU004376,UNI004,,,Job Portal,20240415,0,,0,0,
STU004377,UNI009,,,Recruitment Agency,20231215,0,,0,0,
STU004378,UNI019,CMP034,Data Scientist,Referral,20240115,1,61.2,5,3,81.0
STU004379,UNI018,,,Job Portal,20230915,0,,1,0,
STU004380,UNI009,,,Recruitment Agency,20230915,0,,0,0,
STU004381,UNI006,CMP003,Consultant,Recruitment Agency,20231115,1,8.76,2,1,77.0
STU004382,UNI020,CMP074,Cloud Engineer,Job Portal,20240315,1,46.52,4,3,50.0
STU004383,UNI009,,,Recruitment Agency,20240315,0,,2,0,
STU004384,UNI013,CMP044,Data Scientist,Recruitment Agency,20240215,1,26.11,1,2,70.0
STU004385,UNI012,,,Direct Application,20230815,0,,1,0,
STU004386,UNI022,CMP023,ML Engineer,On-Campus,20231015,1,23.33,5,1,76.0
STU004387,UNI030,,,Referral,20240115,0,,1,0,
STU004388,UNI030,,,Job Portal,20240415,0,,0,0,
STU004389,UNI021,CMP035,QA Engineer,Referral,20240215,1,18.44,3,1,41.0
STU004390,UNI018,,,Referral,20231215,0,,0,0,
STU004391,UNI007,CMP001,Business Analyst,Referral,20230915,1,10.55,3,3,48.0
STU004392,UNI010,,,On-Campus,20231215,0,,0,0,
STU004393,UNI008,CMP018,Financial Analyst,Direct Application,20230915,1,21.6,4,2,22.0
STU004394,UNI017,CMP012,ML Engineer,Recruitment Agency,20231215,1,23.81,1,1,41.0
STU004395,UNI003,CMP028,Backend Engineer,Job Portal,20231215,1,42.5,4,1,78.0
STU004396,UNI021,,,On-Campus,20240415,0,,1,0,
STU004397,UNI026,CMP054,Business Analyst,On-Campus,20231115,1,38.49,3,1,33.0
STU004398,UNI030,CMP041,Backend Engineer,Direct Application,20231015,1,15.56,4,1,36.0
STU004399,UNI015,CMP066,Consultant,Referral,20240315,1,18.9,4,2,75.0
STU004400,UNI020,CMP078,Design Engineer,Recruitment Agency,20231015,1,9.52,5,2,17.0
STU004401,UNI004,CMP022,Backend Engineer,Referral,20230915,1,29.7,5,1,94.0
STU004402,UNI006,,,Direct Application,20231215,0,,1,0,
STU004403,UNI004,CMP069,ML Engineer,Referral,20240415,1,13.31,1,1,40.0
STU004404,UNI027,,,Recruitment Agency,20240315,0,,2,0,
STU004405,UNI029,,,Referral,20240115,0,,1,0,
STU004406,UNI014,CMP032,Consultant,Direct Application,20231115,1,27.8,3,1,81.0
STU004407,UNI015,CMP078,Data Scientist,On-Campus,20240215,1,20.62,5,1,31.0
STU004408,UNI003,CMP050,Data Analyst,Direct Application,20230915,1,12.64,4,2,55.0
STU004409,UNI008,CMP032,Business Analyst,Recruitment Agency,20230815,1,23.96,4,1,11.0
STU004410,UNI029,,,Direct Application,20240215,0,,2,0,
STU004411,UNI020,CMP058,Backend Engineer,Referral,20231115,1,49.85,2,2,44.0
STU004412,UNI007,CMP003,Financial Analyst,Direct Application,20231115,1,9.97,5,1,86.0
STU004413,UNI019,,,On-Campus,20230915,0,,0,0,
STU004414,UNI003,CMP034,Data Analyst,Recruitment Agency,20240415,1,55.43,2,2,46.0
STU004415,UNI022,CMP051,QA Engineer,Recruitment Agency,20240115,1,16.53,2,2,68.0
STU004416,UNI009,,,Recruitment Agency,20231015,0,,2,0,
STU004417,UNI021,CMP052,QA Engineer,Referral,20240115,1,22.23,5,1,74.0
STU004418,UNI029,,,Job Portal,20240115,0,,2,0,
STU004419,UNI009,,,Direct Application,20230915,0,,0,0,
STU004420,UNI030,CMP063,Backend Engineer,On-Campus,20240115,1,44.63,1,1,66.0
STU004421,UNI002,,,Job Portal,20230815,0,,1,0,
STU004422,UNI018,CMP022,Data Analyst,Referral,20230815,1,26.0,1,2,68.0
STU004423,UNI003,CMP035,Consultant,Job Portal,20240415,1,29.48,1,2,60.0
STU004424,UNI011,CMP048,QA Engineer,On-Campus,20240415,1,15.26,4,1,23.0
STU004425,UNI027,CMP035,Systems Engineer,On-Campus,20231015,1,14.98,4,2,67.0
STU004426,UNI021,CMP066,Data Scientist,On-Campus,20230815,1,14.92,5,1,40.0
STU004427,UNI002,CMP079,Consultant,Recruitment Agency,20240215,1,29.69,3,1,49.0
STU004428,UNI029,CMP036,Design Engineer,Referral,20230815,1,26.37,3,1,19.0
STU004429,UNI005,CMP014,Product Analyst,Recruitment Agency,20240215,1,9.7,4,2,32.0
STU004430,UNI010,CMP007,Data Analyst,Job Portal,20231215,1,14.7,5,1,66.0
STU004431,UNI020,CMP063,Operations Associate,Referral,20230815,1,34.91,2,1,90.0
STU004432,UNI003,CMP071,Operations Associate,On-Campus,20230815,1,36.37,2,1,39.0
STU004433,UNI012,,,Referral,20240315,0,,1,0,
STU004434,UNI021,CMP054,Software Engineer,Job Portal,20240415,1,21.55,1,1,67.0
STU004435,UNI012,CMP075,Backend Engineer,Direct Application,20231215,1,22.56,3,1,87.0
STU004436,UNI011,CMP027,QA Engineer,Recruitment Agency,20240115,1,17.24,5,2,69.0
STU004437,UNI018,CMP080,Backend Engineer,On-Campus,20231015,1,11.44,1,1,44.0
STU004438,UNI022,CMP029,Operations Associate,Direct Application,20231015,1,6.7,5,1,59.0
STU004439,UNI012,CMP005,ML Engineer,Direct Application,20230815,1,20.37,5,1,70.0
STU004440,UNI017,CMP048,Backend Engineer,Job Portal,20230815,1,30.04,1,2,44.0
STU004441,UNI013,CMP019,Frontend Engineer,Recruitment Agency,20240415,1,17.66,4,2,45.0
STU004442,UNI010,,,Recruitment Agency,20231215,0,,1,0,
STU004443,UNI015,,,On-Campus,20230915,0,,2,0,
STU004444,UNI001,CMP050,Cloud Engineer,Referral,20231215,1,13.71,2,1,7.0
STU004445,UNI021,CMP011,Business Analyst,On-Campus,20230815,1,9.17,1,2,93.0
STU004446,UNI007,CMP063,Backend Engineer,Job Portal,20240415,1,18.97,2,2,80.0
STU004447,UNI021,CMP027,ML Engineer,Direct Application,20240415,1,40.51,3,1,86.0
STU004448,UNI024,CMP013,Business Analyst,Direct Application,20240115,1,26.78,3,2,35.0
STU004449,UNI025,CMP075,Cloud Engineer,Direct Application,20240215,1,27.55,2,1,16.0
STU004450,UNI001,CMP041,Operations Associate,On-Campus,20231215,1,5.18,2,2,39.0
STU004451,UNI021,,,Direct Application,20240415,0,,2,0,
STU004452,UNI025,,,Job Portal,20230915,0,,0,0,
STU004453,UNI016,,,On-Campus,20231215,0,,2,0,
STU004454,UNI015,CMP056,Data Analyst,Recruitment Agency,20230915,1,39.18,1,2,9.0
STU004455,UNI016,,,Direct Application,20231215,0,,2,0,
STU004456,UNI010,CMP056,Financial Analyst,Job Portal,20231215,1,25.73,4,1,9.0
STU004457,UNI025,,,On-Campus,20240315,0,,1,0,
STU004458,UNI024,CMP057,Systems Engineer,Job Portal,20240315,1,22.53,4,2,14.0
STU004459,UNI002,,,Direct Application,20240315,0,,0,0,
STU004460,UNI025,,,On-Campus,20230915,0,,0,0,
STU004461,UNI015,,,On-Campus,20240215,0,,0,0,
STU004462,UNI001,,,Job Portal,20240415,0,,1,0,
STU004463,UNI017,CMP043,QA Engineer,On-Campus,20230815,1,23.45,5,1,84.0
STU004464,UNI027,,,Job Portal,20231215,0,,1,0,
STU004465,UNI004,,,Job Portal,20231215,0,,2,0,
STU004466,UNI011,CMP005,QA Engineer,Job Portal,20240115,1,15.61,5,1,10.0
STU004467,UNI029,CMP067,Operations Associate,Direct Application,20231015,1,20.97,1,1,69.0
STU004468,UNI028,CMP039,Design Engineer,Direct Application,20240215,1,7.66,3,1,13.0
STU004469,UNI019,,,Referral,20231215,0,,2,0,
STU004470,UNI029,,,Direct Application,20231015,0,,1,0,
STU004471,UNI014,,,Direct Application,20231015,0,,2,0,
STU004472,UNI012,CMP017,Consultant,Recruitment Agency,20231215,1,17.0,3,1,18.0
STU004473,UNI006,,,Referral,20240315,0,,2,0,
STU004474,UNI027,,,Referral,20231115,0,,1,0,
STU004475,UNI022,CMP052,Backend Engineer,On-Campus,20230915,1,18.38,2,1,61.0
STU004476,UNI021,CMP031,Financial Analyst,On-Campus,20231115,1,11.22,3,1,44.0
STU004477,UNI027,,,Referral,20231015,0,,1,0,
STU004478,UNI008,,,Job Portal,20240215,0,,0,0,
STU004479,UNI001,,,Recruitment Agency,20240115,0,,1,0,
STU004480,UNI029,CMP013,Frontend Engineer,Direct Application,20231215,1,35.17,3,1,90.0
STU004481,UNI016,,,Job Portal,20230915,0,,0,0,
STU004482,UNI012,,,Recruitment Agency,20240215,0,,1,0,
STU004483,UNI024,CMP065,Operations Associate,On-Campus,20230815,1,9.98,1,2,86.0
STU004484,UNI027,CMP017,Business Analyst,Referral,20240315,1,16.77,4,1,20.0
STU004485,UNI018,,,Direct Application,20240215,0,,1,0,
STU004486,UNI013,,,Direct Application,20231115,0,,0,0,
STU004487,UNI024,CMP074,Data Analyst,Job Portal,20230815,1,18.65,4,1,62.0
STU004488,UNI015,CMP078,Business Analyst,On-Campus,20240215,1,11.85,4,2,56.0
STU004489,UNI001,CMP079,Consultant,Job Portal,20230815,1,22.14,5,2,84.0
STU004490,UNI023,CMP001,Operations Associate,On-Campus,20231015,1,6.53,3,1,13.0
STU004491,UNI027,,,Direct Application,20231115,0,,2,0,
STU004492,UNI014,,,Direct Application,20240215,0,,2,0,
STU004493,UNI028,,,On-Campus,20231015,0,,2,0,
STU004494,UNI030,,,Recruitment Agency,20230815,0,,1,0,
STU004495,UNI019,CMP001,Business Analyst,Direct Application,20230915,1,9.84,4,1,74.0
STU004496,UNI005,CMP020,ML Engineer,Job Portal,20231115,1,36.81,5,1,55.0
STU004497,UNI018,CMP027,Business Analyst,Direct Application,20231215,1,32.16,5,1,24.0
STU004498,UNI025,,,Job Portal,20231015,0,,2,0,
STU004499,UNI016,,,Direct Application,20240215,0,,0,0,
STU004500,UNI021,CMP060,Cloud Engineer,Direct Application,20231015,1,16.36,4,2,12.0
STU004501,UNI001,,,Recruitment Agency,20230815,0,,2,0,
STU004502,UNI028,CMP012,Design Engineer,Referral,20231215,1,18.12,4,1,45.0
STU004503,UNI002,,,Direct Application,20240415,0,,1,0,
STU004504,UNI030,CMP002,Operations Associate,Job Portal,20240315,1,7.73,2,2,67.0
STU004505,UNI006,,,Direct Application,20240315,0,,1,0,
STU004506,UNI025,CMP062,Data Analyst,Job Portal,20231015,1,6.07,4,1,61.0
STU004507,UNI014,CMP013,QA Engineer,Recruitment Agency,20240315,1,15.33,1,1,63.0
STU004508,UNI010,CMP065,Design Engineer,Direct Application,20230915,1,6.33,1,1,19.0
STU004509,UNI011,CMP052,Cloud Engineer,Job Portal,20240315,1,22.33,1,1,51.0
STU004510,UNI004,,,On-Campus,20231115,0,,1,0,
STU004511,UNI021,,,Direct Application,20231215,0,,0,0,
STU004512,UNI016,,,Job Portal,20240315,0,,1,0,
STU004513,UNI029,CMP009,Software Engineer,Job Portal,20230915,1,25.58,4,1,39.0
STU004514,UNI015,CMP037,Data Analyst,Direct Application,20231115,1,12.37,4,3,43.0
STU004515,UNI020,CMP008,Software Engineer,Recruitment Agency,20240315,1,41.97,1,3,59.0
STU004516,UNI012,CMP027,Consultant,On-Campus,20240415,1,19.56,4,1,80.0
STU004517,UNI022,,,Recruitment Agency,20231115,0,,1,0,
STU004518,UNI009,CMP059,Data Scientist,On-Campus,20240415,1,28.43,1,1,24.0
STU004519,UNI024,,,On-Campus,20231215,0,,1,0,
STU004520,UNI029,CMP058,Backend Engineer,Job Portal,20240415,1,25.39,5,1,60.0
STU004521,UNI004,CMP047,Operations Associate,Job Portal,20230815,1,16.14,2,2,47.0
STU004522,UNI004,CMP078,Operations Associate,Job Portal,20230815,1,5.74,5,2,22.0
STU004523,UNI006,CMP010,Operations Associate,Job Portal,20240315,1,8.97,1,1,64.0
STU004524,UNI023,CMP072,Software Engineer,Job Portal,20240315,1,9.29,3,2,80.0
STU004525,UNI016,CMP032,Design Engineer,Direct Application,20240315,1,18.18,1,1,68.0
STU004526,UNI019,CMP037,Data Scientist,Direct Application,20230915,1,18.5,1,2,69.0
STU004527,UNI006,CMP018,Data Analyst,Direct Application,20240115,1,21.6,3,1,61.0
STU004528,UNI030,CMP039,Backend Engineer,Referral,20230915,1,32.56,2,1,83.0
STU004529,UNI015,CMP027,Backend Engineer,Referral,20230915,1,65.0,2,1,22.0
STU004530,UNI018,CMP028,Backend Engineer,Recruitment Agency,20240315,1,32.64,5,1,75.0
STU004531,UNI014,CMP063,Data Scientist,Job Portal,20231015,1,30.71,4,1,78.0
STU004532,UNI006,CMP040,Systems Engineer,Direct Application,20231115,1,15.63,4,1,54.0
STU004533,UNI025,CMP029,Software Engineer,Job Portal,20240115,1,7.69,3,1,79.0
STU004534,UNI026,,,Job Portal,20230915,0,,2,0,
STU004535,UNI006,CMP024,Cloud Engineer,Referral,20240115,1,27.74,1,1,8.0
STU004536,UNI026,CMP066,Business Analyst,Recruitment Agency,20231115,1,24.52,3,1,21.0
STU004537,UNI006,,,Job Portal,20230915,0,,2,0,
STU004538,UNI024,CMP019,Design Engineer,Referral,20240315,1,28.58,3,3,79.0
STU004539,UNI029,CMP054,Business Analyst,Direct Application,20230815,1,21.87,5,1,44.0
STU004540,UNI030,,,Job Portal,20230815,0,,2,0,
STU004541,UNI027,CMP070,Data Analyst,On-Campus,20240315,1,18.25,3,1,88.0
STU004542,UNI014,CMP051,Product Analyst,Recruitment Agency,20231215,1,25.43,4,1,93.0
STU004543,UNI013,,,Direct Application,20230815,0,,0,0,
STU004544,UNI020,CMP022,Cloud Engineer,Job Portal,20230815,1,46.81,1,2,57.0
STU004545,UNI030,CMP029,Operations Associate,On-Campus,20240415,1,14.18,2,1,47.0
STU004546,UNI001,,,On-Campus,20240115,0,,0,0,
STU004547,UNI020,CMP051,Financial Analyst,Direct Application,20231115,1,42.39,3,2,82.0
STU004548,UNI002,CMP010,ML Engineer,Direct Application,20240115,1,10.17,1,1,83.0
STU004549,UNI023,CMP041,Cloud Engineer,Recruitment Agency,20231015,1,8.22,1,1,62.0
STU004550,UNI024,CMP046,Systems Engineer,Direct Application,20240215,1,14.2,5,1,66.0
STU004551,UNI003,CMP077,Product Analyst,Recruitment Agency,20231215,1,42.61,3,2,32.0
STU004552,UNI029,CMP040,Systems Engineer,On-Campus,20231015,1,21.28,4,1,93.0
STU004553,UNI028,,,Referral,20240215,0,,1,0,
STU004554,UNI022,CMP068,Frontend Engineer,On-Campus,20240415,1,18.74,2,2,45.0
STU004555,UNI018,,,Referral,20240415,0,,1,0,
STU004556,UNI009,CMP039,Business Analyst,Job Portal,20231115,1,13.58,4,1,70.0
STU004557,UNI029,CMP061,Data Scientist,Recruitment Agency,20231015,1,13.01,4,1,68.0
STU004558,UNI009,CMP016,QA Engineer,Referral,20240115,1,22.73,4,1,86.0
STU004559,UNI028,,,Direct Application,20240215,0,,0,0,
STU004560,UNI026,CMP047,Product Analyst,Job Portal,20231015,1,40.68,2,1,66.0
STU004561,UNI023,,,Job Portal,20240415,0,,0,0,
STU004562,UNI023,,,Direct Application,20231115,0,,1,0,
STU004563,UNI012,CMP042,Product Analyst,Referral,20230815,1,12.51,5,2,29.0
STU004564,UNI008,CMP035,Operations Associate,Recruitment Agency,20231115,1,19.08,1,1,43.0
STU004565,UNI025,CMP035,Operations Associate,Job Portal,20231015,1,18.52,3,1,71.0
STU004566,UNI001,,,Direct Application,20240215,0,,1,0,
STU004567,UNI003,,,On-Campus,20240215,0,,1,0,
STU004568,UNI010,,,Job Portal,20231115,0,,0,0,
STU004569,UNI018,CMP077,Business Analyst,Recruitment Agency,20231015,1,24.88,2,1,13.0
STU004570,UNI006,CMP004,Business Analyst,On-Campus,20231215,1,10.1,4,1,25.0
STU004571,UNI007,,,Job Portal,20240315,0,,2,0,
STU004572,UNI026,CMP060,Financial Analyst,Referral,20240215,1,24.38,3,1,90.0
STU004573,UNI014,CMP001,Cloud Engineer,Job Portal,20240415,1,10.71,4,2,8.0
STU004574,UNI003,CMP042,Operations Associate,Direct Application,20231015,1,10.85,4,3,23.0
STU004575,UNI008,,,Direct Application,20231115,0,,2,0,
STU004576,UNI013,CMP013,ML Engineer,Job Portal,20240215,1,22.65,3,1,38.0
STU004577,UNI002,CMP068,Software Engineer,On-Campus,20240215,1,20.84,1,1,86.0
STU004578,UNI002,CMP018,Design Engineer,On-Campus,20231215,1,15.63,5,1,7.0
STU004579,UNI009,,,Direct Application,20231215,0,,1,0,
STU004580,UNI009,,,Recruitment Agency,20240115,0,,1,0,
STU004581,UNI030,CMP052,Consultant,Job Portal,20231115,1,35.46,5,1,68.0
STU004582,UNI007,CMP011,Product Analyst,On-Campus,20231015,1,8.2,2,1,43.0
STU004583,UNI021,,,On-Campus,20240115,0,,2,0,
STU004584,UNI009,CMP073,Systems Engineer,Job Portal,20231015,1,20.3,2,1,19.0
STU004585,UNI006,CMP055,Systems Engineer,Job Portal,20240115,1,22.56,3,1,76.0
STU004586,UNI020,CMP041,Software Engineer,Recruitment Agency,20240315,1,15.52,3,1,24.0
STU004587,UNI011,,,Job Portal,20240415,0,,1,0,
STU004588,UNI007,CMP025,Operations Associate,Job Portal,20230815,1,18.64,3,2,64.0
STU004589,UNI005,,,Job Portal,20231115,0,,2,0,
STU004590,UNI002,CMP024,Design Engineer,Direct Application,20230915,1,14.92,2,1,47.0
STU004591,UNI014,CMP026,Business Analyst,Job Portal,20231215,1,14.33,2,2,46.0
STU004592,UNI011,CMP001,Product Analyst,Direct Application,20230915,1,9.76,3,1,80.0
STU004593,UNI014,,,Recruitment Agency,20240415,0,,2,0,
STU004594,UNI022,CMP057,Data Analyst,Recruitment Agency,20230915,1,23.15,5,3,22.0
STU004595,UNI004,,,On-Campus,20231115,0,,2,0,
STU004596,UNI025,CMP041,Financial Analyst,Direct Application,20240115,1,10.77,4,1,65.0
STU004597,UNI020,CMP055,Frontend Engineer,Job Portal,20240115,1,48.61,2,3,42.0
STU004598,UNI023,,,Job Portal,20240415,0,,2,0,
STU004599,UNI006,CMP039,Financial Analyst,Recruitment Agency,20231015,1,11.97,1,1,23.0
STU004600,UNI006,CMP001,Operations Associate,Job Portal,20240415,1,7.34,2,1,62.0
STU004601,UNI017,CMP016,Design Engineer,Referral,20240415,1,25.64,3,1,41.0
STU004602,UNI009,CMP003,Operations Associate,Referral,20230915,1,7.99,4,1,76.0
STU004603,UNI021,CMP058,Frontend Engineer,Recruitment Agency,20240315,1,16.62,1,1,20.0
STU004604,UNI017,,,Recruitment Agency,20231115,0,,0,0,
STU004605,UNI001,CMP044,Product Analyst,Direct Application,20240415,1,21.89,4,2,19.0
STU004606,UNI016,,,Job Portal,20231015,0,,2,0,
STU004607,UNI013,,,Recruitment Agency,20240315,0,,0,0,
STU004608,UNI027,CMP053,Consultant,Referral,20230815,1,12.41,1,1,60.0
STU004609,UNI010,CMP061,Product Analyst,Referral,20240115,1,10.84,1,1,21.0
STU004610,UNI006,CMP054,Design Engineer,On-Campus,20240415,1,18.83,1,1,87.0
STU004611,UNI014,CMP071,Operations Associate,On-Campus,20230915,1,13.1,1,1,85.0
STU004612,UNI027,,,Referral,20240115,0,,0,0,
STU004613,UNI030,CMP074,QA Engineer,Direct Application,20230815,1,37.42,3,1,39.0
STU004614,UNI021,CMP058,Product Analyst,Referral,20240215,1,26.21,2,2,32.0
STU004615,UNI003,CMP058,Backend Engineer,On-Campus,20231215,1,38.91,3,2,33.0
STU004616,UNI027,CMP002,Business Analyst,On-Campus,20230915,1,7.5,1,1,8.0
STU004617,UNI018,,,Job Portal,20231215,0,,1,0,
STU004618,UNI006,,,On-Campus,20231115,0,,1,0,
STU004619,UNI021,CMP011,Backend Engineer,Direct Application,20240215,1,7.52,4,1,87.0
STU004620,UNI026,CMP054,Product Analyst,Referral,20240215,1,48.72,4,3,73.0
STU004621,UNI011,CMP071,Systems Engineer,On-Campus,20240215,1,15.3,1,1,48.0
STU004622,UNI025,CMP069,Financial Analyst,Job Portal,20240115,1,8.6,3,1,55.0
STU004623,UNI003,CMP052,Business Analyst,Recruitment Agency,20231215,1,28.79,3,2,42.0
STU004624,UNI011,,,Direct Application,20231015,0,,2,0,
STU004625,UNI003,CMP066,QA Engineer,Direct Application,20231215,1,13.28,5,2,81.0
STU004626,UNI006,,,Recruitment Agency,20231115,0,,0,0,
STU004627,UNI021,CMP025,Product Analyst,Referral,20240115,1,24.77,4,1,67.0
STU004628,UNI021,CMP057,Financial Analyst,Referral,20231115,1,40.58,2,1,38.0
STU004629,UNI001,,,Recruitment Agency,20230815,0,,0,0,
STU004630,UNI011,,,On-Campus,20231015,0,,0,0,
STU004631,UNI008,,,Recruitment Agency,20230915,0,,0,0,
STU004632,UNI008,CMP043,Operations Associate,On-Campus,20230915,1,18.11,1,1,75.0
STU004633,UNI015,CMP038,QA Engineer,Direct Application,20231215,1,12.66,4,2,59.0
STU004634,UNI008,CMP001,Systems Engineer,On-Campus,20231215,1,7.34,4,1,93.0
STU004635,UNI001,CMP039,Backend Engineer,Referral,20240315,1,8.97,4,1,78.0
STU004636,UNI002,CMP043,Backend Engineer,On-Campus,20240415,1,15.3,5,1,28.0
STU004637,UNI015,,,On-Campus,20231215,0,,1,0,
STU004638,UNI016,CMP060,Frontend Engineer,On-Campus,20230915,1,11.89,2,2,70.0
STU004639,UNI009,CMP067,Data Analyst,Direct Application,20231115,1,22.79,3,1,84.0
STU004640,UNI001,,,Recruitment Agency,20240115,0,,0,0,
STU004641,UNI016,CMP006,Software Engineer,Job Portal,20240115,1,25.7,1,2,11.0
STU004642,UNI016,CMP069,Systems Engineer,Job Portal,20240215,1,9.44,2,2,26.0
STU004643,UNI017,CMP022,Frontend Engineer,Direct Application,20240415,1,23.8,2,2,26.0
STU004644,UNI018,,,Job Portal,20230815,0,,2,0,
STU004645,UNI030,CMP080,Financial Analyst,Direct Application,20240115,1,16.04,2,3,24.0
STU004646,UNI029,CMP028,Business Analyst,Referral,20240115,1,32.44,4,1,59.0
STU004647,UNI004,,,Direct Application,20231015,0,,2,0,
STU004648,UNI027,CMP014,Data Analyst,Referral,20240215,1,8.52,4,2,76.0
STU004649,UNI006,CMP035,Operations Associate,Referral,20231115,1,26.25,3,2,36.0
STU004650,UNI002,CMP075,Data Scientist,Job Portal,20240315,1,23.1,4,1,47.0
STU004651,UNI016,CMP069,Operations Associate,On-Campus,20240215,1,7.81,4,3,25.0
STU004652,UNI022,,,Direct Application,20231215,0,,2,0,
STU004653,UNI015,CMP049,Data Scientist,Direct Application,20231215,1,45.12,3,2,19.0
STU004654,UNI027,CMP037,Business Analyst,Referral,20231115,1,6.17,4,1,42.0
STU004655,UNI004,,,Direct Application,20230815,0,,2,0,
STU004656,UNI012,CMP056,Business Analyst,Recruitment Agency,20240215,1,18.13,5,2,23.0
STU004657,UNI015,,,Job Portal,20240115,0,,2,0,
STU004658,UNI013,,,Job Portal,20240415,0,,1,0,
STU004659,UNI015,CMP017,ML Engineer,On-Campus,20231015,1,38.26,5,2,18.0
STU004660,UNI007,,,Job Portal,20231215,0,,0,0,
STU004661,UNI012,,,On-Campus,20230815,0,,1,0,
STU004662,UNI005,CMP039,Financial Analyst,Job Portal,20240315,1,18.64,2,1,45.0
STU004663,UNI003,,,Job Portal,20231215,0,,0,0,
STU004664,UNI009,CMP058,Data Analyst,Recruitment Agency,20231215,1,21.42,3,1,64.0
STU004665,UNI009,CMP024,Consultant,Recruitment Agency,20240115,1,20.97,5,1,17.0
STU004666,UNI004,CMP057,Software Engineer,Referral,20240415,1,28.23,2,1,51.0
STU004667,UNI012,,,Job Portal,20240315,0,,0,0,
STU004668,UNI012,CMP059,Cloud Engineer,Job Portal,20231015,1,17.73,5,1,24.0
STU004669,UNI027,CMP056,ML Engineer,Direct Application,20240415,1,30.02,3,1,67.0
STU004670,UNI020,CMP048,Financial Analyst,Direct Application,20240115,1,39.95,4,2,19.0
STU004671,UNI009,,,Job Portal,20240215,0,,1,0,
STU004672,UNI011,,,Direct Application,20240415,0,,2,0,
STU004673,UNI028,CMP009,Frontend Engineer,Referral,20240415,1,22.26,2,1,8.0
STU004674,UNI003,CMP071,Business Analyst,Recruitment Agency,20230915,1,33.86,1,2,46.0
STU004675,UNI011,,,Job Portal,20230815,0,,1,0,
STU004676,UNI030,CMP045,Systems Engineer,On-Campus,20231115,1,29.16,5,1,12.0
STU004677,UNI016,,,Job Portal,20240215,0,,0,0,
STU004678,UNI022,,,Referral,20240215,0,,0,0,
STU004679,UNI019,CMP076,Data Scientist,On-Campus,20231215,1,14.92,1,2,46.0
STU004680,UNI009,,,On-Campus,20230815,0,,0,0,
STU004681,UNI005,CMP020,Cloud Engineer,Job Portal,20240315,1,42.45,2,4,29.0
STU004682,UNI024,CMP071,ML Engineer,Recruitment Agency,20231015,1,24.26,3,1,32.0
STU004683,UNI016,,,Recruitment Agency,20231115,0,,1,0,
STU004684,UNI010,CMP036,Business Analyst,Job Portal,20231215,1,15.82,1,1,66.0
STU004685,UNI018,CMP005,Design Engineer,Referral,20230815,1,26.19,4,2,58.0
STU004686,UNI019,,,On-Campus,20240315,0,,2,0,
STU004687,UNI013,CMP026,Backend Engineer,On-Campus,20240215,1,16.25,3,2,78.0
STU004688,UNI004,CMP040,Backend Engineer,Direct Application,20230915,1,18.53,2,1,49.0
STU004689,UNI010,,,Recruitment Agency,20231215,0,,0,0,
STU004690,UNI028,CMP027,Business Analyst,Job Portal,20240315,1,16.54,2,2,90.0
STU004691,UNI005,CMP060,Financial Analyst,Referral,20240415,1,19.18,3,1,51.0
STU004692,UNI017,,,Referral,20240315,0,,0,0,
STU004693,UNI020,CMP067,Systems Engineer,Referral,20240115,1,35.34,4,1,20.0
STU004694,UNI013,CMP049,Business Analyst,Direct Application,20231015,1,24.33,4,1,68.0
STU004695,UNI006,,,Recruitment Agency,20230915,0,,1,0,
STU004696,UNI019,,,Recruitment Agency,20240315,0,,1,0,
STU004697,UNI025,CMP077,QA Engineer,Direct Application,20230915,1,25.17,5,2,54.0
STU004698,UNI024,,,Job Portal,20231015,0,,2,0,
STU004699,UNI025,,,Job Portal,20231015,0,,0,0,
STU004700,UNI012,CMP034,Design Engineer,Job Portal,20231115,1,19.59,1,1,33.0
STU004701,UNI015,CMP039,Frontend Engineer,On-Campus,20230815,1,13.0,1,1,32.0
STU004702,UNI015,CMP012,Frontend Engineer,On-Campus,20240315,1,29.16,3,2,56.0
STU004703,UNI003,CMP029,Cloud Engineer,On-Campus,20231115,1,21.13,1,1,21.0
STU004704,UNI026,CMP071,ML Engineer,Direct Application,20230815,1,54.89,4,1,10.0
STU004705,UNI002,,,Direct Application,20240415,0,,2,0,
STU004706,UNI021,,,Job Portal,20231215,0,,0,0,
STU004707,UNI020,CMP066,Systems Engineer,On-Campus,20240115,1,14.39,2,1,80.0
STU004708,UNI013,CMP073,Product Analyst,On-Campus,20231215,1,23.24,2,1,7.0
STU004709,UNI009,CMP079,Financial Analyst,Job Portal,20240415,1,27.71,5,1,51.0
STU004710,UNI022,CMP077,Consultant,On-Campus,20240315,1,18.98,4,1,75.0
STU004711,UNI001,,,On-Campus,20240215,0,,2,0,
STU004712,UNI015,,,Direct Application,20240315,0,,2,0,
STU004713,UNI019,,,Recruitment Agency,20230915,0,,0,0,
STU004714,UNI015,,,Referral,20240215,0,,1,0,
STU004715,UNI029,CMP051,QA Engineer,Recruitment Agency,20230915,1,23.45,3,1,39.0
STU004716,UNI021,CMP050,Financial Analyst,Referral,20230915,1,11.64,2,1,28.0
STU004717,UNI010,CMP036,Financial Analyst,Referral,20231115,1,26.87,4,1,57.0
STU004718,UNI004,CMP078,Systems Engineer,Direct Application,20231215,1,7.96,2,1,37.0
STU004719,UNI008,CMP049,ML Engineer,Direct Application,20231215,1,24.39,2,1,51.0
STU004720,UNI018,,,Referral,20240115,0,,2,0,
STU004721,UNI020,,,On-Campus,20231215,0,,1,0,
STU004722,UNI020,,,Recruitment Agency,20231015,0,,1,0,
STU004723,UNI018,CMP018,Software Engineer,Direct Application,20240115,1,21.91,5,1,87.0
STU004724,UNI019,CMP044,Business Analyst,Job Portal,20231015,1,23.96,2,2,74.0
STU004725,UNI002,CMP040,Data Analyst,Direct Application,20240415,1,22.56,3,1,79.0
STU004726,UNI006,,,Recruitment Agency,20231015,0,,2,0,
STU004727,UNI001,CMP010,Software Engineer,On-Campus,20240315,1,6.35,3,1,27.0
STU004728,UNI001,CMP007,Frontend Engineer,Job Portal,20231015,1,20.11,5,1,50.0
STU004729,UNI027,,,Recruitment Agency,20240315,0,,2,0,
STU004730,UNI029,CMP045,Operations Associate,Direct Application,20240115,1,22.19,4,2,49.0
STU004731,UNI014,CMP037,Product Analyst,Recruitment Agency,20240315,1,14.92,3,1,35.0
STU004732,UNI025,,,Direct Application,20230815,0,,1,0,
STU004733,UNI025,,,Referral,20231215,0,,0,0,
STU004734,UNI006,CMP009,Software Engineer,On-Campus,20231015,1,27.47,1,1,50.0
STU004735,UNI008,CMP036,Product Analyst,Job Portal,20231115,1,22.62,1,2,43.0
STU004736,UNI003,CMP060,QA Engineer,Recruitment Agency,20231215,1,12.09,2,1,90.0
STU004737,UNI026,,,Direct Application,20240115,0,,0,0,
STU004738,UNI002,,,Recruitment Agency,20231015,0,,1,0,
STU004739,UNI011,CMP030,ML Engineer,On-Campus,20230815,1,15.16,2,1,35.0
STU004740,UNI017,CMP062,Product Analyst,Recruitment Agency,20240415,1,12.02,2,2,39.0
STU004741,UNI024,CMP074,Cloud Engineer,Recruitment Agency,20240415,1,29.69,2,1,49.0
STU004742,UNI018,,,Direct Application,20230915,0,,1,0,
STU004743,UNI014,CMP010,QA Engineer,On-Campus,20231115,1,6.46,2,1,48.0
STU004744,UNI026,CMP056,Financial Analyst,On-Campus,20230915,1,48.21,3,2,74.0
STU004745,UNI009,,,Direct Application,20230815,0,,0,0,
STU004746,UNI021,,,On-Campus,20231115,0,,1,0,
STU004747,UNI003,,,Recruitment Agency,20240415,0,,2,0,
STU004748,UNI003,CMP035,Frontend Engineer,On-Campus,20240315,1,42.33,5,2,41.0
STU004749,UNI003,CMP080,Software Engineer,Referral,20231015,1,22.42,1,1,89.0
STU004750,UNI010,CMP036,Cloud Engineer,Referral,20240415,1,30.69,5,1,82.0
STU004751,UNI025,CMP066,Cloud Engineer,Direct Application,20240115,1,14.45,4,1,32.0
STU004752,UNI004,,,On-Campus,20231215,0,,0,0,
STU004753,UNI028,CMP009,ML Engineer,Referral,20231215,1,27.24,5,1,54.0
STU004754,UNI010,,,Job Portal,20230915,0,,1,0,
STU004755,UNI011,,,Referral,20230815,0,,1,0,
STU004756,UNI018,CMP075,Product Analyst,On-Campus,20231015,1,25.24,4,1,28.0
STU004757,UNI008,CMP034,Software Engineer,Referral,20240215,1,32.61,3,2,11.0
STU004758,UNI002,CMP080,Data Analyst,Recruitment Agency,20240215,1,13.82,4,1,37.0
STU004759,UNI027,CMP017,Consultant,On-Campus,20240215,1,20.42,4,1,38.0
STU004760,UNI001,,,Referral,20240315,0,,1,0,
STU004761,UNI011,CMP038,Financial Analyst,Referral,20240115,1,8.35,5,2,21.0
STU004762,UNI005,CMP076,Backend Engineer,Referral,20231215,1,14.99,1,1,13.0
STU004763,UNI003,CMP057,Business Analyst,Referral,20231215,1,46.31,2,1,64.0
STU004764,UNI021,CMP074,Frontend Engineer,Job Portal,20240115,1,25.32,3,1,21.0
STU004765,UNI008,CMP051,QA Engineer,Referral,20240215,1,22.98,5,1,14.0
STU004766,UNI026,CMP021,ML Engineer,On-Campus,20240115,1,21.67,4,1,37.0
STU004767,UNI008,,,Direct Application,20231015,0,,0,0,
STU004768,UNI017,CMP036,Data Scientist,Referral,20240115,1,33.86,2,1,27.0
STU004769,UNI013,CMP032,Backend Engineer,Recruitment Agency,20240315,1,26.73,1,1,29.0
STU004770,UNI022,CMP071,Cloud Engineer,Recruitment Agency,20230815,1,32.91,4,1,39.0
STU004771,UNI011,,,Direct Application,20231215,0,,2,0,
STU004772,UNI030,CMP020,Consultant,Recruitment Agency,20240315,1,57.47,1,3,86.0
STU004773,UNI007,,,Direct Application,20240215,0,,2,0,
STU004774,UNI003,CMP065,Data Analyst,On-Campus,20240415,1,16.19,2,2,7.0
STU004775,UNI014,CMP071,Systems Engineer,Job Portal,20240215,1,17.27,5,1,73.0
STU004776,UNI028,,,Referral,20240315,0,,1,0,
STU004777,UNI026,,,On-Campus,20230915,0,,1,0,
STU004778,UNI016,CMP006,Financial Analyst,Referral,20230815,1,26.57,4,1,30.0
STU004779,UNI018,CMP040,Operations Associate,Recruitment Agency,20230815,1,21.88,1,1,91.0
STU004780,UNI013,,,On-Campus,20240415,0,,2,0,
STU004781,UNI016,,,Job Portal,20240315,0,,0,0,
STU004782,UNI013,CMP080,Consultant,Referral,20230915,1,14.43,5,1,26.0
STU004783,UNI020,,,Recruitment Agency,20231115,0,,2,0,
STU004784,UNI027,,,Recruitment Agency,20230915,0,,1,0,
STU004785,UNI026,,,Referral,20230915,0,,2,0,
STU004786,UNI022,CMP021,QA Engineer,Job Portal,20230815,1,7.39,3,1,64.0
STU004787,UNI005,CMP030,Operations Associate,On-Campus,20240215,1,25.75,2,1,94.0
STU004788,UNI006,CMP040,Operations Associate,Direct Application,20240315,1,15.31,4,2,88.0
STU004789,UNI002,CMP076,Cloud Engineer,On-Campus,20240415,1,8.18,3,2,39.0
STU004790,UNI024,CMP046,Cloud Engineer,Direct Application,20240215,1,31.56,4,1,27.0
STU004791,UNI016,,,Job Portal,20240115,0,,0,0,
STU004792,UNI013,CMP050,Frontend Engineer,On-Campus,20230915,1,6.93,5,1,26.0
STU004793,UNI025,,,Referral,20240315,0,,0,0,
STU004794,UNI018,,,Recruitment Agency,20231215,0,,0,0,
STU004795,UNI006,,,On-Campus,20230915,0,,1,0,
STU004796,UNI011,CMP033,Frontend Engineer,Direct Application,20230815,1,19.74,3,2,8.0
STU004797,UNI010,,,Direct Application,20240115,0,,1,0,
STU004798,UNI021,,,Referral,20240315,0,,0,0,
STU004799,UNI015,CMP012,Software Engineer,Direct Application,20240415,1,33.84,3,2,24.0
STU004800,UNI030,,,Recruitment Agency,20240215,0,,0,0,
STU004801,UNI027,,,Job Portal,20240215,0,,0,0,
STU004802,UNI002,,,On-Campus,20240215,0,,2,0,
STU004803,UNI020,CMP040,Product Analyst,Job Portal,20230815,1,35.84,3,1,55.0
STU004804,UNI024,CMP077,Business Analyst,Job Portal,20240115,1,23.02,4,1,41.0
STU004805,UNI030,,,Job Portal,20231115,0,,1,0,
STU004806,UNI013,CMP012,Business Analyst,Job Portal,20240315,1,15.58,3,1,41.0
STU004807,UNI020,CMP053,Frontend Engineer,Referral,20230915,1,18.07,5,4,16.0
STU004808,UNI004,,,Job Portal,20240215,0,,1,0,
STU004809,UNI018,,,Direct Application,20231115,0,,0,0,
STU004810,UNI009,CMP053,Backend Engineer,Recruitment Agency,20230815,1,9.25,1,1,64.0
STU004811,UNI020,,,Direct Application,20240315,0,,2,0,
STU004812,UNI014,CMP002,Data Scientist,Job Portal,20240415,1,13.88,5,1,91.0
STU004813,UNI017,CMP018,Consultant,Recruitment Agency,20240415,1,23.15,5,1,8.0
STU004814,UNI005,CMP071,Backend Engineer,Direct Application,20240415,1,39.68,1,3,79.0
STU004815,UNI028,CMP028,Frontend Engineer,On-Campus,20230815,1,12.22,5,1,52.0
STU004816,UNI005,,,Direct Application,20240215,0,,1,0,
STU004817,UNI001,,,On-Campus,20231215,0,,2,0,
STU004818,UNI011,CMP032,Financial Analyst,Recruitment Agency,20230915,1,22.29,3,1,91.0
STU004819,UNI015,,,On-Campus,20240415,0,,0,0,
STU004820,UNI017,CMP074,Systems Engineer,Recruitment Agency,20240115,1,19.73,5,1,33.0
STU004821,UNI001,,,Direct Application,20231015,0,,2,0,
STU004822,UNI022,,,Recruitment Agency,20240315,0,,0,0,
STU004823,UNI014,CMP053,Frontend Engineer,Referral,20230915,1,11.79,2,1,9.0
STU004824,UNI011,,,Referral,20231115,0,,0,0,
STU004825,UNI027,CMP065,Operations Associate,Recruitment Agency,20231115,1,6.7,1,1,93.0
STU004826,UNI015,,,Job Portal,20231015,0,,0,0,
STU004827,UNI014,,,Job Portal,20240415,0,,1,0,
STU004828,UNI020,CMP039,Financial Analyst,Direct Application,20240215,1,17.44,3,3,92.0
STU004829,UNI025,,,Referral,20230815,0,,2,0,
STU004830,UNI017,CMP033,Systems Engineer,Referral,20240415,1,18.84,5,2,28.0
STU004831,UNI010,CMP040,Backend Engineer,Job Portal,20240415,1,14.71,1,1,56.0
STU004832,UNI009,,,Job Portal,20231215,0,,0,0,
STU004833,UNI028,CMP071,Systems Engineer,Recruitment Agency,20240315,1,16.9,2,2,28.0
STU004834,UNI022,CMP080,Operations Associate,Job Portal,20240215,1,6.72,4,1,71.0
STU004835,UNI018,,,Direct Application,20240215,0,,1,0,
STU004836,UNI030,CMP030,Cloud Engineer,Direct Application,20240215,1,23.54,4,2,64.0
STU004837,UNI024,CMP027,Consultant,Job Portal,20231015,1,22.91,4,1,58.0
STU004838,UNI027,,,Job Portal,20240215,0,,2,0,
STU004839,UNI002,CMP074,Consultant,On-Campus,20240215,1,14.57,4,2,76.0
STU004840,UNI013,,,On-Campus,20230815,0,,0,0,
STU004841,UNI013,,,Referral,20240415,0,,1,0,
STU004842,UNI025,CMP039,Consultant,Direct Application,20240215,1,16.99,4,1,38.0
STU004843,UNI008,CMP020,Financial Analyst,Job Portal,20240115,1,22.55,2,3,34.0
STU004844,UNI011,CMP053,Business Analyst,Direct Application,20230915,1,6.86,2,1,9.0
STU004845,UNI005,CMP021,Design Engineer,Direct Application,20240115,1,13.07,5,1,16.0
STU004846,UNI008,,,Direct Application,20231015,0,,0,0,
STU004847,UNI027,CMP059,ML Engineer,Direct Application,20231215,1,21.82,3,1,20.0
STU004848,UNI013,CMP032,Product Analyst,Direct Application,20240115,1,16.27,4,2,28.0
STU004849,UNI029,CMP078,Software Engineer,Direct Application,20230915,1,14.1,2,1,43.0
STU004850,UNI027,CMP080,Backend Engineer,Direct Application,20230915,1,11.89,2,1,69.0
STU004851,UNI029,,,Direct Application,20240115,0,,0,0,
STU004852,UNI013,,,Referral,20240315,0,,1,0,
STU004853,UNI013,CMP045,ML Engineer,Direct Application,20240315,1,20.42,3,1,73.0
STU004854,UNI005,CMP073,Operations Associate,Referral,20240215,1,32.13,4,2,85.0
STU004855,UNI019,CMP059,Systems Engineer,On-Campus,20240115,1,20.28,4,1,88.0
STU004856,UNI024,,,Job Portal,20230815,0,,1,0,
STU004857,UNI024,,,Recruitment Agency,20230915,0,,1,0,
STU004858,UNI029,CMP008,Software Engineer,On-Campus,20240115,1,36.35,4,1,74.0
STU004859,UNI012,CMP022,Business Analyst,Direct Application,20240415,1,14.72,5,1,66.0
STU004860,UNI018,,,Recruitment Agency,20230815,0,,1,0,
STU004861,UNI024,CMP004,Product Analyst,Direct Application,20240315,1,9.19,3,1,50.0
STU004862,UNI006,CMP058,Data Scientist,Referral,20231215,1,42.81,3,1,56.0
STU004863,UNI023,,,Job Portal,20230915,0,,2,0,
STU004864,UNI030,,,Referral,20231015,0,,0,0,
STU004865,UNI020,CMP014,Business Analyst,Recruitment Agency,20231215,1,12.72,1,3,47.0
STU004866,UNI005,CMP078,ML Engineer,Direct Application,20240315,1,22.21,5,2,79.0
STU004867,UNI017,CMP002,Systems Engineer,Referral,20240115,1,13.1,4,1,34.0
STU004868,UNI017,CMP077,Backend Engineer,Job Portal,20231115,1,24.17,5,1,88.0
STU004869,UNI008,CMP036,Operations Associate,On-Campus,20240415,1,22.76,2,2,27.0
STU004870,UNI027,,,On-Campus,20240215,0,,1,0,
STU004871,UNI011,CMP028,Business Analyst,Recruitment Agency,20230815,1,19.78,3,1,88.0
STU004872,UNI008,CMP047,Frontend Engineer,On-Campus,20240115,1,33.48,3,1,73.0
STU004873,UNI014,CMP041,Cloud Engineer,Referral,20240315,1,17.8,5,2,67.0
STU004874,UNI005,,,Job Portal,20240315,0,,2,0,
STU004875,UNI011,,,Job Portal,20240415,0,,0,0,
STU004876,UNI019,CMP022,Operations Associate,Job Portal,20230915,1,33.6,2,2,29.0
STU004877,UNI022,CMP070,Financial Analyst,Referral,20231015,1,23.08,4,1,70.0
STU004878,UNI013,CMP071,ML Engineer,Recruitment Agency,20240215,1,17.64,3,1,90.0
STU004879,UNI009,CMP048,Data Scientist,Direct Application,20231015,1,29.26,5,1,62.0
STU004880,UNI005,CMP004,Consultant,Recruitment Agency,20230815,1,14.27,3,1,56.0
STU004881,UNI028,CMP027,Cloud Engineer,On-Campus,20240315,1,25.27,3,1,25.0
STU004882,UNI015,CMP066,Frontend Engineer,Direct Application,20240315,1,16.41,2,2,46.0
STU004883,UNI018,CMP057,QA Engineer,On-Campus,20230915,1,16.65,1,3,66.0
STU004884,UNI030,CMP027,Cloud Engineer,Referral,20240315,1,56.92,2,2,41.0
STU004885,UNI016,,,On-Campus,20231115,0,,0,0,
STU004886,UNI019,CMP016,Backend Engineer,Referral,20240215,1,43.26,4,1,86.0
STU004887,UNI014,CMP004,Cloud Engineer,Job Portal,20230915,1,10.69,4,1,8.0
STU004888,UNI019,CMP024,Operations Associate,Direct Application,20240415,1,24.55,5,1,86.0
STU004889,UNI020,CMP066,Business Analyst,On-Campus,20230915,1,11.47,1,1,94.0
STU004890,UNI011,CMP025,ML Engineer,On-Campus,20240415,1,24.34,5,1,9.0
STU004891,UNI028,CMP051,QA Engineer,On-Campus,20240415,1,15.59,2,1,13.0
STU004892,UNI018,,,Recruitment Agency,20231215,0,,1,0,
STU004893,UNI030,,,Direct Application,20230815,0,,0,0,
STU004894,UNI006,CMP021,QA Engineer,Direct Application,20231015,1,7.66,4,1,26.0
STU004895,UNI009,CMP003,Data Scientist,Job Portal,20240315,1,10.76,5,2,65.0
STU004896,UNI009,CMP037,Consultant,Referral,20230915,1,16.94,2,1,13.0
STU004897,UNI010,,,Direct Application,20231115,0,,1,0,
STU004898,UNI012,CMP078,Product Analyst,Direct Application,20231015,1,6.51,4,1,9.0
STU004899,UNI010,CMP053,Data Analyst,Referral,20240315,1,8.03,2,1,53.0
STU004900,UNI011,CMP057,Systems Engineer,Referral,20231215,1,14.77,3,1,50.0
STU004901,UNI028,,,On-Campus,20231115,0,,0,0,
STU004902,UNI010,,,Direct Application,20231015,0,,2,0,
STU004903,UNI019,CMP045,Cloud Engineer,Recruitment Agency,20231215,1,33.6,5,1,64.0
STU004904,UNI006,CMP047,Consultant,Recruitment Agency,20231015,1,26.02,1,1,83.0
STU004905,UNI001,CMP034,Business Analyst,Referral,20231015,1,27.37,5,2,92.0
STU004906,UNI014,CMP017,ML Engineer,Job Portal,20231115,1,28.0,5,1,89.0
STU004907,UNI018,,,Referral,20231015,0,,2,0,
STU004908,UNI007,CMP022,Operations Associate,Job Portal,20230915,1,20.57,4,1,41.0
STU004909,UNI003,CMP056,Business Analyst,On-Campus,20240115,1,30.26,2,3,56.0
STU004910,UNI015,CMP080,Software Engineer,Direct Application,20240215,1,17.18,4,2,74.0
STU004911,UNI007,CMP003,Frontend Engineer,Direct Application,20230915,1,10.87,5,1,10.0
STU004912,UNI021,CMP023,Software Engineer,Recruitment Agency,20231115,1,25.69,1,1,14.0
STU004913,UNI013,CMP069,Design Engineer,On-Campus,20240215,1,4.8,4,1,23.0
STU004914,UNI017,CMP052,Product Analyst,Referral,20240215,1,26.02,3,1,93.0
STU004915,UNI025,CMP065,Cloud Engineer,Job Portal,20240215,1,13.14,2,1,65.0
STU004916,UNI019,,,Referral,20240215,0,,2,0,
STU004917,UNI016,,,On-Campus,20240315,0,,2,0,
STU004918,UNI011,CMP047,Financial Analyst,Recruitment Agency,20231015,1,21.43,4,1,77.0
STU004919,UNI025,CMP074,Product Analyst,Job Portal,20240115,1,23.96,3,1,93.0
STU004920,UNI021,CMP009,Backend Engineer,Direct Application,20240415,1,24.51,3,1,15.0
STU004921,UNI010,CMP005,Product Analyst,On-Campus,20240315,1,18.68,2,1,15.0
STU004922,UNI020,CMP044,ML Engineer,Direct Application,20240115,1,63.61,2,1,44.0
STU004923,UNI011,,,On-Campus,20230815,0,,0,0,
STU004924,UNI022,CMP021,Business Analyst,Direct Application,20230815,1,7.65,5,1,85.0
STU004925,UNI030,CMP035,Consultant,Recruitment Agency,20231115,1,58.83,1,1,20.0
STU004926,UNI001,CMP033,Systems Engineer,On-Campus,20231115,1,16.93,3,1,7.0
STU004927,UNI011,,,Referral,20240415,0,,2,0,
STU004928,UNI008,CMP044,Operations Associate,Direct Application,20240115,1,32.88,3,1,84.0
STU004929,UNI007,CMP038,ML Engineer,Direct Application,20240215,1,14.17,1,1,41.0
STU004930,UNI028,CMP035,Backend Engineer,Recruitment Agency,20231215,1,17.08,4,1,41.0
STU004931,UNI027,,,Job Portal,20240415,0,,0,0,
STU004932,UNI016,CMP022,Data Scientist,Recruitment Agency,20240115,1,31.68,5,1,84.0
STU004933,UNI007,CMP080,Cloud Engineer,Direct Application,20231215,1,13.71,5,2,65.0
STU004934,UNI006,CMP049,Business Analyst,Job Portal,20240315,1,32.05,4,2,39.0
STU004935,UNI025,CMP070,ML Engineer,On-Campus,20230915,1,29.75,2,2,54.0
STU004936,UNI006,,,Direct Application,20231015,0,,0,0,
STU004937,UNI002,,,Referral,20231215,0,,0,0,
STU004938,UNI003,,,Recruitment Agency,20240115,0,,0,0,
STU004939,UNI001,,,Recruitment Agency,20240115,0,,2,0,
STU004940,UNI021,,,Job Portal,20240215,0,,1,0,
STU004941,UNI024,CMP068,Software Engineer,Recruitment Agency,20231115,1,35.27,3,1,21.0
STU004942,UNI004,,,Job Portal,20240315,0,,2,0,
STU004943,UNI005,,,Direct Application,20240415,0,,2,0,
STU004944,UNI003,,,Job Portal,20230815,0,,2,0,
STU004945,UNI003,CMP028,Data Analyst,Recruitment Agency,20240415,1,30.27,4,1,7.0
STU004946,UNI014,CMP044,Systems Engineer,Direct Application,20230915,1,21.75,4,1,70.0
STU004947,UNI022,,,Referral,20240215,0,,1,0,
STU004948,UNI026,,,Recruitment Agency,20231115,0,,0,0,
STU004949,UNI009,CMP021,Data Analyst,Referral,20230815,1,15.35,2,1,31.0
STU004950,UNI022,CMP074,Financial Analyst,On-Campus,20230915,1,19.23,2,1,23.0
STU004951,UNI001,,,Direct Application,20231015,0,,1,0,
STU004952,UNI011,CMP054,Business Analyst,On-Campus,20230915,1,16.68,2,1,65.0
STU004953,UNI012,,,Referral,20240215,0,,1,0,
STU004954,UNI028,,,Job Portal,20230915,0,,2,0,
STU004955,UNI005,CMP029,Business Analyst,Referral,20231215,1,14.28,2,1,35.0
STU004956,UNI024,CMP017,ML Engineer,On-Campus,20231015,1,20.42,3,1,93.0
STU004957,UNI026,CMP021,Consultant,Direct Application,20231115,1,17.77,2,2,30.0
STU004958,UNI020,,,On-Campus,20240415,0,,2,0,
STU004959,UNI011,,,Job Portal,20240215,0,,1,0,
STU004960,UNI029,CMP009,Operations Associate,Recruitment Agency,20231115,1,27.28,2,2,41.0
STU004961,UNI028,CMP041,Software Engineer,Direct Application,20230815,1,6.88,4,1,58.0
STU004962,UNI018,,,On-Campus,20231215,0,,2,0,
STU004963,UNI012,,,Job Portal,20230815,0,,2,0,
STU004964,UNI030,,,Direct Application,20240415,0,,2,0,
STU004965,UNI011,,,Direct Application,20231115,0,,0,0,
STU004966,UNI014,CMP080,Software Engineer,Referral,20240215,1,18.94,4,1,59.0
STU004967,UNI008,CMP033,Product Analyst,Job Portal,20240315,1,29.34,2,2,86.0
STU004968,UNI030,CMP004,QA Engineer,Referral,20240215,1,11.23,1,1,36.0
STU004969,UNI018,CMP035,Design Engineer,Referral,20230815,1,21.23,1,1,11.0
STU004970,UNI009,CMP032,Data Scientist,Referral,20240115,1,33.22,2,1,91.0
STU004971,UNI002,CMP012,Data Analyst,On-Campus,20231015,1,9.84,3,1,75.0
STU004972,UNI020,,,Job Portal,20230815,0,,2,0,
STU004973,UNI019,CMP075,Operations Associate,Job Portal,20231215,1,30.49,4,1,42.0
STU004974,UNI012,,,On-Campus,20230815,0,,2,0,
STU004975,UNI009,,,Direct Application,20231115,0,,2,0,
STU004976,UNI016,,,Direct Application,20240415,0,,1,0,
STU004977,UNI023,,,Job Portal,20231015,0,,1,0,
STU004978,UNI005,,,Direct Application,20240415,0,,2,0,
STU004979,UNI017,CMP069,Frontend Engineer,On-Campus,20231115,1,8.17,5,1,23.0
STU004980,UNI017,,,Direct Application,20230815,0,,0,0,
STU004981,UNI019,CMP052,Data Scientist,Job Portal,20230915,1,42.3,4,2,65.0
STU004982,UNI023,CMP010,Backend Engineer,Job Portal,20240215,1,9.55,4,1,25.0
STU004983,UNI009,,,On-Campus,20240415,0,,2,0,
STU004984,UNI024,,,Referral,20231115,0,,1,0,
STU004985,UNI022,CMP005,Systems Engineer,Recruitment Agency,20230815,1,16.93,2,1,76.0
STU004986,UNI013,CMP022,ML Engineer,On-Campus,20231115,1,23.94,1,2,87.0
STU004987,UNI017,CMP008,Data Analyst,Recruitment Agency,20240415,1,16.63,4,1,24.0
STU004988,UNI027,,,Job Portal,20231215,0,,1,0,
STU004989,UNI019,CMP049,Financial Analyst,On-Campus,20231015,1,43.84,4,2,73.0
STU004990,UNI026,,,Direct Application,20240415,0,,1,0,
STU004991,UNI016,CMP030,Software Engineer,Recruitment Agency,20231115,1,19.07,1,2,30.0
STU004992,UNI001,,,Recruitment Agency,20240415,0,,2,0,
STU004993,UNI010,CMP041,Data Analyst,Recruitment Agency,20230915,1,6.21,3,1,15.0
STU004994,UNI007,CMP001,Frontend Engineer,Recruitment Agency,20240115,1,10.01,4,1,83.0
STU004995,UNI005,CMP064,Data Analyst,Direct Application,20231215,1,26.08,5,1,83.0
STU004996,UNI008,,,Referral,20240415,0,,2,0,
STU004997,UNI020,CMP014,Software Engineer,Referral,20240315,1,17.26,3,2,48.0
STU004998,UNI001,CMP018,Backend Engineer,On-Campus,20230815,1,22.01,4,1,11.0
STU004999,UNI019,CMP017,Data Scientist,Referral,20230915,1,44.31,4,2,14.0
STU005000,UNI020,CMP054,Frontend Engineer,Direct Application,20230815,1,28.58,1,1,80.0
STU005001,UNI023,,,Referral,20240315,0,,0,0,
STU005002,UNI024,,,Job Portal,20240115,0,,1,0,
STU005003,UNI010,CMP078,ML Engineer,Recruitment Agency,20230815,1,8.23,3,1,35.0
STU005004,UNI028,CMP027,ML Engineer,Direct Application,20231215,1,33.29,1,1,72.0
STU005005,UNI025,CMP021,Software Engineer,Recruitment Agency,20240215,1,12.2,3,2,17.0
STU005006,UNI011,CMP045,Data Scientist,Recruitment Agency,20240215,1,15.87,2,1,78.0
STU005007,UNI017,CMP004,Consultant,Job Portal,20240215,1,11.07,2,1,53.0
STU005008,UNI029,,,Job Portal,20230915,0,,0,0,
STU005009,UNI008,CMP049,Cloud Engineer,On-Campus,20230815,1,39.07,5,1,20.0
STU005010,UNI011,CMP034,ML Engineer,Recruitment Agency,20240415,1,38.29,5,2,74.0
STU005011,UNI025,,,Direct Application,20231215,0,,2,0,
STU005012,UNI007,CMP058,Systems Engineer,Referral,20231215,1,16.73,3,2,72.0
STU005013,UNI022,CMP005,QA Engineer,Direct Application,20240315,1,14.33,1,1,63.0
STU005014,UNI001,CMP015,Cloud Engineer,Referral,20230915,1,33.84,5,1,34.0
STU005015,UNI013,CMP054,Financial Analyst,Job Portal,20240415,1,13.76,3,3,76.0
STU005016,UNI016,CMP028,Frontend Engineer,Job Portal,20240215,1,13.36,3,1,31.0
STU005017,UNI028,,,Direct Application,20231115,0,,1,0,
STU005018,UNI019,,,Recruitment Agency,20240215,0,,1,0,
STU005019,UNI024,CMP045,Cloud Engineer,On-Campus,20230815,1,19.68,3,1,49.0
STU005020,UNI011,CMP063,Data Analyst,Direct Application,20231015,1,18.25,1,1,49.0
STU005021,UNI014,CMP015,Financial Analyst,On-Campus,20230915,1,23.49,1,1,21.0
STU005022,UNI029,CMP032,Data Scientist,Job Portal,20231215,1,26.81,4,1,75.0
STU005023,UNI003,,,On-Campus,20230815,0,,1,0,
STU005024,UNI019,CMP033,QA Engineer,Job Portal,20240315,1,28.27,5,1,86.0
STU005025,UNI020,CMP055,Frontend Engineer,Referral,20240115,1,55.91,1,3,22.0
STU005026,UNI002,,,On-Campus,20240115,0,,0,0,
STU005027,UNI014,,,Referral,20240415,0,,0,0,
STU005028,UNI013,CMP039,Software Engineer,Recruitment Agency,20240215,1,9.8,1,2,59.0
STU005029,UNI029,CMP007,Frontend Engineer,On-Campus,20231215,1,21.57,5,1,9.0
STU005030,UNI024,CMP050,Business Analyst,Direct Application,20240215,1,12.14,4,1,60.0
STU005031,UNI018,CMP051,QA Engineer,On-Campus,20231215,1,20.9,5,1,29.0
STU005032,UNI020,,,Job Portal,20240415,0,,0,0,
STU005033,UNI022,CMP024,Consultant,Recruitment Agency,20240315,1,16.18,3,1,77.0
STU005034,UNI027,CMP046,Frontend Engineer,Recruitment Agency,20231015,1,25.22,2,3,70.0
STU005035,UNI001,CMP048,Cloud Engineer,Direct Application,20231115,1,24.38,2,1,56.0
STU005036,UNI015,CMP079,Business Analyst,On-Campus,20240115,1,21.53,1,1,28.0
STU005037,UNI015,CMP039,Business Analyst,Direct Application,20240315,1,17.55,2,1,89.0
STU005038,UNI015,,,Recruitment Agency,20231215,0,,2,0,
STU005039,UNI017,CMP069,Backend Engineer,Referral,20240415,1,11.31,2,1,51.0
STU005040,UNI001,,,Referral,20231015,0,,1,0,
STU005041,UNI029,CMP033,Frontend Engineer,Job Portal,20231215,1,30.85,3,2,13.0
STU005042,UNI005,CMP039,Financial Analyst,On-Campus,20240415,1,18.23,1,1,72.0
STU005043,UNI009,CMP025,Cloud Engineer,Recruitment Agency,20230815,1,32.13,2,1,7.0
STU005044,UNI001,CMP022,Data Analyst,Referral,20230915,1,24.33,1,1,28.0
STU005045,UNI004,CMP076,Design Engineer,Job Portal,20230815,1,5.79,3,1,46.0
STU005046,UNI006,CMP013,Design Engineer,Job Portal,20230815,1,22.32,1,1,9.0
STU005047,UNI020,,,Direct Application,20231015,0,,2,0,
STU005048,UNI017,,,Recruitment Agency,20231215,0,,0,0,
STU005049,UNI023,,,Recruitment Agency,20240315,0,,0,0,
STU005050,UNI003,CMP049,Systems Engineer,Job Portal,20240315,1,28.39,1,1,61.0
STU005051,UNI003,CMP012,Design Engineer,Referral,20230815,1,35.96,5,2,86.0
STU005052,UNI029,,,Recruitment Agency,20240215,0,,1,0,
STU005053,UNI007,CMP034,Business Analyst,Recruitment Agency,20240315,1,25.73,5,1,18.0
STU005054,UNI021,CMP066,Operations Associate,On-Campus,20231115,1,9.06,2,1,73.0
STU005055,UNI030,CMP043,ML Engineer,On-Campus,20240415,1,40.67,4,2,44.0
STU005056,UNI027,CMP053,QA Engineer,Recruitment Agency,20240415,1,6.31,3,1,76.0
STU005057,UNI030,CMP052,Operations Associate,Recruitment Agency,20230915,1,19.36,1,1,81.0
STU005058,UNI013,CMP029,QA Engineer,Job Portal,20240215,1,6.13,2,1,33.0
STU005059,UNI021,CMP059,Frontend Engineer,Recruitment Agency,20231115,1,18.93,4,1,52.0
STU005060,UNI011,CMP055,Systems Engineer,Direct Application,20230915,1,19.77,5,1,41.0
STU005061,UNI025,CMP068,Financial Analyst,Referral,20231115,1,23.77,3,1,42.0
STU005062,UNI028,CMP076,Systems Engineer,Job Portal,20231115,1,6.5,3,1,84.0
STU005063,UNI026,CMP014,ML Engineer,Direct Application,20231015,1,18.61,1,1,75.0
STU005064,UNI029,CMP021,Systems Engineer,Job Portal,20240415,1,8.9,1,1,83.0
STU005065,UNI024,CMP034,Business Analyst,Recruitment Agency,20240215,1,20.09,1,1,71.0
STU005066,UNI029,,,Job Portal,20240215,0,,0,0,
STU005067,UNI026,,,On-Campus,20240415,0,,1,0,
STU005068,UNI022,,,Referral,20240215,0,,1,0,
STU005069,UNI027,,,On-Campus,20230815,0,,0,0,
STU005070,UNI024,CMP070,Design Engineer,Referral,20240115,1,25.71,1,1,50.0
STU005071,UNI028,CMP011,Financial Analyst,On-Campus,20231015,1,4.9,2,4,8.0
STU005072,UNI002,,,Referral,20240115,0,,0,0,
STU005073,UNI006,,,On-Campus,20240115,0,,0,0,
STU005074,UNI024,CMP077,Cloud Engineer,Recruitment Agency,20240315,1,25.38,5,1,83.0
STU005075,UNI012,CMP052,Product Analyst,On-Campus,20240115,1,21.98,5,1,70.0
STU005076,UNI029,,,Recruitment Agency,20231015,0,,0,0,
STU005077,UNI026,,,Recruitment Agency,20230815,0,,0,0,
STU005078,UNI012,,,On-Campus,20240115,0,,2,0,
STU005079,UNI022,,,On-Campus,20231015,0,,0,0,
STU005080,UNI030,CMP026,Business Analyst,Referral,20240315,1,37.1,3,1,44.0
STU005081,UNI007,CMP021,QA Engineer,Referral,20240315,1,9.19,3,1,41.0
STU005082,UNI017,CMP074,Frontend Engineer,Direct Application,20240315,1,26.71,1,1,63.0
STU005083,UNI021,CMP046,Financial Analyst,On-Campus,20230815,1,33.09,2,1,30.0
STU005084,UNI015,CMP049,QA Engineer,On-Campus,20230915,1,37.09,4,1,27.0
STU005085,UNI020,,,Recruitment Agency,20240115,0,,0,0,
STU005086,UNI003,,,On-Campus,20230815,0,,2,0,
STU005087,UNI004,CMP002,Cloud Engineer,Referral,20240215,1,10.28,1,1,39.0
STU005088,UNI024,CMP029,Systems Engineer,Recruitment Agency,20231115,1,7.36,1,1,12.0
STU005089,UNI008,,,Recruitment Agency,20240215,0,,1,0,
STU005090,UNI026,CMP011,Software Engineer,Referral,20230915,1,20.39,2,3,88.0
STU005091,UNI007,CMP008,Financial Analyst,Recruitment Agency,20240415,1,32.29,3,1,49.0
STU005092,UNI018,,,On-Campus,20231015,0,,0,0,
STU005093,UNI029,CMP059,Software Engineer,Job Portal,20230815,1,25.39,4,1,91.0
STU005094,UNI007,CMP063,Software Engineer,Job Portal,20230915,1,21.93,5,2,9.0
STU005095,UNI003,,,On-Campus,20240215,0,,2,0,
STU005096,UNI012,CMP003,Cloud Engineer,Job Portal,20231115,1,11.39,5,1,89.0
STU005097,UNI017,CMP003,Data Analyst,On-Campus,20240115,1,9.55,4,1,86.0
STU005098,UNI025,,,Job Portal,20240415,0,,2,0,
STU005099,UNI014,CMP015,Consultant,Referral,20231015,1,19.3,2,1,56.0
STU005100,UNI027,CMP065,Business Analyst,Direct Application,20231015,1,9.25,5,1,42.0
STU005101,UNI020,CMP070,Product Analyst,Job Portal,20240115,1,32.61,4,2,48.0
STU005102,UNI005,CMP012,Financial Analyst,Direct Application,20240315,1,23.35,4,1,69.0
STU005103,UNI030,CMP026,Consultant,Recruitment Agency,20240115,1,24.34,5,1,12.0
STU005104,UNI025,,,On-Campus,20231015,0,,0,0,
STU005105,UNI022,CMP016,Frontend Engineer,On-Campus,20230815,1,26.74,2,2,16.0
STU005106,UNI023,CMP073,QA Engineer,On-Campus,20240415,1,14.15,3,1,77.0
STU005107,UNI010,,,Direct Application,20231115,0,,1,0,
STU005108,UNI018,CMP015,Systems Engineer,Job Portal,20240315,1,22.66,1,1,16.0
STU005109,UNI021,CMP057,Cloud Engineer,Job Portal,20240115,1,26.45,3,1,58.0
STU005110,UNI012,,,Referral,20231115,0,,1,0,
STU005111,UNI011,CMP071,Cloud Engineer,Referral,20240115,1,25.2,3,1,79.0
STU005112,UNI018,,,Job Portal,20231115,0,,1,0,
STU005113,UNI007,CMP049,Financial Analyst,Direct Application,20240315,1,27.66,4,1,22.0
STU005114,UNI009,CMP038,Frontend Engineer,Direct Application,20240415,1,12.34,5,1,43.0
STU005115,UNI001,,,Job Portal,20240115,0,,1,0,
STU005116,UNI011,CMP017,Product Analyst,Job Portal,20231115,1,12.99,3,1,44.0
STU005117,UNI030,CMP039,Design Engineer,On-Campus,20231115,1,14.48,1,2,58.0
STU005118,UNI014,CMP035,Data Scientist,Job Portal,20240415,1,25.8,2,1,56.0
STU005119,UNI023,,,Direct Application,20230815,0,,2,0,
STU005120,UNI025,CMP004,ML Engineer,Referral,20231115,1,14.99,3,1,89.0
STU005121,UNI006,CMP028,Operations Associate,On-Campus,20231215,1,14.81,3,1,77.0
STU005122,UNI019,,,Referral,20240115,0,,1,0,
STU005123,UNI010,,,Job Portal,20231015,0,,1,0,
STU005124,UNI001,CMP032,Software Engineer,Referral,20240115,1,25.92,5,1,79.0
STU005125,UNI019,,,On-Campus,20240315,0,,0,0,
STU005126,UNI009,,,On-Campus,20231115,0,,0,0,
STU005127,UNI007,CMP048,Backend Engineer,Direct Application,20240315,1,32.14,4,1,27.0
STU005128,UNI028,CMP067,ML Engineer,On-Campus,20240415,1,24.67,5,2,8.0
STU005129,UNI015,CMP022,Data Scientist,Direct Application,20240115,1,43.84,1,2,50.0
STU005130,UNI001,CMP060,Consultant,Job Portal,20240215,1,9.97,5,2,46.0
STU005131,UNI016,CMP069,Design Engineer,Job Portal,20240115,1,7.52,1,1,50.0
STU005132,UNI017,,,Direct Application,20231015,0,,2,0,
STU005133,UNI002,CMP032,Backend Engineer,Direct Application,20230915,1,20.99,2,2,94.0
STU005134,UNI021,CMP051,Data Scientist,Recruitment Agency,20231215,1,32.47,2,1,80.0
STU005135,UNI009,CMP079,Systems Engineer,Job Portal,20230815,1,27.8,4,1,29.0
STU005136,UNI024,CMP058,Data Analyst,On-Campus,20240415,1,21.8,2,1,82.0
STU005137,UNI028,,,Referral,20231015,0,,0,0,
STU005138,UNI013,CMP044,Operations Associate,Job Portal,20240115,1,22.04,5,2,28.0
STU005139,UNI007,CMP032,Backend Engineer,Job Portal,20240315,1,24.02,1,2,54.0
STU005140,UNI005,CMP039,ML Engineer,Direct Application,20240115,1,18.95,5,2,78.0
STU005141,UNI020,CMP040,Systems Engineer,On-Campus,20240315,1,32.61,5,2,76.0
STU005142,UNI026,CMP036,QA Engineer,On-Campus,20240215,1,27.36,2,2,24.0
STU005143,UNI030,CMP040,Operations Associate,Referral,20231015,1,40.91,3,2,65.0
STU005144,UNI007,CMP051,Product Analyst,On-Campus,20240115,1,24.48,1,1,63.0
STU005145,UNI029,CMP039,Design Engineer,Referral,20231115,1,13.25,4,1,38.0
STU005146,UNI003,CMP076,ML Engineer,Direct Application,20231115,1,11.96,3,2,88.0
STU005147,UNI008,CMP049,Data Scientist,On-Campus,20230915,1,36.05,2,2,91.0
STU005148,UNI018,,,Recruitment Agency,20240415,0,,1,0,
STU005149,UNI026,CMP069,QA Engineer,Direct Application,20231115,1,10.62,1,1,7.0
STU005150,UNI022,CMP066,Backend Engineer,Referral,20240115,1,19.81,1,1,76.0
STU005151,UNI009,CMP063,ML Engineer,Direct Application,20231015,1,25.35,5,2,51.0
STU005152,UNI014,CMP028,Software Engineer,Direct Application,20231115,1,25.52,4,1,69.0
STU005153,UNI024,,,Job Portal,20231015,0,,2,0,
STU005154,UNI016,,,Recruitment Agency,20240215,0,,0,0,
STU005155,UNI021,,,Job Portal,20231015,0,,2,0,
STU005156,UNI006,CMP049,Design Engineer,On-Campus,20231115,1,31.02,4,1,70.0
STU005157,UNI030,CMP064,QA Engineer,Direct Application,20240215,1,28.64,5,1,52.0
STU005158,UNI030,CMP012,Systems Engineer,Job Portal,20240315,1,19.46,4,1,35.0
STU005159,UNI030,CMP049,Systems Engineer,Referral,20231215,1,40.53,5,2,89.0
STU005160,UNI027,,,Direct Application,20240215,0,,2,0,
STU005161,UNI003,CMP049,Systems Engineer,Direct Application,20231115,1,31.91,4,2,37.0
STU005162,UNI023,CMP056,QA Engineer,Job Portal,20240315,1,13.27,4,1,14.0
STU005163,UNI012,,,Recruitment Agency,20240415,0,,2,0,
STU005164,UNI023,CMP053,Systems Engineer,Recruitment Agency,20240215,1,6.02,2,2,74.0
STU005165,UNI029,CMP060,Backend Engineer,Job Portal,20240315,1,17.9,1,2,84.0
STU005166,UNI005,CMP037,Financial Analyst,Direct Application,20240215,1,12.62,5,2,18.0
STU005167,UNI029,,,Referral,20230815,0,,1,0,
STU005168,UNI025,,,Job Portal,20240415,0,,0,0,
STU005169,UNI027,CMP079,QA Engineer,Job Portal,20231015,1,15.62,2,1,19.0
STU005170,UNI028,,,Job Portal,20231215,0,,2,0,
STU005171,UNI008,CMP047,Cloud Engineer,Direct Application,20230815,1,21.54,4,1,56.0
STU005172,UNI005,,,Direct Application,20231215,0,,1,0,
STU005173,UNI029,,,Referral,20231015,0,,0,0,
STU005174,UNI020,CMP042,Design Engineer,Direct Application,20240315,1,13.76,2,1,62.0
STU005175,UNI004,,,Direct Application,20230915,0,,2,0,
STU005176,UNI026,CMP066,Operations Associate,On-Campus,20231015,1,16.89,2,1,80.0
STU005177,UNI001,,,Referral,20231215,0,,1,0,
STU005178,UNI003,CMP029,Data Analyst,Recruitment Agency,20240415,1,15.97,1,1,55.0
STU005179,UNI024,,,On-Campus,20240315,0,,0,0,
STU005180,UNI020,,,Direct Application,20240215,0,,2,0,
STU005181,UNI019,CMP025,Data Analyst,Job Portal,20240115,1,31.16,5,1,89.0
STU005182,UNI014,,,Direct Application,20231115,0,,2,0,
STU005183,UNI012,CMP053,Cloud Engineer,Recruitment Agency,20240415,1,9.87,4,1,71.0
STU005184,UNI027,CMP042,Cloud Engineer,Referral,20231215,1,9.31,1,1,36.0
STU005185,UNI015,CMP059,Data Analyst,On-Campus,20231015,1,30.36,5,1,46.0
STU005186,UNI008,,,Referral,20240215,0,,2,0,
STU005187,UNI015,,,Job Portal,20231215,0,,1,0,
STU005188,UNI019,CMP063,Data Scientist,Direct Application,20240415,1,45.03,5,1,58.0
STU005189,UNI026,CMP071,Consultant,Job Portal,20240415,1,33.25,4,2,88.0
STU005190,UNI009,,,Referral,20240415,0,,0,0,
STU005191,UNI029,CMP055,Cloud Engineer,Referral,20231115,1,39.08,5,1,37.0
STU005192,UNI010,CMP050,QA Engineer,Direct Application,20240115,1,6.16,4,1,75.0
STU005193,UNI012,CMP071,Systems Engineer,Direct Application,20230815,1,19.44,3,1,90.0
STU005194,UNI001,,,Direct Application,20231215,0,,0,0,
STU005195,UNI023,CMP016,ML Engineer,Referral,20230915,1,31.66,4,1,60.0
STU005196,UNI029,CMP033,Software Engineer,Job Portal,20231215,1,26.6,1,2,77.0
STU005197,UNI008,,,Recruitment Agency,20240115,0,,1,0,
STU005198,UNI006,CMP067,Design Engineer,Referral,20231115,1,24.16,4,1,51.0
STU005199,UNI029,CMP003,Software Engineer,Job Portal,20230915,1,13.74,5,1,14.0
STU005200,UNI025,CMP061,Data Scientist,Referral,20230815,1,18.92,5,1,57.0
STU005201,UNI026,,,On-Campus,20241115,0,,2,0,
STU005202,UNI014,CMP020,Frontend Engineer,Direct Application,20250415,1,29.29,2,1,78.0
STU005203,UNI015,CMP012,Product Analyst,Direct Application,20241215,1,35.72,2,2,68.0
STU005204,UNI028,CMP013,Consultant,Job Portal,20241115,1,18.39,1,1,45.0
STU005205,UNI002,CMP008,ML Engineer,On-Campus,20241215,1,29.62,2,1,24.0
STU005206,UNI005,,,Recruitment Agency,20250415,0,,2,0,
STU005207,UNI018,CMP044,Software Engineer,On-Campus,20241115,1,28.93,5,1,56.0
STU005208,UNI014,,,Referral,20250115,0,,0,0,
STU005209,UNI008,CMP066,Cloud Engineer,Job Portal,20250115,1,12.85,1,1,81.0
STU005210,UNI025,,,Recruitment Agency,20241015,0,,1,0,
STU005211,UNI025,,,Direct Application,20250115,0,,1,0,
STU005212,UNI022,,,Direct Application,20241115,0,,2,0,
STU005213,UNI016,CMP002,Systems Engineer,Recruitment Agency,20250315,1,6.28,2,1,84.0
STU005214,UNI012,CMP040,Backend Engineer,Referral,20241115,1,19.02,5,1,63.0
STU005215,UNI009,,,Direct Application,20241115,0,,2,0,
STU005216,UNI025,CMP023,Data Analyst,Direct Application,20250115,1,26.36,2,1,65.0
STU005217,UNI007,,,On-Campus,20250115,0,,1,0,
STU005218,UNI018,,,Referral,20240815,0,,2,0,
STU005219,UNI018,,,Recruitment Agency,20250315,0,,1,0,
STU005220,UNI024,,,Direct Application,20241115,0,,0,0,
STU005221,UNI011,,,Recruitment Agency,20241115,0,,0,0,
STU005222,UNI024,CMP031,Systems Engineer,Referral,20240915,1,10.17,1,2,9.0
STU005223,UNI008,CMP030,Operations Associate,On-Campus,20250315,1,21.62,4,1,33.0
STU005224,UNI018,CMP002,Operations Associate,Direct Application,20250415,1,7.51,4,1,31.0
STU005225,UNI024,,,On-Campus,20250415,0,,0,0,
STU005226,UNI016,CMP032,Design Engineer,Direct Application,20250115,1,19.29,2,1,87.0
STU005227,UNI007,CMP066,Backend Engineer,Referral,20250115,1,17.96,3,1,28.0
STU005228,UNI004,,,Direct Application,20241015,0,,2,0,
STU005229,UNI023,CMP021,Operations Associate,Recruitment Agency,20240915,1,10.05,5,1,68.0
STU005230,UNI030,CMP052,Financial Analyst,Job Portal,20241115,1,44.68,2,1,38.0
STU005231,UNI018,CMP031,Cloud Engineer,Direct Application,20250115,1,10.43,3,1,41.0
STU005232,UNI012,CMP019,Product Analyst,Direct Application,20241215,1,16.34,2,1,64.0
STU005233,UNI022,,,Referral,20250415,0,,1,0,
STU005234,UNI016,CMP001,Backend Engineer,Recruitment Agency,20250115,1,6.41,5,1,42.0
STU005235,UNI001,,,Referral,20250415,0,,1,0,
STU005236,UNI004,,,Direct Application,20241115,0,,0,0,
STU005237,UNI023,CMP038,Frontend Engineer,On-Campus,20241015,1,9.16,5,2,40.0
STU005238,UNI020,CMP021,ML Engineer,Job Portal,20241115,1,14.37,1,1,47.0
STU005239,UNI030,CMP004,Operations Associate,On-Campus,20241115,1,8.99,5,1,74.0
STU005240,UNI012,,,Recruitment Agency,20250415,0,,1,0,
STU005241,UNI022,,,Recruitment Agency,20241115,0,,2,0,
STU005242,UNI017,CMP031,Frontend Engineer,Direct Application,20250215,1,8.37,5,2,55.0
STU005243,UNI013,,,Job Portal,20250315,0,,2,0,
STU005244,UNI026,CMP069,Data Scientist,On-Campus,20241115,1,18.52,5,1,72.0
STU005245,UNI009,,,Recruitment Agency,20240815,0,,0,0,
STU005246,UNI006,,,Recruitment Agency,20241015,0,,2,0,
STU005247,UNI030,CMP070,Systems Engineer,On-Campus,20250415,1,40.23,2,2,40.0
STU005248,UNI001,CMP006,Data Scientist,On-Campus,20241215,1,26.62,2,1,67.0
STU005249,UNI020,,,Job Portal,20241015,0,,1,0,
STU005250,UNI012,CMP068,QA Engineer,On-Campus,20241215,1,20.46,2,1,91.0
STU005251,UNI004,,,Direct Application,20240915,0,,1,0,
STU005252,UNI017,,,Recruitment Agency,20241015,0,,0,0,
STU005253,UNI010,,,Referral,20241215,0,,0,0,
STU005254,UNI030,CMP050,Financial Analyst,Recruitment Agency,20250315,1,14.72,5,2,64.0
STU005255,UNI024,CMP053,ML Engineer,Recruitment Agency,20240815,1,11.35,5,2,14.0
STU005256,UNI015,CMP018,Systems Engineer,Direct Application,20250415,1,54.1,5,3,86.0
STU005257,UNI029,CMP046,Product Analyst,Recruitment Agency,20250315,1,28.84,5,2,65.0
STU005258,UNI001,CMP029,Financial Analyst,Referral,20240915,1,10.06,5,1,26.0
STU005259,UNI018,CMP075,Financial Analyst,Referral,20250115,1,44.44,3,1,61.0
STU005260,UNI003,,,Referral,20250115,0,,2,0,
STU005261,UNI006,CMP002,ML Engineer,On-Campus,20250215,1,11.92,2,1,24.0
STU005262,UNI019,CMP025,Frontend Engineer,On-Campus,20240915,1,34.51,5,4,77.0
STU005263,UNI003,CMP072,Business Analyst,Job Portal,20240815,1,11.25,5,3,65.0
STU005264,UNI005,CMP058,Backend Engineer,On-Campus,20241215,1,42.3,1,2,74.0
STU005265,UNI014,,,Direct Application,20240815,0,,1,0,
STU005266,UNI019,,,Recruitment Agency,20250215,0,,2,0,
STU005267,UNI013,CMP021,Cloud Engineer,Referral,20241115,1,11.82,2,2,76.0
STU005268,UNI015,,,Direct Application,20250415,0,,1,0,
STU005269,UNI003,CMP033,Frontend Engineer,Referral,20241215,1,40.51,3,1,28.0
STU005270,UNI006,CMP071,Data Scientist,Recruitment Agency,20250115,1,30.33,4,2,45.0
STU005271,UNI021,CMP069,Data Analyst,Recruitment Agency,20240815,1,9.61,3,1,66.0
STU005272,UNI007,CMP029,Systems Engineer,Job Portal,20240915,1,7.67,5,1,72.0
STU005273,UNI015,CMP079,Software Engineer,Direct Application,20250115,1,46.52,3,2,58.0
STU005274,UNI029,CMP073,Data Scientist,Job Portal,20250415,1,34.56,1,1,64.0
STU005275,UNI017,,,On-Campus,20241115,0,,1,0,
STU005276,UNI001,CMP008,Cloud Engineer,On-Campus,20240815,1,24.68,2,2,81.0
STU005277,UNI015,CMP009,Frontend Engineer,On-Campus,20241115,1,45.97,5,1,17.0
STU005278,UNI012,,,Referral,20241215,0,,2,0,
STU005279,UNI006,,,Referral,20240815,0,,1,0,
STU005280,UNI024,CMP002,QA Engineer,On-Campus,20241115,1,6.25,2,1,74.0
STU005281,UNI011,,,Referral,20241115,0,,0,0,
STU005282,UNI013,,,Job Portal,20250315,0,,0,0,
STU005283,UNI028,CMP076,Business Analyst,Referral,20241215,1,7.83,2,2,83.0
STU005284,UNI004,,,Job Portal,20250415,0,,0,0,
STU005285,UNI013,,,Referral,20240815,0,,0,0,
STU005286,UNI028,,,Recruitment Agency,20240915,0,,1,0,
STU005287,UNI028,,,Direct Application,20250315,0,,2,0,
STU005288,UNI018,CMP050,Financial Analyst,Referral,20241215,1,9.62,3,2,91.0
STU005289,UNI014,,,Referral,20240815,0,,1,0,
STU005290,UNI029,CMP004,Frontend Engineer,Referral,20250115,1,10.6,4,1,77.0
STU005291,UNI002,,,Referral,20241015,0,,0,0,
STU005292,UNI011,CMP012,Cloud Engineer,On-Campus,20241015,1,22.22,5,1,44.0
STU005293,UNI003,CMP071,QA Engineer,Job Portal,20240815,1,28.53,4,2,48.0
STU005294,UNI021,CMP006,Frontend Engineer,Job Portal,20240915,1,24.93,5,1,23.0
STU005295,UNI003,CMP041,Software Engineer,Referral,20250315,1,23.33,1,2,87.0
STU005296,UNI021,CMP031,Cloud Engineer,On-Campus,20240915,1,10.98,1,1,64.0
STU005297,UNI019,CMP014,Product Analyst,Job Portal,20241015,1,10.18,4,2,20.0
STU005298,UNI030,,,On-Campus,20241015,0,,0,0,
STU005299,UNI022,,,On-Campus,20240815,0,,0,0,
STU005300,UNI016,,,On-Campus,20250415,0,,1,0,
STU005301,UNI026,,,Direct Application,20250215,0,,1,0,
STU005302,UNI008,CMP025,QA Engineer,Referral,20241015,1,19.63,3,1,53.0
STU005303,UNI005,CMP074,Software Engineer,Job Portal,20240915,1,43.97,3,2,94.0
STU005304,UNI018,CMP052,Design Engineer,On-Campus,20241215,1,22.51,1,1,37.0
STU005305,UNI011,CMP072,Frontend Engineer,Recruitment Agency,20241215,1,5.94,5,1,12.0
STU005306,UNI006,,,Direct Application,20241015,0,,0,0,
STU005307,UNI006,CMP074,Consultant,Referral,20250315,1,28.86,2,1,61.0
STU005308,UNI029,CMP060,Frontend Engineer,On-Campus,20241115,1,10.36,2,1,60.0
STU005309,UNI001,CMP067,Data Analyst,Direct Application,20250115,1,21.22,5,1,60.0
STU005310,UNI021,,,Direct Application,20250315,0,,0,0,
STU005311,UNI011,CMP004,Consultant,On-Campus,20250215,1,8.55,3,2,38.0
STU005312,UNI006,,,Recruitment Agency,20241215,0,,1,0,
STU005313,UNI015,CMP029,Operations Associate,Recruitment Agency,20241215,1,13.23,1,1,25.0
STU005314,UNI028,,,Referral,20240915,0,,1,0,
STU005315,UNI004,,,Job Portal,20241115,0,,2,0,
STU005316,UNI011,,,Job Portal,20241015,0,,2,0,
STU005317,UNI015,CMP062,Data Scientist,On-Campus,20250115,1,10.94,1,2,61.0
STU005318,UNI009,CMP049,Frontend Engineer,Referral,20241015,1,31.4,2,1,15.0
STU005319,UNI011,CMP065,QA Engineer,Direct Application,20241015,1,6.01,3,1,33.0
STU005320,UNI002,CMP079,Financial Analyst,Direct Application,20241215,1,24.01,2,2,8.0
STU005321,UNI002,,,On-Campus,20250115,0,,1,0,
STU005322,UNI026,CMP025,Frontend Engineer,Recruitment Agency,20241015,1,27.29,3,1,55.0
STU005323,UNI007,CMP019,Cloud Engineer,Recruitment Agency,20250215,1,28.66,1,1,58.0
STU005324,UNI030,,,Direct Application,20250115,0,,0,0,
STU005325,UNI008,CMP004,Systems Engineer,On-Campus,20241115,1,8.99,1,1,77.0
STU005326,UNI013,,,Direct Application,20250215,0,,1,0,
STU005327,UNI008,,,On-Campus,20241215,0,,2,0,
STU005328,UNI009,,,Direct Application,20240815,0,,1,0,
STU005329,UNI018,,,Recruitment Agency,20250215,0,,0,0,
STU005330,UNI028,CMP022,Consultant,Referral,20240815,1,37.1,1,1,69.0
STU005331,UNI012,,,Referral,20250415,0,,2,0,
STU005332,UNI012,CMP048,Product Analyst,Recruitment Agency,20241115,1,22.84,3,2,60.0
STU005333,UNI023,CMP037,Financial Analyst,Direct Application,20250415,1,7.17,5,1,89.0
STU005334,UNI016,,,Direct Application,20241115,0,,1,0,
STU005335,UNI030,CMP016,QA Engineer,Recruitment Agency,20241215,1,22.79,5,2,59.0
STU005336,UNI018,CMP005,Product Analyst,On-Campus,20250215,1,25.97,4,1,38.0
STU005337,UNI028,,,On-Campus,20240915,0,,0,0,
STU005338,UNI011,CMP020,Systems Engineer,Referral,20240815,1,24.11,5,1,91.0
STU005339,UNI028,,,Recruitment Agency,20241115,0,,2,0,
STU005340,UNI024,CMP042,Systems Engineer,Job Portal,20250415,1,8.53,1,1,48.0
STU005341,UNI016,CMP080,Operations Associate,Job Portal,20250115,1,8.89,4,1,89.0
STU005342,UNI019,CMP030,Backend Engineer,Referral,20241115,1,40.87,1,2,42.0
STU005343,UNI024,CMP067,QA Engineer,Recruitment Agency,20241115,1,18.77,1,2,10.0
STU005344,UNI028,CMP019,Cloud Engineer,Recruitment Agency,20250115,1,14.81,2,1,28.0
STU005345,UNI004,,,Direct Application,20241215,0,,2,0,
STU005346,UNI001,,,On-Campus,20241215,0,,0,0,
STU005347,UNI022,CMP055,ML Engineer,Referral,20240915,1,27.96,4,1,81.0
STU005348,UNI024,CMP045,Data Scientist,Referral,20241215,1,27.12,3,1,32.0
STU005349,UNI023,,,Referral,20250215,0,,2,0,
STU005350,UNI022,CMP079,Consultant,Job Portal,20241115,1,30.67,2,1,29.0
STU005351,UNI029,CMP033,Business Analyst,Recruitment Agency,20240915,1,22.31,4,1,32.0
STU005352,UNI007,,,Job Portal,20240915,0,,1,0,
STU005353,UNI010,,,On-Campus,20241115,0,,2,0,
STU005354,UNI029,CMP079,Design Engineer,Recruitment Agency,20241015,1,29.69,5,1,82.0
STU005355,UNI020,,,Recruitment Agency,20250315,0,,0,0,
STU005356,UNI005,CMP002,Backend Engineer,Referral,20250315,1,16.15,1,2,46.0
STU005357,UNI020,CMP016,Backend Engineer,Recruitment Agency,20250315,1,49.77,1,2,94.0
STU005358,UNI015,CMP010,Data Scientist,Referral,20250215,1,19.4,5,3,74.0
STU005359,UNI012,,,Referral,20250315,0,,2,0,
STU005360,UNI025,CMP002,QA Engineer,Recruitment Agency,20241115,1,6.73,5,1,7.0
STU005361,UNI027,CMP012,Operations Associate,On-Campus,20241215,1,13.18,2,1,66.0
STU005362,UNI008,CMP055,Operations Associate,Job Portal,20241115,1,19.01,4,2,69.0
STU005363,UNI013,CMP008,Backend Engineer,Job Portal,20250415,1,26.8,3,1,15.0
STU005364,UNI011,CMP058,Business Analyst,On-Campus,20240815,1,15.53,5,1,13.0
STU005365,UNI009,CMP060,Product Analyst,Recruitment Agency,20250315,1,14.24,2,1,18.0
STU005366,UNI008,,,Referral,20250415,0,,0,0,
STU005367,UNI005,CMP058,Design Engineer,Direct Application,20250115,1,46.38,4,2,44.0
STU005368,UNI008,CMP048,Systems Engineer,Referral,20250215,1,32.33,1,1,33.0
STU005369,UNI024,CMP066,QA Engineer,Referral,20240915,1,14.17,1,1,45.0
STU005370,UNI020,CMP065,QA Engineer,Referral,20250415,1,12.29,1,2,20.0
STU005371,UNI024,CMP033,Financial Analyst,On-Campus,20250415,1,30.8,2,1,88.0
STU005372,UNI019,CMP071,Data Analyst,On-Campus,20240915,1,34.78,3,3,45.0
STU005373,UNI003,CMP029,Data Scientist,On-Campus,20240815,1,14.93,4,1,11.0
STU005374,UNI027,CMP064,Design Engineer,Direct Application,20250415,1,11.46,5,1,30.0
STU005375,UNI029,CMP001,Data Analyst,On-Campus,20250415,1,9.04,2,1,88.0
STU005376,UNI003,,,Recruitment Agency,20250115,0,,0,0,
STU005377,UNI004,CMP056,Consultant,Referral,20240815,1,27.66,4,1,60.0
STU005378,UNI014,,,On-Campus,20250415,0,,2,0,
STU005379,UNI007,,,Recruitment Agency,20250215,0,,1,0,
STU005380,UNI023,CMP060,Cloud Engineer,Direct Application,20250115,1,13.46,3,1,60.0
STU005381,UNI017,,,Direct Application,20241215,0,,2,0,
STU005382,UNI002,,,Recruitment Agency,20250215,0,,0,0,
STU005383,UNI015,CMP026,Backend Engineer,Direct Application,20240915,1,39.0,3,2,52.0
STU005384,UNI002,,,On-Campus,20250115,0,,1,0,
STU005385,UNI022,CMP055,Backend Engineer,On-Campus,20241215,1,24.88,2,1,48.0
STU005386,UNI002,CMP042,Cloud Engineer,Job Portal,20240915,1,11.46,4,1,42.0
STU005387,UNI017,,,Job Portal,20240815,0,,1,0,
STU005388,UNI010,CMP067,Financial Analyst,Referral,20241215,1,18.58,5,2,86.0
STU005389,UNI017,,,Job Portal,20250415,0,,2,0,
STU005390,UNI022,,,On-Campus,20240915,0,,2,0,
STU005391,UNI001,,,Direct Application,20250215,0,,2,0,
STU005392,UNI007,CMP018,Design Engineer,Recruitment Agency,20250415,1,28.24,5,1,11.0
STU005393,UNI001,CMP008,Data Scientist,Job Portal,20250115,1,22.39,2,1,53.0
STU005394,UNI015,,,Job Portal,20250115,0,,0,0,
STU005395,UNI021,CMP012,Frontend Engineer,Job Portal,20250115,1,26.52,4,1,20.0
STU005396,UNI002,CMP031,Software Engineer,Direct Application,20241215,1,9.27,3,1,47.0
STU005397,UNI003,CMP013,QA Engineer,On-Campus,20250115,1,37.26,5,2,78.0
STU005398,UNI009,CMP048,Data Analyst,Job Portal,20240915,1,25.86,1,1,23.0
STU005399,UNI024,CMP056,QA Engineer,On-Campus,20240915,1,22.17,5,1,10.0
STU005400,UNI007,CMP078,Business Analyst,On-Campus,20250115,1,11.79,5,1,86.0
STU005401,UNI010,,,Recruitment Agency,20250315,0,,0,0,
STU005402,UNI006,,,Job Portal,20240915,0,,1,0,
STU005403,UNI019,CMP041,Systems Engineer,Recruitment Agency,20241115,1,11.08,4,2,36.0
STU005404,UNI025,CMP042,Operations Associate,On-Campus,20240915,1,9.67,3,1,54.0
STU005405,UNI007,,,Job Portal,20250415,0,,1,0,
STU005406,UNI005,CMP076,Cloud Engineer,On-Campus,20241115,1,17.29,5,1,44.0
STU005407,UNI030,,,Recruitment Agency,20250415,0,,1,0,
STU005408,UNI022,,,Job Portal,20241215,0,,0,0,
STU005409,UNI022,CMP034,Frontend Engineer,On-Campus,20241015,1,16.67,4,1,48.0
STU005410,UNI016,CMP067,Software Engineer,Direct Application,20250215,1,19.59,3,1,24.0
STU005411,UNI028,,,Direct Application,20240815,0,,2,0,
STU005412,UNI025,,,On-Campus,20240915,0,,0,0,
STU005413,UNI027,CMP023,Software Engineer,Direct Application,20240815,1,22.45,2,2,86.0
STU005414,UNI011,,,Job Portal,20250215,0,,0,0,
STU005415,UNI016,CMP063,Systems Engineer,Referral,20250415,1,23.68,5,1,81.0
STU005416,UNI008,CMP078,Product Analyst,Referral,20250115,1,12.66,5,1,52.0
STU005417,UNI011,CMP071,Data Analyst,Job Portal,20250315,1,18.06,3,1,20.0
STU005418,UNI018,CMP023,Design Engineer,Recruitment Agency,20250315,1,24.72,4,1,36.0
STU005419,UNI027,,,Direct Application,20250415,0,,0,0,
STU005420,UNI012,CMP050,QA Engineer,Job Portal,20250415,1,5.52,1,1,72.0
STU005421,UNI007,CMP059,Product Analyst,Job Portal,20241215,1,25.55,4,2,32.0
STU005422,UNI015,CMP054,Operations Associate,Referral,20241215,1,29.41,1,1,47.0
STU005423,UNI015,CMP060,Financial Analyst,Referral,20250215,1,23.66,1,1,83.0
STU005424,UNI011,,,Referral,20250315,0,,2,0,
STU005425,UNI030,CMP065,Backend Engineer,On-Campus,20250215,1,17.28,2,1,31.0
STU005426,UNI002,CMP060,Data Scientist,Recruitment Agency,20241115,1,18.89,3,2,29.0
STU005427,UNI017,CMP026,Data Analyst,Direct Application,20241115,1,17.08,5,1,81.0
STU005428,UNI019,,,Job Portal,20240815,0,,2,0,
STU005429,UNI026,CMP001,Data Analyst,Direct Application,20250315,1,11.19,1,1,10.0
STU005430,UNI027,CMP014,Cloud Engineer,Recruitment Agency,20250115,1,9.84,1,2,13.0
STU005431,UNI013,,,Job Portal,20240915,0,,1,0,
STU005432,UNI019,CMP071,Consultant,On-Campus,20250115,1,46.26,3,1,59.0
STU005433,UNI028,,,On-Campus,20250115,0,,0,0,
STU005434,UNI010,CMP020,Design Engineer,Job Portal,20250415,1,21.0,1,2,84.0
STU005435,UNI005,,,Recruitment Agency,20240815,0,,2,0,
STU005436,UNI022,CMP053,Systems Engineer,Job Portal,20250415,1,6.78,3,1,88.0
STU005437,UNI005,CMP009,Financial Analyst,Recruitment Agency,20241015,1,42.97,3,1,78.0
STU005438,UNI027,CMP005,QA Engineer,On-Campus,20250215,1,19.37,1,1,71.0
STU005439,UNI016,,,Recruitment Agency,20241215,0,,1,0,
STU005440,UNI002,,,Job Portal,20240915,0,,2,0,
STU005441,UNI013,CMP032,Operations Associate,On-Campus,20250215,1,18.19,2,1,25.0
STU005442,UNI004,CMP052,Operations Associate,Recruitment Agency,20250115,1,19.01,3,1,57.0
STU005443,UNI001,,,On-Campus,20250415,0,,0,0,
STU005444,UNI026,CMP041,Design Engineer,Recruitment Agency,20250115,1,12.43,1,5,72.0
STU005445,UNI016,CMP064,Consultant,Direct Application,20241115,1,14.55,5,1,83.0
STU005446,UNI003,CMP040,Operations Associate,Direct Application,20250315,1,27.44,3,3,48.0
STU005447,UNI008,CMP067,Data Analyst,Recruitment Agency,20241015,1,21.63,4,1,70.0
STU005448,UNI015,CMP016,Data Analyst,On-Campus,20240815,1,30.42,2,2,14.0
STU005449,UNI020,,,Recruitment Agency,20250115,0,,1,0,
STU005450,UNI019,,,Job Portal,20250315,0,,0,0,
STU005451,UNI014,CMP076,Business Analyst,On-Campus,20250315,1,10.7,3,1,50.0
STU005452,UNI012,,,Job Portal,20241115,0,,0,0,
STU005453,UNI021,CMP013,Software Engineer,Referral,20250415,1,41.77,4,1,47.0
STU005454,UNI016,,,Direct Application,20240815,0,,2,0,
STU005455,UNI003,CMP071,Data Scientist,Direct Application,20241015,1,33.24,4,1,10.0
STU005456,UNI028,CMP037,Consultant,Referral,20241115,1,8.48,2,2,94.0
STU005457,UNI020,CMP070,Operations Associate,On-Campus,20241115,1,35.48,5,1,17.0
STU005458,UNI003,,,Recruitment Agency,20240915,0,,1,0,
STU005459,UNI027,CMP046,Backend Engineer,On-Campus,20250415,1,16.03,4,1,61.0
STU005460,UNI005,,,Direct Application,20241115,0,,1,0,
STU005461,UNI007,,,Job Portal,20250215,0,,1,0,
STU005462,UNI015,CMP055,Consultant,Direct Application,20240915,1,51.25,1,2,65.0
STU005463,UNI029,,,Direct Application,20241215,0,,0,0,
STU005464,UNI024,CMP029,Business Analyst,On-Campus,20241015,1,7.83,3,1,83.0
STU005465,UNI012,CMP051,Operations Associate,On-Campus,20250315,1,20.37,2,1,24.0
STU005466,UNI002,,,Recruitment Agency,20240815,0,,1,0,
STU005467,UNI011,CMP077,Systems Engineer,Direct Application,20250115,1,16.33,1,1,39.0
STU005468,UNI021,CMP030,Financial Analyst,Job Portal,20241215,1,29.32,2,1,62.0
STU005469,UNI028,CMP069,Data Analyst,Referral,20241015,1,10.03,1,1,40.0
STU005470,UNI024,CMP070,Systems Engineer,Direct Application,20241115,1,28.58,4,1,76.0
STU005471,UNI009,CMP077,Data Analyst,Direct Application,20250115,1,24.65,4,1,53.0
STU005472,UNI007,,,Direct Application,20241115,0,,2,0,
STU005473,UNI010,CMP078,Data Scientist,Direct Application,20240815,1,9.41,5,1,36.0
STU005474,UNI008,CMP073,Backend Engineer,Recruitment Agency,20241015,1,38.03,2,1,87.0
STU005475,UNI028,CMP080,Operations Associate,Referral,20250315,1,9.54,4,1,78.0
STU005476,UNI002,CMP061,Backend Engineer,Job Portal,20241215,1,12.08,1,1,74.0
STU005477,UNI004,,,Referral,20250215,0,,2,0,
STU005478,UNI004,,,Direct Application,20250115,0,,1,0,
STU005479,UNI030,,,Referral,20241215,0,,2,0,
STU005480,UNI005,CMP067,Software Engineer,On-Campus,20241115,1,37.85,3,1,92.0
STU005481,UNI005,CMP031,Product Analyst,Referral,20250215,1,14.05,5,2,91.0
STU005482,UNI026,,,Job Portal,20241215,0,,0,0,
STU005483,UNI026,,,Recruitment Agency,20250315,0,,0,0,
STU005484,UNI015,CMP029,Product Analyst,Recruitment Agency,20241115,1,15.7,3,2,49.0
STU005485,UNI006,,,Job Portal,20241115,0,,0,0,
STU005486,UNI007,CMP071,QA Engineer,Referral,20250415,1,23.23,5,1,55.0
STU005487,UNI029,,,Direct Application,20241215,0,,0,0,
STU005488,UNI014,CMP058,QA Engineer,Job Portal,20250415,1,20.62,3,2,53.0
STU005489,UNI015,CMP008,Business Analyst,Direct Application,20241215,1,38.32,3,1,48.0
STU005490,UNI018,CMP028,Data Scientist,Referral,20250215,1,45.12,1,1,31.0
STU005491,UNI014,CMP022,Cloud Engineer,On-Campus,20250315,1,31.03,2,2,58.0
STU005492,UNI004,CMP037,Backend Engineer,Referral,20241015,1,7.35,5,1,84.0
STU005493,UNI001,CMP076,Design Engineer,Recruitment Agency,20240815,1,5.33,2,1,55.0
STU005494,UNI025,,,Referral,20250415,0,,2,0,
STU005495,UNI002,CMP002,Data Analyst,Job Portal,20241015,1,7.63,3,1,9.0
STU005496,UNI018,,,Recruitment Agency,20240915,0,,2,0,
STU005497,UNI008,CMP014,Data Analyst,On-Campus,20241015,1,8.99,3,1,38.0
STU005498,UNI022,,,Referral,20250215,0,,2,0,
STU005499,UNI014,CMP047,Frontend Engineer,On-Campus,20250215,1,26.83,3,2,53.0
STU005500,UNI019,CMP045,Frontend Engineer,Recruitment Agency,20250315,1,44.2,2,2,13.0
STU005501,UNI010,,,Direct Application,20250215,0,,2,0,
STU005502,UNI005,,,Recruitment Agency,20250415,0,,0,0,
STU005503,UNI018,CMP057,Business Analyst,Recruitment Agency,20250115,1,31.14,4,1,75.0
STU005504,UNI012,CMP016,Business Analyst,Referral,20241215,1,21.76,4,1,42.0
STU005505,UNI020,CMP065,Data Scientist,On-Campus,20250315,1,14.41,2,1,83.0
STU005506,UNI014,,,Referral,20250215,0,,1,0,
STU005507,UNI019,CMP057,QA Engineer,Recruitment Agency,20250415,1,27.19,1,2,74.0
STU005508,UNI027,,,Direct Application,20250115,0,,1,0,
STU005509,UNI023,CMP066,Systems Engineer,Direct Application,20241215,1,9.26,3,1,12.0
STU005510,UNI009,,,Recruitment Agency,20250315,0,,0,0,
STU005511,UNI020,CMP014,Frontend Engineer,On-Campus,20241115,1,18.69,4,1,50.0
STU005512,UNI003,CMP058,Design Engineer,On-Campus,20250415,1,35.94,2,2,91.0
STU005513,UNI012,,,Referral,20241015,0,,0,0,
STU005514,UNI009,CMP024,Data Scientist,On-Campus,20250215,1,26.32,3,2,64.0
STU005515,UNI028,CMP040,Systems Engineer,Job Portal,20240815,1,16.91,1,1,61.0
STU005516,UNI018,CMP003,Design Engineer,Job Portal,20241215,1,8.66,3,2,56.0
STU005517,UNI029,CMP005,Design Engineer,Direct Application,20250415,1,23.92,3,3,43.0
STU005518,UNI011,CMP061,Consultant,Recruitment Agency,20250215,1,11.33,1,1,10.0
STU005519,UNI002,,,Direct Application,20241215,0,,0,0,
STU005520,UNI022,,,Recruitment Agency,20250115,0,,0,0,
STU005521,UNI019,,,Job Portal,20241015,0,,2,0,
STU005522,UNI027,CMP016,Consultant,Referral,20240815,1,23.97,5,1,90.0
STU005523,UNI012,CMP065,Product Analyst,Referral,20250115,1,8.28,3,1,47.0
STU005524,UNI021,CMP032,ML Engineer,Recruitment Agency,20241015,1,41.59,2,1,32.0
STU005525,UNI013,CMP078,Product Analyst,On-Campus,20241215,1,6.63,1,2,14.0
STU005526,UNI003,CMP043,Data Scientist,Job Portal,20250415,1,51.63,1,3,85.0
STU005527,UNI025,CMP062,Software Engineer,On-Campus,20250215,1,10.52,1,1,57.0
STU005528,UNI023,CMP051,QA Engineer,Referral,20250115,1,26.69,4,1,11.0
STU005529,UNI012,,,Recruitment Agency,20250115,0,,1,0,
STU005530,UNI017,CMP073,QA Engineer,Direct Application,20241115,1,28.62,2,1,93.0
STU005531,UNI007,CMP004,Product Analyst,On-Campus,20250215,1,11.64,1,1,46.0
STU005532,UNI005,CMP010,ML Engineer,Direct Application,20241115,1,20.55,1,3,82.0
STU005533,UNI016,CMP032,Financial Analyst,Recruitment Agency,20250315,1,18.97,5,1,48.0
STU005534,UNI014,,,Job Portal,20250415,0,,0,0,
STU005535,UNI014,,,On-Campus,20240815,0,,0,0,
STU005536,UNI017,CMP054,Frontend Engineer,Direct Application,20250115,1,34.51,5,1,45.0
STU005537,UNI022,CMP032,Design Engineer,Referral,20250415,1,26.5,5,1,71.0
STU005538,UNI024,,,Referral,20241215,0,,0,0,
STU005539,UNI021,,,Job Portal,20241015,0,,1,0,
STU005540,UNI008,CMP003,QA Engineer,Job Portal,20250215,1,7.92,4,1,13.0
STU005541,UNI017,CMP015,Data Scientist,Job Portal,20240915,1,34.1,3,1,7.0
STU005542,UNI021,CMP052,Financial Analyst,Referral,20240815,1,30.31,5,1,76.0
STU005543,UNI002,,,Recruitment Agency,20241215,0,,1,0,
STU005544,UNI028,CMP061,Software Engineer,Recruitment Agency,20250315,1,12.4,2,1,62.0
STU005545,UNI027,CMP056,Frontend Engineer,Job Portal,20240915,1,16.52,1,1,14.0
STU005546,UNI012,,,Referral,20250315,0,,2,0,
STU005547,UNI027,CMP012,QA Engineer,Referral,20250115,1,17.38,4,1,22.0
STU005548,UNI013,CMP078,ML Engineer,On-Campus,20241015,1,8.67,1,1,56.0
STU005549,UNI012,CMP034,Data Analyst,Job Portal,20241015,1,20.85,1,2,40.0
STU005550,UNI006,,,Direct Application,20250115,0,,2,0,
STU005551,UNI029,CMP049,Backend Engineer,Recruitment Agency,20241215,1,33.09,4,1,92.0
STU005552,UNI006,,,Job Portal,20250115,0,,1,0,
STU005553,UNI022,CMP065,Financial Analyst,Recruitment Agency,20250315,1,7.86,3,1,19.0
STU005554,UNI023,,,Job Portal,20241015,0,,0,0,
STU005555,UNI017,,,Direct Application,20240815,0,,2,0,
STU005556,UNI024,,,Recruitment Agency,20250415,0,,2,0,
STU005557,UNI023,CMP008,Frontend Engineer,On-Campus,20241115,1,21.4,5,1,23.0
STU005558,UNI030,,,Recruitment Agency,20241115,0,,0,0,
STU005559,UNI010,,,Referral,20250215,0,,0,0,
STU005560,UNI020,,,On-Campus,20250215,0,,1,0,
STU005561,UNI007,CMP070,Software Engineer,On-Campus,20241115,1,26.14,4,1,76.0
STU005562,UNI011,,,Recruitment Agency,20250215,0,,1,0,
STU005563,UNI026,CMP077,Consultant,Recruitment Agency,20250415,1,35.5,5,4,7.0
STU005564,UNI027,CMP004,Product Analyst,Job Portal,20250315,1,5.3,5,1,19.0
STU005565,UNI006,CMP033,Consultant,Recruitment Agency,20240815,1,35.9,2,1,32.0
STU005566,UNI019,CMP042,Operations Associate,Direct Application,20240815,1,14.86,4,3,24.0
STU005567,UNI030,CMP002,QA Engineer,On-Campus,20250415,1,12.11,4,1,67.0
STU005568,UNI010,CMP025,Frontend Engineer,Recruitment Agency,20240815,1,20.98,1,1,20.0
STU005569,UNI004,CMP043,Software Engineer,On-Campus,20241115,1,21.56,1,1,61.0
STU005570,UNI017,CMP031,QA Engineer,Direct Application,20241015,1,8.74,5,2,34.0
STU005571,UNI008,CMP065,Product Analyst,On-Campus,20250215,1,8.58,2,1,44.0
STU005572,UNI027,,,Direct Application,20241015,0,,0,0,
STU005573,UNI009,CMP062,Product Analyst,Job Portal,20250215,1,11.02,3,1,13.0
STU005574,UNI030,CMP056,Backend Engineer,On-Campus,20250215,1,56.93,1,1,57.0
STU005575,UNI022,,,Referral,20240815,0,,1,0,
STU005576,UNI001,,,On-Campus,20241015,0,,0,0,
STU005577,UNI016,,,Job Portal,20240815,0,,1,0,
STU005578,UNI013,,,Recruitment Agency,20240915,0,,2,0,
STU005579,UNI016,,,On-Campus,20241015,0,,0,0,
STU005580,UNI026,,,Recruitment Agency,20240915,0,,2,0,
STU005581,UNI005,CMP040,Data Scientist,Referral,20250215,1,62.81,4,2,38.0
STU005582,UNI021,,,On-Campus,20241115,0,,1,0,
STU005583,UNI022,,,Referral,20250215,0,,0,0,
STU005584,UNI016,,,Job Portal,20240915,0,,0,0,
STU005585,UNI015,,,Recruitment Agency,20250315,0,,1,0,
STU005586,UNI010,,,Job Portal,20241115,0,,0,0,
STU005587,UNI019,,,Job Portal,20240815,0,,0,0,
STU005588,UNI027,CMP061,Business Analyst,Job Portal,20250215,1,8.89,2,1,26.0
STU005589,UNI016,CMP049,Data Analyst,Job Portal,20240815,1,13.49,1,1,80.0
STU005590,UNI025,CMP041,Frontend Engineer,Referral,20241115,1,10.83,3,1,94.0
STU005591,UNI027,CMP074,Business Analyst,Recruitment Agency,20240915,1,15.14,3,1,23.0
STU005592,UNI017,,,Job Portal,20241015,0,,1,0,
STU005593,UNI009,CMP053,Financial Analyst,Recruitment Agency,20241015,1,7.24,3,1,94.0
STU005594,UNI024,CMP001,Consultant,Direct Application,20240915,1,15.39,2,1,11.0
STU005595,UNI027,CMP022,QA Engineer,Referral,20240815,1,24.17,4,2,27.0
STU005596,UNI024,CMP020,QA Engineer,On-Campus,20241015,1,22.22,5,1,30.0
STU005597,UNI005,,,On-Campus,20240915,0,,1,0,
STU005598,UNI018,,,Referral,20250315,0,,0,0,
STU005599,UNI029,CMP047,Design Engineer,Direct Application,20240815,1,24.53,4,1,23.0
STU005600,UNI016,CMP061,Data Scientist,Job Portal,20250215,1,7.52,2,1,36.0
STU005601,UNI012,CMP008,Frontend Engineer,Job Portal,20250115,1,26.75,1,1,55.0
STU005602,UNI028,CMP069,QA Engineer,Recruitment Agency,20241215,1,5.76,4,1,32.0
STU005603,UNI012,CMP031,Cloud Engineer,Job Portal,20250315,1,10.64,2,2,18.0
STU005604,UNI019,,,On-Campus,20241015,0,,1,0,
STU005605,UNI027,CMP011,Design Engineer,Job Portal,20250115,1,5.27,4,1,11.0
STU005606,UNI018,CMP042,Software Engineer,Recruitment Agency,20250315,1,14.57,4,1,68.0
STU005607,UNI005,,,Direct Application,20250215,0,,2,0,
STU005608,UNI020,CMP003,QA Engineer,Job Portal,20241115,1,8.71,3,2,78.0
STU005609,UNI025,,,On-Campus,20250315,0,,2,0,
STU005610,UNI020,,,Direct Application,20241215,0,,0,0,
STU005611,UNI020,CMP018,Software Engineer,On-Campus,20250115,1,49.81,1,1,37.0
STU005612,UNI030,CMP080,Data Scientist,Referral,20240915,1,25.48,5,1,32.0
STU005613,UNI007,CMP064,Frontend Engineer,On-Campus,20241215,1,25.21,1,2,56.0
STU005614,UNI014,CMP042,Product Analyst,Recruitment Agency,20241115,1,13.24,4,1,71.0
STU005615,UNI001,CMP069,Financial Analyst,On-Campus,20241215,1,6.24,5,1,72.0
STU005616,UNI019,,,Direct Application,20241015,0,,1,0,
STU005617,UNI027,,,Recruitment Agency,20250415,0,,0,0,
STU005618,UNI003,CMP061,Product Analyst,Direct Application,20240815,1,21.34,4,3,29.0
STU005619,UNI001,CMP060,Design Engineer,Referral,20241115,1,8.75,1,1,85.0
STU005620,UNI028,CMP006,Consultant,Job Portal,20240815,1,22.58,4,2,84.0
STU005621,UNI008,CMP047,Data Analyst,Direct Application,20241015,1,25.47,4,1,63.0
STU005622,UNI029,CMP067,QA Engineer,On-Campus,20240815,1,22.75,3,1,81.0
STU005623,UNI008,CMP035,Systems Engineer,Job Portal,20240815,1,21.32,5,3,70.0
STU005624,UNI003,CMP018,Data Analyst,Direct Application,20240815,1,35.04,4,2,57.0
STU005625,UNI015,,,Referral,20241215,0,,1,0,
STU005626,UNI024,,,Direct Application,20241015,0,,0,0,
STU005627,UNI018,CMP002,Financial Analyst,Recruitment Agency,20240815,1,7.51,5,1,63.0
STU005628,UNI025,,,Recruitment Agency,20250115,0,,1,0,
STU005629,UNI003,CMP079,Financial Analyst,Job Portal,20250115,1,28.67,3,2,75.0
STU005630,UNI026,,,Referral,20250315,0,,1,0,
STU005631,UNI002,CMP060,Cloud Engineer,On-Campus,20250115,1,11.51,4,1,30.0
STU005632,UNI025,CMP011,Operations Associate,Job Portal,20250315,1,8.81,1,2,34.0
STU005633,UNI026,CMP036,QA Engineer,Referral,20250315,1,32.15,1,1,28.0
STU005634,UNI005,CMP028,Software Engineer,Recruitment Agency,20250115,1,55.1,5,1,40.0
STU005635,UNI006,CMP017,Backend Engineer,Referral,20250315,1,22.27,5,2,85.0
STU005636,UNI012,,,Job Portal,20250415,0,,0,0,
STU005637,UNI005,CMP032,Financial Analyst,Job Portal,20241215,1,34.18,1,1,41.0
STU005638,UNI003,CMP016,Cloud Engineer,Job Portal,20241015,1,49.27,4,3,51.0
STU005639,UNI006,CMP010,Software Engineer,Job Portal,20241015,1,11.3,1,1,13.0
STU005640,UNI023,,,Recruitment Agency,20241015,0,,2,0,
STU005641,UNI014,CMP068,Product Analyst,Job Portal,20240815,1,27.17,5,1,26.0
STU005642,UNI014,,,Direct Application,20250415,0,,0,0,
STU005643,UNI029,,,On-Campus,20241015,0,,1,0,
STU005644,UNI030,,,Recruitment Agency,20240915,0,,1,0,
STU005645,UNI025,CMP048,Frontend Engineer,Referral,20241015,1,33.64,1,1,56.0
STU005646,UNI020,CMP001,Operations Associate,Recruitment Agency,20241115,1,9.95,5,2,63.0
STU005647,UNI009,CMP027,Data Scientist,Recruitment Agency,20241215,1,39.37,5,2,86.0
STU005648,UNI019,CMP033,QA Engineer,Recruitment Agency,20241115,1,34.66,2,3,32.0
STU005649,UNI011,CMP046,Consultant,Referral,20250215,1,19.32,2,1,35.0
STU005650,UNI012,,,Recruitment Agency,20241215,0,,2,0,
STU005651,UNI013,CMP052,Business Analyst,Referral,20250315,1,23.31,3,1,10.0
STU005652,UNI004,CMP036,Data Analyst,Direct Application,20250415,1,23.91,5,2,34.0
STU005653,UNI010,CMP026,Data Analyst,Referral,20250115,1,25.33,3,1,41.0
STU005654,UNI012,CMP056,Software Engineer,Recruitment Agency,20240815,1,27.29,4,2,74.0
STU005655,UNI003,,,On-Campus,20250415,0,,0,0,
STU005656,UNI009,CMP038,Operations Associate,Referral,20241015,1,11.23,3,2,65.0
STU005657,UNI009,CMP043,ML Engineer,Job Portal,20240815,1,33.73,1,1,18.0
STU005658,UNI018,,,Recruitment Agency,20250415,0,,0,0,
STU005659,UNI008,,,Recruitment Agency,20250415,0,,1,0,
STU005660,UNI002,,,Referral,20241115,0,,1,0,
STU005661,UNI013,CMP055,Product Analyst,On-Campus,20241015,1,26.47,4,2,41.0
STU005662,UNI028,,,Referral,20250215,0,,1,0,
STU005663,UNI009,CMP027,Cloud Engineer,Direct Application,20250115,1,28.79,4,1,71.0
STU005664,UNI024,CMP013,ML Engineer,Direct Application,20250115,1,31.5,5,1,36.0
STU005665,UNI006,CMP028,Frontend Engineer,On-Campus,20250415,1,25.99,1,2,83.0
STU005666,UNI008,,,On-Campus,20250415,0,,2,0,
STU005667,UNI022,,,Referral,20241015,0,,2,0,
STU005668,UNI012,CMP047,Operations Associate,Job Portal,20250115,1,13.55,4,1,78.0
STU005669,UNI026,CMP078,Backend Engineer,Job Portal,20240815,1,19.27,3,1,90.0
STU005670,UNI020,,,Referral,20250415,0,,0,0,
STU005671,UNI026,CMP058,Software Engineer,Referral,20240815,1,53.6,4,1,66.0
STU005672,UNI003,CMP013,Cloud Engineer,Job Portal,20241115,1,36.75,3,1,75.0
STU005673,UNI029,,,Referral,20240915,0,,0,0,
STU005674,UNI001,CMP038,Financial Analyst,Job Portal,20240915,1,8.98,1,2,17.0
STU005675,UNI012,CMP038,ML Engineer,Recruitment Agency,20241115,1,9.59,2,2,49.0
STU005676,UNI028,CMP034,Design Engineer,On-Campus,20241115,1,25.07,5,1,55.0
STU005677,UNI025,CMP019,Data Scientist,On-Campus,20250115,1,32.8,3,1,33.0
STU005678,UNI004,CMP013,Business Analyst,On-Campus,20241115,1,26.7,3,1,53.0
STU005679,UNI030,CMP032,Backend Engineer,Recruitment Agency,20241215,1,46.59,3,1,54.0
STU005680,UNI025,CMP075,Systems Engineer,Job Portal,20250215,1,35.4,4,1,87.0
STU005681,UNI025,,,Direct Application,20241115,0,,1,0,
STU005682,UNI022,CMP063,Systems Engineer,Referral,20250315,1,21.66,2,2,36.0
STU005683,UNI017,,,Referral,20241015,0,,1,0,
STU005684,UNI023,CMP011,Design Engineer,Job Portal,20240915,1,6.42,3,1,57.0
STU005685,UNI030,,,Direct Application,20240915,0,,2,0,
STU005686,UNI020,CMP075,QA Engineer,Direct Application,20241215,1,35.24,1,1,62.0
STU005687,UNI011,CMP008,Data Analyst,Job Portal,20250215,1,17.82,2,1,82.0
STU005688,UNI023,,,Referral,20241015,0,,0,0,
STU005689,UNI015,,,On-Campus,20250315,0,,1,0,
STU005690,UNI018,CMP067,Financial Analyst,Job Portal,20241115,1,27.5,5,1,11.0
STU005691,UNI003,CMP050,Financial Analyst,Referral,20241015,1,17.08,4,2,57.0
STU005692,UNI009,CMP023,Business Analyst,Referral,20250415,1,20.27,2,1,20.0
STU005693,UNI003,CMP032,Business Analyst,Recruitment Agency,20250115,1,37.38,4,3,64.0
STU005694,UNI006,CMP044,Backend Engineer,Referral,20250215,1,34.82,4,2,77.0
STU005695,UNI010,CMP071,Operations Associate,Direct Application,20241015,1,14.06,1,2,57.0
STU005696,UNI004,CMP067,Data Analyst,Job Portal,20240815,1,17.08,5,2,52.0
STU005697,UNI022,CMP019,Cloud Engineer,On-Campus,20250315,1,21.08,4,1,81.0
STU005698,UNI018,,,Recruitment Agency,20240915,0,,1,0,
STU005699,UNI007,CMP048,Software Engineer,Referral,20241115,1,27.19,5,1,90.0
STU005700,UNI020,CMP055,Data Analyst,On-Campus,20250315,1,39.13,3,1,85.0
STU005701,UNI008,CMP036,Product Analyst,On-Campus,20250315,1,31.57,3,1,40.0
STU005702,UNI009,,,Job Portal,20241015,0,,1,0,
STU005703,UNI023,CMP039,Software Engineer,Referral,20250315,1,14.56,2,1,23.0
STU005704,UNI010,CMP060,Product Analyst,Referral,20250215,1,10.77,4,1,77.0
STU005705,UNI013,,,Direct Application,20250315,0,,1,0,
STU005706,UNI002,,,Direct Application,20241115,0,,1,0,
STU005707,UNI024,,,On-Campus,20241115,0,,0,0,
STU005708,UNI002,CMP008,Consultant,On-Campus,20241215,1,23.79,2,1,71.0
STU005709,UNI005,CMP080,Cloud Engineer,Referral,20241215,1,21.44,2,1,53.0
STU005710,UNI020,CMP047,Cloud Engineer,Recruitment Agency,20241115,1,51.94,4,2,18.0
STU005711,UNI005,,,Job Portal,20241215,0,,2,0,
STU005712,UNI009,,,Recruitment Agency,20250115,0,,0,0,
STU005713,UNI012,CMP053,Backend Engineer,Job Portal,20241015,1,9.68,5,1,42.0
STU005714,UNI018,,,On-Campus,20250115,0,,0,0,
STU005715,UNI005,CMP049,Operations Associate,On-Campus,20240915,1,30.63,5,2,41.0
STU005716,UNI011,,,Recruitment Agency,20241115,0,,2,0,
STU005717,UNI009,CMP059,Backend Engineer,On-Campus,20250315,1,23.32,5,1,35.0
STU005718,UNI001,,,Recruitment Agency,20241015,0,,0,0,
STU005719,UNI018,,,Recruitment Agency,20240815,0,,0,0,
STU005720,UNI004,CMP045,Frontend Engineer,Referral,20240915,1,18.52,5,1,51.0
STU005721,UNI026,CMP040,Product Analyst,Direct Application,20250115,1,33.57,2,2,35.0
STU005722,UNI028,CMP047,Data Analyst,Referral,20241115,1,28.32,4,1,50.0
STU005723,UNI028,,,Direct Application,20241015,0,,1,0,
STU005724,UNI014,CMP069,Design Engineer,Recruitment Agency,20241115,1,6.81,4,1,34.0
STU005725,UNI016,,,Job Portal,20250215,0,,0,0,
STU005726,UNI021,CMP001,Business Analyst,Recruitment Agency,20250115,1,7.46,5,1,44.0
STU005727,UNI012,CMP049,Data Analyst,Referral,20250115,1,22.22,5,1,63.0
STU005728,UNI030,CMP079,Product Analyst,On-Campus,20240915,1,32.78,2,1,23.0
STU005729,UNI004,,,Recruitment Agency,20241015,0,,1,0,
STU005730,UNI017,,,On-Campus,20240815,0,,1,0,
STU005731,UNI027,CMP080,Backend Engineer,Job Portal,20241215,1,10.36,5,1,69.0
STU005732,UNI022,,,On-Campus,20250315,0,,0,0,
STU005733,UNI004,,,On-Campus,20241215,0,,1,0,
STU005734,UNI025,CMP064,QA Engineer,Job Portal,20250415,1,17.42,2,1,45.0
STU005735,UNI026,CMP052,Backend Engineer,Direct Application,20241115,1,40.5,3,2,48.0
STU005736,UNI026,CMP005,Consultant,Recruitment Agency,20240815,1,64.84,3,1,84.0
STU005737,UNI026,CMP007,Operations Associate,Direct Application,20250215,1,26.25,2,2,49.0
STU005738,UNI030,,,Job Portal,20241215,0,,2,0,
STU005739,UNI017,CMP001,Product Analyst,Recruitment Agency,20250215,1,11.56,3,1,44.0
STU005740,UNI030,CMP016,Financial Analyst,Direct Application,20250415,1,44.98,3,1,89.0
STU005741,UNI001,CMP039,Backend Engineer,Referral,20250415,1,16.09,1,1,13.0
STU005742,UNI009,CMP010,ML Engineer,Direct Application,20241215,1,16.42,3,1,67.0
STU005743,UNI022,CMP040,Product Analyst,On-Campus,20241215,1,22.4,5,2,68.0
STU005744,UNI007,CMP048,Business Analyst,Job Portal,20250215,1,21.76,1,1,38.0
STU005745,UNI010,CMP034,Backend Engineer,Recruitment Agency,20241015,1,27.31,4,1,16.0
STU005746,UNI002,CMP080,Design Engineer,On-Campus,20250315,1,8.4,3,1,24.0
STU005747,UNI003,CMP058,Backend Engineer,Referral,20250215,1,49.57,1,2,11.0
STU005748,UNI006,CMP047,Financial Analyst,Direct Application,20250215,1,30.56,1,1,69.0
STU005749,UNI018,CMP038,Operations Associate,On-Campus,20241015,1,6.9,5,1,58.0
STU005750,UNI024,CMP026,Frontend Engineer,On-Campus,20241115,1,28.47,1,1,7.0
STU005751,UNI014,,,Job Portal,20241215,0,,1,0,
STU005752,UNI001,CMP047,Consultant,Job Portal,20241015,1,18.17,1,1,85.0
STU005753,UNI013,CMP067,Data Scientist,Job Portal,20241115,1,28.31,3,1,29.0
STU005754,UNI006,CMP070,Design Engineer,Referral,20240815,1,29.38,3,1,62.0
STU005755,UNI019,,,On-Campus,20250115,0,,0,0,
STU005756,UNI007,,,Recruitment Agency,20241015,0,,2,0,
STU005757,UNI027,CMP078,Software Engineer,On-Campus,20241115,1,7.64,1,1,60.0
STU005758,UNI011,CMP046,Product Analyst,Referral,20250115,1,24.85,2,2,10.0
STU005759,UNI002,CMP049,Data Analyst,Recruitment Agency,20241015,1,18.4,1,2,88.0
STU005760,UNI013,CMP005,Data Analyst,Referral,20241115,1,21.74,4,1,75.0
STU005761,UNI002,CMP059,Design Engineer,Referral,20250415,1,18.48,2,1,19.0
STU005762,UNI027,,,Job Portal,20240815,0,,1,0,
STU005763,UNI002,CMP053,Consultant,Job Portal,20241215,1,6.46,3,1,47.0
STU005764,UNI006,,,On-Campus,20241215,0,,1,0,
STU005765,UNI022,CMP071,Data Analyst,Job Portal,20241215,1,21.1,4,1,87.0
STU005766,UNI006,CMP029,Operations Associate,Job Portal,20250315,1,7.0,2,1,68.0
STU005767,UNI011,,,Direct Application,20250215,0,,0,0,
STU005768,UNI008,CMP037,Frontend Engineer,Direct Application,20241215,1,11.82,4,1,32.0
STU005769,UNI003,CMP031,Design Engineer,On-Campus,20241115,1,10.34,4,1,71.0
STU005770,UNI022,CMP039,Business Analyst,Referral,20250115,1,11.84,3,1,34.0
STU005771,UNI005,,,Recruitment Agency,20240815,0,,2,0,
STU005772,UNI002,,,Referral,20250115,0,,1,0,
STU005773,UNI030,CMP030,Backend Engineer,On-Campus,20240815,1,33.04,4,4,71.0
STU005774,UNI016,CMP023,Software Engineer,Referral,20241015,1,20.38,4,1,34.0
STU005775,UNI027,,,Referral,20240815,0,,1,0,
STU005776,UNI003,CMP066,Systems Engineer,On-Campus,20250215,1,19.28,4,1,71.0
STU005777,UNI029,,,Recruitment Agency,20250315,0,,0,0,
STU005778,UNI011,,,Referral,20250415,0,,2,0,
STU005779,UNI030,,,Job Portal,20250415,0,,2,0,
STU005780,UNI015,CMP048,Data Analyst,Job Portal,20250415,1,36.51,5,2,35.0
STU005781,UNI013,CMP062,Design Engineer,Direct Application,20250215,1,7.02,2,1,7.0
STU005782,UNI009,,,Referral,20241115,0,,2,0,
STU005783,UNI011,CMP055,Consultant,Job Portal,20250415,1,19.07,5,1,87.0
STU005784,UNI014,,,Direct Application,20241015,0,,0,0,
STU005785,UNI014,CMP075,Data Analyst,On-Campus,20241215,1,21.84,1,1,73.0
STU005786,UNI011,,,Recruitment Agency,20250415,0,,1,0,
STU005787,UNI009,,,Recruitment Agency,20241115,0,,2,0,
STU005788,UNI001,,,Direct Application,20241115,0,,2,0,
STU005789,UNI016,,,Direct Application,20240915,0,,1,0,
STU005790,UNI006,CMP048,Product Analyst,On-Campus,20241015,1,26.01,1,2,27.0
STU005791,UNI024,CMP016,Product Analyst,Job Portal,20250315,1,29.25,2,3,15.0
STU005792,UNI020,CMP031,Backend Engineer,On-Campus,20241115,1,20.63,4,4,61.0
STU005793,UNI020,,,Recruitment Agency,20241015,0,,0,0,
STU005794,UNI025,CMP070,Systems Engineer,Recruitment Agency,20241115,1,27.29,3,1,76.0
STU005795,UNI004,CMP077,Frontend Engineer,Direct Application,20241115,1,17.83,3,1,94.0
STU005796,UNI023,,,On-Campus,20250215,0,,2,0,
STU005797,UNI001,CMP036,Financial Analyst,Job Portal,20240915,1,20.04,5,1,26.0
STU005798,UNI019,,,On-Campus,20250215,0,,0,0,
STU005799,UNI020,CMP030,Data Analyst,Direct Application,20241115,1,38.69,3,1,24.0
STU005800,UNI011,,,Job Portal,20240915,0,,0,0,
STU005801,UNI019,CMP012,Frontend Engineer,On-Campus,20241115,1,38.06,1,1,23.0
STU005802,UNI006,CMP025,Operations Associate,Recruitment Agency,20250215,1,23.4,4,2,90.0
STU005803,UNI002,,,Recruitment Agency,20250115,0,,1,0,
STU005804,UNI030,,,Job Portal,20241215,0,,0,0,
STU005805,UNI015,CMP011,Financial Analyst,On-Campus,20250415,1,16.29,1,2,57.0
STU005806,UNI023,CMP047,Consultant,Direct Application,20241215,1,22.66,1,1,73.0
STU005807,UNI012,CMP069,Data Scientist,Job Portal,20241215,1,9.45,2,1,45.0
STU005808,UNI017,CMP039,Operations Associate,Job Portal,20250215,1,11.51,1,1,23.0
STU005809,UNI007,,,Recruitment Agency,20241015,0,,1,0,
STU005810,UNI023,,,Job Portal,20250415,0,,0,0,
STU005811,UNI026,,,Recruitment Agency,20240815,0,,2,0,
STU005812,UNI002,CMP022,Backend Engineer,Direct Application,20241115,1,17.5,3,1,87.0
STU005813,UNI024,CMP078,Frontend Engineer,On-Campus,20241015,1,9.31,4,1,87.0
STU005814,UNI002,,,Direct Application,20240915,0,,1,0,
STU005815,UNI004,CMP072,Financial Analyst,Recruitment Agency,20241015,1,7.94,2,1,53.0
STU005816,UNI009,,,Direct Application,20241015,0,,2,0,
STU005817,UNI021,CMP057,Frontend Engineer,Referral,20241115,1,25.16,2,1,51.0
STU005818,UNI006,CMP060,Consultant,Recruitment Agency,20250215,1,12.09,3,1,49.0
STU005819,UNI015,CMP045,Consultant,Recruitment Agency,20240815,1,32.33,3,1,71.0
STU005820,UNI001,,,On-Campus,20250315,0,,0,0,
STU005821,UNI005,CMP056,Backend Engineer,Recruitment Agency,20240815,1,53.16,2,1,69.0
STU005822,UNI007,CMP075,Product Analyst,Direct Application,20241215,1,31.4,1,1,18.0
STU005823,UNI016,CMP006,Financial Analyst,On-Campus,20250415,1,22.19,2,2,75.0
STU005824,UNI019,CMP034,Data Scientist,Recruitment Agency,20250315,1,65.0,4,1,15.0
STU005825,UNI010,,,Direct Application,20240815,0,,1,0,
STU005826,UNI017,,,Recruitment Agency,20241015,0,,0,0,
STU005827,UNI029,,,Direct Application,20250315,0,,2,0,
STU005828,UNI028,CMP047,Operations Associate,On-Campus,20240915,1,18.05,1,1,14.0
STU005829,UNI004,,,Job Portal,20250315,0,,0,0,
STU005830,UNI019,CMP024,Business Analyst,On-Campus,20241015,1,27.44,4,2,52.0
STU005831,UNI020,,,Recruitment Agency,20240815,0,,1,0,
STU005832,UNI014,,,Direct Application,20241115,0,,2,0,
STU005833,UNI009,CMP063,Consultant,On-Campus,20250415,1,24.32,3,1,47.0
STU005834,UNI011,,,On-Campus,20250215,0,,0,0,
STU005835,UNI003,CMP007,Software Engineer,Direct Application,20250315,1,30.39,2,1,7.0
STU005836,UNI002,,,Recruitment Agency,20241115,0,,1,0,
STU005837,UNI006,CMP029,Financial Analyst,Referral,20250215,1,11.21,1,1,33.0
STU005838,UNI021,CMP044,Financial Analyst,On-Campus,20240815,1,37.39,5,2,61.0
STU005839,UNI005,CMP067,Frontend Engineer,Referral,20240815,1,58.3,5,1,23.0
STU005840,UNI011,CMP016,Software Engineer,Job Portal,20241115,1,22.57,1,1,49.0
STU005841,UNI029,CMP025,Data Analyst,On-Campus,20250315,1,31.86,3,2,45.0
STU005842,UNI022,,,On-Campus,20250415,0,,1,0,
STU005843,UNI022,,,Referral,20250115,0,,0,0,
STU005844,UNI022,,,Direct Application,20241215,0,,0,0,
STU005845,UNI026,,,Direct Application,20250415,0,,2,0,
STU005846,UNI023,CMP006,QA Engineer,Recruitment Agency,20240815,1,21.1,4,1,8.0
STU005847,UNI025,CMP038,Frontend Engineer,Recruitment Agency,20241015,1,7.71,5,2,60.0
STU005848,UNI014,,,Recruitment Agency,20250215,0,,2,0,
STU005849,UNI010,CMP024,Financial Analyst,Referral,20241015,1,20.59,4,1,46.0
STU005850,UNI021,CMP018,Operations Associate,On-Campus,20240915,1,20.96,5,1,52.0
STU005851,UNI029,CMP003,Financial Analyst,On-Campus,20240815,1,7.52,2,1,55.0
STU005852,UNI011,CMP011,Cloud Engineer,Recruitment Agency,20241015,1,8.65,3,2,68.0
STU005853,UNI001,CMP056,Systems Engineer,Referral,20250215,1,19.43,3,1,10.0
STU005854,UNI027,CMP028,Systems Engineer,Referral,20241215,1,20.12,1,1,21.0
STU005855,UNI030,CMP063,QA Engineer,Referral,20241015,1,32.77,3,2,27.0
STU005856,UNI006,CMP026,Systems Engineer,Recruitment Agency,20241215,1,21.74,2,2,93.0
STU005857,UNI014,CMP025,Systems Engineer,Job Portal,20250215,1,18.99,2,1,53.0
STU005858,UNI005,CMP015,Design Engineer,On-Campus,20240815,1,35.69,1,2,55.0
STU005859,UNI015,CMP007,Frontend Engineer,Recruitment Agency,20250215,1,46.24,2,2,53.0
STU005860,UNI021,,,Recruitment Agency,20250115,0,,1,0,
STU005861,UNI017,,,On-Campus,20250215,0,,0,0,
STU005862,UNI015,CMP009,Financial Analyst,On-Campus,20241115,1,47.8,1,1,66.0
STU005863,UNI023,CMP021,Consultant,Recruitment Agency,20241115,1,11.69,4,1,71.0
STU005864,UNI018,CMP060,Consultant,Referral,20250115,1,17.18,3,1,29.0
STU005865,UNI026,CMP018,QA Engineer,Referral,20241015,1,39.15,1,3,9.0
STU005866,UNI009,CMP015,Operations Associate,On-Campus,20240915,1,16.45,3,3,62.0
STU005867,UNI029,,,Job Portal,20250415,0,,1,0,
STU005868,UNI019,CMP068,Backend Engineer,Referral,20240815,1,56.34,3,2,42.0
STU005869,UNI028,,,Referral,20250415,0,,2,0,
STU005870,UNI011,CMP003,Software Engineer,Recruitment Agency,20250415,1,8.79,5,1,37.0
STU005871,UNI011,,,Direct Application,20241215,0,,0,0,
STU005872,UNI022,CMP067,Data Scientist,Referral,20240815,1,31.25,4,1,8.0
STU005873,UNI002,CMP059,Operations Associate,Direct Application,20250415,1,16.42,4,1,43.0
STU005874,UNI009,CMP068,Frontend Engineer,On-Campus,20240915,1,34.9,5,1,33.0
STU005875,UNI026,CMP062,Frontend Engineer,Recruitment Agency,20241015,1,16.19,1,1,91.0
STU005876,UNI023,CMP061,Data Scientist,Job Portal,20241015,1,11.16,5,1,49.0
STU005877,UNI012,CMP017,Operations Associate,Referral,20250215,1,12.41,5,1,53.0
STU005878,UNI007,CMP064,Data Analyst,Direct Application,20250415,1,24.34,5,2,41.0
STU005879,UNI008,,,Job Portal,20240815,0,,1,0,
STU005880,UNI010,,,Job Portal,20241015,0,,2,0,
STU005881,UNI006,CMP052,Product Analyst,Referral,20241215,1,40.62,2,1,89.0
STU005882,UNI002,,,Direct Application,20241215,0,,1,0,
STU005883,UNI015,,,Recruitment Agency,20250115,0,,0,0,
STU005884,UNI002,CMP029,Data Analyst,Recruitment Agency,20250215,1,6.86,5,2,36.0
STU005885,UNI022,CMP066,Systems Engineer,Referral,20250115,1,12.37,2,2,29.0
STU005886,UNI022,CMP070,Financial Analyst,Referral,20250315,1,21.52,5,1,92.0
STU005887,UNI015,CMP047,Frontend Engineer,On-Campus,20241015,1,47.79,5,1,71.0
STU005888,UNI029,,,Direct Application,20240915,0,,1,0,
STU005889,UNI004,CMP040,Design Engineer,Direct Application,20250115,1,18.15,1,1,69.0
STU005890,UNI025,,,Recruitment Agency,20250215,0,,1,0,
STU005891,UNI007,CMP064,Data Analyst,Referral,20250315,1,28.0,3,1,87.0
STU005892,UNI026,,,Referral,20241115,0,,2,0,
STU005893,UNI021,,,On-Campus,20241215,0,,0,0,
STU005894,UNI003,CMP020,Frontend Engineer,Job Portal,20250115,1,38.83,1,1,70.0
STU005895,UNI028,,,Recruitment Agency,20241015,0,,1,0,
STU005896,UNI025,,,Referral,20250215,0,,2,0,
STU005897,UNI003,,,On-Campus,20250215,0,,2,0,
STU005898,UNI009,,,Recruitment Agency,20250215,0,,2,0,
STU005899,UNI003,,,Job Portal,20240915,0,,2,0,
STU005900,UNI030,CMP075,Cloud Engineer,Recruitment Agency,20241215,1,55.81,3,1,64.0
STU005901,UNI005,CMP038,Frontend Engineer,Direct Application,20241115,1,16.59,3,1,64.0
STU005902,UNI020,CMP056,Frontend Engineer,Job Portal,20250315,1,27.52,3,1,69.0
STU005903,UNI023,CMP068,Business Analyst,Job Portal,20241215,1,18.16,2,1,70.0
STU005904,UNI007,,,On-Campus,20240815,0,,0,0,
STU005905,UNI027,CMP054,Backend Engineer,On-Campus,20241215,1,18.92,2,2,71.0
STU005906,UNI003,,,Referral,20240815,0,,2,0,
STU005907,UNI028,,,Recruitment Agency,20241015,0,,0,0,
STU005908,UNI005,,,On-Campus,20241115,0,,0,0,
STU005909,UNI026,CMP008,QA Engineer,On-Campus,20250315,1,29.83,4,1,13.0
STU005910,UNI012,,,Referral,20250115,0,,0,0,
STU005911,UNI009,CMP044,Backend Engineer,On-Campus,20250315,1,36.69,2,1,40.0
STU005912,UNI024,CMP057,Backend Engineer,Direct Application,20240915,1,30.71,2,1,79.0
STU005913,UNI027,,,Recruitment Agency,20241215,0,,1,0,
STU005914,UNI025,CMP033,Data Scientist,On-Campus,20250215,1,32.1,3,1,94.0
STU005915,UNI019,,,On-Campus,20241015,0,,2,0,
STU005916,UNI028,,,Recruitment Agency,20241115,0,,2,0,
STU005917,UNI020,CMP027,Operations Associate,Recruitment Agency,20241115,1,34.42,2,1,66.0
STU005918,UNI018,CMP055,Consultant,Referral,20250415,1,36.11,3,1,35.0
STU005919,UNI014,CMP029,Financial Analyst,Direct Application,20241115,1,11.88,1,1,21.0
STU005920,UNI025,CMP069,Operations Associate,Referral,20240815,1,8.43,4,2,37.0
STU005921,UNI007,CMP015,ML Engineer,Direct Application,20250215,1,38.79,3,1,56.0
STU005922,UNI023,CMP068,Systems Engineer,On-Campus,20250215,1,17.91,1,2,21.0
STU005923,UNI009,,,Direct Application,20240815,0,,2,0,
STU005924,UNI003,,,Recruitment Agency,20250315,0,,2,0,
STU005925,UNI007,CMP046,Product Analyst,Direct Application,20241015,1,25.4,3,1,22.0
STU005926,UNI001,,,Recruitment Agency,20241015,0,,0,0,
STU005927,UNI023,,,Job Portal,20241215,0,,1,0,
STU005928,UNI008,,,Direct Application,20241015,0,,2,0,
STU005929,UNI024,,,Recruitment Agency,20240815,0,,1,0,
STU005930,UNI017,CMP053,Data Scientist,Recruitment Agency,20241215,1,11.92,3,1,49.0
STU005931,UNI024,CMP007,Financial Analyst,On-Campus,20250115,1,23.84,5,1,93.0
STU005932,UNI001,CMP027,QA Engineer,Referral,20241215,1,23.64,4,1,78.0
STU005933,UNI030,CMP064,Product Analyst,On-Campus,20241115,1,34.92,1,3,47.0
STU005934,UNI006,CMP002,Cloud Engineer,Recruitment Agency,20241115,1,10.87,5,1,46.0
STU005935,UNI009,CMP063,ML Engineer,Job Portal,20241215,1,29.57,1,1,88.0
STU005936,UNI001,,,Job Portal,20241115,0,,2,0,
STU005937,UNI009,CMP013,Software Engineer,Direct Application,20241215,1,25.99,1,1,83.0
STU005938,UNI009,CMP034,Product Analyst,Job Portal,20250215,1,34.36,3,1,12.0
STU005939,UNI025,CMP010,ML Engineer,Recruitment Agency,20241115,1,14.24,1,1,39.0
STU005940,UNI016,,,On-Campus,20250215,0,,1,0,
STU005941,UNI029,CMP077,ML Engineer,Job Portal,20250115,1,37.92,4,1,83.0
STU005942,UNI016,CMP031,Business Analyst,Recruitment Agency,20240815,1,9.37,2,2,25.0
STU005943,UNI027,,,Job Portal,20250315,0,,2,0,
STU005944,UNI006,CMP003,Frontend Engineer,On-Campus,20241215,1,10.04,4,1,42.0
STU005945,UNI015,CMP046,Systems Engineer,On-Campus,20240915,1,25.75,5,1,59.0
STU005946,UNI022,CMP050,Product Analyst,On-Campus,20241115,1,8.12,4,1,74.0
STU005947,UNI009,,,Job Portal,20250315,0,,0,0,
STU005948,UNI025,,,Recruitment Agency,20241215,0,,0,0,
STU005949,UNI001,CMP020,Business Analyst,Job Portal,20250315,1,15.79,1,1,15.0
STU005950,UNI005,CMP017,Backend Engineer,Referral,20241215,1,48.02,5,2,65.0
STU005951,UNI013,CMP014,Operations Associate,Referral,20240915,1,5.1,4,2,31.0
STU005952,UNI017,CMP039,Design Engineer,Job Portal,20250315,1,11.63,1,1,16.0
STU005953,UNI030,CMP058,Software Engineer,Direct Application,20250215,1,38.31,4,1,27.0
STU005954,UNI009,CMP059,Cloud Engineer,Job Portal,20241015,1,17.93,4,1,82.0
STU005955,UNI019,,,Recruitment Agency,20250315,0,,1,0,
STU005956,UNI024,CMP013,Product Analyst,On-Campus,20240915,1,25.85,5,1,28.0
STU005957,UNI026,CMP016,Financial Analyst,Recruitment Agency,20241015,1,50.31,3,1,87.0
STU005958,UNI008,CMP042,Consultant,On-Campus,20250215,1,8.1,1,1,19.0
STU005959,UNI018,CMP025,Data Analyst,Direct Application,20250315,1,26.91,1,1,59.0
STU005960,UNI022,CMP033,Cloud Engineer,Job Portal,20250215,1,21.25,1,2,51.0
STU005961,UNI021,,,Referral,20241115,0,,2,0,
STU005962,UNI026,CMP071,Data Scientist,Recruitment Agency,20250415,1,51.81,2,1,34.0
STU005963,UNI003,,,Job Portal,20240815,0,,1,0,
STU005964,UNI028,,,Job Portal,20241215,0,,2,0,
STU005965,UNI010,CMP047,ML Engineer,Referral,20241215,1,33.02,1,1,47.0
STU005966,UNI028,,,On-Campus,20240815,0,,1,0,
STU005967,UNI007,,,Recruitment Agency,20250415,0,,2,0,
STU005968,UNI004,,,Job Portal,20240915,0,,0,0,
STU005969,UNI002,,,On-Campus,20240915,0,,1,0,
STU005970,UNI028,CMP023,Data Scientist,Referral,20250215,1,28.67,2,2,45.0
STU005971,UNI002,,,Job Portal,20250215,0,,2,0,
STU005972,UNI020,,,On-Campus,20240815,0,,1,0,
STU005973,UNI011,CMP041,Systems Engineer,Direct Application,20250115,1,5.74,5,2,25.0
STU005974,UNI018,,,Direct Application,20241215,0,,2,0,
STU005975,UNI029,CMP049,Frontend Engineer,Recruitment Agency,20241015,1,23.03,2,1,14.0
STU005976,UNI014,CMP071,Operations Associate,On-Campus,20250215,1,18.03,5,1,64.0
STU005977,UNI007,CMP048,ML Engineer,Referral,20240815,1,32.2,4,1,43.0
STU005978,UNI007,CMP050,Design Engineer,On-Campus,20240915,1,6.66,5,1,27.0
STU005979,UNI002,,,Direct Application,20241115,0,,2,0,
STU005980,UNI015,,,On-Campus,20241115,0,,1,0,
STU005981,UNI029,CMP045,Software Engineer,Direct Application,20241015,1,20.13,2,1,78.0
STU005982,UNI002,CMP004,QA Engineer,On-Campus,20250315,1,7.28,1,1,72.0
STU005983,UNI013,,,Recruitment Agency,20250315,0,,0,0,
STU005984,UNI020,,,On-Campus,20240815,0,,2,0,
STU005985,UNI001,CMP045,ML Engineer,Recruitment Agency,20250315,1,20.62,1,1,61.0
STU005986,UNI030,CMP037,Data Analyst,Recruitment Agency,20240815,1,11.33,4,1,73.0
STU005987,UNI028,CMP014,Data Scientist,Job Portal,20241215,1,7.5,2,1,71.0
STU005988,UNI016,,,Direct Application,20241115,0,,0,0,
STU005989,UNI021,CMP022,ML Engineer,Recruitment Agency,20241115,1,31.93,1,2,34.0
STU005990,UNI027,CMP040,Systems Engineer,On-Campus,20250315,1,17.08,2,1,59.0
STU005991,UNI011,CMP074,Cloud Engineer,Direct Application,20240815,1,27.44,4,1,59.0
STU005992,UNI013,CMP012,Business Analyst,Job Portal,20241215,1,13.96,5,1,73.0
STU005993,UNI002,CMP026,Operations Associate,Job Portal,20240815,1,15.32,4,1,56.0
STU005994,UNI008,CMP045,QA Engineer,Referral,20250415,1,28.16,1,1,40.0
STU005995,UNI003,,,Recruitment Agency,20241115,0,,2,0,
STU005996,UNI010,,,Referral,20250315,0,,1,0,
STU005997,UNI019,CMP018,Frontend Engineer,Referral,20241215,1,45.01,4,1,34.0
STU005998,UNI030,,,Job Portal,20250315,0,,2,0,
STU005999,UNI012,CMP002,Data Scientist,On-Campus,20241215,1,9.33,2,2,83.0
STU006000,UNI016,,,Direct Application,20241015,0,,0,0,
STU006001,UNI012,,,Referral,20250415,0,,2,0,
STU006002,UNI017,,,Direct Application,20240815,0,,2,0,
STU006003,UNI019,,,Recruitment Agency,20250115,0,,1,0,
STU006004,UNI027,CMP074,Product Analyst,On-Campus,20241215,1,21.58,2,2,93.0
STU006005,UNI024,CMP014,Frontend Engineer,Recruitment Agency,20241215,1,8.21,1,2,15.0
STU006006,UNI004,,,Direct Application,20240915,0,,0,0,
STU006007,UNI026,CMP037,Data Analyst,Direct Application,20241015,1,13.14,4,2,80.0
STU006008,UNI022,,,Direct Application,20240915,0,,1,0,
STU006009,UNI019,CMP080,Financial Analyst,Direct Application,20241015,1,18.27,2,1,78.0
STU006010,UNI010,,,On-Campus,20250415,0,,0,0,
STU006011,UNI022,,,Job Portal,20250315,0,,1,0,
STU006012,UNI007,,,Job Portal,20240915,0,,2,0,
STU006013,UNI019,CMP002,Operations Associate,Direct Application,20240915,1,9.5,4,1,89.0
STU006014,UNI008,,,Direct Application,20240915,0,,1,0,
STU006015,UNI005,CMP004,ML Engineer,On-Campus,20241015,1,19.06,1,1,10.0
STU006016,UNI014,,,Referral,20250215,0,,0,0,
STU006017,UNI003,,,Direct Application,20240815,0,,2,0,
STU006018,UNI029,CMP041,Systems Engineer,On-Campus,20250315,1,10.05,1,1,82.0
STU006019,UNI005,CMP046,Frontend Engineer,Recruitment Agency,20241115,1,49.7,1,1,81.0
STU006020,UNI025,CMP017,QA Engineer,Job Portal,20250315,1,17.98,3,1,81.0
STU006021,UNI024,CMP006,ML Engineer,Job Portal,20241015,1,26.97,2,1,13.0
STU006022,UNI018,CMP034,Frontend Engineer,Recruitment Agency,20241015,1,28.54,5,2,94.0
STU006023,UNI024,,,Referral,20250215,0,,0,0,
STU006024,UNI010,CMP075,Data Analyst,Job Portal,20241215,1,15.06,1,1,82.0
STU006025,UNI028,CMP075,Frontend Engineer,On-Campus,20241115,1,27.77,3,1,41.0
STU006026,UNI019,CMP078,Business Analyst,Recruitment Agency,20241215,1,10.22,2,2,85.0
STU006027,UNI009,CMP030,Data Analyst,Referral,20250215,1,24.69,5,1,39.0
STU006028,UNI028,CMP039,Cloud Engineer,Referral,20250115,1,14.37,5,2,83.0
STU006029,UNI002,CMP067,Business Analyst,On-Campus,20250115,1,19.77,3,1,68.0
STU006030,UNI008,CMP009,ML Engineer,Recruitment Agency,20250215,1,30.42,2,1,51.0
STU006031,UNI018,,,Recruitment Agency,20241115,0,,0,0,
STU006032,UNI022,,,Referral,20250315,0,,2,0,
STU006033,UNI018,,,Recruitment Agency,20241115,0,,1,0,
STU006034,UNI012,CMP059,Product Analyst,On-Campus,20240915,1,18.79,2,1,55.0
STU006035,UNI019,CMP070,Financial Analyst,On-Campus,20250215,1,34.3,3,2,56.0
STU006036,UNI022,CMP068,Software Engineer,Direct Application,20250215,1,20.24,5,1,12.0
STU006037,UNI027,CMP072,Systems Engineer,Job Portal,20241215,1,5.88,5,1,72.0
STU006038,UNI005,,,Job Portal,20241215,0,,0,0,
STU006039,UNI027,CMP008,Product Analyst,On-Campus,20250315,1,20.12,2,1,21.0
STU006040,UNI002,,,On-Campus,20241215,0,,1,0,
STU006041,UNI009,CMP049,Cloud Engineer,Job Portal,20241015,1,35.56,3,1,54.0
STU006042,UNI030,CMP031,QA Engineer,Referral,20241115,1,13.72,3,1,69.0
STU006043,UNI015,,,Referral,20240815,0,,2,0,
STU006044,UNI004,CMP002,QA Engineer,Job Portal,20241015,1,6.28,3,2,37.0
STU006045,UNI010,CMP003,Business Analyst,Referral,20240915,1,10.32,2,2,25.0
STU006046,UNI013,,,Recruitment Agency,20240915,0,,0,0,
STU006047,UNI019,CMP070,Consultant,Referral,20241215,1,51.35,3,1,76.0
STU006048,UNI004,,,On-Campus,20250415,0,,1,0,
STU006049,UNI030,CMP001,Data Scientist,Job Portal,20250215,1,17.56,1,2,39.0
STU006050,UNI005,CMP072,QA Engineer,Job Portal,20250215,1,11.34,1,1,59.0
STU006051,UNI022,,,Referral,20240915,0,,2,0,
STU006052,UNI001,CMP038,Backend Engineer,Recruitment Agency,20250215,1,7.49,3,1,13.0
STU006053,UNI013,CMP061,Software Engineer,Referral,20250315,1,11.18,4,1,84.0
STU006054,UNI001,CMP021,Product Analyst,Direct Application,20241115,1,10.5,5,1,41.0
STU006055,UNI017,CMP059,Systems Engineer,Job Portal,20241015,1,21.14,3,2,23.0
STU006056,UNI017,CMP037,Frontend Engineer,Direct Application,20250215,1,8.91,2,1,18.0
STU006057,UNI026,CMP041,Consultant,Referral,20241215,1,21.34,2,1,58.0
STU006058,UNI026,CMP007,Frontend Engineer,Direct Application,20240815,1,39.81,2,1,44.0
STU006059,UNI006,CMP002,ML Engineer,Job Portal,20241115,1,9.25,5,1,68.0
STU006060,UNI026,CMP013,Frontend Engineer,Direct Application,20250315,1,50.97,1,2,25.0
STU006061,UNI009,CMP068,Product Analyst,Direct Application,20240815,1,27.88,3,1,24.0
STU006062,UNI018,CMP017,Data Scientist,Job Portal,20241015,1,23.93,1,1,30.0
STU006063,UNI021,CMP055,Operations Associate,Direct Application,20241215,1,23.32,5,2,74.0
STU006064,UNI024,CMP031,Software Engineer,Job Portal,20250415,1,9.42,4,1,29.0
STU006065,UNI006,CMP055,Cloud Engineer,Job Portal,20241115,1,36.44,3,1,34.0
STU006066,UNI028,CMP024,Design Engineer,Direct Application,20250315,1,13.02,2,1,7.0
STU006067,UNI012,CMP076,Frontend Engineer,Referral,20241015,1,9.88,3,1,93.0
STU006068,UNI027,CMP055,Operations Associate,Job Portal,20241115,1,18.86,5,1,84.0
STU006069,UNI010,CMP040,Data Analyst,Job Portal,20250415,1,18.53,1,1,72.0
STU006070,UNI027,,,On-Campus,20240915,0,,1,0,
STU006071,UNI014,,,Job Portal,20241015,0,,2,0,
STU006072,UNI026,,,Referral,20250115,0,,0,0,
STU006073,UNI002,CMP057,Business Analyst,Recruitment Agency,20241015,1,18.62,2,1,43.0
STU006074,UNI017,,,Recruitment Agency,20250215,0,,2,0,
STU006075,UNI004,CMP013,Backend Engineer,Job Portal,20240915,1,27.86,4,1,57.0
STU006076,UNI001,CMP009,QA Engineer,On-Campus,20250215,1,15.86,5,1,21.0
STU006077,UNI018,CMP014,QA Engineer,Recruitment Agency,20240815,1,8.81,3,2,75.0
STU006078,UNI002,CMP059,Operations Associate,On-Campus,20250315,1,17.09,3,1,54.0
STU006079,UNI028,,,Recruitment Agency,20250115,0,,1,0,
STU006080,UNI023,,,Job Portal,20241115,0,,1,0,
STU006081,UNI014,,,Job Portal,20241215,0,,0,0,
STU006082,UNI022,CMP008,Financial Analyst,Referral,20240815,1,24.05,3,2,70.0
STU006083,UNI001,,,Referral,20250315,0,,2,0,
STU006084,UNI028,CMP068,Software Engineer,Referral,20241115,1,28.87,1,1,84.0
STU006085,UNI021,CMP029,Data Scientist,Referral,20250315,1,14.26,3,1,73.0
STU006086,UNI017,CMP078,Consultant,On-Campus,20250415,1,8.79,1,1,43.0
STU006087,UNI024,,,Direct Application,20240815,0,,2,0,
STU006088,UNI024,CMP037,Product Analyst,Direct Application,20241115,1,9.03,3,2,59.0
STU006089,UNI026,,,Direct Application,20241015,0,,2,0,
STU006090,UNI013,,,Recruitment Agency,20250315,0,,1,0,
STU006091,UNI008,CMP079,Cloud Engineer,Direct Application,20241015,1,35.12,4,1,13.0
STU006092,UNI014,,,Recruitment Agency,20241115,0,,1,0,
STU006093,UNI030,,,Job Portal,20250415,0,,0,0,
STU006094,UNI026,,,Direct Application,20241115,0,,2,0,
STU006095,UNI018,CMP066,Product Analyst,Recruitment Agency,20250415,1,18.0,5,1,89.0
STU006096,UNI027,CMP033,Design Engineer,Referral,20240915,1,23.63,4,1,68.0
STU006097,UNI026,CMP039,Data Analyst,Referral,20250315,1,19.69,2,1,90.0
STU006098,UNI014,CMP022,Frontend Engineer,Referral,20240815,1,37.05,1,2,36.0
STU006099,UNI018,CMP009,Financial Analyst,Recruitment Agency,20240815,1,44.49,4,1,71.0
STU006100,UNI026,CMP053,ML Engineer,On-Campus,20250415,1,19.04,1,1,88.0
STU006101,UNI029,CMP064,Data Analyst,Referral,20240815,1,29.03,2,2,74.0
STU006102,UNI017,,,Job Portal,20250215,0,,1,0,
STU006103,UNI009,,,Job Portal,20240815,0,,1,0,
STU006104,UNI018,CMP066,Operations Associate,On-Campus,20250415,1,11.58,5,1,50.0
STU006105,UNI005,CMP009,ML Engineer,Direct Application,20241215,1,63.41,3,1,71.0
STU006106,UNI029,CMP027,Operations Associate,Recruitment Agency,20240915,1,22.75,3,1,93.0
STU006107,UNI021,,,Direct Application,20250115,0,,2,0,
STU006108,UNI021,,,Job Portal,20240915,0,,2,0,
STU006109,UNI017,CMP019,Backend Engineer,Job Portal,20240815,1,26.38,1,1,45.0
STU006110,UNI025,CMP079,Financial Analyst,On-Campus,20241115,1,30.49,5,1,10.0
STU006111,UNI004,CMP018,Data Analyst,Direct Application,20250315,1,24.8,5,1,64.0
STU006112,UNI001,,,Job Portal,20250415,0,,0,0,
STU006113,UNI005,CMP045,Frontend Engineer,On-Campus,20240915,1,35.08,1,1,72.0
STU006114,UNI016,CMP062,Consultant,Job Portal,20240815,1,7.76,4,2,14.0
STU006115,UNI007,CMP003,Software Engineer,Direct Application,20240915,1,9.56,5,1,15.0
STU006116,UNI008,CMP030,Product Analyst,Job Portal,20250215,1,19.17,3,1,31.0
STU006117,UNI003,CMP006,Design Engineer,Referral,20250215,1,43.34,2,1,61.0
STU006118,UNI003,CMP080,Systems Engineer,Job Portal,20250115,1,22.16,4,2,57.0
STU006119,UNI025,CMP005,Cloud Engineer,Job Portal,20240915,1,36.22,1,1,7.0
STU006120,UNI006,,,Direct Application,20241215,0,,1,0,
STU006121,UNI010,CMP021,Operations Associate,Referral,20240815,1,9.5,1,1,32.0
STU006122,UNI017,CMP004,Data Scientist,Direct Application,20241115,1,16.86,1,1,9.0
STU006123,UNI005,CMP001,Backend Engineer,Referral,20241015,1,17.74,5,1,61.0
STU006124,UNI020,CMP048,Consultant,On-Campus,20241015,1,38.8,2,1,16.0
STU006125,UNI001,CMP034,Backend Engineer,Recruitment Agency,20250115,1,23.33,5,2,92.0
STU006126,UNI030,CMP032,Data Scientist,Referral,20250115,1,60.47,1,3,83.0
STU006127,UNI011,CMP027,Backend Engineer,On-Campus,20240915,1,28.92,2,1,17.0
STU006128,UNI017,CMP057,Product Analyst,On-Campus,20250415,1,29.53,5,2,57.0
STU006129,UNI016,CMP076,Systems Engineer,Direct Application,20250215,1,7.23,3,1,7.0
STU006130,UNI006,CMP057,Data Scientist,Referral,20240815,1,41.36,5,1,22.0
STU006131,UNI013,CMP012,Systems Engineer,Recruitment Agency,20241215,1,16.32,1,3,90.0
STU006132,UNI025,,,Recruitment Agency,20241115,0,,0,0,
STU006133,UNI026,CMP079,ML Engineer,Referral,20241115,1,65.0,5,1,18.0
STU006134,UNI004,,,Recruitment Agency,20250215,0,,2,0,
STU006135,UNI015,CMP079,Data Scientist,On-Campus,20250215,1,39.24,4,2,64.0
STU006136,UNI020,CMP074,ML Engineer,On-Campus,20241115,1,50.16,1,1,75.0
STU006137,UNI023,CMP071,Cloud Engineer,Referral,20250215,1,27.49,4,1,80.0
STU006138,UNI014,CMP065,Frontend Engineer,Recruitment Agency,20250115,1,12.06,4,1,69.0
STU006139,UNI012,,,On-Campus,20250115,0,,1,0,
STU006140,UNI020,CMP066,QA Engineer,Job Portal,20240915,1,13.24,5,1,55.0
STU006141,UNI011,CMP035,Backend Engineer,Recruitment Agency,20250415,1,28.95,3,2,20.0
STU006142,UNI006,CMP010,Consultant,Recruitment Agency,20250115,1,14.76,2,1,11.0
STU006143,UNI012,CMP077,Design Engineer,Direct Application,20241015,1,22.9,5,1,57.0
STU006144,UNI017,CMP037,Backend Engineer,Recruitment Agency,20241115,1,10.51,5,1,26.0
STU006145,UNI016,,,Referral,20240915,0,,0,0,
STU006146,UNI020,CMP024,Backend Engineer,Direct Application,20250415,1,35.98,3,2,49.0
STU006147,UNI003,CMP010,Data Analyst,Recruitment Agency,20241015,1,12.93,4,3,92.0
STU006148,UNI016,CMP014,Data Scientist,Job Portal,20250315,1,9.62,3,1,22.0
STU006149,UNI027,,,Direct Application,20241215,0,,1,0,
STU006150,UNI018,CMP073,Data Scientist,Referral,20240815,1,33.05,1,1,83.0
STU006151,UNI010,,,Job Portal,20240815,0,,1,0,
STU006152,UNI001,,,Direct Application,20241115,0,,0,0,
STU006153,UNI030,CMP008,Financial Analyst,Recruitment Agency,20250315,1,36.68,4,1,15.0
STU006154,UNI021,,,Referral,20250315,0,,0,0,
STU006155,UNI030,CMP037,Product Analyst,Direct Application,20241215,1,15.11,4,1,24.0
STU006156,UNI024,CMP053,Consultant,On-Campus,20250215,1,11.9,5,2,15.0
STU006157,UNI029,CMP028,Operations Associate,Recruitment Agency,20241015,1,31.98,4,1,21.0
STU006158,UNI005,,,Recruitment Agency,20241015,0,,0,0,
STU006159,UNI020,,,On-Campus,20250315,0,,0,0,
STU006160,UNI004,,,Job Portal,20241015,0,,2,0,
STU006161,UNI014,CMP062,ML Engineer,Direct Application,20241015,1,14.48,3,2,51.0
STU006162,UNI005,CMP043,Cloud Engineer,Job Portal,20240915,1,31.06,1,4,88.0
STU006163,UNI020,,,Direct Application,20250215,0,,1,0,
STU006164,UNI006,,,Direct Application,20241215,0,,1,0,
STU006165,UNI017,,,Direct Application,20241215,0,,0,0,
STU006166,UNI023,,,Referral,20241215,0,,0,0,
STU006167,UNI005,CMP011,QA Engineer,Referral,20241215,1,11.13,1,1,48.0
STU006168,UNI002,CMP062,Product Analyst,On-Campus,20240915,1,8.56,3,1,41.0
STU006169,UNI028,,,Direct Application,20240915,0,,0,0,
STU006170,UNI019,CMP023,Systems Engineer,Referral,20240915,1,39.31,5,1,29.0
STU006171,UNI025,CMP063,Frontend Engineer,Direct Application,20241015,1,19.59,1,1,79.0
STU006172,UNI020,,,Job Portal,20250115,0,,1,0,
STU006173,UNI022,CMP013,Cloud Engineer,Referral,20240915,1,27.14,4,2,42.0
STU006174,UNI005,CMP012,Data Scientist,On-Campus,20241015,1,37.45,2,1,62.0
STU006175,UNI015,,,Job Portal,20250315,0,,2,0,
STU006176,UNI021,CMP046,Business Analyst,Referral,20240915,1,22.76,2,1,48.0
STU006177,UNI013,,,Job Portal,20241015,0,,0,0,
STU006178,UNI022,,,On-Campus,20241015,0,,2,0,
STU006179,UNI020,CMP040,Cloud Engineer,Job Portal,20241215,1,37.3,1,1,51.0
STU006180,UNI029,CMP049,Backend Engineer,Referral,20250315,1,32.77,1,2,22.0
STU006181,UNI005,CMP050,Software Engineer,On-Campus,20240815,1,15.99,4,3,40.0
STU006182,UNI015,,,Referral,20240815,0,,2,0,
STU006183,UNI003,CMP024,Operations Associate,Direct Application,20250115,1,26.61,3,2,75.0
STU006184,UNI007,CMP078,Financial Analyst,Referral,20250315,1,9.58,1,1,69.0
STU006185,UNI007,CMP023,ML Engineer,On-Campus,20250215,1,33.82,3,1,69.0
STU006186,UNI010,,,Job Portal,20241115,0,,1,0,
STU006187,UNI023,CMP065,Data Analyst,On-Campus,20240915,1,6.47,4,1,59.0
STU006188,UNI027,,,Recruitment Agency,20240815,0,,2,0,
STU006189,UNI019,CMP015,Design Engineer,Job Portal,20250415,1,26.24,3,2,37.0
STU006190,UNI017,CMP031,Cloud Engineer,Direct Application,20241015,1,8.11,2,1,90.0
STU006191,UNI022,CMP028,QA Engineer,Referral,20250215,1,25.67,2,1,90.0
STU006192,UNI007,,,Recruitment Agency,20250115,0,,0,0,
STU006193,UNI018,,,Referral,20241015,0,,1,0,
STU006194,UNI024,,,Recruitment Agency,20240815,0,,2,0,
STU006195,UNI022,,,On-Campus,20250115,0,,0,0,
STU006196,UNI014,CMP065,ML Engineer,Recruitment Agency,20241215,1,11.99,1,2,18.0
STU006197,UNI011,CMP035,Data Scientist,On-Campus,20250115,1,26.99,4,2,71.0
STU006198,UNI003,,,Recruitment Agency,20250415,0,,0,0,
STU006199,UNI004,,,Job Portal,20250315,0,,2,0,
STU006200,UNI029,CMP038,QA Engineer,Recruitment Agency,20241215,1,8.37,5,1,28.0
STU006201,UNI029,,,On-Campus,20241215,0,,2,0,
STU006202,UNI002,,,On-Campus,20250415,0,,0,0,
STU006203,UNI028,,,Referral,20250115,0,,1,0,
STU006204,UNI021,,,On-Campus,20250115,0,,2,0,
STU006205,UNI027,CMP040,Data Analyst,Recruitment Agency,20241015,1,17.96,3,1,30.0
STU006206,UNI014,,,Referral,20250315,0,,0,0,
STU006207,UNI028,,,Direct Application,20240815,0,,2,0,
STU006208,UNI015,CMP049,Systems Engineer,Job Portal,20240915,1,38.13,2,1,91.0
STU006209,UNI030,CMP003,ML Engineer,Direct Application,20250115,1,17.56,4,2,66.0
STU006210,UNI007,CMP013,Systems Engineer,Direct Application,20250415,1,22.34,2,2,88.0
STU006211,UNI002,CMP038,Backend Engineer,Referral,20241015,1,10.99,1,1,94.0
STU006212,UNI009,CMP001,Business Analyst,On-Campus,20241115,1,6.3,1,1,60.0
STU006213,UNI029,CMP040,Operations Associate,On-Campus,20250415,1,16.56,1,2,9.0
STU006214,UNI017,CMP053,Data Analyst,Direct Application,20241115,1,9.09,2,1,64.0
STU006215,UNI029,CMP021,ML Engineer,Job Portal,20240915,1,13.1,2,1,45.0
STU006216,UNI028,CMP063,Backend Engineer,On-Campus,20250415,1,17.43,2,1,62.0
STU006217,UNI007,CMP049,Business Analyst,Referral,20250215,1,33.54,1,1,21.0
STU006218,UNI017,CMP017,Backend Engineer,Direct Application,20250215,1,21.88,4,1,78.0
STU006219,UNI024,CMP017,Backend Engineer,Referral,20250415,1,23.57,1,1,36.0
STU006220,UNI023,CMP070,Software Engineer,Referral,20250415,1,43.13,2,1,10.0
STU006221,UNI019,CMP044,ML Engineer,Referral,20240915,1,65.0,2,2,69.0
STU006222,UNI002,,,Direct Application,20241015,0,,2,0,
STU006223,UNI010,CMP037,Business Analyst,Job Portal,20241215,1,5.56,1,1,10.0
STU006224,UNI017,CMP029,Financial Analyst,Recruitment Agency,20241015,1,7.83,1,1,64.0
STU006225,UNI013,CMP038,Design Engineer,Job Portal,20241115,1,6.47,4,1,87.0
STU006226,UNI006,,,On-Campus,20250215,0,,1,0,
STU006227,UNI001,,,Referral,20250115,0,,2,0,
STU006228,UNI015,CMP022,Business Analyst,Direct Application,20241115,1,45.48,3,4,89.0
STU006229,UNI030,CMP065,Consultant,On-Campus,20250215,1,16.24,5,2,75.0
STU006230,UNI019,CMP039,Financial Analyst,Recruitment Agency,20250115,1,17.66,4,3,82.0
STU006231,UNI001,CMP047,Backend Engineer,On-Campus,20241215,1,26.84,5,1,29.0
STU006232,UNI002,,,On-Campus,20250315,0,,1,0,
STU006233,UNI029,CMP014,QA Engineer,Job Portal,20250415,1,7.45,3,1,48.0
STU006234,UNI005,CMP044,Product Analyst,Recruitment Agency,20250115,1,54.16,4,2,46.0
STU006235,UNI024,CMP058,Product Analyst,Direct Application,20250415,1,21.59,2,1,30.0
STU006236,UNI007,,,Direct Application,20250115,0,,0,0,
STU006237,UNI017,,,Direct Application,20250315,0,,0,0,
STU006238,UNI016,,,Referral,20241115,0,,2,0,
STU006239,UNI010,CMP052,Backend Engineer,Direct Application,20241215,1,21.96,2,1,46.0
STU006240,UNI001,CMP025,Software Engineer,Referral,20240815,1,20.53,2,1,8.0
STU006241,UNI022,,,Direct Application,20250215,0,,1,0,
STU006242,UNI012,CMP078,Data Analyst,Direct Application,20241015,1,6.73,4,1,87.0
STU006243,UNI010,,,Job Portal,20250315,0,,1,0,
STU006244,UNI029,,,On-Campus,20241115,0,,1,0,
STU006245,UNI003,CMP042,Business Analyst,Referral,20240915,1,24.61,5,3,47.0
STU006246,UNI015,CMP030,Product Analyst,Referral,20250215,1,41.91,2,1,83.0
STU006247,UNI002,,,Job Portal,20250415,0,,1,0,
STU006248,UNI017,CMP021,Frontend Engineer,Recruitment Agency,20250115,1,12.02,2,1,12.0
STU006249,UNI011,,,Recruitment Agency,20250315,0,,1,0,
STU006250,UNI014,,,Referral,20250215,0,,1,0,
STU006251,UNI003,,,Recruitment Agency,20250415,0,,2,0,
STU006252,UNI017,,,Referral,20250315,0,,1,0,
STU006253,UNI016,,,Direct Application,20241115,0,,1,0,
STU006254,UNI009,CMP013,ML Engineer,Recruitment Agency,20241215,1,28.89,5,1,34.0
STU006255,UNI019,,,Recruitment Agency,20241015,0,,1,0,
STU006256,UNI009,CMP075,Data Analyst,Recruitment Agency,20250315,1,23.96,5,1,53.0
STU006257,UNI006,CMP036,Operations Associate,Job Portal,20240915,1,19.47,2,3,27.0
STU006258,UNI030,,,Direct Application,20240815,0,,0,0,
STU006259,UNI001,,,Referral,20240915,0,,0,0,
STU006260,UNI008,,,On-Campus,20241015,0,,1,0,
STU006261,UNI009,CMP006,Operations Associate,Referral,20241215,1,18.9,4,1,33.0
STU006262,UNI030,,,On-Campus,20240815,0,,1,0,
STU006263,UNI011,CMP007,Cloud Engineer,Referral,20250315,1,34.43,2,1,18.0
STU006264,UNI017,CMP023,Frontend Engineer,Direct Application,20240815,1,35.04,4,1,10.0
STU006265,UNI002,CMP077,Consultant,Referral,20250415,1,34.01,3,1,35.0
STU006266,UNI010,,,Direct Application,20250315,0,,0,0,
STU006267,UNI028,,,Referral,20240815,0,,1,0,
STU006268,UNI027,,,Recruitment Agency,20240815,0,,0,0,
STU006269,UNI021,CMP002,Data Scientist,Direct Application,20241215,1,9.89,5,1,18.0
STU006270,UNI007,CMP049,Product Analyst,On-Campus,20250215,1,34.83,5,1,42.0
STU006271,UNI005,CMP032,Operations Associate,Referral,20240815,1,47.58,3,2,94.0
STU006272,UNI026,,,Referral,20250415,0,,1,0,
STU006273,UNI026,CMP053,Systems Engineer,Recruitment Agency,20250215,1,16.64,5,3,9.0
STU006274,UNI029,,,Referral,20250115,0,,0,0,
STU006275,UNI024,CMP038,Product Analyst,Direct Application,20250415,1,10.66,3,1,14.0
STU006276,UNI012,,,On-Campus,20241015,0,,2,0,
STU006277,UNI026,CMP060,Data Analyst,Job Portal,20250415,1,15.58,1,2,85.0
STU006278,UNI005,CMP048,Design Engineer,Job Portal,20250115,1,24.41,1,1,74.0
STU006279,UNI007,CMP021,Software Engineer,Recruitment Agency,20250115,1,15.05,1,1,26.0
STU006280,UNI013,CMP018,Backend Engineer,Recruitment Agency,20240815,1,25.09,5,1,15.0
STU006281,UNI029,CMP075,Cloud Engineer,On-Campus,20250215,1,37.17,3,1,75.0
STU006282,UNI009,,,Direct Application,20250315,0,,2,0,
STU006283,UNI015,CMP055,Cloud Engineer,Referral,20241015,1,65.0,2,1,9.0
STU006284,UNI014,CMP037,Design Engineer,On-Campus,20241015,1,8.64,1,1,75.0
STU006285,UNI006,CMP062,Product Analyst,Referral,20241215,1,8.87,4,1,57.0
STU006286,UNI011,CMP078,Cloud Engineer,On-Campus,20240915,1,10.97,5,1,8.0
STU006287,UNI029,CMP031,Data Scientist,Direct Application,20241215,1,7.96,3,1,67.0
STU006288,UNI024,,,On-Campus,20240815,0,,1,0,
STU006289,UNI023,CMP031,Financial Analyst,Direct Application,20250315,1,5.15,3,1,13.0
STU006290,UNI011,CMP041,Business Analyst,Referral,20241015,1,6.83,3,2,38.0
STU006291,UNI022,,,Referral,20250215,0,,1,0,
STU006292,UNI019,CMP020,Operations Associate,On-Campus,20250115,1,39.42,2,1,65.0
STU006293,UNI020,CMP004,Operations Associate,Recruitment Agency,20240915,1,10.46,5,2,75.0
STU006294,UNI011,CMP007,Backend Engineer,On-Campus,20241115,1,29.94,5,1,56.0
STU006295,UNI007,CMP043,Business Analyst,Direct Application,20250415,1,20.8,2,1,91.0
STU006296,UNI009,,,Direct Application,20241115,0,,2,0,
STU006297,UNI029,,,Recruitment Agency,20240915,0,,2,0,
STU006298,UNI020,CMP032,Operations Associate,Recruitment Agency,20240815,1,32.95,1,4,10.0
STU006299,UNI024,CMP031,Design Engineer,Job Portal,20250315,1,7.92,3,2,13.0
STU006300,UNI023,CMP057,Design Engineer,On-Campus,20241215,1,21.46,5,1,56.0
STU006301,UNI016,CMP064,Data Scientist,Job Portal,20250415,1,21.24,5,1,94.0
STU006302,UNI017,CMP021,Cloud Engineer,Recruitment Agency,20241015,1,14.95,4,1,69.0
STU006303,UNI017,,,Recruitment Agency,20240915,0,,2,0,
STU006304,UNI016,CMP065,Consultant,Referral,20240815,1,7.01,1,2,37.0
STU006305,UNI006,CMP051,Consultant,On-Campus,20240815,1,25.51,2,1,67.0
STU006306,UNI002,CMP044,Business Analyst,On-Campus,20240815,1,18.38,1,1,10.0
STU006307,UNI026,CMP058,Frontend Engineer,Job Portal,20240915,1,41.89,1,1,79.0
STU006308,UNI019,CMP050,ML Engineer,On-Campus,20241215,1,12.51,5,2,81.0
STU006309,UNI008,CMP076,Design Engineer,On-Campus,20241115,1,6.99,4,1,54.0
STU006310,UNI023,,,Job Portal,20250315,0,,1,0,
STU006311,UNI011,,,Job Portal,20240815,0,,1,0,
STU006312,UNI020,CMP028,Consultant,Job Portal,20250315,1,24.67,2,2,75.0
STU006313,UNI008,CMP004,Frontend Engineer,On-Campus,20241015,1,9.92,2,1,58.0
STU006314,UNI021,CMP060,Financial Analyst,Recruitment Agency,20240915,1,13.85,4,1,33.0
STU006315,UNI002,CMP022,Backend Engineer,On-Campus,20250415,1,27.65,3,1,77.0
STU006316,UNI004,CMP034,Software Engineer,Referral,20240915,1,23.27,1,2,57.0
STU006317,UNI020,CMP057,Financial Analyst,Referral,20250115,1,48.67,3,1,10.0
STU006318,UNI022,,,Job Portal,20250415,0,,1,0,
STU006319,UNI011,CMP049,Consultant,Recruitment Agency,20240815,1,23.02,5,1,13.0
STU006320,UNI026,,,Referral,20250215,0,,0,0,
STU006321,UNI001,,,Recruitment Agency,20241015,0,,0,0,
STU006322,UNI017,,,Job Portal,20240915,0,,0,0,
STU006323,UNI028,CMP004,QA Engineer,Referral,20250215,1,8.04,2,1,63.0
STU006324,UNI009,,,On-Campus,20241215,0,,0,0,
STU006325,UNI029,CMP015,Data Scientist,Referral,20241215,1,37.26,3,2,42.0
STU006326,UNI017,CMP042,Systems Engineer,Job Portal,20250315,1,12.34,3,1,44.0
STU006327,UNI020,CMP071,Business Analyst,Recruitment Agency,20250415,1,40.04,4,1,93.0
STU006328,UNI010,,,Recruitment Agency,20250115,0,,2,0,
STU006329,UNI009,CMP044,Backend Engineer,Recruitment Agency,20240915,1,30.9,1,1,17.0
STU006330,UNI015,,,Recruitment Agency,20250115,0,,0,0,
STU006331,UNI017,,,Job Portal,20250115,0,,1,0,
STU006332,UNI010,,,Recruitment Agency,20241215,0,,2,0,
STU006333,UNI021,CMP024,Frontend Engineer,Recruitment Agency,20241015,1,18.33,3,2,88.0
STU006334,UNI018,CMP014,Software Engineer,Recruitment Agency,20241015,1,8.4,2,1,52.0
STU006335,UNI014,CMP071,Financial Analyst,Referral,20250415,1,36.13,4,1,64.0
STU006336,UNI016,,,Recruitment Agency,20241115,0,,1,0,
STU006337,UNI027,,,Direct Application,20240815,0,,2,0,
STU006338,UNI022,CMP008,Software Engineer,On-Campus,20250415,1,14.62,4,1,65.0
STU006339,UNI017,CMP060,Operations Associate,Recruitment Agency,20250415,1,12.38,2,1,69.0
STU006340,UNI002,CMP018,Financial Analyst,On-Campus,20241015,1,17.16,4,1,67.0
STU006341,UNI030,CMP009,Backend Engineer,Referral,20250415,1,59.6,4,3,15.0
STU006342,UNI027,CMP042,Software Engineer,Recruitment Agency,20250415,1,8.13,2,1,11.0
STU006343,UNI024,,,Recruitment Agency,20241015,0,,0,0,
STU006344,UNI029,,,On-Campus,20250115,0,,1,0,
STU006345,UNI015,CMP008,Data Analyst,Job Portal,20241115,1,31.84,4,2,65.0
STU006346,UNI010,CMP052,Cloud Engineer,Referral,20250215,1,30.57,1,1,10.0
STU006347,UNI020,,,Direct Application,20240915,0,,0,0,
STU006348,UNI027,CMP069,Consultant,Direct Application,20241115,1,8.77,3,1,12.0
STU006349,UNI006,,,Referral,20241015,0,,0,0,
STU006350,UNI011,CMP059,Data Analyst,Recruitment Agency,20250215,1,13.21,5,1,82.0
STU006351,UNI014,,,Job Portal,20250215,0,,0,0,
STU006352,UNI003,,,Job Portal,20250315,0,,2,0,
STU006353,UNI024,,,Referral,20241015,0,,0,0,
STU006354,UNI002,,,Job Portal,20250115,0,,0,0,
STU006355,UNI010,CMP042,Product Analyst,Referral,20250215,1,14.26,5,2,63.0
STU006356,UNI007,,,Job Portal,20241215,0,,1,0,
STU006357,UNI012,CMP033,Design Engineer,Referral,20241015,1,23.73,2,2,64.0
STU006358,UNI028,,,Job Portal,20240915,0,,1,0,
STU006359,UNI006,CMP056,Business Analyst,On-Campus,20240815,1,26.39,4,1,34.0
STU006360,UNI006,CMP058,Business Analyst,Referral,20250315,1,26.34,2,1,30.0
STU006361,UNI019,,,Direct Application,20241115,0,,1,0,
STU006362,UNI011,,,On-Campus,20241115,0,,2,0,
STU006363,UNI024,,,Job Portal,20241015,0,,2,0,
STU006364,UNI016,,,Direct Application,20250315,0,,0,0,
STU006365,UNI018,CMP031,ML Engineer,Recruitment Agency,20250415,1,14.49,4,2,88.0
STU006366,UNI004,,,Referral,20250215,0,,1,0,
STU006367,UNI011,,,Recruitment Agency,20241215,0,,2,0,
STU006368,UNI009,CMP074,Financial Analyst,On-Campus,20241015,1,31.83,5,3,32.0
STU006369,UNI022,CMP080,QA Engineer,Referral,20250315,1,9.61,1,1,67.0
STU006370,UNI019,CMP030,Operations Associate,On-Campus,20250115,1,20.32,5,3,90.0
STU006371,UNI021,CMP051,Data Analyst,Recruitment Agency,20240815,1,24.73,3,1,13.0
STU006372,UNI010,,,Direct Application,20240815,0,,2,0,
STU006373,UNI023,,,Referral,20250215,0,,0,0,
STU006374,UNI030,CMP073,Consultant,Direct Application,20241015,1,43.08,4,3,75.0
STU006375,UNI014,CMP006,Frontend Engineer,On-Campus,20250215,1,26.17,1,2,18.0
STU006376,UNI026,,,On-Campus,20241015,0,,2,0,
STU006377,UNI028,CMP043,Design Engineer,Recruitment Agency,20250115,1,19.31,2,1,78.0
STU006378,UNI011,CMP012,Cloud Engineer,Job Portal,20250115,1,21.82,4,1,94.0
STU006379,UNI021,CMP051,Consultant,On-Campus,20250415,1,22.69,5,1,15.0
STU006380,UNI011,CMP025,Financial Analyst,Direct Application,20240915,1,19.97,3,1,51.0
STU006381,UNI020,CMP018,Backend Engineer,Recruitment Agency,20250315,1,49.08,2,2,82.0
STU006382,UNI014,CMP068,Business Analyst,On-Campus,20240815,1,31.93,5,1,7.0
STU006383,UNI003,CMP048,Consultant,Job Portal,20240815,1,37.29,2,2,11.0
STU006384,UNI028,,,Referral,20250315,0,,0,0,
STU006385,UNI011,CMP047,Systems Engineer,On-Campus,20241015,1,20.4,2,1,40.0
STU006386,UNI009,,,Job Portal,20241115,0,,0,0,
STU006387,UNI017,,,Job Portal,20250215,0,,1,0,
STU006388,UNI018,CMP026,QA Engineer,Recruitment Agency,20240915,1,16.51,2,1,66.0
STU006389,UNI005,,,On-Campus,20241215,0,,2,0,
STU006390,UNI019,CMP048,Design Engineer,Job Portal,20250115,1,36.82,3,2,90.0
STU006391,UNI013,,,Direct Application,20241215,0,,2,0,
STU006392,UNI001,CMP007,Operations Associate,Job Portal,20240815,1,14.69,5,1,30.0
STU006393,UNI028,,,Direct Application,20250215,0,,0,0,
STU006394,UNI011,CMP080,Software Engineer,Job Portal,20250115,1,7.81,5,1,86.0
STU006395,UNI019,CMP007,Data Scientist,Referral,20241015,1,62.12,1,1,56.0
STU006396,UNI027,CMP056,Software Engineer,Referral,20240815,1,22.56,5,1,11.0
STU006397,UNI024,,,Job Portal,20240815,0,,1,0,
STU006398,UNI012,CMP079,ML Engineer,Direct Application,20241115,1,27.77,5,1,33.0
STU006399,UNI001,CMP043,Financial Analyst,Recruitment Agency,20250415,1,14.27,4,1,77.0
STU006400,UNI004,,,On-Campus,20240915,0,,1,0,
STU006401,UNI008,CMP029,Systems Engineer,Recruitment Agency,20241115,1,7.76,2,1,83.0
STU006402,UNI015,,,Job Portal,20240815,0,,0,0,
STU006403,UNI019,CMP047,Frontend Engineer,Job Portal,20241115,1,38.23,1,1,8.0
STU006404,UNI001,CMP022,Product Analyst,Recruitment Agency,20240915,1,27.05,4,1,31.0
STU006405,UNI020,CMP017,Product Analyst,On-Campus,20240915,1,23.77,3,1,66.0
STU006406,UNI010,CMP032,Design Engineer,Job Portal,20250215,1,18.29,2,1,86.0
STU006407,UNI013,CMP044,QA Engineer,On-Campus,20250315,1,18.38,3,1,26.0
STU006408,UNI029,,,Job Portal,20241115,0,,2,0,
STU006409,UNI003,,,Job Portal,20250115,0,,2,0,
STU006410,UNI022,,,Job Portal,20240815,0,,1,0,
STU006411,UNI016,CMP069,Software Engineer,On-Campus,20241015,1,7.03,3,2,59.0
STU006412,UNI018,CMP027,Software Engineer,Recruitment Agency,20240915,1,28.26,4,1,29.0
STU006413,UNI029,,,Direct Application,20250415,0,,0,0,
STU006414,UNI015,CMP069,Data Scientist,Job Portal,20250415,1,17.14,2,1,10.0
STU006415,UNI025,,,Job Portal,20241215,0,,2,0,
STU006416,UNI026,CMP072,Cloud Engineer,Recruitment Agency,20250215,1,22.89,5,2,64.0
STU006417,UNI030,CMP048,Financial Analyst,Job Portal,20250415,1,45.05,4,1,34.0
STU006418,UNI008,,,Referral,20250415,0,,0,0,
STU006419,UNI024,CMP069,Cloud Engineer,Recruitment Agency,20241115,1,12.62,4,1,92.0
STU006420,UNI003,CMP040,Business Analyst,Referral,20250315,1,30.88,4,1,81.0
STU006421,UNI025,,,Recruitment Agency,20241215,0,,0,0,
STU006422,UNI016,,,Recruitment Agency,20241115,0,,2,0,
STU006423,UNI009,CMP039,Cloud Engineer,On-Campus,20240915,1,15.47,4,1,55.0
STU006424,UNI027,,,Job Portal,20250415,0,,1,0,
STU006425,UNI027,,,Direct Application,20241115,0,,0,0,
STU006426,UNI025,CMP038,QA Engineer,Direct Application,20250415,1,10.52,5,2,68.0
STU006427,UNI008,CMP080,Data Scientist,Direct Application,20250315,1,15.68,4,1,51.0
STU006428,UNI022,,,Recruitment Agency,20241015,0,,2,0,
STU006429,UNI002,,,Referral,20241215,0,,0,0,
STU006430,UNI014,CMP013,Software Engineer,Referral,20240815,1,36.34,2,1,60.0
STU006431,UNI015,,,Direct Application,20250315,0,,0,0,
STU006432,UNI002,CMP007,Product Analyst,On-Campus,20241115,1,16.77,1,1,90.0
STU006433,UNI006,CMP033,Data Analyst,On-Campus,20241115,1,24.75,1,1,90.0
STU006434,UNI005,,,Referral,20240815,0,,0,0,
STU006435,UNI006,CMP069,Business Analyst,On-Campus,20241015,1,7.72,1,1,22.0
STU006436,UNI015,,,Direct Application,20241215,0,,1,0,
STU006437,UNI021,CMP055,Operations Associate,On-Campus,20250115,1,22.54,4,1,27.0
STU006438,UNI006,,,Referral,20241215,0,,1,0,
STU006439,UNI011,CMP006,Business Analyst,Referral,20250115,1,29.72,4,1,31.0
STU006440,UNI002,CMP003,Systems Engineer,Recruitment Agency,20240815,1,5.96,2,2,27.0
STU006441,UNI019,CMP061,ML Engineer,On-Campus,20250115,1,28.4,3,2,69.0
STU006442,UNI017,CMP001,Frontend Engineer,Recruitment Agency,20241115,1,11.36,4,2,10.0
STU006443,UNI017,,,Direct Application,20241215,0,,2,0,
STU006444,UNI022,CMP052,QA Engineer,On-Campus,20241215,1,16.68,1,1,52.0
STU006445,UNI002,CMP005,Financial Analyst,Direct Application,20241215,1,24.32,3,1,75.0
STU006446,UNI009,CMP001,ML Engineer,Referral,20250215,1,17.38,5,1,14.0
STU006447,UNI026,,,Recruitment Agency,20240915,0,,2,0,
STU006448,UNI026,CMP030,Consultant,Referral,20241215,1,39.16,5,1,80.0
STU006449,UNI002,,,Recruitment Agency,20241015,0,,2,0,
STU006450,UNI017,CMP037,Frontend Engineer,Direct Application,20250415,1,11.11,4,2,83.0
STU006451,UNI002,,,Job Portal,20240815,0,,2,0,
STU006452,UNI004,,,Recruitment Agency,20250315,0,,2,0,
STU006453,UNI012,,,Job Portal,20241115,0,,2,0,
STU006454,UNI029,,,Job Portal,20250415,0,,2,0,
STU006455,UNI018,,,On-Campus,20250315,0,,0,0,
STU006456,UNI024,,,On-Campus,20250315,0,,1,0,
STU006457,UNI029,CMP049,Backend Engineer,Referral,20250315,1,37.63,3,2,51.0
STU006458,UNI019,,,Direct Application,20241215,0,,0,0,
STU006459,UNI010,CMP030,Software Engineer,Recruitment Agency,20241015,1,22.35,1,1,18.0
STU006460,UNI013,CMP005,Product Analyst,Job Portal,20240815,1,25.95,3,1,19.0
STU006461,UNI030,CMP024,Systems Engineer,Direct Application,20250415,1,33.31,4,1,68.0
STU006462,UNI030,CMP071,Backend Engineer,Job Portal,20250115,1,35.01,4,2,77.0
STU006463,UNI015,,,On-Campus,20250315,0,,1,0,
STU006464,UNI014,,,Recruitment Agency,20240915,0,,2,0,
STU006465,UNI026,CMP021,Consultant,On-Campus,20241215,1,12.82,2,3,26.0
STU006466,UNI018,CMP079,ML Engineer,On-Campus,20250315,1,30.97,1,1,84.0
STU006467,UNI025,CMP046,Product Analyst,Referral,20240915,1,37.48,4,2,11.0
STU006468,UNI007,CMP009,Product Analyst,Direct Application,20241215,1,26.22,5,1,79.0
STU006469,UNI008,CMP027,QA Engineer,Job Portal,20250315,1,22.64,2,1,43.0
STU006470,UNI002,CMP047,Operations Associate,Direct Application,20250115,1,21.54,3,1,84.0
STU006471,UNI030,,,On-Campus,20241115,0,,0,0,
STU006472,UNI023,,,On-Campus,20240815,0,,0,0,
STU006473,UNI020,,,Referral,20241215,0,,0,0,
STU006474,UNI015,CMP056,Data Analyst,On-Campus,20241115,1,37.07,1,1,34.0
STU006475,UNI015,CMP042,Data Analyst,Referral,20250315,1,25.53,1,1,53.0
STU006476,UNI001,,,Direct Application,20250415,0,,2,0,
STU006477,UNI021,,,On-Campus,20240915,0,,0,0,
STU006478,UNI003,,,On-Campus,20241115,0,,2,0,
STU006479,UNI009,,,Job Portal,20250215,0,,0,0,
STU006480,UNI018,CMP045,Systems Engineer,Referral,20250115,1,19.43,3,1,74.0
STU006481,UNI027,CMP005,Data Analyst,Direct Application,20240815,1,23.15,4,1,23.0
STU006482,UNI008,CMP055,QA Engineer,Job Portal,20240815,1,19.57,4,1,26.0
STU006483,UNI019,CMP001,ML Engineer,Referral,20250415,1,17.3,3,2,34.0
STU006484,UNI015,CMP064,Backend Engineer,On-Campus,20241115,1,34.0,3,2,19.0
STU006485,UNI023,CMP008,QA Engineer,Job Portal,20250215,1,16.49,2,1,63.0
STU006486,UNI002,CMP070,Data Analyst,Referral,20241215,1,23.39,2,1,17.0
STU006487,UNI002,CMP026,Financial Analyst,Referral,20241215,1,23.87,5,2,25.0
STU006488,UNI003,CMP055,Consultant,On-Campus,20241215,1,48.83,4,1,77.0
STU006489,UNI020,CMP028,Operations Associate,On-Campus,20241115,1,30.4,5,1,40.0
STU006490,UNI021,,,Job Portal,20240815,0,,2,0,
STU006491,UNI006,CMP010,Backend Engineer,Referral,20250115,1,11.68,5,1,38.0
STU006492,UNI016,,,Job Portal,20250215,0,,0,0,
STU006493,UNI001,CMP065,Consultant,Recruitment Agency,20250115,1,7.44,3,1,93.0
STU006494,UNI013,CMP056,Operations Associate,On-Campus,20250215,1,18.29,1,1,28.0
STU006495,UNI001,CMP073,Operations Associate,Job Portal,20250115,1,18.72,4,1,33.0
STU006496,UNI003,CMP030,Frontend Engineer,On-Campus,20240915,1,31.35,4,2,30.0
STU006497,UNI030,CMP015,Backend Engineer,Recruitment Agency,20241015,1,49.29,2,1,67.0
STU006498,UNI028,CMP051,Data Analyst,Recruitment Agency,20250215,1,15.94,4,1,40.0
STU006499,UNI007,,,Job Portal,20250315,0,,2,0,
STU006500,UNI003,,,Job Portal,20241215,0,,2,0,
STU006501,UNI008,,,Referral,20241115,0,,1,0,
STU006502,UNI014,CMP021,Design Engineer,On-Campus,20250115,1,8.79,4,2,79.0
STU006503,UNI005,CMP078,Operations Associate,On-Campus,20250415,1,9.88,4,1,55.0
STU006504,UNI010,CMP065,Business Analyst,Direct Application,20240915,1,5.76,3,1,12.0
STU006505,UNI011,,,Direct Application,20241115,0,,2,0,
STU006506,UNI013,,,Job Portal,20240815,0,,2,0,
STU006507,UNI027,CMP010,Data Analyst,On-Campus,20240815,1,5.99,3,1,22.0
STU006508,UNI004,CMP051,Product Analyst,Referral,20250215,1,27.8,3,1,92.0
STU006509,UNI007,CMP011,Consultant,On-Campus,20241215,1,8.31,1,2,61.0
STU006510,UNI030,CMP013,Systems Engineer,Referral,20241115,1,32.67,2,2,68.0
STU006511,UNI010,CMP071,Product Analyst,On-Campus,20250415,1,16.08,3,1,80.0
STU006512,UNI025,CMP053,Data Scientist,Referral,20241015,1,16.2,5,1,11.0
STU006513,UNI014,,,Referral,20250315,0,,1,0,
STU006514,UNI003,CMP058,QA Engineer,Job Portal,20240915,1,24.01,2,3,70.0
STU006515,UNI003,,,Direct Application,20241115,0,,1,0,
STU006516,UNI004,CMP080,Data Scientist,Job Portal,20250315,1,10.2,2,1,82.0
STU006517,UNI014,CMP058,Systems Engineer,Direct Application,20241015,1,23.94,3,1,17.0
STU006518,UNI005,,,Job Portal,20250215,0,,1,0,
STU006519,UNI022,,,Direct Application,20241215,0,,1,0,
STU006520,UNI029,,,Job Portal,20240915,0,,1,0,
STU006521,UNI030,,,Job Portal,20240915,0,,0,0,
STU006522,UNI008,,,Recruitment Agency,20250115,0,,1,0,
STU006523,UNI013,,,Job Portal,20250215,0,,0,0,
STU006524,UNI015,CMP037,Cloud Engineer,Direct Application,20241015,1,18.37,5,2,38.0
STU006525,UNI030,,,Recruitment Agency,20250115,0,,1,0,
STU006526,UNI023,,,On-Campus,20250215,0,,0,0,
STU006527,UNI012,CMP067,Data Analyst,Direct Application,20240915,1,17.59,2,1,41.0
STU006528,UNI019,CMP076,Data Analyst,Referral,20240815,1,12.92,3,2,86.0
STU006529,UNI021,CMP026,Cloud Engineer,Direct Application,20250315,1,26.79,4,2,52.0
STU006530,UNI026,,,Job Portal,20241215,0,,2,0,
STU006531,UNI029,CMP054,Data Scientist,Job Portal,20250115,1,26.93,4,3,72.0
STU006532,UNI015,CMP021,Design Engineer,Job Portal,20250115,1,16.12,1,3,12.0
STU006533,UNI021,CMP023,Design Engineer,Direct Application,20241215,1,23.17,3,1,32.0
STU006534,UNI014,CMP020,Software Engineer,Direct Application,20240915,1,39.14,5,1,27.0
STU006535,UNI014,CMP064,Software Engineer,Recruitment Agency,20250215,1,22.98,2,1,48.0
STU006536,UNI008,,,Recruitment Agency,20241215,0,,0,0,
STU006537,UNI021,CMP061,Software Engineer,Direct Application,20240915,1,12.3,3,1,60.0
STU006538,UNI024,CMP060,Backend Engineer,Direct Application,20241215,1,16.12,5,1,65.0
STU006539,UNI005,CMP035,Software Engineer,Recruitment Agency,20240915,1,50.19,3,3,88.0
STU006540,UNI026,CMP015,ML Engineer,Referral,20250215,1,65.0,4,2,44.0
STU006541,UNI007,CMP064,Data Analyst,Direct Application,20241015,1,15.01,4,1,57.0
STU006542,UNI009,CMP068,Cloud Engineer,Recruitment Agency,20241015,1,35.61,5,1,31.0
STU006543,UNI023,,,On-Campus,20240915,0,,0,0,
STU006544,UNI027,,,Recruitment Agency,20241215,0,,1,0,
STU006545,UNI004,,,Recruitment Agency,20241015,0,,2,0,
STU006546,UNI009,CMP025,Operations Associate,Job Portal,20241115,1,22.85,1,2,66.0
STU006547,UNI007,CMP044,Data Analyst,Direct Application,20241215,1,30.17,5,1,15.0
STU006548,UNI022,CMP051,Product Analyst,Referral,20240815,1,29.04,1,1,39.0
STU006549,UNI017,,,Direct Application,20250115,0,,1,0,
STU006550,UNI011,CMP049,Data Scientist,Recruitment Agency,20250315,1,25.47,4,1,52.0
STU006551,UNI005,CMP027,Financial Analyst,On-Campus,20250315,1,48.53,3,2,24.0
STU006552,UNI020,CMP041,Frontend Engineer,Job Portal,20250315,1,10.07,2,1,66.0
STU006553,UNI023,,,Referral,20250415,0,,0,0,
STU006554,UNI028,,,Referral,20240915,0,,2,0,
STU006555,UNI009,CMP044,Data Analyst,Recruitment Agency,20241115,1,35.24,4,1,40.0
STU006556,UNI005,,,Job Portal,20241215,0,,2,0,
STU006557,UNI021,CMP036,Software Engineer,Job Portal,20250115,1,33.44,5,1,36.0
STU006558,UNI018,CMP022,Business Analyst,Direct Application,20250115,1,30.36,1,1,75.0
STU006559,UNI023,CMP003,Design Engineer,Job Portal,20250315,1,6.85,3,1,38.0
STU006560,UNI027,CMP047,Design Engineer,Direct Application,20250115,1,17.74,1,1,64.0
STU006561,UNI023,CMP057,Operations Associate,On-Campus,20241215,1,18.57,2,2,89.0
STU006562,UNI022,,,On-Campus,20250115,0,,1,0,
STU006563,UNI004,CMP040,Software Engineer,Recruitment Agency,20240815,1,17.11,1,1,68.0
STU006564,UNI027,,,Referral,20240815,0,,0,0,
STU006565,UNI010,,,Referral,20241215,0,,1,0,
STU006566,UNI022,,,Recruitment Agency,20241215,0,,1,0,
STU006567,UNI010,CMP058,Operations Associate,On-Campus,20241015,1,15.49,2,2,64.0
STU006568,UNI009,,,Referral,20241215,0,,0,0,
STU006569,UNI019,CMP062,ML Engineer,Direct Application,20240815,1,19.87,4,1,72.0
STU006570,UNI030,,,On-Campus,20241015,0,,2,0,
STU006571,UNI017,CMP055,Systems Engineer,Direct Application,20241115,1,23.29,1,1,16.0
STU006572,UNI002,,,On-Campus,20240915,0,,0,0,
STU006573,UNI030,,,Job Portal,20250315,0,,2,0,
STU006574,UNI020,,,Referral,20240915,0,,1,0,
STU006575,UNI030,,,On-Campus,20240815,0,,0,0,
STU006576,UNI019,CMP001,Frontend Engineer,Job Portal,20250115,1,12.27,4,1,38.0
STU006577,UNI030,CMP034,Design Engineer,Job Portal,20241115,1,33.07,1,1,82.0
STU006578,UNI021,,,Job Portal,20241015,0,,1,0,
STU006579,UNI008,CMP035,Design Engineer,On-Campus,20241215,1,24.94,1,1,18.0
STU006580,UNI009,CMP011,Systems Engineer,Job Portal,20241115,1,7.43,1,1,82.0
STU006581,UNI014,CMP007,Design Engineer,Recruitment Agency,20250215,1,33.39,3,1,7.0
STU006582,UNI001,CMP048,Consultant,Referral,20250415,1,24.35,1,1,47.0
STU006583,UNI008,CMP016,Consultant,On-Campus,20241015,1,22.18,4,2,54.0
STU006584,UNI024,CMP034,Financial Analyst,Recruitment Agency,20250215,1,30.56,4,1,19.0
STU006585,UNI030,CMP078,Frontend Engineer,Job Portal,20241015,1,11.35,3,2,90.0
STU006586,UNI011,CMP008,ML Engineer,On-Campus,20240815,1,28.14,1,1,90.0
STU006587,UNI027,CMP071,Data Analyst,On-Campus,20250215,1,16.28,3,1,73.0
STU006588,UNI011,,,Direct Application,20250315,0,,0,0,
STU006589,UNI017,CMP025,Financial Analyst,Referral,20250115,1,24.52,2,1,63.0
STU006590,UNI002,CMP035,Data Scientist,Referral,20240915,1,27.93,3,1,18.0
STU006591,UNI002,CMP036,Backend Engineer,On-Campus,20241115,1,21.95,2,1,41.0
STU006592,UNI002,CMP058,Business Analyst,Referral,20241215,1,21.51,4,1,40.0
STU006593,UNI029,CMP066,Frontend Engineer,Referral,20250415,1,13.51,3,1,20.0
STU006594,UNI001,,,Job Portal,20250115,0,,1,0,
STU006595,UNI027,,,Direct Application,20241015,0,,2,0,
STU006596,UNI025,CMP015,Software Engineer,On-Campus,20241115,1,22.16,1,2,21.0
STU006597,UNI014,CMP020,Backend Engineer,Job Portal,20250115,1,29.56,2,1,81.0
STU006598,UNI008,,,Referral,20240815,0,,1,0,
STU006599,UNI007,,,On-Campus,20240815,0,,0,0,
STU006600,UNI011,CMP014,Frontend Engineer,Referral,20250315,1,8.5,1,1,24.0
STU006601,UNI014,,,Direct Application,20241115,0,,2,0,
STU006602,UNI021,CMP040,Product Analyst,Direct Application,20250115,1,34.45,3,1,83.0
STU006603,UNI027,CMP071,Data Scientist,On-Campus,20250415,1,27.82,3,1,45.0
STU006604,UNI008,CMP002,Operations Associate,Referral,20250415,1,8.75,2,1,28.0
STU006605,UNI022,CMP035,Financial Analyst,Recruitment Agency,20250315,1,17.72,2,1,46.0
STU006606,UNI003,,,Direct Application,20250215,0,,1,0,
STU006607,UNI030,,,Referral,20240815,0,,2,0,
STU006608,UNI012,,,Referral,20241215,0,,1,0,
STU006609,UNI027,CMP046,Consultant,Direct Application,20250315,1,23.81,4,1,49.0
STU006610,UNI006,CMP057,Systems Engineer,Recruitment Agency,20241115,1,31.23,1,1,82.0
STU006611,UNI001,CMP018,Data Scientist,On-Campus,20240915,1,41.61,4,3,54.0
STU006612,UNI002,,,Job Portal,20250115,0,,0,0,
STU006613,UNI027,CMP047,Cloud Engineer,Referral,20250215,1,38.9,2,1,21.0
STU006614,UNI029,,,Recruitment Agency,20241115,0,,1,0,
STU006615,UNI023,,,Direct Application,20240915,0,,1,0,
STU006616,UNI027,CMP024,Data Scientist,Job Portal,20241215,1,20.89,4,1,38.0
STU006617,UNI010,,,On-Campus,20241015,0,,0,0,
STU006618,UNI006,,,Referral,20250415,0,,1,0,
STU006619,UNI003,,,Referral,20250115,0,,0,0,
STU006620,UNI005,,,Recruitment Agency,20241115,0,,1,0,
STU006621,UNI007,CMP077,Design Engineer,On-Campus,20241215,1,21.77,3,1,46.0
STU006622,UNI009,CMP057,Systems Engineer,Recruitment Agency,20240815,1,20.38,2,1,54.0
STU006623,UNI005,CMP044,Software Engineer,Referral,20241115,1,40.91,3,1,69.0
STU006624,UNI027,CMP032,Backend Engineer,Referral,20250415,1,26.07,3,1,51.0
STU006625,UNI029,CMP067,QA Engineer,Job Portal,20241015,1,19.63,2,1,18.0
STU006626,UNI002,,,Job Portal,20250315,0,,1,0,
STU006627,UNI026,CMP017,Systems Engineer,On-Campus,20250315,1,20.27,3,2,36.0
STU006628,UNI019,CMP041,QA Engineer,Job Portal,20240915,1,9.36,4,1,92.0
STU006629,UNI002,,,Referral,20241115,0,,1,0,
STU006630,UNI021,CMP031,Operations Associate,Job Portal,20241215,1,7.5,1,1,20.0
STU006631,UNI003,CMP001,ML Engineer,Recruitment Agency,20240915,1,21.48,4,1,46.0
STU006632,UNI018,CMP072,Systems Engineer,Referral,20240815,1,9.98,4,1,86.0
STU006633,UNI016,,,Referral,20250215,0,,2,0,
STU006634,UNI016,,,Recruitment Agency,20250415,0,,1,0,
STU006635,UNI012,CMP043,Consultant,Direct Application,20250215,1,20.36,3,1,92.0
STU006636,UNI004,,,Job Portal,20241015,0,,0,0,
STU006637,UNI021,,,Recruitment Agency,20250415,0,,2,0,
STU006638,UNI001,CMP060,Data Scientist,Referral,20241115,1,15.35,4,1,54.0
STU006639,UNI022,CMP046,Backend Engineer,On-Campus,20240815,1,17.87,5,1,68.0
STU006640,UNI026,CMP045,Software Engineer,Direct Application,20240915,1,34.64,1,2,69.0
STU006641,UNI012,CMP009,Data Analyst,Job Portal,20241015,1,19.8,1,2,46.0
STU006642,UNI011,CMP066,Design Engineer,On-Campus,20250115,1,8.83,2,2,20.0
STU006643,UNI025,,,Referral,20250115,0,,2,0,
STU006644,UNI019,CMP007,Design Engineer,Direct Application,20250215,1,31.13,4,1,26.0
STU006645,UNI015,CMP042,QA Engineer,Recruitment Agency,20250315,1,17.65,4,2,9.0
STU006646,UNI009,CMP015,Backend Engineer,Direct Application,20240915,1,31.76,5,2,73.0
STU006647,UNI003,CMP028,Data Analyst,Job Portal,20241015,1,26.8,2,3,41.0
STU006648,UNI009,CMP046,QA Engineer,Job Portal,20241215,1,19.03,3,1,75.0
STU006649,UNI021,,,Job Portal,20250115,0,,0,0,
STU006650,UNI016,CMP035,Business Analyst,Referral,20250115,1,23.55,1,1,47.0
STU006651,UNI019,,,Job Portal,20240815,0,,1,0,
STU006652,UNI009,CMP057,Data Analyst,On-Campus,20250215,1,24.96,2,1,76.0
STU006653,UNI008,CMP046,Business Analyst,Direct Application,20240815,1,22.85,2,1,32.0
STU006654,UNI014,CMP050,Data Scientist,Referral,20241015,1,15.63,5,2,73.0
STU006655,UNI025,CMP036,Product Analyst,On-Campus,20240915,1,23.96,2,1,81.0
STU006656,UNI007,CMP077,Data Scientist,Referral,20241215,1,37.6,2,1,13.0
STU006657,UNI010,,,Job Portal,20250415,0,,2,0,
STU006658,UNI030,CMP058,Software Engineer,On-Campus,20250415,1,36.66,3,2,27.0
STU006659,UNI028,,,Direct Application,20240915,0,,2,0,
STU006660,UNI010,,,On-Campus,20250315,0,,1,0,
STU006661,UNI013,,,Referral,20250315,0,,0,0,
STU006662,UNI021,CMP021,QA Engineer,Referral,20250215,1,16.44,4,1,44.0
STU006663,UNI015,CMP049,Data Scientist,Direct Application,20241015,1,48.57,5,1,65.0
STU006664,UNI017,CMP077,Backend Engineer,Job Portal,20250415,1,28.42,1,1,31.0
STU006665,UNI004,,,Direct Application,20250115,0,,0,0,
STU006666,UNI029,CMP050,Frontend Engineer,Job Portal,20241015,1,8.74,2,1,38.0
STU006667,UNI009,,,On-Campus,20241115,0,,2,0,
STU006668,UNI003,CMP032,ML Engineer,On-Campus,20250315,1,55.7,4,4,81.0
STU006669,UNI011,CMP049,Operations Associate,On-Campus,20241015,1,16.07,1,1,62.0
STU006670,UNI005,,,Referral,20250415,0,,1,0,
STU006671,UNI008,,,Recruitment Agency,20250315,0,,2,0,
STU006672,UNI012,,,Recruitment Agency,20241115,0,,1,0,
STU006673,UNI021,CMP005,QA Engineer,Referral,20250415,1,21.71,5,1,87.0
STU006674,UNI012,CMP041,Financial Analyst,Referral,20240815,1,8.61,4,3,28.0
STU006675,UNI017,,,Recruitment Agency,20240815,0,,2,0,
STU006676,UNI030,,,Recruitment Agency,20250415,0,,1,0,
STU006677,UNI030,,,Recruitment Agency,20241215,0,,1,0,
STU006678,UNI023,CMP040,Consultant,On-Campus,20240815,1,20.36,5,1,42.0
STU006679,UNI001,CMP029,Cloud Engineer,Direct Application,20241015,1,10.78,5,2,88.0
STU006680,UNI006,,,On-Campus,20241115,0,,1,0,
STU006681,UNI022,,,Recruitment Agency,20241115,0,,1,0,
STU006682,UNI018,,,Referral,20250415,0,,0,0,
STU006683,UNI028,CMP061,QA Engineer,Direct Application,20250115,1,7.6,4,1,25.0
STU006684,UNI015,,,Job Portal,20241015,0,,1,0,
STU006685,UNI026,CMP078,ML Engineer,On-Campus,20250315,1,17.22,1,2,39.0
STU006686,UNI006,CMP052,Product Analyst,Recruitment Agency,20241015,1,23.01,4,1,66.0
STU006687,UNI027,CMP028,Product Analyst,On-Campus,20250315,1,26.97,2,1,58.0
STU006688,UNI009,,,Referral,20240915,0,,2,0,
STU006689,UNI005,,,Referral,20250215,0,,2,0,
STU006690,UNI001,CMP036,Financial Analyst,Referral,20240915,1,17.2,4,1,92.0
STU006691,UNI023,CMP037,Data Scientist,Job Portal,20250115,1,8.72,1,1,7.0
STU006692,UNI013,CMP052,Data Analyst,Recruitment Agency,20240815,1,22.86,3,2,10.0
STU006693,UNI024,,,Recruitment Agency,20241015,0,,0,0,
STU006694,UNI022,,,Job Portal,20240815,0,,1,0,
STU006695,UNI002,CMP017,Frontend Engineer,Referral,20250415,1,22.94,5,1,63.0
STU006696,UNI005,CMP035,Financial Analyst,Recruitment Agency,20240915,1,51.31,3,1,27.0
STU006697,UNI017,CMP040,Backend Engineer,On-Campus,20240815,1,29.94,1,1,28.0
STU006698,UNI022,,,Recruitment Agency,20250315,0,,2,0,
STU006699,UNI028,CMP069,Data Scientist,Direct Application,20240815,1,9.09,5,1,62.0
STU006700,UNI009,,,On-Campus,20250215,0,,1,0,
STU006701,UNI030,,,Recruitment Agency,20250315,0,,2,0,
STU006702,UNI018,,,On-Campus,20250315,0,,0,0,
STU006703,UNI013,CMP015,Data Analyst,On-Campus,20241115,1,22.08,3,2,55.0
STU006704,UNI003,,,On-Campus,20241015,0,,0,0,
STU006705,UNI018,CMP052,QA Engineer,Direct Application,20240915,1,24.53,4,1,49.0
STU006706,UNI014,CMP034,Consultant,Referral,20240815,1,42.07,4,1,13.0
STU006707,UNI003,CMP022,Backend Engineer,Job Portal,20240915,1,42.65,5,3,22.0
STU006708,UNI029,CMP023,Operations Associate,Direct Application,20250115,1,16.86,5,2,94.0
STU006709,UNI006,,,Recruitment Agency,20250115,0,,0,0,
STU006710,UNI011,CMP018,QA Engineer,Referral,20240915,1,27.61,2,1,87.0
STU006711,UNI008,CMP048,Operations Associate,Direct Application,20250215,1,25.64,2,1,49.0
STU006712,UNI013,,,On-Campus,20250115,0,,0,0,
STU006713,UNI030,,,Referral,20240915,0,,1,0,
STU006714,UNI004,CMP026,Financial Analyst,Job Portal,20240815,1,17.71,5,2,34.0
STU006715,UNI027,CMP040,Data Scientist,Direct Application,20240815,1,20.41,5,1,84.0
STU006716,UNI018,,,Direct Application,20241115,0,,1,0,
STU006717,UNI028,CMP063,Financial Analyst,Job Portal,20241115,1,19.46,4,1,8.0
STU006718,UNI007,CMP049,Data Scientist,Referral,20250315,1,46.92,3,1,64.0
STU006719,UNI028,CMP067,Data Analyst,On-Campus,20250215,1,16.77,3,1,68.0
STU006720,UNI017,CMP052,Frontend Engineer,On-Campus,20241215,1,30.15,3,2,41.0
STU006721,UNI010,CMP063,ML Engineer,Recruitment Agency,20250415,1,29.49,1,1,72.0
STU006722,UNI012,CMP050,Product Analyst,On-Campus,20250415,1,5.96,3,1,18.0
STU006723,UNI013,CMP077,Frontend Engineer,Referral,20250215,1,25.41,5,2,61.0
STU006724,UNI023,CMP032,Design Engineer,Recruitment Agency,20250415,1,20.91,5,3,19.0
STU006725,UNI027,CMP043,Design Engineer,On-Campus,20241215,1,15.14,4,1,59.0
STU006726,UNI019,CMP011,Data Scientist,Referral,20250215,1,18.85,3,4,8.0
STU006727,UNI018,CMP057,Operations Associate,Referral,20240815,1,28.2,3,1,33.0
STU006728,UNI025,,,Direct Application,20241015,0,,2,0,
STU006729,UNI029,CMP047,Software Engineer,Job Portal,20241215,1,23.25,5,1,87.0
STU006730,UNI012,CMP005,Product Analyst,Referral,20241015,1,25.2,3,1,92.0
STU006731,UNI012,CMP065,Operations Associate,Referral,20240915,1,5.6,3,2,59.0
STU006732,UNI015,CMP070,Operations Associate,Referral,20241015,1,37.35,2,1,40.0
STU006733,UNI010,CMP039,Software Engineer,Direct Application,20241015,1,11.8,3,2,18.0
STU006734,UNI029,CMP029,Operations Associate,Direct Application,20250115,1,8.24,2,1,53.0
STU006735,UNI027,CMP033,Frontend Engineer,On-Campus,20240815,1,18.49,2,1,93.0
STU006736,UNI002,CMP046,Data Analyst,Recruitment Agency,20240815,1,19.56,4,1,93.0
STU006737,UNI012,CMP067,ML Engineer,Direct Application,20241115,1,30.54,4,2,63.0
STU006738,UNI011,,,Recruitment Agency,20250115,0,,1,0,
STU006739,UNI001,,,Job Portal,20250315,0,,2,0,
STU006740,UNI029,CMP013,Product Analyst,Job Portal,20250215,1,21.72,1,1,85.0
STU006741,UNI020,CMP003,Cloud Engineer,Direct Application,20241015,1,14.03,2,1,17.0
STU006742,UNI010,,,On-Campus,20240815,0,,1,0,
STU006743,UNI016,CMP074,Cloud Engineer,Direct Application,20250215,1,27.67,4,1,87.0
STU006744,UNI022,CMP047,Backend Engineer,Job Portal,20250215,1,25.14,4,1,51.0
STU006745,UNI027,CMP046,Business Analyst,Recruitment Agency,20250415,1,26.21,2,2,32.0
STU006746,UNI012,CMP021,Backend Engineer,On-Campus,20241215,1,6.15,4,1,93.0
STU006747,UNI019,CMP005,Financial Analyst,Direct Application,20240915,1,31.7,4,2,56.0
STU006748,UNI013,,,Recruitment Agency,20241215,0,,2,0,
STU006749,UNI012,,,Direct Application,20250115,0,,1,0,
STU006750,UNI027,,,On-Campus,20240915,0,,2,0,
STU006751,UNI025,,,Direct Application,20250215,0,,2,0,
STU006752,UNI023,,,Direct Application,20250115,0,,1,0,
STU006753,UNI027,CMP059,ML Engineer,Recruitment Agency,20241215,1,21.23,3,1,34.0
STU006754,UNI027,,,Recruitment Agency,20250415,0,,2,0,
STU006755,UNI026,CMP012,Consultant,Referral,20241215,1,37.75,3,1,71.0
STU006756,UNI023,,,On-Campus,20240915,0,,2,0,
STU006757,UNI011,CMP010,Business Analyst,Job Portal,20241115,1,6.38,1,1,57.0
STU006758,UNI018,,,Referral,20241115,0,,2,0,
STU006759,UNI024,CMP058,Design Engineer,Recruitment Agency,20240915,1,23.73,2,1,36.0
STU006760,UNI027,,,Job Portal,20250215,0,,2,0,
STU006761,UNI004,,,On-Campus,20240815,0,,1,0,
STU006762,UNI011,CMP031,Operations Associate,On-Campus,20250415,1,7.11,1,1,66.0
STU006763,UNI008,CMP029,Data Scientist,Referral,20250115,1,12.99,2,2,84.0
STU006764,UNI015,CMP050,ML Engineer,Recruitment Agency,20241215,1,17.9,1,1,38.0
STU006765,UNI017,CMP038,Product Analyst,Job Portal,20241015,1,8.04,2,1,40.0
STU006766,UNI004,,,On-Campus,20240815,0,,0,0,
STU006767,UNI026,,,Recruitment Agency,20250415,0,,2,0,
STU006768,UNI018,CMP022,Systems Engineer,Direct Application,20241115,1,24.08,3,3,75.0
STU006769,UNI027,CMP061,Data Scientist,Direct Application,20250415,1,10.13,5,1,25.0
STU006770,UNI004,,,Job Portal,20241015,0,,0,0,
STU006771,UNI001,CMP025,Software Engineer,Referral,20240815,1,21.7,4,2,68.0
STU006772,UNI002,,,Recruitment Agency,20250215,0,,2,0,
STU006773,UNI021,CMP077,Data Scientist,Direct Application,20241015,1,33.8,5,3,93.0
STU006774,UNI015,CMP037,Consultant,Direct Application,20241015,1,13.07,5,1,33.0
STU006775,UNI012,CMP070,Software Engineer,On-Campus,20241115,1,27.17,1,1,18.0
STU006776,UNI016,CMP062,Financial Analyst,Referral,20250215,1,8.39,1,2,92.0
STU006777,UNI023,CMP018,ML Engineer,On-Campus,20241015,1,33.43,3,2,88.0
STU006778,UNI011,CMP042,Operations Associate,On-Campus,20250115,1,8.18,2,2,63.0
STU006779,UNI022,,,Recruitment Agency,20240915,0,,1,0,
STU006780,UNI001,CMP028,Backend Engineer,On-Campus,20241115,1,22.49,4,1,20.0
STU006781,UNI006,CMP033,Consultant,Job Portal,20250415,1,34.95,3,1,87.0
STU006782,UNI029,CMP049,Design Engineer,Job Portal,20240915,1,25.93,2,1,70.0
STU006783,UNI027,,,Direct Application,20250115,0,,1,0,
STU006784,UNI003,CMP046,Frontend Engineer,Job Portal,20250315,1,42.06,5,1,64.0
STU006785,UNI014,CMP044,Data Scientist,Direct Application,20241115,1,36.19,2,1,16.0
STU006786,UNI011,,,Direct Application,20250415,0,,1,0,
STU006787,UNI002,CMP029,Frontend Engineer,Direct Application,20250315,1,10.11,3,3,58.0
STU006788,UNI025,,,On-Campus,20250215,0,,1,0,
STU006789,UNI018,CMP063,Systems Engineer,Job Portal,20250415,1,22.34,3,1,65.0
STU006790,UNI025,,,Referral,20241115,0,,1,0,
STU006791,UNI026,CMP037,Backend Engineer,Referral,20250115,1,12.54,3,1,63.0
STU006792,UNI021,CMP037,Data Analyst,Job Portal,20240815,1,7.81,5,1,90.0
STU006793,UNI005,CMP050,QA Engineer,Direct Application,20250115,1,11.51,5,2,73.0
STU006794,UNI009,CMP072,Consultant,Recruitment Agency,20241015,1,11.61,2,3,53.0
STU006795,UNI009,CMP051,Business Analyst,On-Campus,20250315,1,23.13,4,1,36.0
STU006796,UNI009,CMP032,Data Analyst,Direct Application,20250315,1,25.13,2,1,40.0
STU006797,UNI025,CMP077,ML Engineer,Referral,20241115,1,47.88,3,1,57.0
STU006798,UNI025,CMP019,Data Analyst,Job Portal,20250415,1,20.18,4,1,29.0
STU006799,UNI028,CMP048,Operations Associate,Referral,20241015,1,23.03,3,1,86.0
STU006800,UNI022,CMP058,Frontend Engineer,On-Campus,20250315,1,17.39,2,1,11.0
STU006801,UNI008,CMP001,QA Engineer,Referral,20240815,1,9.7,1,1,43.0
STU006802,UNI026,,,Job Portal,20250115,0,,1,0,
STU006803,UNI008,,,Referral,20241115,0,,0,0,
STU006804,UNI018,CMP037,Product Analyst,Recruitment Agency,20250115,1,12.13,1,1,71.0
STU006805,UNI030,CMP019,Software Engineer,Direct Application,20250115,1,34.51,4,2,26.0
STU006806,UNI015,CMP001,Product Analyst,Referral,20241015,1,16.6,1,2,56.0
STU006807,UNI012,CMP036,Frontend Engineer,Direct Application,20241215,1,21.1,3,1,23.0
STU006808,UNI025,CMP033,Software Engineer,Direct Application,20250315,1,34.37,3,1,71.0
STU006809,UNI002,,,Job Portal,20250215,0,,2,0,
STU006810,UNI020,CMP022,Software Engineer,On-Campus,20250315,1,56.91,4,2,22.0
STU006811,UNI014,,,Job Portal,20240815,0,,2,0,
STU006812,UNI004,CMP018,Financial Analyst,Direct Application,20250415,1,19.85,3,2,88.0
STU006813,UNI003,CMP065,QA Engineer,Referral,20250415,1,13.59,5,4,91.0
STU006814,UNI006,CMP047,Financial Analyst,Referral,20240815,1,35.87,5,1,24.0
STU006815,UNI024,CMP074,Consultant,Recruitment Agency,20241115,1,34.51,5,2,12.0
STU006816,UNI018,CMP072,Data Scientist,Direct Application,20250415,1,7.46,3,1,66.0
STU006817,UNI001,CMP023,Design Engineer,On-Campus,20241215,1,13.56,5,2,38.0
STU006818,UNI029,CMP006,Consultant,Job Portal,20250315,1,18.98,1,1,36.0
STU006819,UNI009,,,Recruitment Agency,20241115,0,,2,0,
STU006820,UNI026,CMP041,Software Engineer,On-Campus,20241115,1,15.76,2,1,24.0
STU006821,UNI021,CMP042,Cloud Engineer,Direct Application,20250115,1,16.39,4,1,94.0
STU006822,UNI021,CMP075,Frontend Engineer,Recruitment Agency,20250115,1,31.38,5,1,53.0
STU006823,UNI002,CMP073,QA Engineer,Direct Application,20250115,1,18.11,4,2,56.0
STU006824,UNI001,,,Job Portal,20250215,0,,2,0,
STU006825,UNI007,,,Direct Application,20241015,0,,2,0,
STU006826,UNI002,,,Direct Application,20240915,0,,0,0,
STU006827,UNI017,,,Referral,20250215,0,,2,0,
STU006828,UNI002,CMP003,Backend Engineer,Referral,20240915,1,8.13,4,1,21.0
STU006829,UNI029,CMP058,Cloud Engineer,Referral,20250115,1,36.99,5,1,29.0
STU006830,UNI027,,,Recruitment Agency,20250315,0,,0,0,
STU006831,UNI015,,,Job Portal,20240815,0,,1,0,
STU006832,UNI007,CMP029,Cloud Engineer,Referral,20250115,1,12.71,5,1,82.0
STU006833,UNI017,CMP018,Data Scientist,Job Portal,20250315,1,31.02,5,1,74.0
STU006834,UNI020,,,Direct Application,20241015,0,,0,0,
STU006835,UNI029,CMP032,Software Engineer,Referral,20241015,1,38.57,2,1,44.0
STU006836,UNI006,,,Job Portal,20250315,0,,2,0,
STU006837,UNI005,CMP017,QA Engineer,Job Portal,20240815,1,25.9,3,1,57.0
STU006838,UNI028,,,Direct Application,20241015,0,,2,0,
STU006839,UNI018,CMP019,Data Analyst,Job Portal,20240915,1,18.78,2,1,65.0
STU006840,UNI021,,,Job Portal,20250315,0,,2,0,
STU006841,UNI027,,,Job Portal,20250115,0,,0,0,
STU006842,UNI014,CMP009,Product Analyst,On-Campus,20241015,1,28.82,4,1,38.0
STU006843,UNI024,CMP058,Systems Engineer,Direct Application,20250315,1,22.6,4,1,90.0
STU006844,UNI015,CMP005,Frontend Engineer,Job Portal,20240915,1,34.25,2,2,94.0
STU006845,UNI027,,,Referral,20250215,0,,0,0,
STU006846,UNI024,,,Referral,20241015,0,,1,0,
STU006847,UNI007,,,Referral,20241015,0,,2,0,
STU006848,UNI011,,,Direct Application,20241215,0,,1,0,
STU006849,UNI014,CMP011,Cloud Engineer,Job Portal,20241015,1,11.21,1,1,77.0
STU006850,UNI007,,,On-Campus,20241115,0,,1,0,
STU006851,UNI027,,,Job Portal,20241115,0,,2,0,
STU006852,UNI027,,,Referral,20250115,0,,0,0,
STU006853,UNI019,CMP074,Consultant,Job Portal,20250415,1,44.99,4,1,16.0
STU006854,UNI027,,,Job Portal,20240915,0,,0,0,
STU006855,UNI019,CMP033,Consultant,Job Portal,20241115,1,37.21,4,2,50.0
STU006856,UNI020,,,Referral,20241015,0,,0,0,
STU006857,UNI018,CMP036,Operations Associate,Referral,20241015,1,20.67,2,1,56.0
STU006858,UNI025,CMP072,Frontend Engineer,Recruitment Agency,20241015,1,8.72,5,1,8.0
STU006859,UNI009,CMP031,Design Engineer,Job Portal,20250315,1,9.02,2,1,81.0
STU006860,UNI009,CMP039,Business Analyst,Direct Application,20240815,1,9.39,4,1,62.0
STU006861,UNI007,,,Job Portal,20240915,0,,2,0,
STU006862,UNI011,CMP058,Operations Associate,Recruitment Agency,20240815,1,18.27,4,1,26.0
STU006863,UNI002,CMP037,Data Analyst,Recruitment Agency,20250215,1,7.1,4,3,86.0
STU006864,UNI001,,,Referral,20250115,0,,0,0,
STU006865,UNI029,,,Recruitment Agency,20250415,0,,0,0,
STU006866,UNI027,CMP008,QA Engineer,Referral,20250115,1,24.86,3,1,61.0
STU006867,UNI008,,,Referral,20250415,0,,0,0,
STU006868,UNI019,,,Recruitment Agency,20250315,0,,0,0,
STU006869,UNI030,CMP019,Design Engineer,Direct Application,20241215,1,31.99,3,1,7.0
STU006870,UNI022,,,On-Campus,20250415,0,,0,0,
STU006871,UNI011,CMP058,Cloud Engineer,Direct Application,20240915,1,27.14,3,1,31.0
STU006872,UNI006,,,On-Campus,20241015,0,,0,0,
STU006873,UNI030,,,Recruitment Agency,20250415,0,,2,0,
STU006874,UNI004,CMP073,Data Analyst,Recruitment Agency,20250315,1,17.18,3,1,65.0
STU006875,UNI026,CMP065,Operations Associate,Recruitment Agency,20241215,1,11.7,4,2,20.0
STU006876,UNI006,CMP050,Product Analyst,Direct Application,20250415,1,11.24,1,1,83.0
STU006877,UNI028,,,Referral,20250215,0,,2,0,
STU006878,UNI008,CMP044,Consultant,Job Portal,20241215,1,26.9,2,1,24.0
STU006879,UNI010,CMP023,Systems Engineer,Referral,20240815,1,19.27,5,2,71.0
STU006880,UNI014,,,Referral,20250115,0,,2,0,
STU006881,UNI028,CMP016,Backend Engineer,Recruitment Agency,20241115,1,33.62,2,1,65.0
STU006882,UNI024,,,Referral,20250215,0,,0,0,
STU006883,UNI006,CMP016,QA Engineer,Direct Application,20241115,1,23.68,5,1,74.0
STU006884,UNI024,CMP004,QA Engineer,Direct Application,20241015,1,8.74,2,1,67.0
STU006885,UNI004,,,Direct Application,20250315,0,,2,0,
STU006886,UNI027,,,On-Campus,20241015,0,,0,0,
STU006887,UNI013,CMP075,Consultant,Direct Application,20241215,1,25.21,2,1,51.0
STU006888,UNI013,CMP001,Consultant,On-Campus,20250115,1,7.11,1,1,26.0
STU006889,UNI018,CMP028,Product Analyst,On-Campus,20241215,1,25.25,4,1,35.0
STU006890,UNI028,CMP025,Business Analyst,Direct Application,20240815,1,17.6,4,2,90.0
STU006891,UNI011,,,Job Portal,20250415,0,,2,0,
STU006892,UNI020,CMP006,Software Engineer,Recruitment Agency,20241115,1,33.2,3,1,30.0
STU006893,UNI011,CMP070,Data Scientist,Job Portal,20240915,1,29.64,1,1,71.0
STU006894,UNI004,CMP030,Software Engineer,Referral,20241215,1,18.74,3,1,48.0
STU006895,UNI010,,,Job Portal,20250315,0,,1,0,
STU006896,UNI021,CMP040,Frontend Engineer,Direct Application,20240915,1,26.09,2,1,53.0
STU006897,UNI022,,,Referral,20250215,0,,1,0,
STU006898,UNI017,CMP053,QA Engineer,Direct Application,20241215,1,11.03,3,1,25.0
STU006899,UNI003,,,Job Portal,20250315,0,,0,0,
STU006900,UNI001,CMP071,Consultant,Recruitment Agency,20240915,1,19.64,2,2,37.0
STU006901,UNI021,,,On-Campus,20250415,0,,1,0,
STU006902,UNI016,,,Recruitment Agency,20250315,0,,0,0,
STU006903,UNI010,CMP027,Data Scientist,Recruitment Agency,20241215,1,32.65,3,1,83.0
STU006904,UNI005,,,On-Campus,20250215,0,,0,0,
STU006905,UNI015,CMP002,Business Analyst,Referral,20250115,1,12.67,5,1,47.0
STU006906,UNI025,CMP022,Data Scientist,Job Portal,20240815,1,30.46,4,1,8.0
STU006907,UNI015,,,Job Portal,20250415,0,,0,0,
STU006908,UNI020,,,Recruitment Agency,20250315,0,,1,0,
STU006909,UNI022,CMP011,ML Engineer,Recruitment Agency,20250215,1,9.38,2,1,85.0
STU006910,UNI008,CMP038,Consultant,Direct Application,20250315,1,9.13,4,1,80.0
STU006911,UNI018,CMP066,Financial Analyst,Referral,20241015,1,12.95,2,1,14.0
STU006912,UNI013,CMP070,Design Engineer,Referral,20241115,1,21.3,3,1,8.0
STU006913,UNI015,,,On-Campus,20240915,0,,2,0,
STU006914,UNI007,CMP010,Consultant,On-Campus,20250215,1,10.14,5,1,83.0
STU006915,UNI020,CMP037,Consultant,On-Campus,20241215,1,21.8,3,1,67.0
STU006916,UNI012,CMP044,Business Analyst,Direct Application,20250315,1,24.3,4,1,43.0
STU006917,UNI018,CMP073,Financial Analyst,Recruitment Agency,20241115,1,30.55,2,2,62.0
STU006918,UNI015,CMP001,QA Engineer,Job Portal,20241215,1,11.26,2,1,84.0
STU006919,UNI028,,,Recruitment Agency,20250415,0,,1,0,
STU006920,UNI030,,,Referral,20250415,0,,2,0,
STU006921,UNI010,CMP013,Business Analyst,On-Campus,20241215,1,16.42,3,1,63.0
STU006922,UNI016,CMP068,Consultant,Direct Application,20240915,1,21.53,2,1,65.0
STU006923,UNI019,CMP073,Business Analyst,Recruitment Agency,20250415,1,45.17,5,1,31.0
STU006924,UNI030,CMP029,Backend Engineer,Job Portal,20250115,1,13.34,5,2,32.0
STU006925,UNI008,CMP002,Financial Analyst,On-Campus,20250415,1,11.68,5,1,66.0
STU006926,UNI023,CMP006,Cloud Engineer,Recruitment Agency,20250315,1,34.63,5,1,92.0
STU006927,UNI003,,,On-Campus,20240815,0,,0,0,
STU006928,UNI027,,,On-Campus,20250115,0,,2,0,
STU006929,UNI018,CMP046,Frontend Engineer,Job Portal,20240915,1,21.66,4,1,53.0
STU006930,UNI006,CMP002,Backend Engineer,On-Campus,20250415,1,12.02,1,1,60.0
STU006931,UNI011,,,Direct Application,20250415,0,,2,0,
STU006932,UNI026,CMP007,Operations Associate,Job Portal,20241215,1,25.53,5,1,34.0
STU006933,UNI027,,,Referral,20240815,0,,2,0,
STU006934,UNI009,CMP006,Software Engineer,Referral,20240915,1,27.47,5,1,24.0
STU006935,UNI026,CMP057,Financial Analyst,Job Portal,20240815,1,31.77,2,2,33.0
STU006936,UNI013,CMP046,Cloud Engineer,Direct Application,20241015,1,15.82,4,1,55.0
STU006937,UNI004,,,On-Campus,20250315,0,,0,0,
STU006938,UNI011,,,Recruitment Agency,20240915,0,,1,0,
STU006939,UNI030,CMP012,Operations Associate,Recruitment Agency,20240815,1,30.4,2,1,10.0
STU006940,UNI030,,,Referral,20250115,0,,1,0,
STU006941,UNI016,,,On-Campus,20250115,0,,1,0,
STU006942,UNI022,CMP051,Systems Engineer,Job Portal,20250115,1,23.66,2,1,49.0
STU006943,UNI009,CMP046,Product Analyst,Direct Application,20250315,1,20.64,1,1,55.0
STU006944,UNI030,CMP045,Product Analyst,Direct Application,20250215,1,40.83,4,2,27.0
STU006945,UNI002,,,Direct Application,20240915,0,,2,0,
STU006946,UNI029,,,Job Portal,20241015,0,,1,0,
STU006947,UNI005,CMP062,ML Engineer,Recruitment Agency,20250415,1,21.31,5,2,42.0
STU006948,UNI012,,,Recruitment Agency,20241215,0,,1,0,
STU006949,UNI023,CMP006,Cloud Engineer,Recruitment Agency,20241215,1,28.36,2,1,49.0
STU006950,UNI030,CMP026,Operations Associate,Job Portal,20250115,1,28.12,3,1,33.0
STU006951,UNI014,,,Recruitment Agency,20241215,0,,0,0,
STU006952,UNI003,,,Job Portal,20250415,0,,0,0,
STU006953,UNI005,,,On-Campus,20250215,0,,2,0,
STU006954,UNI006,CMP058,ML Engineer,On-Campus,20241115,1,49.84,5,1,11.0
STU006955,UNI025,CMP018,QA Engineer,Referral,20240815,1,24.05,1,2,72.0
STU006956,UNI030,CMP041,Backend Engineer,Direct Application,20250115,1,17.32,1,1,36.0
STU006957,UNI024,CMP052,Financial Analyst,Job Portal,20250115,1,20.34,5,1,25.0
STU006958,UNI016,,,Direct Application,20250215,0,,2,0,
STU006959,UNI025,,,Recruitment Agency,20250215,0,,0,0,
STU006960,UNI001,CMP064,ML Engineer,Job Portal,20250415,1,23.95,4,2,26.0
STU006961,UNI004,,,Recruitment Agency,20240915,0,,2,0,
STU006962,UNI016,CMP022,Data Scientist,On-Campus,20240815,1,32.7,1,1,20.0
STU006963,UNI013,,,Direct Application,20240915,0,,2,0,
STU006964,UNI029,,,On-Campus,20250115,0,,2,0,
STU006965,UNI002,,,Job Portal,20250315,0,,1,0,
STU006966,UNI005,,,On-Campus,20250215,0,,1,0,
STU006967,UNI029,CMP048,Data Scientist,Direct Application,20240815,1,38.93,3,1,14.0
STU006968,UNI001,,,Job Portal,20250415,0,,1,0,
STU006969,UNI023,CMP048,ML Engineer,On-Campus,20250215,1,27.11,1,1,36.0
STU006970,UNI020,,,Direct Application,20241015,0,,2,0,
STU006971,UNI007,,,On-Campus,20250115,0,,0,0,
STU006972,UNI013,CMP021,QA Engineer,Referral,20250315,1,13.74,5,1,67.0
STU006973,UNI030,CMP038,Business Analyst,Referral,20250415,1,11.67,2,1,71.0
STU006974,UNI029,,,Recruitment Agency,20250415,0,,1,0,
STU006975,UNI023,CMP063,QA Engineer,Recruitment Agency,20240815,1,21.37,1,2,81.0
STU006976,UNI028,,,On-Campus,20250115,0,,1,0,
STU006977,UNI030,,,Recruitment Agency,20250415,0,,1,0,
STU006978,UNI028,,,Job Portal,20241215,0,,0,0,
STU006979,UNI004,,,Direct Application,20250115,0,,0,0,
STU006980,UNI004,,,Recruitment Agency,20241115,0,,2,0,
STU006981,UNI004,,,Job Portal,20241015,0,,0,0,
STU006982,UNI027,CMP013,Operations Associate,Job Portal,20250415,1,11.23,2,1,75.0
STU006983,UNI014,CMP055,Software Engineer,Job Portal,20250215,1,30.65,3,1,45.0
STU006984,UNI028,CMP008,ML Engineer,Referral,20241015,1,39.61,3,1,48.0
STU006985,UNI019,CMP002,Financial Analyst,Direct Application,20250215,1,13.6,1,1,75.0
STU006986,UNI005,,,On-Campus,20241215,0,,0,0,
STU006987,UNI024,CMP021,Systems Engineer,Job Portal,20250315,1,12.97,5,1,70.0
STU006988,UNI015,CMP036,Backend Engineer,Referral,20241015,1,55.82,5,1,68.0
STU006989,UNI015,,,Job Portal,20240915,0,,1,0,
STU006990,UNI020,CMP075,Data Analyst,Direct Application,20250415,1,40.03,5,2,79.0
STU006991,UNI019,,,Referral,20250315,0,,2,0,
STU006992,UNI004,,,Job Portal,20241015,0,,0,0,
STU006993,UNI011,,,Recruitment Agency,20241215,0,,2,0,
STU006994,UNI023,CMP064,Product Analyst,Job Portal,20241115,1,19.51,5,1,11.0
STU006995,UNI003,,,Referral,20250415,0,,1,0,
STU006996,UNI007,,,Job Portal,20250315,0,,2,0,
STU006997,UNI004,,,On-Campus,20240915,0,,1,0,
STU006998,UNI018,CMP045,Backend Engineer,Referral,20250115,1,31.65,4,2,7.0
STU006999,UNI027,,,Job Portal,20250115,0,,0,0,
STU007000,UNI028,CMP080,Financial Analyst,On-Campus,20250215,1,10.21,5,1,15.0
STU007001,UNI029,CMP038,Operations Associate,Recruitment Agency,20241015,1,8.61,3,1,34.0
STU007002,UNI014,CMP016,Business Analyst,On-Campus,20250415,1,19.75,3,1,53.0
STU007003,UNI003,CMP040,Design Engineer,Recruitment Agency,20241015,1,35.12,4,1,17.0
STU007004,UNI025,,,On-Campus,20250115,0,,1,0,
STU007005,UNI019,CMP005,Design Engineer,Recruitment Agency,20240915,1,43.66,4,2,72.0
STU007006,UNI011,CMP001,Data Scientist,Referral,20250115,1,11.59,4,2,51.0
STU007007,UNI002,CMP060,Cloud Engineer,On-Campus,20250415,1,9.91,4,1,93.0
STU007008,UNI013,,,Referral,20240915,0,,1,0,
STU007009,UNI030,CMP004,Product Analyst,Job Portal,20240915,1,11.3,3,2,72.0
STU007010,UNI005,CMP019,Business Analyst,Direct Application,20250415,1,32.56,5,1,48.0
STU007011,UNI003,,,On-Campus,20241115,0,,1,0,
STU007012,UNI009,,,On-Campus,20241215,0,,2,0,
STU007013,UNI019,,,Job Portal,20240815,0,,2,0,
STU007014,UNI012,CMP066,Design Engineer,On-Campus,20241215,1,9.59,3,1,89.0
STU007015,UNI020,CMP050,QA Engineer,Direct Application,20250415,1,11.96,3,1,65.0
STU007016,UNI005,CMP078,Frontend Engineer,Referral,20240815,1,16.57,2,1,29.0
STU007017,UNI018,CMP031,Frontend Engineer,On-Campus,20241015,1,8.73,2,1,92.0
STU007018,UNI005,CMP070,ML Engineer,On-Campus,20241215,1,55.25,3,1,83.0
STU007019,UNI009,CMP055,Systems Engineer,Recruitment Agency,20250415,1,31.52,1,2,14.0
STU007020,UNI013,,,Job Portal,20250215,0,,1,0,
STU007021,UNI007,CMP036,Systems Engineer,Job Portal,20241215,1,22.94,3,1,7.0
STU007022,UNI024,CMP075,QA Engineer,On-Campus,20250215,1,22.08,2,1,67.0
STU007023,UNI016,CMP034,Design Engineer,Job Portal,20240815,1,16.33,4,1,59.0
STU007024,UNI001,,,Recruitment Agency,20250315,0,,1,0,
STU007025,UNI018,CMP062,Data Analyst,On-Campus,20240915,1,8.24,2,1,49.0
STU007026,UNI012,CMP070,Operations Associate,On-Campus,20240815,1,14.16,3,1,42.0
STU007027,UNI028,,,Referral,20240915,0,,0,0,
STU007028,UNI029,CMP008,Software Engineer,Referral,20241015,1,33.01,1,1,26.0
STU007029,UNI004,CMP060,Financial Analyst,Direct Application,20250115,1,9.81,1,1,20.0
STU007030,UNI022,CMP017,Consultant,Recruitment Agency,20241115,1,15.56,1,1,15.0
STU007031,UNI002,CMP063,QA Engineer,Referral,20250315,1,17.83,5,2,25.0
STU007032,UNI010,CMP058,ML Engineer,Recruitment Agency,20241115,1,28.79,3,1,78.0
STU007033,UNI002,,,Direct Application,20241015,0,,2,0,
STU007034,UNI014,,,Recruitment Agency,20241215,0,,0,0,
STU007035,UNI001,,,Job Portal,20250315,0,,1,0,
STU007036,UNI010,CMP003,Software Engineer,Job Portal,20250315,1,7.73,2,1,27.0
STU007037,UNI022,CMP066,Data Analyst,On-Campus,20250415,1,10.32,2,2,62.0
STU007038,UNI016,,,Direct Application,20241115,0,,2,0,
STU007039,UNI011,CMP065,Software Engineer,Direct Application,20241015,1,8.43,2,1,58.0
STU007040,UNI012,CMP021,Frontend Engineer,On-Campus,20250315,1,8.98,2,1,49.0
STU007041,UNI010,,,Referral,20250315,0,,1,0,
STU007042,UNI018,,,Recruitment Agency,20241115,0,,1,0,
STU007043,UNI005,,,Recruitment Agency,20241115,0,,2,0,
STU007044,UNI022,,,Job Portal,20250115,0,,2,0,
STU007045,UNI020,CMP026,Data Scientist,Direct Application,20241115,1,34.28,1,1,74.0
STU007046,UNI029,CMP074,Data Scientist,On-Campus,20241115,1,30.8,3,1,91.0
STU007047,UNI023,,,Referral,20250315,0,,0,0,
STU007048,UNI025,CMP029,Software Engineer,Direct Application,20241215,1,9.35,4,1,93.0
STU007049,UNI022,CMP043,Data Analyst,On-Campus,20241015,1,19.79,3,1,83.0
STU007050,UNI001,,,Recruitment Agency,20241115,0,,0,0,
STU007051,UNI023,,,Job Portal,20240915,0,,0,0,
STU007052,UNI003,CMP029,Software Engineer,Direct Application,20240815,1,10.33,5,1,83.0
STU007053,UNI025,CMP075,Cloud Engineer,Recruitment Agency,20250315,1,40.79,5,2,75.0
STU007054,UNI015,,,Referral,20250215,0,,0,0,
STU007055,UNI005,CMP056,Data Scientist,On-Campus,20241015,1,53.43,1,2,43.0
STU007056,UNI015,,,On-Campus,20250415,0,,1,0,
STU007057,UNI014,CMP036,Consultant,Referral,20241015,1,28.15,2,1,37.0
STU007058,UNI015,CMP014,Design Engineer,Recruitment Agency,20240915,1,13.62,5,1,34.0
STU007059,UNI003,CMP053,Software Engineer,Direct Application,20250115,1,15.41,5,2,7.0
STU007060,UNI024,CMP036,Consultant,Direct Application,20250215,1,30.01,1,1,86.0
STU007061,UNI010,,,Direct Application,20250115,0,,2,0,
STU007062,UNI013,CMP080,Backend Engineer,Recruitment Agency,20240915,1,16.09,2,1,74.0
STU007063,UNI019,,,Referral,20241215,0,,0,0,
STU007064,UNI014,,,On-Campus,20250115,0,,2,0,
STU007065,UNI001,CMP032,Financial Analyst,Referral,20240915,1,32.2,3,1,39.0
STU007066,UNI027,,,Direct Application,20241215,0,,2,0,
STU007067,UNI023,CMP019,Data Analyst,On-Campus,20250415,1,17.71,5,1,63.0
STU007068,UNI017,CMP047,Consultant,On-Campus,20250315,1,29.65,3,1,69.0
STU007069,UNI027,CMP029,ML Engineer,Referral,20241015,1,14.56,2,1,21.0
STU007070,UNI014,CMP035,Operations Associate,Job Portal,20250115,1,17.16,5,1,93.0
STU007071,UNI024,CMP051,Data Scientist,Job Portal,20241015,1,32.97,4,1,90.0
STU007072,UNI029,CMP076,Design Engineer,Job Portal,20250115,1,8.01,5,2,76.0
STU007073,UNI018,CMP051,Operations Associate,Direct Application,20250415,1,14.67,3,1,78.0
STU007074,UNI021,CMP070,Design Engineer,On-Campus,20241215,1,29.16,2,1,7.0
STU007075,UNI024,CMP073,Backend Engineer,Recruitment Agency,20240815,1,33.93,3,1,12.0
STU007076,UNI008,CMP074,Software Engineer,Job Portal,20250215,1,40.75,5,1,17.0
STU007077,UNI013,CMP080,Software Engineer,Recruitment Agency,20250415,1,10.51,5,1,66.0
STU007078,UNI006,CMP047,Business Analyst,Direct Application,20250415,1,36.51,1,1,79.0
STU007079,UNI030,CMP069,Product Analyst,Direct Application,20250315,1,15.27,1,4,62.0
STU007080,UNI016,,,Recruitment Agency,20241115,0,,2,0,
STU007081,UNI002,CMP072,Data Analyst,On-Campus,20250415,1,8.99,5,1,24.0
STU007082,UNI008,CMP016,Backend Engineer,Recruitment Agency,20250315,1,31.62,1,1,76.0
STU007083,UNI025,,,Direct Application,20250215,0,,2,0,
STU007084,UNI013,CMP017,Frontend Engineer,Referral,20241015,1,24.86,1,1,83.0
STU007085,UNI002,CMP036,Software Engineer,Recruitment Agency,20241115,1,19.71,3,1,64.0
STU007086,UNI023,CMP059,Business Analyst,Referral,20250215,1,16.12,5,1,79.0
STU007087,UNI022,CMP069,Software Engineer,Job Portal,20241215,1,6.13,5,3,66.0
STU007088,UNI001,,,Recruitment Agency,20241015,0,,2,0,
STU007089,UNI030,CMP041,Data Analyst,Recruitment Agency,20250115,1,13.19,4,1,68.0
STU007090,UNI009,,,Referral,20240915,0,,1,0,
STU007091,UNI023,CMP007,Consultant,On-Campus,20250315,1,22.06,3,1,88.0
STU007092,UNI005,CMP022,Consultant,Recruitment Agency,20240815,1,48.15,1,2,39.0
STU007093,UNI016,,,Direct Application,20250315,0,,1,0,
STU007094,UNI015,,,Direct Application,20250315,0,,2,0,
STU007095,UNI004,CMP014,Business Analyst,Direct Application,20250115,1,6.14,1,2,47.0
STU007096,UNI023,CMP071,Product Analyst,Referral,20240815,1,21.46,1,3,50.0
STU007097,UNI025,CMP031,Systems Engineer,Direct Application,20250115,1,9.33,2,1,7.0
STU007098,UNI007,CMP072,Systems Engineer,On-Campus,20240915,1,7.9,1,2,60.0
STU007099,UNI029,,,Direct Application,20241015,0,,1,0,
STU007100,UNI002,,,On-Campus,20250315,0,,2,0,
STU007101,UNI020,CMP031,Consultant,Referral,20240815,1,16.57,4,2,74.0
STU007102,UNI015,,,Referral,20250115,0,,0,0,
STU007103,UNI015,CMP006,Data Analyst,Direct Application,20241015,1,41.86,5,1,40.0
STU007104,UNI024,,,On-Campus,20250215,0,,2,0,
STU007105,UNI030,,,Job Portal,20241015,0,,0,0,
STU007106,UNI021,CMP068,Backend Engineer,Job Portal,20240815,1,26.92,3,1,62.0
STU007107,UNI021,CMP009,ML Engineer,Recruitment Agency,20241115,1,37.02,5,1,76.0
STU007108,UNI010,CMP063,Data Scientist,Recruitment Agency,20250215,1,25.52,2,1,57.0
STU007109,UNI021,,,Recruitment Agency,20240915,0,,0,0,
STU007110,UNI009,CMP018,Product Analyst,On-Campus,20250315,1,24.19,5,1,38.0
STU007111,UNI009,CMP029,Cloud Engineer,Job Portal,20240815,1,14.25,1,1,13.0
STU007112,UNI014,,,Direct Application,20240915,0,,1,0,
STU007113,UNI002,CMP050,Product Analyst,Job Portal,20240915,1,5.33,3,1,47.0
STU007114,UNI025,,,Recruitment Agency,20241015,0,,2,0,
STU007115,UNI022,CMP023,Cloud Engineer,On-Campus,20241015,1,28.51,3,1,46.0
STU007116,UNI018,CMP015,Business Analyst,Direct Application,20241115,1,28.55,5,2,28.0
STU007117,UNI026,CMP023,Frontend Engineer,Referral,20241015,1,44.7,4,2,79.0
STU007118,UNI002,CMP028,Business Analyst,Direct Application,20250215,1,27.53,1,1,52.0
STU007119,UNI002,,,On-Campus,20250115,0,,2,0,
STU007120,UNI006,CMP004,ML Engineer,Direct Application,20241015,1,9.95,5,1,34.0
STU007121,UNI004,,,On-Campus,20250215,0,,0,0,
STU007122,UNI002,,,Recruitment Agency,20241215,0,,2,0,
STU007123,UNI014,CMP047,Financial Analyst,Referral,20241115,1,25.48,2,1,30.0
STU007124,UNI010,CMP027,ML Engineer,Job Portal,20241015,1,26.56,3,1,9.0
STU007125,UNI019,CMP017,Frontend Engineer,Job Portal,20241015,1,21.79,4,2,93.0
STU007126,UNI020,CMP036,Cloud Engineer,Job Portal,20241115,1,44.64,3,1,86.0
STU007127,UNI012,CMP035,Design Engineer,Direct Application,20250415,1,28.95,2,1,32.0
STU007128,UNI028,CMP064,Financial Analyst,Direct Application,20241015,1,17.94,4,1,65.0
STU007129,UNI001,,,On-Campus,20240815,0,,2,0,
STU007130,UNI028,CMP010,Operations Associate,Referral,20250215,1,6.58,4,2,62.0
STU007131,UNI015,,,Direct Application,20250115,0,,1,0,
STU007132,UNI022,CMP038,Data Analyst,Direct Application,20240815,1,8.64,4,1,73.0
STU007133,UNI017,,,Recruitment Agency,20250215,0,,1,0,
STU007134,UNI001,,,Job Portal,20241115,0,,2,0,
STU007135,UNI001,CMP005,Consultant,Direct Application,20250415,1,18.34,2,1,40.0
STU007136,UNI013,CMP004,Product Analyst,Job Portal,20240815,1,7.21,2,1,79.0
STU007137,UNI027,CMP015,Financial Analyst,Recruitment Agency,20241015,1,20.76,1,1,77.0
STU007138,UNI025,CMP029,Design Engineer,Referral,20241215,1,10.26,2,1,59.0
STU007139,UNI011,CMP073,ML Engineer,Direct Application,20250115,1,28.25,2,1,16.0
STU007140,UNI005,,,Job Portal,20240915,0,,1,0,
STU007141,UNI020,CMP051,Product Analyst,Direct Application,20241115,1,49.71,1,1,17.0
STU007142,UNI022,CMP067,QA Engineer,Direct Application,20250415,1,20.77,4,1,70.0
STU007143,UNI019,CMP035,ML Engineer,On-Campus,20240815,1,49.81,4,3,25.0
STU007144,UNI019,,,Job Portal,20240815,0,,1,0,
STU007145,UNI009,CMP035,Financial Analyst,On-Campus,20250115,1,29.71,4,1,50.0
STU007146,UNI007,CMP049,Financial Analyst,Referral,20250215,1,26.01,3,1,84.0
STU007147,UNI013,CMP032,Data Scientist,Recruitment Agency,20241215,1,30.06,5,1,62.0
STU007148,UNI026,CMP006,Financial Analyst,Job Portal,20241215,1,41.11,3,1,57.0
STU007149,UNI030,CMP065,Business Analyst,Referral,20241115,1,13.01,4,1,51.0
STU007150,UNI010,,,On-Campus,20241015,0,,0,0,
STU007151,UNI002,,,Job Portal,20250315,0,,1,0,
STU007152,UNI024,CMP009,Data Analyst,Job Portal,20250115,1,30.21,2,3,68.0
STU007153,UNI020,CMP002,Business Analyst,Referral,20250415,1,13.93,4,2,42.0
STU007154,UNI001,CMP071,Consultant,On-Campus,20250315,1,19.77,5,1,89.0
STU007155,UNI030,CMP072,Operations Associate,Job Portal,20241115,1,11.32,4,2,16.0
STU007156,UNI027,,,Recruitment Agency,20241115,0,,1,0,
STU007157,UNI010,,,Recruitment Agency,20241215,0,,0,0,
STU007158,UNI003,CMP050,Business Analyst,On-Campus,20240815,1,13.95,1,1,93.0
STU007159,UNI023,CMP061,Operations Associate,Direct Application,20241015,1,8.44,4,1,52.0
STU007160,UNI008,,,Job Portal,20241215,0,,1,0,
STU007161,UNI009,CMP014,QA Engineer,On-Campus,20250115,1,8.1,3,1,44.0
STU007162,UNI012,CMP038,Product Analyst,Job Portal,20241015,1,6.84,4,2,51.0
STU007163,UNI027,,,Recruitment Agency,20240915,0,,0,0,
STU007164,UNI010,CMP025,Backend Engineer,Direct Application,20240815,1,27.33,5,2,46.0
STU007165,UNI016,,,Referral,20240815,0,,1,0,
STU007166,UNI030,CMP053,Financial Analyst,Direct Application,20241215,1,14.32,5,1,14.0
STU007167,UNI012,,,Direct Application,20250315,0,,1,0,
STU007168,UNI022,,,On-Campus,20250415,0,,0,0,
STU007169,UNI003,,,Job Portal,20241015,0,,0,0,
STU007170,UNI021,CMP031,Financial Analyst,Direct Application,20250115,1,11.24,1,1,90.0
STU007171,UNI006,,,On-Campus,20241015,0,,2,0,
STU007172,UNI027,,,Job Portal,20250115,0,,0,0,
STU007173,UNI030,CMP072,ML Engineer,Referral,20240815,1,26.21,1,1,72.0
STU007174,UNI021,,,Referral,20250215,0,,1,0,
STU007175,UNI019,,,Job Portal,20250415,0,,1,0,
STU007176,UNI030,CMP077,Data Scientist,Direct Application,20250315,1,32.59,1,1,18.0
STU007177,UNI011,CMP039,Backend Engineer,Recruitment Agency,20241215,1,11.99,4,1,52.0
STU007178,UNI009,,,Direct Application,20241215,0,,0,0,
STU007179,UNI011,,,Direct Application,20241015,0,,2,0,
STU007180,UNI015,CMP002,Data Scientist,On-Campus,20250415,1,13.68,3,1,71.0
STU007181,UNI007,CMP063,Financial Analyst,Recruitment Agency,20250415,1,23.6,3,1,20.0
STU007182,UNI009,,,On-Campus,20241015,0,,1,0,
STU007183,UNI014,CMP020,Financial Analyst,Referral,20250215,1,33.02,3,1,38.0
STU007184,UNI024,CMP043,Systems Engineer,On-Campus,20240915,1,20.68,3,1,23.0
STU007185,UNI007,CMP074,Consultant,Referral,20241215,1,37.46,2,1,68.0
STU007186,UNI013,CMP057,Design Engineer,On-Campus,20241015,1,15.48,5,1,71.0
STU007187,UNI030,CMP053,Frontend Engineer,Referral,20240915,1,12.27,1,2,20.0
STU007188,UNI025,CMP052,Product Analyst,Direct Application,20241215,1,29.1,1,1,85.0
STU007189,UNI013,,,On-Campus,20241115,0,,1,0,
STU007190,UNI025,,,On-Campus,20240915,0,,1,0,
STU007191,UNI015,,,Referral,20250215,0,,0,0,
STU007192,UNI014,CMP049,Data Scientist,Direct Application,20240815,1,33.65,1,1,38.0
STU007193,UNI010,CMP024,ML Engineer,Job Portal,20250415,1,20.81,3,1,86.0
STU007194,UNI001,CMP021,Operations Associate,Direct Application,20241115,1,9.34,5,1,59.0
STU007195,UNI004,,,Referral,20250115,0,,1,0,
STU007196,UNI023,,,Job Portal,20241215,0,,2,0,
STU007197,UNI012,,,Direct Application,20240915,0,,0,0,
STU007198,UNI014,,,Direct Application,20241215,0,,2,0,
STU007199,UNI011,CMP069,Frontend Engineer,Direct Application,20240815,1,7.3,3,1,70.0
STU007200,UNI008,,,Direct Application,20241215,0,,1,0,
STU007201,UNI001,CMP021,Backend Engineer,Job Portal,20240915,1,7.98,2,1,11.0
STU007202,UNI016,,,On-Campus,20240815,0,,1,0,
STU007203,UNI018,CMP053,Data Analyst,On-Campus,20240915,1,7.7,5,1,89.0
STU007204,UNI024,,,Job Portal,20241115,0,,0,0,
STU007205,UNI028,,,Recruitment Agency,20250315,0,,0,0,
STU007206,UNI020,,,On-Campus,20250115,0,,0,0,
STU007207,UNI018,CMP045,Systems Engineer,Job Portal,20241215,1,19.48,2,1,26.0
STU007208,UNI001,,,Referral,20250315,0,,2,0,
STU007209,UNI023,,,Referral,20241115,0,,1,0,
STU007210,UNI003,CMP075,QA Engineer,On-Campus,20241015,1,31.9,5,1,67.0
STU007211,UNI022,CMP022,Systems Engineer,Direct Application,20240815,1,16.69,2,1,46.0
STU007212,UNI002,,,Recruitment Agency,20240915,0,,0,0,
STU007213,UNI022,CMP060,Backend Engineer,Direct Application,20240815,1,14.38,5,1,35.0
STU007214,UNI008,CMP075,Consultant,Direct Application,20240915,1,29.69,5,1,80.0
STU007215,UNI004,,,On-Campus,20240915,0,,1,0,
STU007216,UNI004,,,On-Campus,20250415,0,,2,0,
STU007217,UNI024,,,Recruitment Agency,20241115,0,,1,0,
STU007218,UNI015,CMP064,Cloud Engineer,Recruitment Agency,20250315,1,55.76,4,1,13.0
STU007219,UNI007,CMP042,Design Engineer,Recruitment Agency,20250215,1,13.49,2,2,46.0
STU007220,UNI023,CMP020,Software Engineer,Referral,20241215,1,24.65,5,2,46.0
STU007221,UNI011,,,Job Portal,20250315,0,,0,0,
STU007222,UNI021,,,Direct Application,20241015,0,,2,0,
STU007223,UNI027,CMP070,Data Scientist,On-Campus,20241215,1,26.66,2,1,64.0
STU007224,UNI016,CMP068,Product Analyst,Job Portal,20250215,1,15.73,4,1,74.0
STU007225,UNI008,,,Direct Application,20240915,0,,2,0,
STU007226,UNI028,,,On-Campus,20241015,0,,0,0,
STU007227,UNI014,CMP064,Data Analyst,On-Campus,20241115,1,15.73,5,2,51.0
STU007228,UNI015,CMP061,Backend Engineer,Recruitment Agency,20250415,1,20.74,2,2,22.0
STU007229,UNI021,,,Job Portal,20250215,0,,1,0,
STU007230,UNI007,,,Job Portal,20240815,0,,2,0,
STU007231,UNI002,CMP026,Systems Engineer,Referral,20250315,1,17.21,5,1,58.0
STU007232,UNI028,CMP026,Financial Analyst,Referral,20250415,1,14.58,3,2,32.0
STU007233,UNI025,CMP018,Software Engineer,Referral,20240915,1,33.22,3,1,74.0
STU007234,UNI005,,,On-Campus,20250115,0,,0,0,
STU007235,UNI011,,,Direct Application,20250215,0,,2,0,
STU007236,UNI022,,,Recruitment Agency,20241015,0,,1,0,
STU007237,UNI030,CMP027,Financial Analyst,Job Portal,20241215,1,57.39,5,2,77.0
STU007238,UNI018,CMP023,Design Engineer,Referral,20240815,1,23.89,3,3,31.0
STU007239,UNI012,CMP071,Software Engineer,Job Portal,20250415,1,16.87,4,2,87.0
STU007240,UNI004,CMP026,Software Engineer,Direct Application,20241115,1,19.44,3,1,90.0
STU007241,UNI001,,,Direct Application,20241015,0,,0,0,
STU007242,UNI012,,,On-Campus,20250115,0,,2,0,
STU007243,UNI016,CMP014,Frontend Engineer,Referral,20250415,1,8.61,2,3,63.0
STU007244,UNI021,,,Job Portal,20240815,0,,0,0,
STU007245,UNI005,CMP004,Systems Engineer,Referral,20250215,1,13.77,3,3,21.0
STU007246,UNI017,,,Direct Application,20241015,0,,2,0,
STU007247,UNI026,,,Job Portal,20241015,0,,1,0,
STU007248,UNI002,CMP002,Frontend Engineer,Referral,20240815,1,6.69,4,1,50.0
STU007249,UNI027,CMP002,Consultant,Job Portal,20241115,1,7.38,5,1,18.0
STU007250,UNI007,CMP022,Business Analyst,Direct Application,20241015,1,29.65,5,1,55.0
STU007251,UNI027,CMP077,Data Analyst,On-Campus,20240915,1,24.28,2,1,14.0
STU007252,UNI030,CMP002,Data Analyst,Job Portal,20250315,1,13.61,5,1,9.0
STU007253,UNI009,CMP061,Financial Analyst,Recruitment Agency,20240815,1,12.63,3,1,14.0
STU007254,UNI019,,,Direct Application,20241115,0,,1,0,
STU007255,UNI006,,,Job Portal,20240815,0,,1,0,
STU007256,UNI012,,,Referral,20241115,0,,1,0,
STU007257,UNI018,,,Referral,20240815,0,,2,0,
STU007258,UNI018,,,Direct Application,20250115,0,,1,0,
STU007259,UNI022,,,On-Campus,20241215,0,,2,0,
STU007260,UNI028,,,Referral,20241215,0,,2,0,
STU007261,UNI010,CMP073,Operations Associate,Referral,20250415,1,19.0,5,1,73.0
STU007262,UNI013,,,Recruitment Agency,20240815,0,,1,0,
STU007263,UNI026,CMP028,Product Analyst,Job Portal,20241015,1,38.17,1,2,25.0
STU007264,UNI025,,,Recruitment Agency,20250115,0,,0,0,
STU007265,UNI014,CMP078,Consultant,Referral,20250315,1,10.48,5,1,17.0
STU007266,UNI003,CMP036,Operations Associate,Recruitment Agency,20250415,1,25.58,2,1,91.0
STU007267,UNI010,CMP061,Software Engineer,On-Campus,20240815,1,10.13,3,2,19.0
STU007268,UNI021,,,Job Portal,20250415,0,,0,0,
STU007269,UNI017,,,Direct Application,20250215,0,,0,0,
STU007270,UNI010,CMP025,QA Engineer,Recruitment Agency,20241115,1,19.4,5,1,28.0
STU007271,UNI009,CMP015,ML Engineer,Recruitment Agency,20240915,1,30.86,2,1,56.0
STU007272,UNI010,CMP018,Data Scientist,Recruitment Agency,20240915,1,33.81,3,1,31.0
STU007273,UNI004,CMP020,Software Engineer,Referral,20241015,1,28.28,2,2,58.0
STU007274,UNI012,CMP069,Design Engineer,Recruitment Agency,20241015,1,6.07,4,1,75.0
STU007275,UNI016,,,On-Campus,20240915,0,,2,0,
STU007276,UNI022,CMP016,Data Scientist,Recruitment Agency,20241015,1,20.45,4,1,88.0
STU007277,UNI016,CMP018,ML Engineer,Job Portal,20241015,1,33.67,3,1,46.0
STU007278,UNI014,,,Referral,20241015,0,,1,0,
STU007279,UNI012,,,Job Portal,20241215,0,,2,0,
STU007280,UNI023,CMP073,Operations Associate,Referral,20240815,1,23.97,2,1,76.0
STU007281,UNI007,CMP014,ML Engineer,Recruitment Agency,20241015,1,16.55,1,1,83.0
STU007282,UNI030,CMP063,Design Engineer,Recruitment Agency,20250415,1,29.22,4,2,25.0
STU007283,UNI007,CMP066,Product Analyst,Recruitment Agency,20241215,1,13.38,1,2,65.0
STU007284,UNI018,,,On-Campus,20240815,0,,1,0,
STU007285,UNI010,CMP026,Product Analyst,Referral,20241015,1,20.45,3,1,66.0
STU007286,UNI005,CMP003,Data Scientist,Recruitment Agency,20250215,1,17.29,3,1,10.0
STU007287,UNI017,CMP059,ML Engineer,On-Campus,20250215,1,27.62,5,2,35.0
STU007288,UNI004,,,Referral,20250115,0,,2,0,
STU007289,UNI007,CMP058,Financial Analyst,Referral,20240815,1,34.32,5,1,24.0
STU007290,UNI001,CMP061,Financial Analyst,Direct Application,20250315,1,9.78,1,1,64.0
STU007291,UNI017,CMP078,Data Scientist,On-Campus,20250415,1,11.32,5,1,86.0
STU007292,UNI011,CMP066,Product Analyst,Job Portal,20250115,1,8.03,4,1,13.0
STU007293,UNI007,CMP067,Business Analyst,Job Portal,20250415,1,25.21,4,1,22.0
STU007294,UNI019,CMP061,Data Analyst,On-Campus,20241115,1,21.24,2,1,76.0
STU007295,UNI008,CMP005,Frontend Engineer,Direct Application,20240815,1,31.53,4,1,24.0
STU007296,UNI024,CMP051,Backend Engineer,Referral,20250115,1,31.77,5,1,81.0
STU007297,UNI020,CMP021,ML Engineer,Referral,20241115,1,23.46,4,1,24.0
STU007298,UNI009,CMP027,Product Analyst,On-Campus,20250215,1,34.22,4,1,94.0
STU007299,UNI016,CMP052,Design Engineer,Referral,20240815,1,27.06,5,1,76.0
STU007300,UNI011,CMP061,Software Engineer,Direct Application,20250415,1,12.65,4,1,40.0
STU007301,UNI006,,,Referral,20240915,0,,0,0,
STU007302,UNI012,,,Recruitment Agency,20240915,0,,2,0,
STU007303,UNI001,CMP046,Business Analyst,Referral,20241015,1,18.79,2,1,26.0
STU007304,UNI028,CMP051,Data Scientist,Recruitment Agency,20241215,1,25.97,1,1,75.0
STU007305,UNI022,CMP079,Business Analyst,Direct Application,20241215,1,20.64,1,1,17.0
STU007306,UNI003,CMP029,Frontend Engineer,Job Portal,20250215,1,11.58,4,4,12.0
STU007307,UNI015,CMP005,Frontend Engineer,Recruitment Agency,20250415,1,60.22,1,1,38.0
STU007308,UNI028,,,Job Portal,20240915,0,,1,0,
STU007309,UNI006,,,Direct Application,20241115,0,,2,0,
STU007310,UNI014,CMP026,Data Analyst,Referral,20250215,1,25.58,2,1,94.0
STU007311,UNI008,,,On-Campus,20241015,0,,1,0,
STU007312,UNI027,CMP037,ML Engineer,Direct Application,20241215,1,9.85,3,1,40.0
STU007313,UNI019,,,Job Portal,20241215,0,,1,0,
STU007314,UNI009,CMP016,Data Analyst,On-Campus,20241115,1,24.33,4,2,76.0
STU007315,UNI021,CMP004,Product Analyst,Referral,20241215,1,13.4,1,1,74.0
STU007316,UNI011,,,Direct Application,20250315,0,,2,0,
STU007317,UNI006,,,Referral,20241215,0,,0,0,
STU007318,UNI001,CMP028,Frontend Engineer,Job Portal,20250215,1,20.29,1,1,35.0
STU007319,UNI024,CMP045,Financial Analyst,On-Campus,20240815,1,20.13,2,3,11.0
STU007320,UNI022,CMP080,Business Analyst,On-Campus,20240915,1,8.86,3,2,18.0
STU007321,UNI004,CMP021,Data Scientist,On-Campus,20241015,1,13.4,5,1,67.0
STU007322,UNI009,,,On-Campus,20250415,0,,1,0,
STU007323,UNI001,CMP068,Systems Engineer,Job Portal,20240915,1,18.59,3,1,78.0
STU007324,UNI026,,,Referral,20241215,0,,0,0,
STU007325,UNI004,CMP019,Cloud Engineer,Referral,20241215,1,28.74,4,1,93.0
STU007326,UNI013,,,Direct Application,20241115,0,,0,0,
STU007327,UNI018,CMP076,Cloud Engineer,On-Campus,20241015,1,11.76,2,1,33.0
STU007328,UNI029,CMP047,Business Analyst,Job Portal,20250115,1,24.51,2,2,11.0
STU007329,UNI006,,,Job Portal,20241115,0,,2,0,
STU007330,UNI004,CMP058,Systems Engineer,On-Campus,20250415,1,16.57,5,2,15.0
STU007331,UNI024,CMP063,Financial Analyst,Direct Application,20250115,1,27.67,1,1,35.0
STU007332,UNI026,CMP053,Frontend Engineer,On-Campus,20250115,1,13.68,2,2,7.0
STU007333,UNI009,,,Referral,20250215,0,,0,0,
STU007334,UNI005,CMP010,Frontend Engineer,Job Portal,20250215,1,13.76,3,1,63.0
STU007335,UNI007,CMP008,Systems Engineer,Direct Application,20250415,1,20.9,2,1,79.0
STU007336,UNI011,,,Job Portal,20241015,0,,2,0,
STU007337,UNI010,,,Direct Application,20241115,0,,0,0,
STU007338,UNI023,,,Referral,20240915,0,,0,0,
STU007339,UNI002,,,Job Portal,20250315,0,,1,0,
STU007340,UNI026,CMP057,Systems Engineer,Recruitment Agency,20250315,1,33.79,2,1,24.0
STU007341,UNI020,,,Recruitment Agency,20250315,0,,1,0,
STU007342,UNI006,,,Referral,20241215,0,,0,0,
STU007343,UNI001,CMP032,Systems Engineer,Direct Application,20241115,1,22.88,5,2,83.0
STU007344,UNI003,CMP035,Backend Engineer,Referral,20250415,1,44.49,1,1,28.0
STU007345,UNI005,CMP068,Design Engineer,On-Campus,20241215,1,29.8,1,2,28.0
STU007346,UNI016,,,On-Campus,20250315,0,,2,0,
STU007347,UNI026,,,Direct Application,20250415,0,,1,0,
STU007348,UNI002,CMP026,Data Analyst,Recruitment Agency,20241015,1,16.52,2,1,93.0
STU007349,UNI007,,,Direct Application,20241215,0,,2,0,
STU007350,UNI030,,,Referral,20240915,0,,0,0,
STU007351,UNI025,,,Job Portal,20250315,0,,1,0,
STU007352,UNI027,CMP070,Business Analyst,Recruitment Agency,20240915,1,19.74,3,1,94.0
STU007353,UNI017,CMP035,Software Engineer,Recruitment Agency,20250315,1,34.43,1,1,93.0
STU007354,UNI010,CMP062,Software Engineer,Job Portal,20250115,1,9.35,3,1,23.0
STU007355,UNI025,,,Recruitment Agency,20240815,0,,2,0,
STU007356,UNI001,,,Recruitment Agency,20241015,0,,2,0,
STU007357,UNI024,,,Recruitment Agency,20250415,0,,0,0,
STU007358,UNI002,CMP073,Backend Engineer,Job Portal,20250115,1,28.98,5,2,21.0
STU007359,UNI027,CMP060,Consultant,Recruitment Agency,20240915,1,13.26,1,2,58.0
STU007360,UNI020,CMP051,Business Analyst,Job Portal,20250415,1,44.78,5,1,89.0
STU007361,UNI008,,,Direct Application,20250415,0,,2,0,
STU007362,UNI024,,,Direct Application,20250115,0,,1,0,
STU007363,UNI027,CMP036,Software Engineer,Job Portal,20241215,1,20.16,4,1,28.0
STU007364,UNI026,,,Referral,20250215,0,,2,0,
STU007365,UNI022,CMP016,Product Analyst,Direct Application,20250215,1,19.95,2,1,29.0
STU007366,UNI008,CMP016,Design Engineer,On-Campus,20240915,1,26.5,5,1,51.0
STU007367,UNI017,CMP016,Frontend Engineer,Recruitment Agency,20241215,1,28.19,3,2,60.0
STU007368,UNI017,,,Job Portal,20250115,0,,2,0,
STU007369,UNI026,CMP073,Backend Engineer,Direct Application,20240915,1,48.56,1,1,44.0
STU007370,UNI027,CMP074,Cloud Engineer,Referral,20240815,1,24.19,5,1,76.0
STU007371,UNI010,CMP010,Data Analyst,Referral,20240815,1,10.21,1,1,90.0
STU007372,UNI027,,,Referral,20250115,0,,0,0,
STU007373,UNI017,CMP008,Software Engineer,On-Campus,20241215,1,24.54,5,1,87.0
STU007374,UNI024,CMP048,Software Engineer,Job Portal,20250415,1,31.41,2,1,94.0
STU007375,UNI002,,,Referral,20250315,0,,0,0,
STU007376,UNI018,CMP070,Financial Analyst,On-Campus,20250315,1,25.33,4,1,41.0
STU007377,UNI027,CMP026,Cloud Engineer,Referral,20250215,1,22.8,3,2,56.0
STU007378,UNI029,CMP038,Design Engineer,Job Portal,20250315,1,6.51,1,1,78.0
STU007379,UNI030,CMP043,Consultant,Direct Application,20241115,1,28.34,3,2,21.0
STU007380,UNI018,CMP001,Financial Analyst,Job Portal,20240815,1,9.25,1,1,79.0
STU007381,UNI025,CMP030,Operations Associate,On-Campus,20240915,1,19.25,3,1,25.0
STU007382,UNI010,,,Direct Application,20250215,0,,1,0,
STU007383,UNI015,CMP076,ML Engineer,Job Portal,20241215,1,15.62,2,2,80.0
STU007384,UNI014,CMP077,Systems Engineer,Job Portal,20250115,1,24.65,4,1,68.0
STU007385,UNI006,CMP013,Financial Analyst,Referral,20240815,1,37.83,5,1,90.0
STU007386,UNI024,CMP036,Software Engineer,Job Portal,20250315,1,33.82,3,2,63.0
STU007387,UNI020,CMP047,Frontend Engineer,On-Campus,20241115,1,39.11,1,1,66.0
STU007388,UNI018,CMP025,Business Analyst,Referral,20241015,1,35.95,4,1,14.0
STU007389,UNI013,CMP002,Backend Engineer,Referral,20250315,1,11.68,1,1,45.0
STU007390,UNI007,,,Job Portal,20241215,0,,1,0,
STU007391,UNI023,CMP002,Software Engineer,On-Campus,20250115,1,8.6,2,1,46.0
STU007392,UNI004,,,On-Campus,20240815,0,,1,0,
STU007393,UNI019,CMP047,Data Analyst,Referral,20241215,1,50.55,1,2,21.0
STU007394,UNI023,CMP043,Frontend Engineer,Job Portal,20250415,1,23.1,2,1,82.0
STU007395,UNI007,CMP077,Design Engineer,On-Campus,20240815,1,21.32,3,1,19.0
STU007396,UNI012,,,Direct Application,20241015,0,,1,0,
STU007397,UNI025,,,Job Portal,20241015,0,,1,0,
STU007398,UNI004,CMP077,QA Engineer,Recruitment Agency,20241015,1,22.21,5,1,46.0
STU007399,UNI013,CMP066,Cloud Engineer,On-Campus,20250215,1,11.6,1,1,87.0
STU007400,UNI025,,,Referral,20241215,0,,2,0,
STU007401,UNI001,CMP062,Systems Engineer,On-Campus,20250315,1,5.34,5,1,84.0
STU007402,UNI014,CMP040,Cloud Engineer,Job Portal,20250415,1,22.19,3,1,92.0
STU007403,UNI021,CMP056,Product Analyst,Recruitment Agency,20250315,1,39.72,2,1,48.0
STU007404,UNI008,,,Job Portal,20250215,0,,0,0,
STU007405,UNI001,CMP013,Data Scientist,Job Portal,20250415,1,28.75,1,1,42.0
STU007406,UNI027,CMP008,Design Engineer,Referral,20250115,1,19.43,1,2,55.0
STU007407,UNI016,,,Job Portal,20250415,0,,2,0,
STU007408,UNI016,CMP078,QA Engineer,Direct Application,20241215,1,7.56,4,1,66.0
STU007409,UNI010,,,Direct Application,20250315,0,,1,0,
STU007410,UNI020,,,Direct Application,20250315,0,,0,0,
STU007411,UNI006,CMP008,ML Engineer,Job Portal,20240915,1,24.64,5,1,30.0
STU007412,UNI015,CMP076,Design Engineer,Direct Application,20250315,1,14.8,4,2,45.0
STU007413,UNI025,CMP018,Backend Engineer,Referral,20241215,1,32.32,1,1,29.0
STU007414,UNI026,CMP048,QA Engineer,Referral,20241015,1,38.47,5,2,30.0
STU007415,UNI017,CMP064,Design Engineer,Direct Application,20240815,1,24.54,2,1,13.0
STU007416,UNI018,CMP078,Frontend Engineer,Referral,20250415,1,10.61,1,1,17.0
STU007417,UNI023,CMP038,Financial Analyst,Recruitment Agency,20241015,1,7.57,5,1,61.0
STU007418,UNI008,CMP059,Product Analyst,Job Portal,20250115,1,25.59,4,1,74.0
STU007419,UNI025,,,Recruitment Agency,20250115,0,,1,0,
STU007420,UNI027,,,Recruitment Agency,20241215,0,,0,0,
STU007421,UNI021,CMP037,Backend Engineer,Recruitment Agency,20250115,1,8.87,3,2,24.0
STU007422,UNI002,,,Recruitment Agency,20250415,0,,1,0,
STU007423,UNI024,CMP069,ML Engineer,Referral,20250215,1,11.87,2,1,74.0
STU007424,UNI008,CMP065,Operations Associate,Recruitment Agency,20240915,1,8.5,4,2,43.0
STU007425,UNI022,CMP069,ML Engineer,Referral,20241015,1,13.05,1,1,12.0
STU007426,UNI022,,,Job Portal,20241015,0,,0,0,
STU007427,UNI012,CMP074,ML Engineer,Job Portal,20240915,1,25.56,2,1,59.0
STU007428,UNI015,,,Direct Application,20250415,0,,0,0,
STU007429,UNI007,CMP032,Data Analyst,Job Portal,20241015,1,21.48,1,1,28.0
STU007430,UNI024,,,Referral,20250215,0,,2,0,
STU007431,UNI007,CMP055,Product Analyst,Referral,20250115,1,33.63,1,1,20.0
STU007432,UNI001,,,Direct Application,20241115,0,,0,0,
STU007433,UNI018,,,Recruitment Agency,20250415,0,,1,0,
STU007434,UNI010,,,Recruitment Agency,20241115,0,,0,0,
STU007435,UNI007,,,Direct Application,20250315,0,,0,0,
STU007436,UNI026,,,On-Campus,20250315,0,,2,0,
STU007437,UNI015,CMP001,Cloud Engineer,Recruitment Agency,20241115,1,15.38,4,2,83.0
STU007438,UNI019,,,Job Portal,20250315,0,,1,0,
STU007439,UNI002,CMP002,Systems Engineer,Direct Application,20240815,1,6.2,4,3,63.0
STU007440,UNI026,CMP073,Backend Engineer,Job Portal,20241015,1,49.09,4,1,46.0
STU007441,UNI017,,,Direct Application,20241215,0,,2,0,
STU007442,UNI002,,,Job Portal,20241015,0,,0,0,
STU007443,UNI025,CMP016,Data Scientist,On-Campus,20241215,1,35.14,5,2,65.0
STU007444,UNI001,CMP063,Product Analyst,On-Campus,20241015,1,24.35,1,2,45.0
STU007445,UNI025,,,Recruitment Agency,20250115,0,,1,0,
STU007446,UNI005,CMP006,Data Analyst,Direct Application,20250115,1,41.48,1,1,18.0
STU007447,UNI001,,,Direct Application,20240815,0,,2,0,
STU007448,UNI008,CMP025,Data Analyst,Referral,20250115,1,30.9,3,1,91.0
STU007449,UNI022,CMP065,Cloud Engineer,On-Campus,20240815,1,7.83,1,3,58.0
STU007450,UNI008,,,Recruitment Agency,20240815,0,,0,0,
STU007451,UNI010,,,Recruitment Agency,20241115,0,,0,0,
STU007452,UNI017,CMP025,Cloud Engineer,Referral,20250315,1,39.22,4,1,94.0
STU007453,UNI014,CMP031,Product Analyst,Recruitment Agency,20241115,1,8.96,5,2,67.0
STU007454,UNI021,,,Recruitment Agency,20240815,0,,2,0,
STU007455,UNI023,CMP024,Data Scientist,Referral,20241215,1,30.42,4,2,18.0
STU007456,UNI025,,,On-Campus,20241115,0,,0,0,
STU007457,UNI001,,,Direct Application,20250315,0,,2,0,
STU007458,UNI003,CMP076,Data Scientist,Referral,20250415,1,22.9,4,3,50.0
STU007459,UNI011,CMP058,Systems Engineer,Job Portal,20240915,1,17.96,4,1,94.0
STU007460,UNI012,CMP003,Data Scientist,On-Campus,20250415,1,9.92,1,2,71.0
STU007461,UNI028,CMP027,QA Engineer,Referral,20241215,1,26.6,1,1,57.0
STU007462,UNI004,CMP039,Product Analyst,Referral,20250415,1,12.49,3,1,51.0
STU007463,UNI029,CMP068,Software Engineer,Job Portal,20240915,1,29.62,4,1,58.0
STU007464,UNI004,CMP056,Operations Associate,Recruitment Agency,20241215,1,23.53,4,1,63.0
STU007465,UNI025,CMP061,ML Engineer,Referral,20250315,1,15.08,3,1,93.0
STU007466,UNI004,CMP068,Backend Engineer,On-Campus,20240915,1,24.79,5,1,46.0
STU007467,UNI010,CMP076,Product Analyst,Job Portal,20240915,1,7.8,1,1,60.0
STU007468,UNI010,,,Direct Application,20241015,0,,1,0,
STU007469,UNI009,CMP074,Financial Analyst,Job Portal,20250315,1,28.07,5,1,53.0
STU007470,UNI021,CMP065,Cloud Engineer,Recruitment Agency,20241215,1,10.33,4,3,55.0
STU007471,UNI016,CMP031,Backend Engineer,Recruitment Agency,20250415,1,5.28,3,1,35.0
STU007472,UNI001,CMP024,Systems Engineer,Direct Application,20240915,1,14.12,3,2,65.0
STU007473,UNI018,,,On-Campus,20241015,0,,0,0,
STU007474,UNI007,,,Direct Application,20240915,0,,0,0,
STU007475,UNI027,,,Direct Application,20250215,0,,1,0,
STU007476,UNI017,CMP061,Systems Engineer,Referral,20240915,1,12.0,1,1,25.0
STU007477,UNI013,CMP051,Business Analyst,On-Campus,20250115,1,15.18,3,1,43.0
STU007478,UNI004,CMP007,Design Engineer,On-Campus,20241215,1,18.2,1,1,38.0
STU007479,UNI025,,,Job Portal,20241115,0,,2,0,
STU007480,UNI009,,,Direct Application,20240915,0,,1,0,
STU007481,UNI011,,,Recruitment Agency,20250115,0,,1,0,
STU007482,UNI001,CMP055,Data Scientist,On-Campus,20250215,1,28.7,1,2,14.0
STU007483,UNI001,,,Recruitment Agency,20250415,0,,0,0,
STU007484,UNI029,CMP069,Operations Associate,On-Campus,20250315,1,7.89,5,1,69.0
STU007485,UNI025,,,Referral,20241215,0,,1,0,
STU007486,UNI023,CMP041,Design Engineer,Referral,20241215,1,8.77,4,1,7.0
STU007487,UNI007,,,Referral,20240915,0,,1,0,
STU007488,UNI012,,,Referral,20240915,0,,0,0,
STU007489,UNI006,CMP080,Data Scientist,On-Campus,20241215,1,11.97,3,1,82.0
STU007490,UNI019,,,Job Portal,20241015,0,,0,0,
STU007491,UNI017,,,Direct Application,20250315,0,,0,0,
STU007492,UNI021,CMP003,Frontend Engineer,Direct Application,20250215,1,9.64,1,1,75.0
STU007493,UNI020,,,Recruitment Agency,20240815,0,,0,0,
STU007494,UNI030,,,Direct Application,20250215,0,,0,0,
STU007495,UNI021,CMP039,ML Engineer,Referral,20250415,1,17.41,2,1,91.0
STU007496,UNI004,CMP022,QA Engineer,Direct Application,20250115,1,20.53,2,1,29.0
STU007497,UNI027,,,Referral,20241115,0,,2,0,
STU007498,UNI003,,,Job Portal,20250415,0,,0,0,
STU007499,UNI008,CMP078,Data Analyst,Recruitment Agency,20250115,1,8.13,4,1,66.0
STU007500,UNI009,CMP004,ML Engineer,Recruitment Agency,20250215,1,14.48,4,1,13.0
STU007501,UNI005,CMP066,Operations Associate,Recruitment Agency,20240915,1,9.99,5,1,18.0
STU007502,UNI009,,,On-Campus,20241015,0,,0,0,
STU007503,UNI004,CMP047,Data Analyst,Job Portal,20250115,1,22.41,3,2,76.0
STU007504,UNI003,,,On-Campus,20241015,0,,0,0,
STU007505,UNI017,,,Recruitment Agency,20250215,0,,2,0,
STU007506,UNI014,CMP013,Consultant,Direct Application,20240815,1,25.87,4,1,88.0
STU007507,UNI026,CMP062,Systems Engineer,Direct Application,20241015,1,13.51,2,2,90.0
STU007508,UNI002,,,Direct Application,20241115,0,,0,0,
STU007509,UNI014,,,Job Portal,20241015,0,,0,0,
STU007510,UNI027,,,Referral,20241215,0,,0,0,
STU007511,UNI010,CMP029,Data Analyst,On-Campus,20240815,1,8.78,4,2,20.0
STU007512,UNI001,,,Job Portal,20241115,0,,1,0,
STU007513,UNI027,,,Direct Application,20241215,0,,0,0,
STU007514,UNI029,,,Job Portal,20250315,0,,0,0,
STU007515,UNI023,,,Recruitment Agency,20250315,0,,1,0,
STU007516,UNI025,,,Recruitment Agency,20241115,0,,1,0,
STU007517,UNI001,,,Recruitment Agency,20241015,0,,1,0,
STU007518,UNI022,,,On-Campus,20250115,0,,0,0,
STU007519,UNI009,CMP042,Cloud Engineer,On-Campus,20241215,1,14.87,3,1,14.0
STU007520,UNI006,CMP002,Financial Analyst,Job Portal,20250115,1,9.8,2,1,38.0
STU007521,UNI001,,,On-Campus,20240915,0,,2,0,
STU007522,UNI022,CMP015,ML Engineer,On-Campus,20250415,1,22.05,5,1,73.0
STU007523,UNI030,CMP020,Financial Analyst,Job Portal,20250415,1,44.93,4,2,75.0
STU007524,UNI019,CMP054,Business Analyst,Referral,20250215,1,34.46,4,1,71.0
STU007525,UNI003,CMP005,Design Engineer,On-Campus,20250215,1,34.59,5,1,79.0
STU007526,UNI002,CMP072,Software Engineer,Recruitment Agency,20241015,1,8.82,4,1,30.0
STU007527,UNI026,,,Job Portal,20250315,0,,0,0,
STU007528,UNI009,CMP034,Product Analyst,Recruitment Agency,20241215,1,28.64,5,1,22.0
STU007529,UNI013,CMP036,Systems Engineer,Recruitment Agency,20241215,1,17.83,4,1,35.0
STU007530,UNI004,CMP010,Design Engineer,Direct Application,20250215,1,5.98,2,1,82.0
STU007531,UNI013,,,Referral,20241215,0,,1,0,
STU007532,UNI022,,,Referral,20250115,0,,2,0,
STU007533,UNI015,CMP015,Backend Engineer,On-Campus,20250315,1,34.17,2,1,45.0
STU007534,UNI012,,,Referral,20241015,0,,1,0,
STU007535,UNI027,,,Referral,20241115,0,,0,0,
STU007536,UNI029,CMP022,ML Engineer,On-Campus,20250215,1,31.7,1,1,90.0
STU007537,UNI027,CMP002,Data Analyst,Referral,20250415,1,8.56,3,1,30.0
STU007538,UNI027,CMP080,Systems Engineer,Direct Application,20250215,1,9.06,5,1,51.0
STU007539,UNI017,,,Recruitment Agency,20250415,0,,0,0,
STU007540,UNI017,CMP016,Software Engineer,Referral,20250115,1,34.5,1,1,24.0
STU007541,UNI022,,,Direct Application,20241115,0,,2,0,
STU007542,UNI026,,,Referral,20241215,0,,1,0,
STU007543,UNI025,CMP022,Data Analyst,Direct Application,20241215,1,19.18,5,1,35.0
STU007544,UNI019,CMP043,ML Engineer,Recruitment Agency,20240815,1,35.97,4,3,36.0
STU007545,UNI021,,,Job Portal,20240915,0,,1,0,
STU007546,UNI030,CMP020,Operations Associate,Direct Application,20250315,1,33.69,1,1,94.0
STU007547,UNI023,CMP068,Financial Analyst,Job Portal,20250415,1,14.94,2,1,38.0
STU007548,UNI017,CMP025,Operations Associate,Job Portal,20240915,1,25.62,2,1,75.0
STU007549,UNI030,,,Recruitment Agency,20240815,0,,0,0,
STU007550,UNI025,,,Referral,20241115,0,,0,0,
STU007551,UNI002,CMP026,Operations Associate,Referral,20241115,1,14.8,2,2,87.0
STU007552,UNI016,CMP074,ML Engineer,Recruitment Agency,20250115,1,23.41,5,1,50.0
STU007553,UNI011,CMP053,Backend Engineer,Recruitment Agency,20241215,1,11.83,2,1,55.0
STU007554,UNI002,CMP078,ML Engineer,Recruitment Agency,20250315,1,10.46,3,2,7.0
STU007555,UNI018,,,Recruitment Agency,20250415,0,,2,0,
STU007556,UNI008,CMP044,Data Scientist,Recruitment Agency,20241115,1,45.85,4,1,49.0
STU007557,UNI028,CMP071,Data Scientist,Job Portal,20250115,1,25.5,2,1,48.0
STU007558,UNI018,,,Direct Application,20250215,0,,1,0,
STU007559,UNI008,CMP007,Backend Engineer,Recruitment Agency,20250415,1,30.94,5,2,91.0
STU007560,UNI010,,,Job Portal,20250115,0,,1,0,
STU007561,UNI030,,,Recruitment Agency,20250215,0,,0,0,
STU007562,UNI029,,,Recruitment Agency,20241015,0,,0,0,
STU007563,UNI022,CMP028,Consultant,On-Campus,20241015,1,23.72,2,2,21.0
STU007564,UNI028,,,Referral,20241115,0,,0,0,
STU007565,UNI006,CMP019,Data Scientist,Direct Application,20250215,1,27.35,3,1,68.0
STU007566,UNI007,CMP078,Data Scientist,Direct Application,20241115,1,8.29,1,1,84.0
STU007567,UNI010,CMP022,Frontend Engineer,Direct Application,20250415,1,26.52,3,1,21.0
STU007568,UNI017,,,Referral,20241215,0,,0,0,
STU007569,UNI030,,,Job Portal,20241115,0,,0,0,
STU007570,UNI003,,,On-Campus,20250315,0,,0,0,
STU007571,UNI021,,,Direct Application,20240915,0,,2,0,
STU007572,UNI008,CMP027,Design Engineer,Referral,20240815,1,30.32,1,2,44.0
STU007573,UNI006,,,Recruitment Agency,20240915,0,,0,0,
STU007574,UNI005,,,Job Portal,20250415,0,,0,0,
STU007575,UNI013,CMP070,Software Engineer,Referral,20241015,1,22.78,1,1,70.0
STU007576,UNI001,,,Direct Application,20250415,0,,0,0,
STU007577,UNI003,CMP002,ML Engineer,Recruitment Agency,20250315,1,16.95,4,5,85.0
STU007578,UNI025,,,Direct Application,20241115,0,,1,0,
STU007579,UNI018,,,Referral,20240915,0,,1,0,
STU007580,UNI017,CMP042,Cloud Engineer,Recruitment Agency,20241115,1,20.51,2,2,70.0
STU007581,UNI025,CMP056,Systems Engineer,Referral,20241015,1,30.28,2,1,9.0
STU007582,UNI014,,,Referral,20250315,0,,2,0,
STU007583,UNI028,,,Direct Application,20240815,0,,0,0,
STU007584,UNI024,,,Recruitment Agency,20250115,0,,2,0,
STU007585,UNI006,CMP078,Operations Associate,Recruitment Agency,20250315,1,7.16,2,1,78.0
STU007586,UNI006,,,Job Portal,20250115,0,,1,0,
STU007587,UNI010,CMP069,Product Analyst,Direct Application,20241215,1,5.74,4,1,62.0
STU007588,UNI001,CMP054,Data Scientist,Job Portal,20250315,1,22.12,1,1,52.0
STU007589,UNI024,CMP012,Data Analyst,Referral,20241215,1,22.41,2,1,93.0
STU007590,UNI024,CMP043,Systems Engineer,Direct Application,20250215,1,17.11,1,1,56.0
STU007591,UNI003,,,Recruitment Agency,20250215,0,,0,0,
STU007592,UNI008,,,Referral,20241015,0,,1,0,
STU007593,UNI012,CMP036,Systems Engineer,Job Portal,20241015,1,16.39,2,3,76.0
STU007594,UNI022,,,On-Campus,20250115,0,,0,0,
STU007595,UNI023,,,Job Portal,20241215,0,,2,0,
STU007596,UNI005,CMP069,Backend Engineer,Recruitment Agency,20250115,1,19.39,5,1,75.0
STU007597,UNI030,,,On-Campus,20241015,0,,0,0,
STU007598,UNI030,CMP046,Operations Associate,Referral,20241115,1,31.05,3,2,43.0
STU007599,UNI004,CMP031,Operations Associate,Job Portal,20250115,1,6.68,2,1,92.0
STU007600,UNI020,,,Job Portal,20241015,0,,2,0,
STU007601,UNI018,CMP064,Operations Associate,Direct Application,20250415,1,13.79,3,1,56.0
STU007602,UNI015,CMP067,Business Analyst,Recruitment Agency,20250315,1,49.46,5,1,10.0
STU007603,UNI004,CMP016,Data Scientist,Job Portal,20240915,1,24.56,4,1,17.0
STU007604,UNI028,,,On-Campus,20241215,0,,2,0,
STU007605,UNI013,,,Recruitment Agency,20250215,0,,1,0,
STU007606,UNI012,,,Job Portal,20250415,0,,1,0,
STU007607,UNI004,CMP033,Data Analyst,Referral,20241115,1,24.18,3,1,12.0
STU007608,UNI009,CMP043,Product Analyst,Job Portal,20250215,1,21.95,4,1,45.0
STU007609,UNI010,,,On-Campus,20250115,0,,0,0,
STU007610,UNI023,CMP062,Backend Engineer,Job Portal,20241115,1,10.58,2,2,55.0
STU007611,UNI028,CMP033,Financial Analyst,On-Campus,20250215,1,23.5,5,1,40.0
STU007612,UNI021,CMP038,Cloud Engineer,On-Campus,20250415,1,10.52,2,2,73.0
STU007613,UNI023,,,On-Campus,20241115,0,,2,0,
STU007614,UNI028,CMP038,Systems Engineer,Job Portal,20241215,1,5.68,4,2,68.0
STU007615,UNI023,,,On-Campus,20241015,0,,1,0,
STU007616,UNI008,,,Direct Application,20250215,0,,2,0,
STU007617,UNI022,,,Direct Application,20241015,0,,2,0,
STU007618,UNI023,CMP016,Cloud Engineer,Job Portal,20240815,1,32.3,2,1,70.0
STU007619,UNI003,CMP077,Data Scientist,On-Campus,20250415,1,38.08,1,1,19.0
STU007620,UNI001,CMP043,Frontend Engineer,Direct Application,20250215,1,17.23,3,1,12.0
STU007621,UNI001,,,Recruitment Agency,20241115,0,,2,0,
STU007622,UNI025,CMP042,Software Engineer,Job Portal,20241115,1,15.05,5,1,25.0
STU007623,UNI013,,,Referral,20250115,0,,0,0,
STU007624,UNI030,CMP031,Cloud Engineer,On-Campus,20240915,1,14.33,4,1,34.0
STU007625,UNI020,CMP076,ML Engineer,On-Campus,20250415,1,15.29,2,1,77.0
STU007626,UNI023,,,Recruitment Agency,20250115,0,,0,0,
STU007627,UNI021,,,Recruitment Agency,20250115,0,,1,0,
STU007628,UNI018,,,Direct Application,20240815,0,,0,0,
STU007629,UNI017,,,Direct Application,20250115,0,,0,0,
STU007630,UNI022,,,Referral,20241215,0,,1,0,
STU007631,UNI008,CMP028,Financial Analyst,Direct Application,20250315,1,27.16,4,1,90.0
STU007632,UNI002,,,Job Portal,20250415,0,,1,0,
STU007633,UNI026,,,Direct Application,20241015,0,,2,0,
STU007634,UNI024,CMP079,ML Engineer,Job Portal,20240915,1,33.9,3,1,58.0
STU007635,UNI004,CMP034,Data Analyst,Recruitment Agency,20240915,1,18.57,3,1,67.0
STU007636,UNI017,CMP069,ML Engineer,Recruitment Agency,20241115,1,14.88,5,2,48.0
STU007637,UNI006,CMP022,Data Analyst,Referral,20240915,1,40.36,1,2,17.0
STU007638,UNI017,CMP022,Business Analyst,Recruitment Agency,20241015,1,31.64,1,2,22.0
STU007639,UNI020,CMP012,Data Analyst,Referral,20241215,1,40.89,2,3,13.0
STU007640,UNI009,CMP061,Financial Analyst,Direct Application,20250115,1,11.89,1,1,8.0
STU007641,UNI017,CMP049,Design Engineer,Recruitment Agency,20240815,1,24.59,3,1,42.0
STU007642,UNI018,,,Recruitment Agency,20240815,0,,1,0,
STU007643,UNI001,CMP061,Design Engineer,On-Campus,20240815,1,8.19,2,1,62.0
STU007644,UNI007,CMP005,Data Analyst,Direct Application,20250415,1,25.93,5,1,41.0
STU007645,UNI011,CMP075,ML Engineer,Job Portal,20250315,1,26.77,3,1,82.0
STU007646,UNI008,CMP051,Financial Analyst,Referral,20250215,1,36.28,2,1,8.0
STU007647,UNI010,,,Job Portal,20250215,0,,0,0,
STU007648,UNI019,,,Recruitment Agency,20241015,0,,0,0,
STU007649,UNI020,CMP047,Data Analyst,Referral,20240915,1,41.29,2,2,14.0
STU007650,UNI009,CMP077,Product Analyst,On-Campus,20241015,1,37.35,5,1,14.0
STU007651,UNI002,CMP003,Financial Analyst,On-Campus,20241115,1,9.0,1,1,29.0
STU007652,UNI011,CMP018,Data Scientist,On-Campus,20250315,1,34.97,4,1,35.0
STU007653,UNI030,,,Recruitment Agency,20250315,0,,2,0,
STU007654,UNI025,CMP018,ML Engineer,On-Campus,20240915,1,28.34,1,2,15.0
STU007655,UNI004,,,Recruitment Agency,20241015,0,,0,0,
STU007656,UNI026,,,Direct Application,20250115,0,,2,0,
STU007657,UNI021,CMP015,Software Engineer,Direct Application,20241115,1,38.95,3,1,93.0
STU007658,UNI007,,,Recruitment Agency,20240915,0,,2,0,
STU007659,UNI011,,,Recruitment Agency,20240815,0,,0,0,
STU007660,UNI027,,,Recruitment Agency,20250415,0,,2,0,
STU007661,UNI012,CMP037,Data Scientist,Direct Application,20241115,1,8.21,1,1,92.0
STU007662,UNI002,CMP032,Operations Associate,Referral,20250415,1,14.99,3,1,42.0
STU007663,UNI011,,,Recruitment Agency,20250415,0,,0,0,
STU007664,UNI013,CMP050,Backend Engineer,Direct Application,20250315,1,8.22,3,1,55.0
STU007665,UNI003,,,Job Portal,20250415,0,,2,0,
STU007666,UNI026,CMP064,Systems Engineer,Recruitment Agency,20240815,1,32.58,3,1,53.0
STU007667,UNI005,CMP057,Cloud Engineer,Referral,20250215,1,40.94,5,2,8.0
STU007668,UNI010,CMP058,Financial Analyst,Job Portal,20240815,1,21.89,2,1,76.0
STU007669,UNI002,CMP007,Systems Engineer,Referral,20250215,1,20.47,3,1,35.0
STU007670,UNI010,,,Recruitment Agency,20240915,0,,2,0,
STU007671,UNI011,CMP023,Data Analyst,Recruitment Agency,20240915,1,22.3,1,1,12.0
STU007672,UNI017,CMP015,Business Analyst,Direct Application,20241015,1,21.46,2,1,90.0
STU007673,UNI014,CMP012,Design Engineer,Direct Application,20250415,1,24.21,1,1,47.0
STU007674,UNI001,CMP035,Consultant,Recruitment Agency,20240915,1,16.99,3,2,54.0
STU007675,UNI014,CMP052,Business Analyst,Recruitment Agency,20250415,1,24.15,4,1,40.0
STU007676,UNI024,,,Direct Application,20241015,0,,1,0,
STU007677,UNI007,,,Referral,20241115,0,,0,0,
STU007678,UNI020,CMP054,Financial Analyst,Job Portal,20250415,1,22.28,3,1,45.0
STU007679,UNI021,CMP017,Business Analyst,Recruitment Agency,20241215,1,25.6,2,1,9.0
STU007680,UNI018,CMP005,Cloud Engineer,Direct Application,20250415,1,30.25,5,2,60.0
STU007681,UNI017,CMP051,Software Engineer,Referral,20250415,1,35.62,3,1,41.0
STU007682,UNI010,CMP060,Design Engineer,On-Campus,20241215,1,10.29,1,1,74.0
STU007683,UNI030,CMP059,Frontend Engineer,Job Portal,20241015,1,54.11,2,1,32.0
STU007684,UNI016,,,Direct Application,20241215,0,,2,0,
STU007685,UNI007,CMP063,Data Scientist,Job Portal,20241115,1,30.17,3,1,32.0
STU007686,UNI010,CMP038,Software Engineer,On-Campus,20240915,1,7.95,3,1,61.0
STU007687,UNI007,CMP022,Operations Associate,Referral,20250315,1,27.82,5,1,92.0
STU007688,UNI003,CMP048,ML Engineer,On-Campus,20250415,1,50.08,3,2,47.0
STU007689,UNI016,,,Direct Application,20250315,0,,2,0,
STU007690,UNI010,CMP065,ML Engineer,Recruitment Agency,20250215,1,7.34,4,2,55.0
STU007691,UNI014,CMP002,Frontend Engineer,On-Campus,20241215,1,8.15,4,1,37.0
STU007692,UNI028,CMP006,Data Scientist,Direct Application,20241115,1,20.17,5,1,7.0
STU007693,UNI018,CMP050,Product Analyst,On-Campus,20250115,1,9.76,1,1,10.0
STU007694,UNI018,CMP019,Design Engineer,On-Campus,20250315,1,20.4,1,1,87.0
STU007695,UNI004,CMP028,Frontend Engineer,On-Campus,20240815,1,18.82,3,1,83.0
STU007696,UNI015,CMP048,Data Scientist,Referral,20241115,1,55.63,2,2,42.0
STU007697,UNI015,CMP044,Data Scientist,Referral,20240815,1,65.0,2,2,12.0
STU007698,UNI020,CMP022,ML Engineer,Recruitment Agency,20250415,1,60.65,2,3,56.0
STU007699,UNI027,CMP080,Cloud Engineer,Referral,20250415,1,18.67,3,1,10.0
STU007700,UNI023,,,Direct Application,20241015,0,,0,0,
STU007701,UNI017,CMP061,Data Analyst,On-Campus,20250215,1,11.05,3,1,13.0
STU007702,UNI010,CMP012,Frontend Engineer,Direct Application,20250215,1,18.31,5,3,61.0
STU007703,UNI030,CMP016,Cloud Engineer,Referral,20240815,1,65.0,4,2,38.0
STU007704,UNI019,CMP041,Frontend Engineer,Job Portal,20241115,1,11.85,2,4,7.0
STU007705,UNI025,,,Referral,20250315,0,,2,0,
STU007706,UNI008,CMP029,Data Analyst,Direct Application,20240915,1,8.56,3,1,65.0
STU007707,UNI008,CMP033,Software Engineer,Job Portal,20241215,1,26.12,3,1,9.0
STU007708,UNI009,,,Job Portal,20250215,0,,0,0,
STU007709,UNI015,CMP013,Backend Engineer,Job Portal,20240815,1,51.04,2,1,7.0
STU007710,UNI027,CMP012,Data Analyst,Recruitment Agency,20250215,1,16.5,5,1,45.0
STU007711,UNI006,,,Job Portal,20250215,0,,2,0,
STU007712,UNI017,CMP052,Frontend Engineer,Direct Application,20240915,1,28.8,1,1,49.0
STU007713,UNI018,,,Job Portal,20241015,0,,2,0,
STU007714,UNI010,,,Job Portal,20241215,0,,2,0,
STU007715,UNI021,,,Job Portal,20240915,0,,2,0,
STU007716,UNI012,CMP009,Systems Engineer,Referral,20241015,1,23.2,4,2,82.0
STU007717,UNI003,CMP070,Frontend Engineer,On-Campus,20250415,1,38.41,1,2,10.0
STU007718,UNI016,CMP059,Frontend Engineer,Recruitment Agency,20241215,1,19.58,2,2,64.0
STU007719,UNI013,CMP079,ML Engineer,Recruitment Agency,20241215,1,24.29,3,1,24.0
STU007720,UNI026,,,Direct Application,20241215,0,,2,0,
STU007721,UNI020,,,Direct Application,20250315,0,,1,0,
STU007722,UNI007,CMP036,QA Engineer,Direct Application,20250415,1,19.56,2,1,29.0
STU007723,UNI002,CMP059,Business Analyst,Job Portal,20250215,1,15.8,1,2,70.0
STU007724,UNI005,CMP012,Data Analyst,On-Campus,20240915,1,48.65,3,2,72.0
STU007725,UNI013,,,Recruitment Agency,20241215,0,,0,0,
STU007726,UNI029,,,Recruitment Agency,20241115,0,,1,0,
STU007727,UNI023,CMP038,Backend Engineer,Referral,20241215,1,7.78,5,4,18.0
STU007728,UNI016,,,Job Portal,20250115,0,,2,0,
STU007729,UNI005,CMP053,Design Engineer,Direct Application,20241015,1,10.71,2,1,15.0
STU007730,UNI011,,,Recruitment Agency,20250115,0,,1,0,
STU007731,UNI002,,,Direct Application,20250315,0,,0,0,
STU007732,UNI002,CMP024,Product Analyst,Referral,20240815,1,19.52,1,1,60.0
STU007733,UNI010,,,Direct Application,20250115,0,,0,0,
STU007734,UNI023,CMP033,Operations Associate,Recruitment Agency,20250115,1,18.89,1,1,76.0
STU007735,UNI020,CMP019,Backend Engineer,Recruitment Agency,20250315,1,53.08,5,2,78.0
STU007736,UNI019,CMP064,Product Analyst,On-Campus,20250415,1,34.66,2,1,87.0
STU007737,UNI030,CMP077,Frontend Engineer,Job Portal,20250415,1,37.71,4,3,50.0
STU007738,UNI021,CMP004,Data Analyst,Job Portal,20250315,1,6.73,4,2,12.0
STU007739,UNI003,,,Referral,20250215,0,,0,0,
STU007740,UNI002,,,Referral,20250115,0,,2,0,
STU007741,UNI015,,,Direct Application,20241215,0,,2,0,
STU007742,UNI002,CMP013,Financial Analyst,Recruitment Agency,20241115,1,19.71,3,1,79.0
STU007743,UNI010,CMP080,Cloud Engineer,Direct Application,20241215,1,13.29,2,1,92.0
STU007744,UNI005,,,Referral,20240915,0,,1,0,
STU007745,UNI004,CMP040,ML Engineer,Direct Application,20250115,1,27.72,2,2,41.0
STU007746,UNI025,CMP064,Systems Engineer,On-Campus,20250315,1,20.4,3,1,62.0
STU007747,UNI018,CMP033,Data Scientist,On-Campus,20250215,1,32.26,1,2,48.0
STU007748,UNI005,CMP052,Business Analyst,Referral,20241015,1,39.07,5,2,82.0
STU007749,UNI014,,,Recruitment Agency,20241115,0,,2,0,
STU007750,UNI017,CMP029,QA Engineer,Referral,20240915,1,9.4,4,1,32.0
STU007751,UNI006,,,Referral,20241015,0,,2,0,
STU007752,UNI005,CMP048,Software Engineer,On-Campus,20240815,1,43.66,2,2,52.0
STU007753,UNI015,CMP079,Software Engineer,On-Campus,20240815,1,50.25,5,2,91.0
STU007754,UNI015,CMP069,Consultant,Direct Application,20240915,1,14.94,3,1,56.0
STU007755,UNI009,CMP042,QA Engineer,Job Portal,20250215,1,8.73,3,1,89.0
STU007756,UNI030,,,Recruitment Agency,20241015,0,,1,0,
STU007757,UNI027,CMP003,ML Engineer,Referral,20241115,1,10.11,2,1,20.0
STU007758,UNI005,CMP069,Backend Engineer,Job Portal,20240815,1,16.1,2,1,91.0
STU007759,UNI017,CMP041,ML Engineer,Referral,20250315,1,15.05,4,1,85.0
STU007760,UNI005,CMP042,Product Analyst,Direct Application,20240815,1,21.2,1,2,73.0
STU007761,UNI030,CMP029,Software Engineer,Job Portal,20241115,1,13.1,4,2,75.0
STU007762,UNI005,,,Direct Application,20250315,0,,1,0,
STU007763,UNI025,,,Recruitment Agency,20250415,0,,1,0,
STU007764,UNI014,CMP002,Operations Associate,Direct Application,20241215,1,9.24,4,1,25.0
STU007765,UNI018,CMP017,Product Analyst,Direct Application,20250415,1,24.3,2,1,94.0
STU007766,UNI027,,,Job Portal,20250415,0,,1,0,
STU007767,UNI005,CMP039,Backend Engineer,Referral,20240915,1,22.32,4,2,17.0
STU007768,UNI008,CMP001,Design Engineer,Direct Application,20250115,1,8.29,4,1,85.0
STU007769,UNI027,,,Recruitment Agency,20250215,0,,1,0,
STU007770,UNI023,,,Referral,20240815,0,,0,0,
STU007771,UNI022,,,Recruitment Agency,20241215,0,,1,0,
STU007772,UNI017,,,On-Campus,20250415,0,,2,0,
STU007773,UNI009,,,Job Portal,20240815,0,,0,0,
STU007774,UNI004,CMP044,Business Analyst,Referral,20250215,1,18.6,2,1,85.0
STU007775,UNI001,,,Referral,20250315,0,,0,0,
STU007776,UNI018,,,Referral,20241015,0,,1,0,
STU007777,UNI015,CMP054,Cloud Engineer,Referral,20250415,1,50.58,4,2,73.0
STU007778,UNI016,,,Job Portal,20241215,0,,2,0,
STU007779,UNI015,,,Job Portal,20250315,0,,2,0,
STU007780,UNI021,CMP075,ML Engineer,Recruitment Agency,20240815,1,39.44,4,1,64.0
STU007781,UNI003,CMP032,Financial Analyst,On-Campus,20240915,1,47.32,2,2,53.0
STU007782,UNI025,,,Referral,20241115,0,,2,0,
STU007783,UNI007,,,Job Portal,20241215,0,,1,0,
STU007784,UNI023,CMP074,Cloud Engineer,Referral,20241215,1,27.83,4,2,35.0
STU007785,UNI029,,,Recruitment Agency,20240915,0,,1,0,
STU007786,UNI018,CMP058,Data Scientist,Referral,20250315,1,45.04,5,1,20.0
STU007787,UNI020,,,Referral,20250115,0,,1,0,
STU007788,UNI018,,,Job Portal,20250315,0,,2,0,
STU007789,UNI011,CMP072,QA Engineer,Direct Application,20250415,1,5.8,3,1,76.0
STU007790,UNI010,CMP065,Design Engineer,Direct Application,20250315,1,4.9,5,3,25.0
STU007791,UNI005,CMP072,Cloud Engineer,Direct Application,20241215,1,20.51,2,1,53.0
STU007792,UNI001,CMP041,Backend Engineer,Job Portal,20241215,1,5.4,2,2,74.0
STU007793,UNI028,,,Direct Application,20241215,0,,1,0,
STU007794,UNI025,CMP032,Financial Analyst,Recruitment Agency,20241215,1,34.79,5,1,22.0
STU007795,UNI006,CMP076,Data Analyst,On-Campus,20240915,1,8.44,3,2,43.0
STU007796,UNI027,CMP068,Design Engineer,On-Campus,20240815,1,21.49,5,2,63.0
STU007797,UNI005,CMP042,QA Engineer,Job Portal,20241015,1,17.31,5,1,56.0
STU007798,UNI012,,,Recruitment Agency,20250315,0,,2,0,
STU007799,UNI007,CMP003,Backend Engineer,Referral,20241215,1,10.57,3,1,30.0
STU007800,UNI008,,,Referral,20240815,0,,2,0,
